query,queryId,retrievalQuery,queryConcentration,queryQuantity,queryDosageForm,cardIndex,cardRank,pharmacy,upstreamName,canonicalName,cardMatchKey,cardPresentationKey,offerMatchKey,offerCombinationKey,offerVariantKey,offerDosageForm,offerUnitCount,offerConcentration,offerConcentrationLevel,offerParsedFirstMagnitude,brand,manufacturer,activeIngredient,brandSource,laboratory,isBioequivalent,lexicalMatch,concentrationMatch,cfmId,effective,hasStock,onlineUrl,offersInCard
ambroxol 30mg/5ml,ambroxol-30mg-5ml,ambroxol,30mg/5ml,,,0,1,araucomed,Ambroxol 30mg/5ml jarabe adulto 100 ml. (Ascend),Ambroxol 30mg/5ml jarabe adulto 100 ml. (Ascend),ambroxol|100ml,ambroxol|100ml|bio:unknown|brand:ascend|form:fluid-oral,ambroxol|100ml,,,fluid-oral,,30mg/5ml,ratio,30mg/5ml,,Ascend,ambroxol,unknown,Ascend,,exact,exact,CFM-000068,790,false,https://comparafarma-api.vercel.app/api/go?slug=araucomed&matchKey=ambroxol%7C100ml&url=https%3A%2F%2Ffarmacia.araucomed.com%2Fmucoliticos-y-expectorantes%2Fambroxol-30mg-5ml-jarabe-adulto-100-ml-ascend&cfmId=CFM-000068,1
ambroxol 30mg/5ml,ambroxol-30mg-5ml,ambroxol,30mg/5ml,,,1,2,araucomed,Ambroxol 30mg/5ml Jarabe Adulto 100ml (Andromaco),Ambroxol 30mg/5ml Jarabe Adulto 100ml (Andromaco),ambroxol|100ml,ambroxol|100ml|bio:unknown|brand:andromaco|form:fluid-oral,ambroxol|100ml,,,fluid-oral,,30mg/5ml,ratio,30mg/5ml,,Andrómaco,ambroxol,unknown,Andrómaco,,exact,exact,CFM-000068,800,false,https://comparafarma-api.vercel.app/api/go?slug=araucomed&matchKey=ambroxol%7C100ml&url=https%3A%2F%2Ffarmacia.araucomed.com%2Fmucoliticos-y-expectorantes%2Fambroxol-30mg-5ml-jarabe-100ml-andromaco&cfmId=CFM-000068,1
ambroxol 30mg/5ml,ambroxol-30mg-5ml,ambroxol,30mg/5ml,,,2,3,ecofarmacias,Jarabe Ambroxol clorhidrato 30mg5ml 100ml (Hospifarma) DESCUENTO,Ambroxol 30mg/5ml Jarabe 100ml,ambroxol|100ml,ambroxol|100ml|bio:unknown|brand:unknown|form:fluid-oral,ambroxol|100ml,,,fluid-oral,,30mg,absolute,30mg,,,ambroxol,unknown,,,exact,exact,CFM-000068,990,false,https://comparafarma-api.vercel.app/api/go?slug=ecofarmacias&matchKey=ambroxol%7C100ml&url=https%3A%2F%2Fwww.ecofarmacias.cl%2Fproducto%2Fjarabe-ambroxol-clorhidrato-30mg5ml-100ml-hospifarma-descuento%2F&cfmId=CFM-000068,3
ambroxol 30mg/5ml,ambroxol-30mg-5ml,ambroxol,30mg/5ml,,,2,3,sermecoop,Ambroxol 30mg/5ml Jarabe 100ml,Ambroxol 30mg/5ml Jarabe 100ml,ambroxol|100ml,ambroxol|100ml|bio:unknown|brand:unknown|form:fluid-oral,ambroxol|100ml,,,fluid-oral,,30mg/5ml,ratio,30mg/5ml,,,ambroxol,unknown,,,exact,exact,CFM-000068,2390,false,https://comparafarma-api.vercel.app/api/go?slug=sermecoop&matchKey=ambroxol%7C100ml&url=https%3A%2F%2Fwww.farmaciasermecoop.cl%2Findex.php%2Fonline%2Fdetalleproducto%3Fp_%3D1602%26d_%3D1&cfmId=CFM-000068,3
ambroxol 30mg/5ml,ambroxol-30mg-5ml,ambroxol,30mg/5ml,,,2,3,ahumada,Ambroxol 30mg./5ml. Jarabe Fco. 100ml,Ambroxol 30mg/5ml Jarabe 100ml,ambroxol|100ml,ambroxol|100ml|bio:unknown|brand:unknown|form:fluid-oral,ambroxol|100ml,,,fluid-oral,,30mg/5ml,ratio,30mg/5ml,,,ambroxol,unknown,,,exact,exact,CFM-000068,3544,true,https://comparafarma-api.vercel.app/api/go?slug=ahumada&matchKey=ambroxol%7C100ml&url=https%3A%2F%2Fwww.farmaciasahumada.cl%2Fambroxol-30mg.-5ml.-jarabe-fco.-100ml-84384.html&cfmId=CFM-000068,3
ambroxol 30mg/5ml,ambroxol-30mg-5ml,ambroxol,30mg/5ml,,,3,4,araucomed,Ambroxol 30mg/5ml Jarabe Adulto 100ml (Seven Pharma),Ambroxol 30mg/5ml Jarabe Adulto 100ml (Seven Pharma),ambroxol|100ml,ambroxol|100ml|bio:unknown|brand:sevenpharma|form:fluid-oral,ambroxol|100ml,,,fluid-oral,,30mg/5ml,ratio,30mg/5ml,,Seven Pharma,ambroxol,unknown,Seven Pharma,,exact,exact,CFM-000068,1200,false,https://comparafarma-api.vercel.app/api/go?slug=araucomed&matchKey=ambroxol%7C100ml&url=https%3A%2F%2Ffarmacia.araucomed.com%2Fmucoliticos-y-expectorantes%2Fambroxol-30mg-5ml-jarabe-adulto-100ml-seven-pharma&cfmId=CFM-000068,1
ambroxol 30mg/5ml,ambroxol-30mg-5ml,ambroxol,30mg/5ml,,,4,5,araucomed,Ambroxol 30mg/5ml Jarabe Adulto x 100 ml. (Hospifarma),Ambroxol 30mg/5ml Jarabe Adulto x 100 ml. (Hospifarma),ambroxol|100ml|100,ambroxol|100ml|100|bio:unknown|brand:hospifarma|form:fluid-oral,ambroxol|100ml|100,,,fluid-oral,,30mg/5ml,ratio,30mg/5ml,,Hospifarma,ambroxol,unknown,Hospifarma,,exact,exact,CFM-000816,1490,false,https://comparafarma-api.vercel.app/api/go?slug=araucomed&matchKey=ambroxol%7C100ml%7C100&url=https%3A%2F%2Ffarmacia.araucomed.com%2Fmucoliticos-y-expectorantes%2Fambroxol-30mg-5ml-jarabe-120-ml-hospifarma&cfmId=CFM-000816,1
ambroxol 30mg/5ml,ambroxol-30mg-5ml,ambroxol,30mg/5ml,,,5,6,araucomed,Ambroxol 30mg/5ml Jarabe Adulto 100 ml. (Mintlab),Ambroxol 30mg/5ml Jarabe Adulto 100 ml. (Mintlab),ambroxol|100ml,ambroxol|100ml|bio:unknown|brand:mintlab|form:fluid-oral,ambroxol|100ml,,,fluid-oral,,30mg/5ml,ratio,30mg/5ml,,Mintlab,ambroxol,unknown,Mintlab,,exact,exact,CFM-000068,1990,false,https://comparafarma-api.vercel.app/api/go?slug=araucomed&matchKey=ambroxol%7C100ml&url=https%3A%2F%2Ffarmacia.araucomed.com%2Fmucoliticos-y-expectorantes%2Fambroxol-30mg-5ml-jarabe-100ml-mintlab&cfmId=CFM-000068,1
ambroxol 30mg/5ml,ambroxol-30mg-5ml,ambroxol,30mg/5ml,,,6,7,araucomed,Ambroxol 30mg/5ml Jarabe Adulto 100ml (Opko),Ambroxol 30mg/5ml Jarabe Adulto 100ml (Opko),ambroxol|100ml,ambroxol|100ml|bio:unknown|brand:opko|form:fluid-oral,ambroxol|100ml,,,fluid-oral,,30mg/5ml,ratio,30mg/5ml,,Opko,ambroxol,unknown,Opko,,exact,exact,CFM-000068,1990,false,https://comparafarma-api.vercel.app/api/go?slug=araucomed&matchKey=ambroxol%7C100ml&url=https%3A%2F%2Ffarmacia.araucomed.com%2Fmucoliticos-y-expectorantes%2Fambroxol-30mg-5ml-jarabe-100ml-opko&cfmId=CFM-000068,1
ambroxol 30mg/5ml,ambroxol-30mg-5ml,ambroxol,30mg/5ml,,,7,8,araucomed,Mintamox Adulto 30mg/5ml jarabe 100ml,Mintamox Adulto 30mg/5ml jarabe 100ml,mintamox|100ml,mintamox|100ml|bio:unknown|brand:mintlab|form:fluid-oral,mintamox|100ml,,,fluid-oral,,30mg/5ml,ratio,30mg/5ml,,Mintlab,,unknown,Mintlab,,compatible,exact,CFM-001436,2490,false,https://comparafarma-api.vercel.app/api/go?slug=araucomed&matchKey=mintamox%7C100ml&url=https%3A%2F%2Ffarmacia.araucomed.com%2Fmucoliticos-y-expectorantes%2Fmintamox-adulto-30mg-5ml-jarabe-100ml&cfmId=CFM-001436,1
ambroxol 30mg/5ml,ambroxol-30mg-5ml,ambroxol,30mg/5ml,,,8,9,ahumada,Tocalm Adulto 30 mg/5 mL x 100 mL Jarabe,Tocalm Adulto 30 mg/5 mL x 100 mL Jarabe,tocalm|100ml|100,tocalm|100ml|100|bio:true|brand:unknown|form:fluid-oral,tocalm|100ml|100,,,fluid-oral,,30mg/5ml,ratio,30mg/5ml,,,,unknown,,true,compatible,exact,CFM-001435,2549,true,https://comparafarma-api.vercel.app/api/go?slug=ahumada&matchKey=tocalm%7C100ml%7C100&url=https%3A%2F%2Fwww.farmaciasahumada.cl%2Ftocalm-adulto-30-mg-5-ml-x-100-ml-jarabe-47395.html&cfmId=CFM-001435,1
ambroxol 30mg/5ml,ambroxol-30mg-5ml,ambroxol,30mg/5ml,,,9,10,araucomed,Tocalm Adulto 30mg/5ml jarabe 100 ml.,Tocalm Adulto 30mg/5ml jarabe 100 ml.,tocalm|100ml,tocalm|100ml|bio:unknown|brand:unknown|form:fluid-oral,tocalm|100ml,,,fluid-oral,,30mg/5ml,ratio,30mg/5ml,,,,unknown,,,compatible,exact,CFM-001430,2990,false,https://comparafarma-api.vercel.app/api/go?slug=araucomed&matchKey=tocalm%7C100ml&url=https%3A%2F%2Ffarmacia.araucomed.com%2Fmucoliticos-y-expectorantes%2Ftocalm-adulto-30mg-5ml-jarabe-100ml&cfmId=CFM-001430,1
ambroxol 30mg/5ml,ambroxol-30mg-5ml,ambroxol,30mg/5ml,,,10,11,ecofarmacias,Pazbronq Ambroxol Clorhidrato 30 Mg/ 5 Ml Jarabe 100 Ml,Pazbronq Ambroxol Clorhidrato 30 Mg/ 5 Ml Jarabe 100 Ml,pazbronq|100ml,pazbronq|100ml|bio:unknown|brand:unknown|var:ambroxol|form:fluid-oral,pazbronq|100ml,,ambroxol,fluid-oral,,30mg/5ml,ratio,30mg/5ml,Pazbronq,,ambroxol,name,,,exact,exact,CFM-001428,2990,false,https://comparafarma-api.vercel.app/api/go?slug=ecofarmacias&matchKey=pazbronq%7C100ml&url=https%3A%2F%2Fwww.ecofarmacias.cl%2Fproducto%2Fpazbronq-ambroxol-clorhidrato-30-mg-5-ml-jarabe-100-ml%2F&cfmId=CFM-001428,1
ambroxol 30mg/5ml,ambroxol-30mg-5ml,ambroxol,30mg/5ml,,,11,12,easyfarma,Amrodil 30 Mg/5ml 100 Ml,Amrodil 30 Mg/5ml 100 Ml,amrodil|100ml,amrodil|100ml|bio:unknown|brand:unknown,amrodil|100ml,,,,,30mg/5ml,ratio,30mg/5ml,,,,unknown,,,compatible,exact,CFM-014924,2990,true,https://comparafarma-api.vercel.app/api/go?slug=easyfarma&matchKey=amrodil%7C100ml&url=https%3A%2F%2Fnuevo.easyfarma.cl%2F105664-amrodil-30-mg-5ml-100-ml.html&cfmId=CFM-014924,1
ambroxol 30mg/5ml,ambroxol-30mg-5ml,ambroxol,30mg/5ml,,,12,13,salcobrand,Ambroxol 30mg/5ml Jarabe 100ml,Ambroxol 30mg/5ml Jarabe 100ml,ambroxol|100ml,ambroxol|100ml|bio:unknown|brand:ambroxol|form:fluid-oral,ambroxol|100ml,,,fluid-oral,,30mg/5ml,ratio,30mg/5ml,,,ambroxol,unknown,Ambroxol,,exact,exact,CFM-000068,3255,true,https://comparafarma-api.vercel.app/api/go?slug=salcobrand&matchKey=ambroxol%7C100ml&url=https%3A%2F%2Fsalcobrand.cl%2Fproducts%2Fambroxol-30mg-5ml-jaraabe-100ml%3Fdefault_sku%3D1763358&cfmId=CFM-000068,1
ambroxol 30mg/5ml,ambroxol-30mg-5ml,ambroxol,30mg/5ml,,,13,14,cruz-verde,Mintamox Adulto Ambroxol 30 mg / 5 mL Jarabe 100 mL,Mintamox Adulto Ambroxol 30 mg / 5 mL Jarabe 100 mL,mintamox|100ml,mintamox|100ml|bio:unknown|brand:unknown|var:ambroxol|form:fluid-oral,mintamox|100ml,,ambroxol,fluid-oral,,30mg/5ml,ratio,30mg/5ml,Mintamox,,ambroxol,name,,,exact,exact,CFM-001436,3790,true,https://comparafarma-api.vercel.app/api/go?slug=cruz-verde&matchKey=mintamox%7C100ml&url=https%3A%2F%2Fwww.cruzverde.cl%2Fmintamox-adulto-ambroxol-30-mg-5-ml-jarabe-100-ml%2F193049.html&cfmId=CFM-001436,1
ambroxol 30mg/5ml,ambroxol-30mg-5ml,ambroxol,30mg/5ml,,,14,15,araucomed,Muxol Adulto 30mg/5ml jarabe 100ml,Muxol Adulto 30mg/5ml jarabe 100ml,muxol|100ml,muxol|100ml|bio:unknown|brand:unknown|form:fluid-oral,muxol|100ml,,,fluid-oral,,30mg/5ml,ratio,30mg/5ml,,,,unknown,,,compatible,exact,CFM-000997,3990,true,https://comparafarma-api.vercel.app/api/go?slug=araucomed&matchKey=muxol%7C100ml&url=https%3A%2F%2Ffarmacia.araucomed.com%2Fmucoliticos-y-expectorantes%2Fmuxol-adulto-30mg-5ml-jarabe-100ml&cfmId=CFM-000997,1
ambroxol 30mg/5ml,ambroxol-30mg-5ml,ambroxol,30mg/5ml,,,15,16,cruz-verde,Muxol Jarabe Adulto Ambroxol 600 mg / 100 ml,Muxol Jarabe Adulto Ambroxol 600 mg / 100 ml,muxol|100ml,muxol|100ml|bio:unknown|brand:unknown|var:ambroxol|form:fluid-oral,muxol|100ml,,ambroxol,fluid-oral,,600mg/100ml,ratio,600mg/100ml,Muxol,,ambroxol,name,,,exact,exact,CFM-000997,4590,true,https://comparafarma-api.vercel.app/api/go?slug=cruz-verde&matchKey=muxol%7C100ml&url=https%3A%2F%2Fwww.cruzverde.cl%2Fmuxol-jarabe-adulto-ambroxol-600-mg-100-ml%2F6179.html&cfmId=CFM-000997,1
ambroxol 30mg/5ml,ambroxol-30mg-5ml,ambroxol,30mg/5ml,,,16,17,farmex,Muxol Jarabe adulto Ambroxol 30 mg / 5 mL x 100 mL,Muxol Jarabe adulto Ambroxol 30 mg / 5 mL x 100 mL,muxol|100ml|100,muxol|100ml|100|bio:unknown|brand:eurolab|var:ambroxol|form:fluid-oral,muxol|100ml|100,,ambroxol,fluid-oral,,30mg/5ml,ratio,30mg/5ml,Muxol,Eurolab,ambroxol,name,EUROLAB,,exact,exact,CFM-001433,5190,true,https://comparafarma-api.vercel.app/api/go?slug=farmex&matchKey=muxol%7C100ml%7C100&url=https%3A%2F%2Ffarmex.cl%2Fproducts%2Fmuxol-jarabe-adulto-ambroxol%3F_pos%3D1%26_psq%3Dambroxol%26_psid%3D160672eda%26_ss%3De&cfmId=CFM-001433,1
ambroxol 30mg/5ml,ambroxol-30mg-5ml,ambroxol,30mg/5ml,,,17,18,araucomed,Broncot Forte 30mg/5ml sin azucar 120 ml.,Broncot Forte 30mg/5ml sin azucar 120 ml.,broncot|120ml,broncot|120ml|bio:unknown|brand:unknown|var:forte,broncot|120ml,,forte,,,30mg/5ml,ratio,30mg/5ml,,,,unknown,,,compatible,exact,CFM-001431,5990,true,https://comparafarma-api.vercel.app/api/go?slug=araucomed&matchKey=broncot%7C120ml&url=https%3A%2F%2Ffarmacia.araucomed.com%2Fmucoliticos-y-expectorantes%2Fbroncot-gft-forte-30mg-5ml-sin-azucar-120ml&cfmId=CFM-001431,1
ambroxol 30mg/5ml,ambroxol-30mg-5ml,ambroxol,30mg/5ml,,,18,19,farmex,Broncot Forte G.T.F. Jarabe 30 mg / 5 mL x 120 mL,Broncot Forte G.T.F. Jarabe 30 mg / 5 mL x 120 mL,broncot|120ml|120,broncot|120ml|120|bio:unknown|brand:abbott|var:forte|form:fluid-oral,broncot|120ml|120,,forte,fluid-oral,,30mg/5ml,ratio,30mg/5ml,,Abbott,,unknown,ABBOTT,,compatible,exact,CFM-001432,6990,true,https://comparafarma-api.vercel.app/api/go?slug=farmex&matchKey=broncot%7C120ml%7C120&url=https%3A%2F%2Ffarmex.cl%2Fproducts%2Fbroncot-forte-g-t-f-jarabe-30-mg-5ml%3F_pos%3D8%26_psq%3Dambroxol%26_psid%3D160672eda%26_ss%3De&cfmId=CFM-001432,1
ambroxol 30mg/5ml,ambroxol-30mg-5ml,ambroxol,30mg/5ml,,,19,20,ahumada,Broncot Fte G.F.T. S/Azu. 30mg/5ml 120ml,Broncot Fte G.F.T. S/Azu. 30mg/5ml 120ml,broncot|120ml,broncot|120ml|bio:unknown|brand:unknown|var:fte,broncot|120ml,,fte,,,30mg/5ml,ratio,30mg/5ml,,,,unknown,,,compatible,exact,CFM-001431,7807,true,https://comparafarma-api.vercel.app/api/go?slug=ahumada&matchKey=broncot%7C120ml&url=https%3A%2F%2Fwww.farmaciasahumada.cl%2Fbroncot-fte-g.f.t.-s-azu.-30mg-5ml-120ml-50483.html&cfmId=CFM-001431,1
ambroxol 30mg/5ml,ambroxol-30mg-5ml,ambroxol,30mg/5ml,,,20,21,salcobrand,Broncot Ambroxol 30mg/5ml 120ml,Broncot Ambroxol 30mg/5ml 120ml,broncot|120ml,broncot|120ml|bio:unknown|brand:broncot|var:ambroxol,broncot|120ml,,ambroxol,,,30mg/5ml,ratio,30mg/5ml,Broncot,,ambroxol,structured,Broncot,,exact,exact,CFM-001431,8095,true,https://comparafarma-api.vercel.app/api/go?slug=salcobrand&matchKey=broncot%7C120ml&url=https%3A%2F%2Fsalcobrand.cl%2Fproducts%2Fbroncot-ambroxol-30mg-5ml-120ml%3Fdefault_sku%3D2830326&cfmId=CFM-001431,1
ambroxol 30mg/5ml,ambroxol-30mg-5ml,ambroxol,30mg/5ml,,,21,22,easyfarma,Muxol Adulto Jarabe...,Muxol Adulto Jarabe...,muxol,muxol|bio:unknown|brand:unknown|form:fluid-oral,muxol,,,fluid-oral,,,,,,,,unknown,,,compatible,unknown,CFM-001440,5490,true,https://comparafarma-api.vercel.app/api/go?slug=easyfarma&matchKey=muxol&url=https%3A%2F%2Fnuevo.easyfarma.cl%2F25414-muxol-adulto-jarabe-x-100ml.html&cfmId=CFM-001440,1
ambroxol 30mg/5ml,ambroxol-30mg-5ml,ambroxol,30mg/5ml,,,22,23,easyfarma,Muxol Pediatrico Jarabe x...,Muxol Pediatrico Jarabe x...,muxol,muxol|bio:unknown|brand:unknown|var:infantil|form:fluid-oral,muxol,,infantil,fluid-oral,,,,,,,,unknown,,,compatible,unknown,CFM-001440,5490,true,https://comparafarma-api.vercel.app/api/go?slug=easyfarma&matchKey=muxol&url=https%3A%2F%2Fnuevo.easyfarma.cl%2F25413-muxol-pediatrico-jarabe-x-100ml.html&cfmId=CFM-001440,1
ambroxol 30mg/5ml,ambroxol-30mg-5ml,ambroxol,30mg/5ml,,,23,24,easyfarma,Broncot Pediatrico GFT...,Broncot Pediatrico GFT...,broncot,broncot|bio:unknown|brand:unknown|var:infantil,broncot,,infantil,,,,,,,,,unknown,,,compatible,unknown,CFM-001434,8990,true,https://comparafarma-api.vercel.app/api/go?slug=easyfarma&matchKey=broncot&url=https%3A%2F%2Fnuevo.easyfarma.cl%2F24773-broncot-gft-jarabe.html&cfmId=CFM-001434,1
ambroxol 30mg/5ml,ambroxol-30mg-5ml,ambroxol,30mg/5ml,,,24,25,salcobrand,Muxol Ambroxol 20 Comprimidos,Muxol Ambroxol 20 Comprimidos,muxol|20,muxol|20|bio:unknown|brand:muxol|var:ambroxol|form:solid-oral,muxol|20,,ambroxol,solid-oral,20,,,,Muxol,,ambroxol,structured,Muxol,,exact,unknown,CFM-001441,10031,true,https://comparafarma-api.vercel.app/api/go?slug=salcobrand&matchKey=muxol%7C20&url=https%3A%2F%2Fsalcobrand.cl%2Fproducts%2Fmuxol-ambroxol-20-comprimidos%3Fdefault_sku%3D2979200&cfmId=CFM-001441,1
ambroxol 30mg/5ml,ambroxol-30mg-5ml,ambroxol,30mg/5ml,,,25,26,araucomed,Tocalm Infantil 15mg/5ml jarabe 100 ml.,Tocalm Infantil 15mg/5ml jarabe 100 ml.,tocalm|100ml,tocalm|100ml|bio:unknown|brand:unknown|var:infantil|form:fluid-oral,tocalm|100ml,,infantil,fluid-oral,,15mg/5ml,ratio,15mg/5ml,,,,unknown,,,exact,other,CFM-001430,790,false,https://comparafarma-api.vercel.app/api/go?slug=araucomed&matchKey=tocalm%7C100ml&url=https%3A%2F%2Ffarmacia.araucomed.com%2Fmucoliticos-y-expectorantes%2Ftocalm-infantil-15mg-5ml-jarabe-100ml&cfmId=CFM-001430,2
ambroxol 30mg/5ml,ambroxol-30mg-5ml,ambroxol,30mg/5ml,,,25,26,cruz-verde,Tocalm Pediatrico Ambroxol 15 mg/5mL Jarabe 100 mL,Tocalm Infantil 15mg/5ml jarabe 100 ml.,tocalm|100ml,tocalm|100ml|bio:unknown|brand:unknown|var:infantil|form:fluid-oral,tocalm|100ml,,infantil,fluid-oral,,15mg/5ml,ratio,15mg/5ml,,,,unknown,,,exact,other,CFM-001430,4290,true,https://comparafarma-api.vercel.app/api/go?slug=cruz-verde&matchKey=tocalm%7C100ml&url=https%3A%2F%2Fwww.cruzverde.cl%2Ftocalm-pediatrico-ambroxol-15-mg-5ml-jarabe-100-ml%2F111094.html&cfmId=CFM-001430,2
ambroxol 30mg/5ml,ambroxol-30mg-5ml,ambroxol,30mg/5ml,,,26,27,araucomed,Ambroxol 15mg/5ml jarabe 100ml (Eurofarma),Ambroxol 15mg/5ml jarabe 100ml (Eurofarma),ambroxol|100ml,ambroxol|100ml|bio:unknown|brand:eurofarma|form:fluid-oral,ambroxol|100ml,,,fluid-oral,,15mg/5ml,ratio,15mg/5ml,,Eurofarma,ambroxol,unknown,Eurofarma,,exact,other,CFM-000068,900,false,https://comparafarma-api.vercel.app/api/go?slug=araucomed&matchKey=ambroxol%7C100ml&url=https%3A%2F%2Ffarmacia.araucomed.com%2Fmucoliticos-y-expectorantes%2Fambroxol-15mg-5ml-jarabe-100ml-eurofarma&cfmId=CFM-000068,1
ambroxol 30mg/5ml,ambroxol-30mg-5ml,ambroxol,30mg/5ml,,,27,28,ecofarmacias,Ambroxol clorhidrato 30mg 100ml Ascend DESCUENTO,Ambroxol clorhidrato 30mg 100ml Ascend DESCUENTO,ambroxol|100ml,ambroxol|100ml|bio:unknown|brand:unknown,ambroxol|100ml,,,,,30mg,absolute,30mg,,,ambroxol,unknown,,,exact,other,CFM-000068,1100,false,https://comparafarma-api.vercel.app/api/go?slug=ecofarmacias&matchKey=ambroxol%7C100ml&url=https%3A%2F%2Fwww.ecofarmacias.cl%2Fproducto%2Fambroxol-clorhidrato-30mg-100ml-ascend-descuento%2F&cfmId=CFM-000068,1
ambroxol 30mg/5ml,ambroxol-30mg-5ml,ambroxol,30mg/5ml,,,28,29,araucomed,Ambroxol 15mg/5ml jarabe infantil x 100 ml. (Ascend),Ambroxol 15mg/5ml jarabe infantil x 100 ml. (Ascend),ambroxol|100ml|100,ambroxol|100ml|100|bio:unknown|brand:ascend|form:fluid-oral,ambroxol|100ml|100,,,fluid-oral,,15mg/5ml,ratio,15mg/5ml,,Ascend,ambroxol,unknown,Ascend,,exact,other,CFM-000816,1490,true,https://comparafarma-api.vercel.app/api/go?slug=araucomed&matchKey=ambroxol%7C100ml%7C100&url=https%3A%2F%2Ffarmacia.araucomed.com%2Fmucoliticos-y-expectorantes%2Fambroxol-15mg-5ml-jarabe-infantil-x-100-ml-ascend&cfmId=CFM-000816,1
ambroxol 30mg/5ml,ambroxol-30mg-5ml,ambroxol,30mg/5ml,,,29,30,ecofarmacias,Ambroxol Infantil 100ml (Andromaco),Ambroxol Infantil 100ml (Andromaco),ambroxol|100ml,ambroxol|100ml|bio:unknown|brand:unknown|var:infantil,ambroxol|100ml,,infantil,,,,,100ml,,,ambroxol,unknown,,,exact,other,CFM-000068,1890,false,https://comparafarma-api.vercel.app/api/go?slug=ecofarmacias&matchKey=ambroxol%7C100ml&url=https%3A%2F%2Fwww.ecofarmacias.cl%2Fproducto%2Fambroxol-infantil-100ml%2F&cfmId=CFM-000068,1
ambroxol 30mg/5ml,ambroxol-30mg-5ml,ambroxol,30mg/5ml,,,30,31,araucomed,Ambroxol 15mg/5ml jarabe infantil x 100 ml. (Mintlab),Ambroxol 15mg/5ml jarabe infantil x 100 ml. (Mintlab),ambroxol|100ml|100,ambroxol|100ml|100|bio:unknown|brand:mintlab|form:fluid-oral,ambroxol|100ml|100,,,fluid-oral,,15mg/5ml,ratio,15mg/5ml,,Mintlab,ambroxol,unknown,Mintlab,,exact,other,CFM-000816,1990,false,https://comparafarma-api.vercel.app/api/go?slug=araucomed&matchKey=ambroxol%7C100ml%7C100&url=https%3A%2F%2Ffarmacia.araucomed.com%2Fmucoliticos-y-expectorantes%2Fambroxol-15mg-5ml-jarabe-100ml-mintlab&cfmId=CFM-000816,1
ambroxol 30mg/5ml,ambroxol-30mg-5ml,ambroxol,30mg/5ml,,,31,32,araucomed,Mintamox Infantil 15mg/5ml jarabe 100ml,Mintamox Infantil 15mg/5ml jarabe 100ml,mintamox|100ml,mintamox|100ml|bio:unknown|brand:mintlab|var:infantil|form:fluid-oral,mintamox|100ml,,infantil,fluid-oral,,15mg/5ml,ratio,15mg/5ml,,Mintlab,,unknown,Mintlab,,compatible,other,CFM-001436,2490,false,https://comparafarma-api.vercel.app/api/go?slug=araucomed&matchKey=mintamox%7C100ml&url=https%3A%2F%2Ffarmacia.araucomed.com%2Fmucoliticos-y-expectorantes%2Fmintamox-infantil-15mg-5ml-jarabe-100ml&cfmId=CFM-001436,1
ambroxol 30mg/5ml,ambroxol-30mg-5ml,ambroxol,30mg/5ml,,,32,33,dr-simi,Tocalm ambroxol 15 mg/5 mL jarabe pediátrico 100 mL,Tocalm ambroxol 15 mg/5 mL jarabe pediátrico 100 mL,tocalm|100ml,tocalm|100ml|bio:true|brand:prater|var:ambroxol|form:fluid-oral,tocalm|100ml,,ambroxol,fluid-oral,,15mg/5ml,ratio,15mg/5ml,Tocalm,Prater,ambroxol,name,PRATER,true,exact,other,CFM-001430,2550,true,https://comparafarma-api.vercel.app/api/go?slug=dr-simi&matchKey=tocalm%7C100ml&url=https%3A%2F%2Fwww.drsimi.cl%2Ftocalm-15-mg-5ml-jarabe-infantil-100-ml%2Fp&cfmId=CFM-001430,1
ambroxol 30mg/5ml,ambroxol-30mg-5ml,ambroxol,30mg/5ml,,,33,34,farmex,Mintamox 15 mg / 5 mL x 100 mL,Mintamox 15 mg / 5 mL x 100 mL,mintamox|100ml|100,mintamox|100ml|100|bio:unknown|brand:mintlab,mintamox|100ml|100,,,,,15mg/5ml,ratio,15mg/5ml,,Mintlab,,unknown,MINTLAB,,compatible,other,CFM-014930,2690,true,https://comparafarma-api.vercel.app/api/go?slug=farmex&matchKey=mintamox%7C100ml%7C100&url=https%3A%2F%2Ffarmex.cl%2Fproducts%2Fmintamox-15-mg-5-ml-x-100-ml%3F_pos%3D2%26_psq%3Dambroxol%26_psid%3D160672eda%26_ss%3De&cfmId=CFM-014930,1
ambroxol 30mg/5ml,ambroxol-30mg-5ml,ambroxol,30mg/5ml,,,34,35,ecofarmacias,Tocalm Ambroxol Jarabe Adulto 100 mL (Prater),Tocalm Ambroxol Jarabe Adulto 100 mL (Prater),tocalm|100ml,tocalm|100ml|bio:unknown|brand:unknown|var:ambroxol|form:fluid-oral,tocalm|100ml,,ambroxol,fluid-oral,,,,100ml,Tocalm,,ambroxol,name,,,exact,other,CFM-001430,2980,false,https://comparafarma-api.vercel.app/api/go?slug=ecofarmacias&matchKey=tocalm%7C100ml&url=https%3A%2F%2Fwww.ecofarmacias.cl%2Fproducto%2Ftocalm-ambroxol-jarabe-adulto-100-ml-prater%2F&cfmId=CFM-001430,2
ambroxol 30mg/5ml,ambroxol-30mg-5ml,ambroxol,30mg/5ml,,,34,35,cruz-verde,Tocalm Adulto Ambroxol 30 mg/5mL Jarabe 100 mL,Tocalm Ambroxol Jarabe Adulto 100 mL (Prater),tocalm|100ml,tocalm|100ml|bio:unknown|brand:unknown|var:ambroxol|form:fluid-oral,tocalm|100ml,,ambroxol,fluid-oral,,30mg/5ml,ratio,30mg/5ml,Tocalm,,ambroxol,name,,,exact,other,CFM-001430,4290,true,https://comparafarma-api.vercel.app/api/go?slug=cruz-verde&matchKey=tocalm%7C100ml&url=https%3A%2F%2Fwww.cruzverde.cl%2Ftocalm-adulto-ambroxol-30-mg-5ml-jarabe-100-ml%2F111093.html&cfmId=CFM-001430,2
ambroxol 30mg/5ml,ambroxol-30mg-5ml,ambroxol,30mg/5ml,,,35,36,easyfarma,Ambroxol Pediatrico 15mg/5...,Ambroxol Pediatrico 15mg/5...,ambroxol|15mg,ambroxol|15mg|bio:unknown|brand:ascend|var:infantil,ambroxol|15mg,,infantil,,,,,15mg,,,ambroxol,unknown,,,exact,other,CFM-001429,2990,true,https://comparafarma-api.vercel.app/api/go?slug=easyfarma&matchKey=ambroxol%7C15mg&url=https%3A%2F%2Fnuevo.easyfarma.cl%2F105165-ambroxol-pediatrico-15mg-5-ml-100-ml-ascend.html&cfmId=CFM-001429,1
ambroxol 30mg/5ml,ambroxol-30mg-5ml,ambroxol,30mg/5ml,,,36,37,araucomed,Muxol Pediátrico 15mg/5ml jarabe x 100 ml.,Muxol Pediátrico 15mg/5ml jarabe x 100 ml.,muxol|100ml|100,muxol|100ml|100|bio:unknown|brand:unknown|var:infantil|form:fluid-oral,muxol|100ml|100,,infantil,fluid-oral,,15mg/5ml,ratio,15mg/5ml,,,,unknown,,,compatible,other,CFM-001433,3490,true,https://comparafarma-api.vercel.app/api/go?slug=araucomed&matchKey=muxol%7C100ml%7C100&url=https%3A%2F%2Ffarmacia.araucomed.com%2Fmucoliticos-y-expectorantes%2Fmuxol-pediatrico-15mg-5ml-jarabe-100ml&cfmId=CFM-001433,1
ambroxol 30mg/5ml,ambroxol-30mg-5ml,ambroxol,30mg/5ml,,,37,38,cruz-verde,Mintamox Pediatrico Ambroxol 15 mg/5mL Jarabe 100 mL,Mintamox Pediatrico Ambroxol 15 mg/5mL Jarabe 100 mL,mintamox|100ml,mintamox|100ml|bio:unknown|brand:unknown|var:infantil|form:fluid-oral,mintamox|100ml,,infantil,fluid-oral,,15mg/5ml,ratio,15mg/5ml,Mintamox,,ambroxol,name,,,exact,other,CFM-001436,3690,true,https://comparafarma-api.vercel.app/api/go?slug=cruz-verde&matchKey=mintamox%7C100ml&url=https%3A%2F%2Fwww.cruzverde.cl%2Fmintamox-pediatrico-ambroxol-15-mg-5ml-jarabe-100-ml%2F193055.html&cfmId=CFM-001436,1
ambroxol 30mg/5ml,ambroxol-30mg-5ml,ambroxol,30mg/5ml,,,38,39,ahumada,Tocalm Pediatrico 15 mg/5 mL x 100 mL Jarabe,Tocalm Pediatrico 15 mg/5 mL x 100 mL Jarabe,tocalm|100ml|100,tocalm|100ml|100|bio:true|brand:unknown|var:infantil|form:fluid-oral,tocalm|100ml|100,,infantil,fluid-oral,,15mg/5ml,ratio,15mg/5ml,,,,unknown,,true,compatible,other,CFM-001435,3787,true,https://comparafarma-api.vercel.app/api/go?slug=ahumada&matchKey=tocalm%7C100ml%7C100&url=https%3A%2F%2Fwww.farmaciasahumada.cl%2Ftocalm-pediatrico-15-mg-5-ml-x-100-ml-jarabe-47393.html&cfmId=CFM-001435,1
ambroxol 30mg/5ml,ambroxol-30mg-5ml,ambroxol,30mg/5ml,,,39,40,salcobrand,Muxol Adulto Ambroxol Jarabe 100ml,Muxol Adulto Ambroxol Jarabe 100ml,muxol|100ml,muxol|100ml|bio:unknown|brand:muxol|var:ambroxol|form:fluid-oral,muxol|100ml,,ambroxol,fluid-oral,,,,100ml,Muxol,,ambroxol,structured,Muxol,,exact,other,CFM-000997,3921,true,https://comparafarma-api.vercel.app/api/go?slug=salcobrand&matchKey=muxol%7C100ml&url=https%3A%2F%2Fsalcobrand.cl%2Fproducts%2Fmuxol-adulto-ambroxol-jarabe-100ml%3Fdefault_sku%3D2979230&cfmId=CFM-000997,1
ambroxol 30mg/5ml,ambroxol-30mg-5ml,ambroxol,30mg/5ml,,,40,41,ahumada,MUXOL JARABE ADULTO Ambroxol Clorhidrato 600 mg 100 ml,MUXOL JARABE ADULTO Ambroxol Clorhidrato 600 mg 100 ml,muxol|100ml,muxol|100ml|bio:true|brand:unknown|var:ambroxol|form:fluid-oral,muxol|100ml,,ambroxol,fluid-oral,,600mg,absolute,600mg,MUXOL,,ambroxol,name,,true,exact,other,CFM-000997,4590,true,https://comparafarma-api.vercel.app/api/go?slug=ahumada&matchKey=muxol%7C100ml&url=https%3A%2F%2Fwww.farmaciasahumada.cl%2Fmuxol-jarabe-adulto-ambroxol-clorhidrato-600-mg-100-ml-9257.html&cfmId=CFM-000997,1
ambroxol 30mg/5ml,ambroxol-30mg-5ml,ambroxol,30mg/5ml,,,41,42,sermecoop,Muxol (ambroxol) 15mg/5ml Jarabe 100ml,Muxol (ambroxol) 15mg/5ml Jarabe 100ml,muxol|100ml,muxol|100ml|bio:unknown|brand:unknown|form:fluid-oral,muxol|100ml,,,fluid-oral,,15mg/5ml,ratio,15mg/5ml,Muxol,,ambroxol,name,,,exact,other,CFM-000997,4890,true,https://comparafarma-api.vercel.app/api/go?slug=sermecoop&matchKey=muxol%7C100ml&url=https%3A%2F%2Fwww.farmaciasermecoop.cl%2Findex.php%2Fonline%2Fdetalleproducto%3Fp_%3D16812%26d_%3D1&cfmId=CFM-000997,1
ambroxol 30mg/5ml,ambroxol-30mg-5ml,ambroxol,30mg/5ml,,,42,43,araucomed,Broncot 15mg/5ml Jarabe x 120 ml.,Broncot 15mg/5ml Jarabe x 120 ml.,broncot|120ml|120,broncot|120ml|120|bio:unknown|brand:unknown|form:fluid-oral,broncot|120ml|120,,,fluid-oral,,15mg/5ml,ratio,15mg/5ml,,,,unknown,,,compatible,other,CFM-001432,4990,true,https://comparafarma-api.vercel.app/api/go?slug=araucomed&matchKey=broncot%7C120ml%7C120&url=https%3A%2F%2Ffarmacia.araucomed.com%2Fmucoliticos-y-expectorantes%2Fbroncot-gft-15mg-5ml-sin-azucar-120ml&cfmId=CFM-001432,1
ambroxol 30mg/5ml,ambroxol-30mg-5ml,ambroxol,30mg/5ml,,,43,44,cruz-verde,Ambroxol 15 mg/5mL Jarabe 100 mL,Ambroxol 15 mg/5mL Jarabe 100 mL,ambroxol|100ml,ambroxol|100ml|bio:unknown|brand:unknown|form:fluid-oral,ambroxol|100ml,,,fluid-oral,,15mg/5ml,ratio,15mg/5ml,,,ambroxol,unknown,,,exact,other,CFM-000068,5490,true,https://comparafarma-api.vercel.app/api/go?slug=cruz-verde&matchKey=ambroxol%7C100ml&url=https%3A%2F%2Fwww.cruzverde.cl%2Fambroxol-15-mg-5ml-jarabe-100-ml%2F2224.html&cfmId=CFM-000068,1
ambroxol 30mg/5ml,ambroxol-30mg-5ml,ambroxol,30mg/5ml,,,44,45,salcobrand,Muxol Pediátrico Ambroxol Jarabe 100ml,Muxol Pediátrico Ambroxol Jarabe 100ml,muxol|100ml,muxol|100ml|bio:unknown|brand:muxolpediatrico|var:infantil|form:fluid-oral,muxol|100ml,,infantil,fluid-oral,,,,100ml,Muxol Pediatrico,,ambroxol,structured,Muxol Pediatrico,,exact,other,CFM-000997,5829,true,https://comparafarma-api.vercel.app/api/go?slug=salcobrand&matchKey=muxol%7C100ml&url=https%3A%2F%2Fsalcobrand.cl%2Fproducts%2Fmuxol-pediatrico-ambroxol-jarabe-100ml%3Fdefault_sku%3D2979220&cfmId=CFM-000997,1
ambroxol 30mg/5ml,ambroxol-30mg-5ml,ambroxol,30mg/5ml,,,45,46,cruz-verde,Muxol Jarabe Pediátrico Ambroxol 300 mg / 100 ml,Muxol Jarabe Pediátrico Ambroxol 300 mg / 100 ml,muxol|100ml,muxol|100ml|bio:unknown|brand:unknown|var:infantil|form:fluid-oral,muxol|100ml,,infantil,fluid-oral,,300mg/100ml,ratio,300mg/100ml,Muxol,,ambroxol,name,,,exact,other,CFM-000997,6190,true,https://comparafarma-api.vercel.app/api/go?slug=cruz-verde&matchKey=muxol%7C100ml&url=https%3A%2F%2Fwww.cruzverde.cl%2Fmuxol-jarabe-pediatrico-ambroxol-300-mg-100-ml%2F6178.html&cfmId=CFM-000997,1
ambroxol 30mg/5ml,ambroxol-30mg-5ml,ambroxol,30mg/5ml,,,46,47,ahumada,Muxol Jarabe Pediátrico Ambroxol Clorhidrato 300 mg 100 ml,Muxol Jarabe Pediátrico Ambroxol Clorhidrato 300 mg 100 ml,muxol|100ml,muxol|100ml|bio:true|brand:unknown|var:infantil|form:fluid-oral,muxol|100ml,,infantil,fluid-oral,,300mg,absolute,300mg,Muxol,,ambroxol,name,,true,exact,other,CFM-000997,6190,true,https://comparafarma-api.vercel.app/api/go?slug=ahumada&matchKey=muxol%7C100ml&url=https%3A%2F%2Fwww.farmaciasahumada.cl%2Fmuxol-jarabe-pediatrico-ambroxol-clorhidrato-300-mg-100-ml-9166.html&cfmId=CFM-000997,1
ambroxol 30mg/5ml,ambroxol-30mg-5ml,ambroxol,30mg/5ml,,,47,48,araucomed,"Broncot 7,5mg/ml gotas x 30 ml.","Broncot 7,5mg/ml gotas x 30 ml.",broncot|30ml|30,broncot|30ml|30|bio:unknown|brand:unknown|form:fluid-oral,broncot|30ml|30,,,fluid-oral,,7.5mg/1ml,ratio,7.5mg/1ml,,,,unknown,,,compatible,other,CFM-001442,6490,false,https://comparafarma-api.vercel.app/api/go?slug=araucomed&matchKey=broncot%7C30ml%7C30&url=https%3A%2F%2Ffarmacia.araucomed.com%2Fmucoliticos-y-expectorantes%2Fbroncot-75mg-ml-gotas-30ml&cfmId=CFM-001442,1
ambroxol 30mg/5ml,ambroxol-30mg-5ml,ambroxol,30mg/5ml,,,48,49,farmex,Muxol 30 mg x 20 comprimidos,Muxol 30 mg x 20 comprimidos,muxol|30mg|20,muxol|30mg|20|bio:unknown|brand:unknown|form:solid-oral,muxol|30mg|20,,,solid-oral,20,,,30mg,,,,unknown,,,compatible,other,CFM-001437,6877,true,https://comparafarma-api.vercel.app/api/go?slug=farmex&matchKey=muxol%7C30mg%7C20&url=https%3A%2F%2Ffarmex.cl%2Fproducts%2Fmuxol-30-mg-x-20-comprimidos-5%3F_pos%3D5%26_psq%3Dambroxol%26_psid%3D160672eda%26_ss%3De&cfmId=CFM-001437,1
ambroxol 30mg/5ml,ambroxol-30mg-5ml,ambroxol,30mg/5ml,,,49,50,easyfarma,"Broncot Gotas 7,5 mg/ml x...","Broncot Gotas 7,5 mg/ml x...",broncot|7.5mg,broncot|7.5mg|bio:unknown|brand:unknown|form:fluid-oral,broncot|7.5mg,,,fluid-oral,,7.5mg/1ml,ratio,7.5mg/1ml,,,,unknown,,,compatible,other,CFM-001438,7990,true,https://comparafarma-api.vercel.app/api/go?slug=easyfarma&matchKey=broncot%7C7.5mg&url=https%3A%2F%2Fnuevo.easyfarma.cl%2F26341-broncot-gotas-x-30ml.html&cfmId=CFM-001438,1
ambroxol 30mg/5ml,ambroxol-30mg-5ml,ambroxol,30mg/5ml,,,50,51,cruz-verde,Mucosolvan-Dual Infantil 120Ml,Mucosolvan-Dual Infantil 120Ml,mucosolvandual|120ml,mucosolvandual|120ml|bio:unknown|brand:unknown|var:infantil,mucosolvandual|120ml,,infantil,,,,,120ml,,,,unknown,,,compatible,other,CFM-000990,8290,false,https://comparafarma-api.vercel.app/api/go?slug=cruz-verde&matchKey=mucosolvandual%7C120ml&url=https%3A%2F%2Fwww.cruzverde.cl%2Fmucosolvan-dual-infantil-120ml%2F65002.html&cfmId=CFM-000990,1
ambroxol 30mg/5ml,ambroxol-30mg-5ml,ambroxol,30mg/5ml,,,51,52,ahumada,Broncot GFT 15 mg/5 mL x 120 mL Jarabe,Broncot GFT 15 mg/5 mL x 120 mL Jarabe,broncot|120ml|120,broncot|120ml|120|bio:unknown|brand:unknown|var:gft|form:fluid-oral,broncot|120ml|120,,gft,fluid-oral,,15mg/5ml,ratio,15mg/5ml,,,,unknown,,,compatible,other,CFM-001432,9427,true,https://comparafarma-api.vercel.app/api/go?slug=ahumada&matchKey=broncot%7C120ml%7C120&url=https%3A%2F%2Fwww.farmaciasahumada.cl%2Fbroncot-gft-15-mg-5-ml-x-120-ml-jarabe-50485.html&cfmId=CFM-001432,1
ambroxol 30mg/5ml,ambroxol-30mg-5ml,ambroxol,30mg/5ml,,,52,53,cruz-verde,Muxol Ambroxol 30 mg 20 Comprimidos,Muxol Ambroxol 30 mg 20 Comprimidos,muxol|30mg|20,muxol|30mg|20|bio:unknown|brand:unknown|var:ambroxol|form:solid-oral,muxol|30mg|20,,ambroxol,solid-oral,20,,,30mg,Muxol,,ambroxol,name,,,exact,other,CFM-001437,11190,true,https://comparafarma-api.vercel.app/api/go?slug=cruz-verde&matchKey=muxol%7C30mg%7C20&url=https%3A%2F%2Fwww.cruzverde.cl%2Fmuxol-ambroxol-30-mg-20-comprimidos%2F6176.html&cfmId=CFM-001437,1
ambroxol 30mg/5ml,ambroxol-30mg-5ml,ambroxol,30mg/5ml,,,53,54,ahumada,Broncot 7.5 mg/ml Gotas Fco. 30ml,Broncot 7.5 mg/ml Gotas Fco. 30ml,broncot|30ml,broncot|30ml|bio:unknown|brand:unknown|form:fluid-oral,broncot|30ml,,,fluid-oral,,7.5mg/1ml,ratio,7.5mg/1ml,,,,unknown,,,compatible,other,CFM-001439,13402,true,https://comparafarma-api.vercel.app/api/go?slug=ahumada&matchKey=broncot%7C30ml&url=https%3A%2F%2Fwww.farmaciasahumada.cl%2Fbroncot-7.5-mg-ml-gotas-fco.-30ml-4499.html&cfmId=CFM-001439,1
ambroxol 30mg/5ml,ambroxol-30mg-5ml,ambroxol,30mg/5ml,,,54,55,cruz-verde,Broncot GFT Pediatrico Ambroxol 15 mg/5mL Jarabe 120 mL,Broncot GFT Pediatrico Ambroxol 15 mg/5mL Jarabe 120 mL,broncot|120ml,broncot|120ml|bio:unknown|brand:unknown|var:gft|form:fluid-oral,broncot|120ml,,gft,fluid-oral,,15mg/5ml,ratio,15mg/5ml,Broncot,,ambroxol,name,,,exact,other,CFM-001431,13540,true,https://comparafarma-api.vercel.app/api/go?slug=cruz-verde&matchKey=broncot%7C120ml&url=https%3A%2F%2Fwww.cruzverde.cl%2Fbroncot-gft-pediatrico-ambroxol-15-mg-5ml-jarabe-120-ml%2F256478.html&cfmId=CFM-001431,1
ambroxol 30mg/5ml,ambroxol-30mg-5ml,ambroxol,30mg/5ml,,,55,56,salcobrand,Broncot Ambroxol Clorhidrato 7.5mg/ml Gotas 30ml,Broncot Ambroxol Clorhidrato 7.5mg/ml Gotas 30ml,broncot|30ml,broncot|30ml|bio:unknown|brand:broncot|var:ambroxol|form:fluid-oral,broncot|30ml,,ambroxol,fluid-oral,,7.5mg/1ml,ratio,7.5mg/1ml,Broncot,,ambroxol,structured,Broncot,,exact,other,CFM-001439,15311,true,https://comparafarma-api.vercel.app/api/go?slug=salcobrand&matchKey=broncot%7C30ml&url=https%3A%2F%2Fsalcobrand.cl%2Fproducts%2Fbroncot-ambroxol-clorhidrato-7-5mg-ml-gotas-30ml%3Fdefault_sku%3D2836255&cfmId=CFM-001439,1
ambroxol 30mg/5ml,ambroxol-30mg-5ml,ambroxol,30mg/5ml,,,56,57,cruz-verde,"Broncot Ambroxol 7,5 mg/mL Gotas 30 mL","Broncot Ambroxol 7,5 mg/mL Gotas 30 mL",broncot|30ml,broncot|30ml|bio:unknown|brand:unknown|var:ambroxol|form:fluid-oral,broncot|30ml,,ambroxol,fluid-oral,,7.5mg/1ml,ratio,7.5mg/1ml,Broncot,,ambroxol,name,,,exact,other,CFM-001439,16990,true,https://comparafarma-api.vercel.app/api/go?slug=cruz-verde&matchKey=broncot%7C30ml&url=https%3A%2F%2Fwww.cruzverde.cl%2Fbroncot-ambroxol-7-5-mg-ml-gotas-30-ml%2F4081.html&cfmId=CFM-001439,1
ambroxol 30mg,ambroxol-30mg,ambroxol,30mg,,,0,1,ecofarmacias,Ambroxol clorhidrato 30mg 100ml Ascend DESCUENTO,Ambroxol clorhidrato 30mg 100ml Ascend DESCUENTO,ambroxol|100ml,ambroxol|100ml|bio:unknown|brand:unknown,ambroxol|100ml,,,,,30mg,absolute,30mg,,,ambroxol,unknown,,,exact,exact,CFM-000068,1100,false,https://comparafarma-api.vercel.app/api/go?slug=ecofarmacias&matchKey=ambroxol%7C100ml&url=https%3A%2F%2Fwww.ecofarmacias.cl%2Fproducto%2Fambroxol-clorhidrato-30mg-100ml-ascend-descuento%2F&cfmId=CFM-000068,1
ambroxol 30mg,ambroxol-30mg,ambroxol,30mg,,,1,2,farmex,Muxol 30 mg x 20 comprimidos,Muxol 30 mg x 20 comprimidos,muxol|30mg|20,muxol|30mg|20|bio:unknown|brand:unknown|form:solid-oral,muxol|30mg|20,,,solid-oral,20,,,30mg,,,,unknown,,,compatible,exact,CFM-001437,6877,true,https://comparafarma-api.vercel.app/api/go?slug=farmex&matchKey=muxol%7C30mg%7C20&url=https%3A%2F%2Ffarmex.cl%2Fproducts%2Fmuxol-30-mg-x-20-comprimidos-5%3F_pos%3D5%26_psq%3Dambroxol%26_psid%3D160672eda%26_ss%3De&cfmId=CFM-001437,1
ambroxol 30mg,ambroxol-30mg,ambroxol,30mg,,,2,3,cruz-verde,Muxol Ambroxol 30 mg 20 Comprimidos,Muxol Ambroxol 30 mg 20 Comprimidos,muxol|30mg|20,muxol|30mg|20|bio:unknown|brand:unknown|var:ambroxol|form:solid-oral,muxol|30mg|20,,ambroxol,solid-oral,20,,,30mg,Muxol,,ambroxol,name,,,exact,exact,CFM-001437,11190,true,https://comparafarma-api.vercel.app/api/go?slug=cruz-verde&matchKey=muxol%7C30mg%7C20&url=https%3A%2F%2Fwww.cruzverde.cl%2Fmuxol-ambroxol-30-mg-20-comprimidos%2F6176.html&cfmId=CFM-001437,1
ambroxol 30mg,ambroxol-30mg,ambroxol,30mg,,,3,4,easyfarma,Muxol Adulto Jarabe...,Muxol Adulto Jarabe...,muxol,muxol|bio:unknown|brand:unknown|form:fluid-oral,muxol,,,fluid-oral,,,,,,,,unknown,,,compatible,unknown,CFM-001440,5490,true,https://comparafarma-api.vercel.app/api/go?slug=easyfarma&matchKey=muxol&url=https%3A%2F%2Fnuevo.easyfarma.cl%2F25414-muxol-adulto-jarabe-x-100ml.html&cfmId=CFM-001440,1
ambroxol 30mg,ambroxol-30mg,ambroxol,30mg,,,4,5,easyfarma,Muxol Pediatrico Jarabe x...,Muxol Pediatrico Jarabe x...,muxol,muxol|bio:unknown|brand:unknown|var:infantil|form:fluid-oral,muxol,,infantil,fluid-oral,,,,,,,,unknown,,,compatible,unknown,CFM-001440,5490,true,https://comparafarma-api.vercel.app/api/go?slug=easyfarma&matchKey=muxol&url=https%3A%2F%2Fnuevo.easyfarma.cl%2F25413-muxol-pediatrico-jarabe-x-100ml.html&cfmId=CFM-001440,1
ambroxol 30mg,ambroxol-30mg,ambroxol,30mg,,,5,6,easyfarma,Broncot Pediatrico GFT...,Broncot Pediatrico GFT...,broncot,broncot|bio:unknown|brand:unknown|var:infantil,broncot,,infantil,,,,,,,,,unknown,,,compatible,unknown,CFM-001434,8990,true,https://comparafarma-api.vercel.app/api/go?slug=easyfarma&matchKey=broncot&url=https%3A%2F%2Fnuevo.easyfarma.cl%2F24773-broncot-gft-jarabe.html&cfmId=CFM-001434,1
ambroxol 30mg,ambroxol-30mg,ambroxol,30mg,,,6,7,salcobrand,Muxol Ambroxol 20 Comprimidos,Muxol Ambroxol 20 Comprimidos,muxol|20,muxol|20|bio:unknown|brand:muxol|var:ambroxol|form:solid-oral,muxol|20,,ambroxol,solid-oral,20,,,,Muxol,,ambroxol,structured,Muxol,,exact,unknown,CFM-001441,10031,true,https://comparafarma-api.vercel.app/api/go?slug=salcobrand&matchKey=muxol%7C20&url=https%3A%2F%2Fsalcobrand.cl%2Fproducts%2Fmuxol-ambroxol-20-comprimidos%3Fdefault_sku%3D2979200&cfmId=CFM-001441,1
ambroxol 30mg,ambroxol-30mg,ambroxol,30mg,,,7,8,araucomed,Tocalm Infantil 15mg/5ml jarabe 100 ml.,Tocalm Infantil 15mg/5ml jarabe 100 ml.,tocalm|100ml,tocalm|100ml|bio:unknown|brand:unknown|var:infantil|form:fluid-oral,tocalm|100ml,,infantil,fluid-oral,,15mg/5ml,ratio,15mg/5ml,,,,unknown,,,exact,other,CFM-001430,790,false,https://comparafarma-api.vercel.app/api/go?slug=araucomed&matchKey=tocalm%7C100ml&url=https%3A%2F%2Ffarmacia.araucomed.com%2Fmucoliticos-y-expectorantes%2Ftocalm-infantil-15mg-5ml-jarabe-100ml&cfmId=CFM-001430,2
ambroxol 30mg,ambroxol-30mg,ambroxol,30mg,,,7,8,cruz-verde,Tocalm Pediatrico Ambroxol 15 mg/5mL Jarabe 100 mL,Tocalm Infantil 15mg/5ml jarabe 100 ml.,tocalm|100ml,tocalm|100ml|bio:unknown|brand:unknown|var:infantil|form:fluid-oral,tocalm|100ml,,infantil,fluid-oral,,15mg/5ml,ratio,15mg/5ml,,,,unknown,,,exact,other,CFM-001430,4290,true,https://comparafarma-api.vercel.app/api/go?slug=cruz-verde&matchKey=tocalm%7C100ml&url=https%3A%2F%2Fwww.cruzverde.cl%2Ftocalm-pediatrico-ambroxol-15-mg-5ml-jarabe-100-ml%2F111094.html&cfmId=CFM-001430,2
ambroxol 30mg,ambroxol-30mg,ambroxol,30mg,,,8,9,araucomed,Ambroxol 30mg/5ml jarabe adulto 100 ml. (Ascend),Ambroxol 30mg/5ml jarabe adulto 100 ml. (Ascend),ambroxol|100ml,ambroxol|100ml|bio:unknown|brand:ascend|form:fluid-oral,ambroxol|100ml,,,fluid-oral,,30mg/5ml,ratio,30mg/5ml,,Ascend,ambroxol,unknown,Ascend,,exact,other,CFM-000068,790,false,https://comparafarma-api.vercel.app/api/go?slug=araucomed&matchKey=ambroxol%7C100ml&url=https%3A%2F%2Ffarmacia.araucomed.com%2Fmucoliticos-y-expectorantes%2Fambroxol-30mg-5ml-jarabe-adulto-100-ml-ascend&cfmId=CFM-000068,1
ambroxol 30mg,ambroxol-30mg,ambroxol,30mg,,,9,10,araucomed,Ambroxol 30mg/5ml Jarabe Adulto 100ml (Andromaco),Ambroxol 30mg/5ml Jarabe Adulto 100ml (Andromaco),ambroxol|100ml,ambroxol|100ml|bio:unknown|brand:andromaco|form:fluid-oral,ambroxol|100ml,,,fluid-oral,,30mg/5ml,ratio,30mg/5ml,,Andrómaco,ambroxol,unknown,Andrómaco,,exact,other,CFM-000068,800,false,https://comparafarma-api.vercel.app/api/go?slug=araucomed&matchKey=ambroxol%7C100ml&url=https%3A%2F%2Ffarmacia.araucomed.com%2Fmucoliticos-y-expectorantes%2Fambroxol-30mg-5ml-jarabe-100ml-andromaco&cfmId=CFM-000068,1
ambroxol 30mg,ambroxol-30mg,ambroxol,30mg,,,10,11,araucomed,Ambroxol 15mg/5ml jarabe 100ml (Eurofarma),Ambroxol 15mg/5ml jarabe 100ml (Eurofarma),ambroxol|100ml,ambroxol|100ml|bio:unknown|brand:eurofarma|form:fluid-oral,ambroxol|100ml,,,fluid-oral,,15mg/5ml,ratio,15mg/5ml,,Eurofarma,ambroxol,unknown,Eurofarma,,exact,other,CFM-000068,900,false,https://comparafarma-api.vercel.app/api/go?slug=araucomed&matchKey=ambroxol%7C100ml&url=https%3A%2F%2Ffarmacia.araucomed.com%2Fmucoliticos-y-expectorantes%2Fambroxol-15mg-5ml-jarabe-100ml-eurofarma&cfmId=CFM-000068,1
ambroxol 30mg,ambroxol-30mg,ambroxol,30mg,,,11,12,ecofarmacias,Jarabe Ambroxol clorhidrato 30mg5ml 100ml (Hospifarma) DESCUENTO,Ambroxol 30mg/5ml Jarabe 100ml,ambroxol|100ml,ambroxol|100ml|bio:unknown|brand:unknown|form:fluid-oral,ambroxol|100ml,,,fluid-oral,,30mg,absolute,30mg,,,ambroxol,unknown,,,exact,other,CFM-000068,990,false,https://comparafarma-api.vercel.app/api/go?slug=ecofarmacias&matchKey=ambroxol%7C100ml&url=https%3A%2F%2Fwww.ecofarmacias.cl%2Fproducto%2Fjarabe-ambroxol-clorhidrato-30mg5ml-100ml-hospifarma-descuento%2F&cfmId=CFM-000068,3
ambroxol 30mg,ambroxol-30mg,ambroxol,30mg,,,11,12,sermecoop,Ambroxol 30mg/5ml Jarabe 100ml,Ambroxol 30mg/5ml Jarabe 100ml,ambroxol|100ml,ambroxol|100ml|bio:unknown|brand:unknown|form:fluid-oral,ambroxol|100ml,,,fluid-oral,,30mg/5ml,ratio,30mg/5ml,,,ambroxol,unknown,,,exact,other,CFM-000068,2390,false,https://comparafarma-api.vercel.app/api/go?slug=sermecoop&matchKey=ambroxol%7C100ml&url=https%3A%2F%2Fwww.farmaciasermecoop.cl%2Findex.php%2Fonline%2Fdetalleproducto%3Fp_%3D1602%26d_%3D1&cfmId=CFM-000068,3
ambroxol 30mg,ambroxol-30mg,ambroxol,30mg,,,11,12,ahumada,Ambroxol 30mg./5ml. Jarabe Fco. 100ml,Ambroxol 30mg/5ml Jarabe 100ml,ambroxol|100ml,ambroxol|100ml|bio:unknown|brand:unknown|form:fluid-oral,ambroxol|100ml,,,fluid-oral,,30mg/5ml,ratio,30mg/5ml,,,ambroxol,unknown,,,exact,other,CFM-000068,3544,true,https://comparafarma-api.vercel.app/api/go?slug=ahumada&matchKey=ambroxol%7C100ml&url=https%3A%2F%2Fwww.farmaciasahumada.cl%2Fambroxol-30mg.-5ml.-jarabe-fco.-100ml-84384.html&cfmId=CFM-000068,3
ambroxol 30mg,ambroxol-30mg,ambroxol,30mg,,,12,13,araucomed,Ambroxol 30mg/5ml Jarabe Adulto 100ml (Seven Pharma),Ambroxol 30mg/5ml Jarabe Adulto 100ml (Seven Pharma),ambroxol|100ml,ambroxol|100ml|bio:unknown|brand:sevenpharma|form:fluid-oral,ambroxol|100ml,,,fluid-oral,,30mg/5ml,ratio,30mg/5ml,,Seven Pharma,ambroxol,unknown,Seven Pharma,,exact,other,CFM-000068,1200,false,https://comparafarma-api.vercel.app/api/go?slug=araucomed&matchKey=ambroxol%7C100ml&url=https%3A%2F%2Ffarmacia.araucomed.com%2Fmucoliticos-y-expectorantes%2Fambroxol-30mg-5ml-jarabe-adulto-100ml-seven-pharma&cfmId=CFM-000068,1
ambroxol 30mg,ambroxol-30mg,ambroxol,30mg,,,13,14,araucomed,Ambroxol 15mg/5ml jarabe infantil x 100 ml. (Ascend),Ambroxol 15mg/5ml jarabe infantil x 100 ml. (Ascend),ambroxol|100ml|100,ambroxol|100ml|100|bio:unknown|brand:ascend|form:fluid-oral,ambroxol|100ml|100,,,fluid-oral,,15mg/5ml,ratio,15mg/5ml,,Ascend,ambroxol,unknown,Ascend,,exact,other,CFM-000816,1490,true,https://comparafarma-api.vercel.app/api/go?slug=araucomed&matchKey=ambroxol%7C100ml%7C100&url=https%3A%2F%2Ffarmacia.araucomed.com%2Fmucoliticos-y-expectorantes%2Fambroxol-15mg-5ml-jarabe-infantil-x-100-ml-ascend&cfmId=CFM-000816,1
ambroxol 30mg,ambroxol-30mg,ambroxol,30mg,,,14,15,araucomed,Ambroxol 30mg/5ml Jarabe Adulto x 100 ml. (Hospifarma),Ambroxol 30mg/5ml Jarabe Adulto x 100 ml. (Hospifarma),ambroxol|100ml|100,ambroxol|100ml|100|bio:unknown|brand:hospifarma|form:fluid-oral,ambroxol|100ml|100,,,fluid-oral,,30mg/5ml,ratio,30mg/5ml,,Hospifarma,ambroxol,unknown,Hospifarma,,exact,other,CFM-000816,1490,false,https://comparafarma-api.vercel.app/api/go?slug=araucomed&matchKey=ambroxol%7C100ml%7C100&url=https%3A%2F%2Ffarmacia.araucomed.com%2Fmucoliticos-y-expectorantes%2Fambroxol-30mg-5ml-jarabe-120-ml-hospifarma&cfmId=CFM-000816,1
ambroxol 30mg,ambroxol-30mg,ambroxol,30mg,,,15,16,ecofarmacias,Ambroxol Infantil 100ml (Andromaco),Ambroxol Infantil 100ml (Andromaco),ambroxol|100ml,ambroxol|100ml|bio:unknown|brand:unknown|var:infantil,ambroxol|100ml,,infantil,,,,,100ml,,,ambroxol,unknown,,,exact,other,CFM-000068,1890,false,https://comparafarma-api.vercel.app/api/go?slug=ecofarmacias&matchKey=ambroxol%7C100ml&url=https%3A%2F%2Fwww.ecofarmacias.cl%2Fproducto%2Fambroxol-infantil-100ml%2F&cfmId=CFM-000068,1
ambroxol 30mg,ambroxol-30mg,ambroxol,30mg,,,16,17,araucomed,Ambroxol 30mg/5ml Jarabe Adulto 100 ml. (Mintlab),Ambroxol 30mg/5ml Jarabe Adulto 100 ml. (Mintlab),ambroxol|100ml,ambroxol|100ml|bio:unknown|brand:mintlab|form:fluid-oral,ambroxol|100ml,,,fluid-oral,,30mg/5ml,ratio,30mg/5ml,,Mintlab,ambroxol,unknown,Mintlab,,exact,other,CFM-000068,1990,false,https://comparafarma-api.vercel.app/api/go?slug=araucomed&matchKey=ambroxol%7C100ml&url=https%3A%2F%2Ffarmacia.araucomed.com%2Fmucoliticos-y-expectorantes%2Fambroxol-30mg-5ml-jarabe-100ml-mintlab&cfmId=CFM-000068,1
ambroxol 30mg,ambroxol-30mg,ambroxol,30mg,,,17,18,araucomed,Ambroxol 30mg/5ml Jarabe Adulto 100ml (Opko),Ambroxol 30mg/5ml Jarabe Adulto 100ml (Opko),ambroxol|100ml,ambroxol|100ml|bio:unknown|brand:opko|form:fluid-oral,ambroxol|100ml,,,fluid-oral,,30mg/5ml,ratio,30mg/5ml,,Opko,ambroxol,unknown,Opko,,exact,other,CFM-000068,1990,false,https://comparafarma-api.vercel.app/api/go?slug=araucomed&matchKey=ambroxol%7C100ml&url=https%3A%2F%2Ffarmacia.araucomed.com%2Fmucoliticos-y-expectorantes%2Fambroxol-30mg-5ml-jarabe-100ml-opko&cfmId=CFM-000068,1
ambroxol 30mg,ambroxol-30mg,ambroxol,30mg,,,18,19,araucomed,Ambroxol 15mg/5ml jarabe infantil x 100 ml. (Mintlab),Ambroxol 15mg/5ml jarabe infantil x 100 ml. (Mintlab),ambroxol|100ml|100,ambroxol|100ml|100|bio:unknown|brand:mintlab|form:fluid-oral,ambroxol|100ml|100,,,fluid-oral,,15mg/5ml,ratio,15mg/5ml,,Mintlab,ambroxol,unknown,Mintlab,,exact,other,CFM-000816,1990,false,https://comparafarma-api.vercel.app/api/go?slug=araucomed&matchKey=ambroxol%7C100ml%7C100&url=https%3A%2F%2Ffarmacia.araucomed.com%2Fmucoliticos-y-expectorantes%2Fambroxol-15mg-5ml-jarabe-100ml-mintlab&cfmId=CFM-000816,1
ambroxol 30mg,ambroxol-30mg,ambroxol,30mg,,,19,20,araucomed,Mintamox Adulto 30mg/5ml jarabe 100ml,Mintamox Adulto 30mg/5ml jarabe 100ml,mintamox|100ml,mintamox|100ml|bio:unknown|brand:mintlab|form:fluid-oral,mintamox|100ml,,,fluid-oral,,30mg/5ml,ratio,30mg/5ml,,Mintlab,,unknown,Mintlab,,compatible,other,CFM-001436,2490,false,https://comparafarma-api.vercel.app/api/go?slug=araucomed&matchKey=mintamox%7C100ml&url=https%3A%2F%2Ffarmacia.araucomed.com%2Fmucoliticos-y-expectorantes%2Fmintamox-adulto-30mg-5ml-jarabe-100ml&cfmId=CFM-001436,1
ambroxol 30mg,ambroxol-30mg,ambroxol,30mg,,,20,21,araucomed,Mintamox Infantil 15mg/5ml jarabe 100ml,Mintamox Infantil 15mg/5ml jarabe 100ml,mintamox|100ml,mintamox|100ml|bio:unknown|brand:mintlab|var:infantil|form:fluid-oral,mintamox|100ml,,infantil,fluid-oral,,15mg/5ml,ratio,15mg/5ml,,Mintlab,,unknown,Mintlab,,compatible,other,CFM-001436,2490,false,https://comparafarma-api.vercel.app/api/go?slug=araucomed&matchKey=mintamox%7C100ml&url=https%3A%2F%2Ffarmacia.araucomed.com%2Fmucoliticos-y-expectorantes%2Fmintamox-infantil-15mg-5ml-jarabe-100ml&cfmId=CFM-001436,1
ambroxol 30mg,ambroxol-30mg,ambroxol,30mg,,,21,22,ahumada,Tocalm Adulto 30 mg/5 mL x 100 mL Jarabe,Tocalm Adulto 30 mg/5 mL x 100 mL Jarabe,tocalm|100ml|100,tocalm|100ml|100|bio:true|brand:unknown|form:fluid-oral,tocalm|100ml|100,,,fluid-oral,,30mg/5ml,ratio,30mg/5ml,,,,unknown,,true,compatible,other,CFM-001435,2549,true,https://comparafarma-api.vercel.app/api/go?slug=ahumada&matchKey=tocalm%7C100ml%7C100&url=https%3A%2F%2Fwww.farmaciasahumada.cl%2Ftocalm-adulto-30-mg-5-ml-x-100-ml-jarabe-47395.html&cfmId=CFM-001435,1
ambroxol 30mg,ambroxol-30mg,ambroxol,30mg,,,22,23,dr-simi,Tocalm ambroxol 15 mg/5 mL jarabe pediátrico 100 mL,Tocalm ambroxol 15 mg/5 mL jarabe pediátrico 100 mL,tocalm|100ml,tocalm|100ml|bio:true|brand:prater|var:ambroxol|form:fluid-oral,tocalm|100ml,,ambroxol,fluid-oral,,15mg/5ml,ratio,15mg/5ml,Tocalm,Prater,ambroxol,name,PRATER,true,exact,other,CFM-001430,2550,true,https://comparafarma-api.vercel.app/api/go?slug=dr-simi&matchKey=tocalm%7C100ml&url=https%3A%2F%2Fwww.drsimi.cl%2Ftocalm-15-mg-5ml-jarabe-infantil-100-ml%2Fp&cfmId=CFM-001430,1
ambroxol 30mg,ambroxol-30mg,ambroxol,30mg,,,23,24,farmex,Mintamox 15 mg / 5 mL x 100 mL,Mintamox 15 mg / 5 mL x 100 mL,mintamox|100ml|100,mintamox|100ml|100|bio:unknown|brand:mintlab,mintamox|100ml|100,,,,,15mg/5ml,ratio,15mg/5ml,,Mintlab,,unknown,MINTLAB,,compatible,other,CFM-014930,2690,true,https://comparafarma-api.vercel.app/api/go?slug=farmex&matchKey=mintamox%7C100ml%7C100&url=https%3A%2F%2Ffarmex.cl%2Fproducts%2Fmintamox-15-mg-5-ml-x-100-ml%3F_pos%3D2%26_psq%3Dambroxol%26_psid%3D160672eda%26_ss%3De&cfmId=CFM-014930,1
ambroxol 30mg,ambroxol-30mg,ambroxol,30mg,,,24,25,ecofarmacias,Tocalm Ambroxol Jarabe Adulto 100 mL (Prater),Tocalm Ambroxol Jarabe Adulto 100 mL (Prater),tocalm|100ml,tocalm|100ml|bio:unknown|brand:unknown|var:ambroxol|form:fluid-oral,tocalm|100ml,,ambroxol,fluid-oral,,,,100ml,Tocalm,,ambroxol,name,,,exact,other,CFM-001430,2980,false,https://comparafarma-api.vercel.app/api/go?slug=ecofarmacias&matchKey=tocalm%7C100ml&url=https%3A%2F%2Fwww.ecofarmacias.cl%2Fproducto%2Ftocalm-ambroxol-jarabe-adulto-100-ml-prater%2F&cfmId=CFM-001430,2
ambroxol 30mg,ambroxol-30mg,ambroxol,30mg,,,24,25,cruz-verde,Tocalm Adulto Ambroxol 30 mg/5mL Jarabe 100 mL,Tocalm Ambroxol Jarabe Adulto 100 mL (Prater),tocalm|100ml,tocalm|100ml|bio:unknown|brand:unknown|var:ambroxol|form:fluid-oral,tocalm|100ml,,ambroxol,fluid-oral,,30mg/5ml,ratio,30mg/5ml,Tocalm,,ambroxol,name,,,exact,other,CFM-001430,4290,true,https://comparafarma-api.vercel.app/api/go?slug=cruz-verde&matchKey=tocalm%7C100ml&url=https%3A%2F%2Fwww.cruzverde.cl%2Ftocalm-adulto-ambroxol-30-mg-5ml-jarabe-100-ml%2F111093.html&cfmId=CFM-001430,2
ambroxol 30mg,ambroxol-30mg,ambroxol,30mg,,,25,26,araucomed,Tocalm Adulto 30mg/5ml jarabe 100 ml.,Tocalm Adulto 30mg/5ml jarabe 100 ml.,tocalm|100ml,tocalm|100ml|bio:unknown|brand:unknown|form:fluid-oral,tocalm|100ml,,,fluid-oral,,30mg/5ml,ratio,30mg/5ml,,,,unknown,,,compatible,other,CFM-001430,2990,false,https://comparafarma-api.vercel.app/api/go?slug=araucomed&matchKey=tocalm%7C100ml&url=https%3A%2F%2Ffarmacia.araucomed.com%2Fmucoliticos-y-expectorantes%2Ftocalm-adulto-30mg-5ml-jarabe-100ml&cfmId=CFM-001430,1
ambroxol 30mg,ambroxol-30mg,ambroxol,30mg,,,26,27,ecofarmacias,Pazbronq Ambroxol Clorhidrato 30 Mg/ 5 Ml Jarabe 100 Ml,Pazbronq Ambroxol Clorhidrato 30 Mg/ 5 Ml Jarabe 100 Ml,pazbronq|100ml,pazbronq|100ml|bio:unknown|brand:unknown|var:ambroxol|form:fluid-oral,pazbronq|100ml,,ambroxol,fluid-oral,,30mg/5ml,ratio,30mg/5ml,Pazbronq,,ambroxol,name,,,exact,other,CFM-001428,2990,false,https://comparafarma-api.vercel.app/api/go?slug=ecofarmacias&matchKey=pazbronq%7C100ml&url=https%3A%2F%2Fwww.ecofarmacias.cl%2Fproducto%2Fpazbronq-ambroxol-clorhidrato-30-mg-5-ml-jarabe-100-ml%2F&cfmId=CFM-001428,1
ambroxol 30mg,ambroxol-30mg,ambroxol,30mg,,,27,28,easyfarma,Ambroxol Pediatrico 15mg/5...,Ambroxol Pediatrico 15mg/5...,ambroxol|15mg,ambroxol|15mg|bio:unknown|brand:ascend|var:infantil,ambroxol|15mg,,infantil,,,,,15mg,,,ambroxol,unknown,,,exact,other,CFM-001429,2990,true,https://comparafarma-api.vercel.app/api/go?slug=easyfarma&matchKey=ambroxol%7C15mg&url=https%3A%2F%2Fnuevo.easyfarma.cl%2F105165-ambroxol-pediatrico-15mg-5-ml-100-ml-ascend.html&cfmId=CFM-001429,1
ambroxol 30mg,ambroxol-30mg,ambroxol,30mg,,,28,29,easyfarma,Amrodil 30 Mg/5ml 100 Ml,Amrodil 30 Mg/5ml 100 Ml,amrodil|100ml,amrodil|100ml|bio:unknown|brand:unknown,amrodil|100ml,,,,,30mg/5ml,ratio,30mg/5ml,,,,unknown,,,compatible,other,CFM-014924,2990,true,https://comparafarma-api.vercel.app/api/go?slug=easyfarma&matchKey=amrodil%7C100ml&url=https%3A%2F%2Fnuevo.easyfarma.cl%2F105664-amrodil-30-mg-5ml-100-ml.html&cfmId=CFM-014924,1
ambroxol 30mg,ambroxol-30mg,ambroxol,30mg,,,29,30,salcobrand,Ambroxol 30mg/5ml Jarabe 100ml,Ambroxol 30mg/5ml Jarabe 100ml,ambroxol|100ml,ambroxol|100ml|bio:unknown|brand:ambroxol|form:fluid-oral,ambroxol|100ml,,,fluid-oral,,30mg/5ml,ratio,30mg/5ml,,,ambroxol,unknown,Ambroxol,,exact,other,CFM-000068,3255,true,https://comparafarma-api.vercel.app/api/go?slug=salcobrand&matchKey=ambroxol%7C100ml&url=https%3A%2F%2Fsalcobrand.cl%2Fproducts%2Fambroxol-30mg-5ml-jaraabe-100ml%3Fdefault_sku%3D1763358&cfmId=CFM-000068,1
ambroxol 30mg,ambroxol-30mg,ambroxol,30mg,,,30,31,araucomed,Muxol Pediátrico 15mg/5ml jarabe x 100 ml.,Muxol Pediátrico 15mg/5ml jarabe x 100 ml.,muxol|100ml|100,muxol|100ml|100|bio:unknown|brand:unknown|var:infantil|form:fluid-oral,muxol|100ml|100,,infantil,fluid-oral,,15mg/5ml,ratio,15mg/5ml,,,,unknown,,,compatible,other,CFM-001433,3490,true,https://comparafarma-api.vercel.app/api/go?slug=araucomed&matchKey=muxol%7C100ml%7C100&url=https%3A%2F%2Ffarmacia.araucomed.com%2Fmucoliticos-y-expectorantes%2Fmuxol-pediatrico-15mg-5ml-jarabe-100ml&cfmId=CFM-001433,1
ambroxol 30mg,ambroxol-30mg,ambroxol,30mg,,,31,32,cruz-verde,Mintamox Pediatrico Ambroxol 15 mg/5mL Jarabe 100 mL,Mintamox Pediatrico Ambroxol 15 mg/5mL Jarabe 100 mL,mintamox|100ml,mintamox|100ml|bio:unknown|brand:unknown|var:infantil|form:fluid-oral,mintamox|100ml,,infantil,fluid-oral,,15mg/5ml,ratio,15mg/5ml,Mintamox,,ambroxol,name,,,exact,other,CFM-001436,3690,true,https://comparafarma-api.vercel.app/api/go?slug=cruz-verde&matchKey=mintamox%7C100ml&url=https%3A%2F%2Fwww.cruzverde.cl%2Fmintamox-pediatrico-ambroxol-15-mg-5ml-jarabe-100-ml%2F193055.html&cfmId=CFM-001436,1
ambroxol 30mg,ambroxol-30mg,ambroxol,30mg,,,32,33,ahumada,Tocalm Pediatrico 15 mg/5 mL x 100 mL Jarabe,Tocalm Pediatrico 15 mg/5 mL x 100 mL Jarabe,tocalm|100ml|100,tocalm|100ml|100|bio:true|brand:unknown|var:infantil|form:fluid-oral,tocalm|100ml|100,,infantil,fluid-oral,,15mg/5ml,ratio,15mg/5ml,,,,unknown,,true,compatible,other,CFM-001435,3787,true,https://comparafarma-api.vercel.app/api/go?slug=ahumada&matchKey=tocalm%7C100ml%7C100&url=https%3A%2F%2Fwww.farmaciasahumada.cl%2Ftocalm-pediatrico-15-mg-5-ml-x-100-ml-jarabe-47393.html&cfmId=CFM-001435,1
ambroxol 30mg,ambroxol-30mg,ambroxol,30mg,,,33,34,cruz-verde,Mintamox Adulto Ambroxol 30 mg / 5 mL Jarabe 100 mL,Mintamox Adulto Ambroxol 30 mg / 5 mL Jarabe 100 mL,mintamox|100ml,mintamox|100ml|bio:unknown|brand:unknown|var:ambroxol|form:fluid-oral,mintamox|100ml,,ambroxol,fluid-oral,,30mg/5ml,ratio,30mg/5ml,Mintamox,,ambroxol,name,,,exact,other,CFM-001436,3790,true,https://comparafarma-api.vercel.app/api/go?slug=cruz-verde&matchKey=mintamox%7C100ml&url=https%3A%2F%2Fwww.cruzverde.cl%2Fmintamox-adulto-ambroxol-30-mg-5-ml-jarabe-100-ml%2F193049.html&cfmId=CFM-001436,1
ambroxol 30mg,ambroxol-30mg,ambroxol,30mg,,,34,35,salcobrand,Muxol Adulto Ambroxol Jarabe 100ml,Muxol Adulto Ambroxol Jarabe 100ml,muxol|100ml,muxol|100ml|bio:unknown|brand:muxol|var:ambroxol|form:fluid-oral,muxol|100ml,,ambroxol,fluid-oral,,,,100ml,Muxol,,ambroxol,structured,Muxol,,exact,other,CFM-000997,3921,true,https://comparafarma-api.vercel.app/api/go?slug=salcobrand&matchKey=muxol%7C100ml&url=https%3A%2F%2Fsalcobrand.cl%2Fproducts%2Fmuxol-adulto-ambroxol-jarabe-100ml%3Fdefault_sku%3D2979230&cfmId=CFM-000997,1
ambroxol 30mg,ambroxol-30mg,ambroxol,30mg,,,35,36,araucomed,Muxol Adulto 30mg/5ml jarabe 100ml,Muxol Adulto 30mg/5ml jarabe 100ml,muxol|100ml,muxol|100ml|bio:unknown|brand:unknown|form:fluid-oral,muxol|100ml,,,fluid-oral,,30mg/5ml,ratio,30mg/5ml,,,,unknown,,,compatible,other,CFM-000997,3990,true,https://comparafarma-api.vercel.app/api/go?slug=araucomed&matchKey=muxol%7C100ml&url=https%3A%2F%2Ffarmacia.araucomed.com%2Fmucoliticos-y-expectorantes%2Fmuxol-adulto-30mg-5ml-jarabe-100ml&cfmId=CFM-000997,1
ambroxol 30mg,ambroxol-30mg,ambroxol,30mg,,,36,37,cruz-verde,Muxol Jarabe Adulto Ambroxol 600 mg / 100 ml,Muxol Jarabe Adulto Ambroxol 600 mg / 100 ml,muxol|100ml,muxol|100ml|bio:unknown|brand:unknown|var:ambroxol|form:fluid-oral,muxol|100ml,,ambroxol,fluid-oral,,600mg/100ml,ratio,600mg/100ml,Muxol,,ambroxol,name,,,exact,other,CFM-000997,4590,true,https://comparafarma-api.vercel.app/api/go?slug=cruz-verde&matchKey=muxol%7C100ml&url=https%3A%2F%2Fwww.cruzverde.cl%2Fmuxol-jarabe-adulto-ambroxol-600-mg-100-ml%2F6179.html&cfmId=CFM-000997,1
ambroxol 30mg,ambroxol-30mg,ambroxol,30mg,,,37,38,ahumada,MUXOL JARABE ADULTO Ambroxol Clorhidrato 600 mg 100 ml,MUXOL JARABE ADULTO Ambroxol Clorhidrato 600 mg 100 ml,muxol|100ml,muxol|100ml|bio:true|brand:unknown|var:ambroxol|form:fluid-oral,muxol|100ml,,ambroxol,fluid-oral,,600mg,absolute,600mg,MUXOL,,ambroxol,name,,true,exact,other,CFM-000997,4590,true,https://comparafarma-api.vercel.app/api/go?slug=ahumada&matchKey=muxol%7C100ml&url=https%3A%2F%2Fwww.farmaciasahumada.cl%2Fmuxol-jarabe-adulto-ambroxol-clorhidrato-600-mg-100-ml-9257.html&cfmId=CFM-000997,1
ambroxol 30mg,ambroxol-30mg,ambroxol,30mg,,,38,39,sermecoop,Muxol (ambroxol) 15mg/5ml Jarabe 100ml,Muxol (ambroxol) 15mg/5ml Jarabe 100ml,muxol|100ml,muxol|100ml|bio:unknown|brand:unknown|form:fluid-oral,muxol|100ml,,,fluid-oral,,15mg/5ml,ratio,15mg/5ml,Muxol,,ambroxol,name,,,exact,other,CFM-000997,4890,true,https://comparafarma-api.vercel.app/api/go?slug=sermecoop&matchKey=muxol%7C100ml&url=https%3A%2F%2Fwww.farmaciasermecoop.cl%2Findex.php%2Fonline%2Fdetalleproducto%3Fp_%3D16812%26d_%3D1&cfmId=CFM-000997,1
ambroxol 30mg,ambroxol-30mg,ambroxol,30mg,,,39,40,araucomed,Broncot 15mg/5ml Jarabe x 120 ml.,Broncot 15mg/5ml Jarabe x 120 ml.,broncot|120ml|120,broncot|120ml|120|bio:unknown|brand:unknown|form:fluid-oral,broncot|120ml|120,,,fluid-oral,,15mg/5ml,ratio,15mg/5ml,,,,unknown,,,compatible,other,CFM-001432,4990,true,https://comparafarma-api.vercel.app/api/go?slug=araucomed&matchKey=broncot%7C120ml%7C120&url=https%3A%2F%2Ffarmacia.araucomed.com%2Fmucoliticos-y-expectorantes%2Fbroncot-gft-15mg-5ml-sin-azucar-120ml&cfmId=CFM-001432,1
ambroxol 30mg,ambroxol-30mg,ambroxol,30mg,,,40,41,farmex,Muxol Jarabe adulto Ambroxol 30 mg / 5 mL x 100 mL,Muxol Jarabe adulto Ambroxol 30 mg / 5 mL x 100 mL,muxol|100ml|100,muxol|100ml|100|bio:unknown|brand:eurolab|var:ambroxol|form:fluid-oral,muxol|100ml|100,,ambroxol,fluid-oral,,30mg/5ml,ratio,30mg/5ml,Muxol,Eurolab,ambroxol,name,EUROLAB,,exact,other,CFM-001433,5190,true,https://comparafarma-api.vercel.app/api/go?slug=farmex&matchKey=muxol%7C100ml%7C100&url=https%3A%2F%2Ffarmex.cl%2Fproducts%2Fmuxol-jarabe-adulto-ambroxol%3F_pos%3D1%26_psq%3Dambroxol%26_psid%3D160672eda%26_ss%3De&cfmId=CFM-001433,1
ambroxol 30mg,ambroxol-30mg,ambroxol,30mg,,,41,42,cruz-verde,Ambroxol 15 mg/5mL Jarabe 100 mL,Ambroxol 15 mg/5mL Jarabe 100 mL,ambroxol|100ml,ambroxol|100ml|bio:unknown|brand:unknown|form:fluid-oral,ambroxol|100ml,,,fluid-oral,,15mg/5ml,ratio,15mg/5ml,,,ambroxol,unknown,,,exact,other,CFM-000068,5490,true,https://comparafarma-api.vercel.app/api/go?slug=cruz-verde&matchKey=ambroxol%7C100ml&url=https%3A%2F%2Fwww.cruzverde.cl%2Fambroxol-15-mg-5ml-jarabe-100-ml%2F2224.html&cfmId=CFM-000068,1
ambroxol 30mg,ambroxol-30mg,ambroxol,30mg,,,42,43,salcobrand,Muxol Pediátrico Ambroxol Jarabe 100ml,Muxol Pediátrico Ambroxol Jarabe 100ml,muxol|100ml,muxol|100ml|bio:unknown|brand:muxolpediatrico|var:infantil|form:fluid-oral,muxol|100ml,,infantil,fluid-oral,,,,100ml,Muxol Pediatrico,,ambroxol,structured,Muxol Pediatrico,,exact,other,CFM-000997,5829,true,https://comparafarma-api.vercel.app/api/go?slug=salcobrand&matchKey=muxol%7C100ml&url=https%3A%2F%2Fsalcobrand.cl%2Fproducts%2Fmuxol-pediatrico-ambroxol-jarabe-100ml%3Fdefault_sku%3D2979220&cfmId=CFM-000997,1
ambroxol 30mg,ambroxol-30mg,ambroxol,30mg,,,43,44,araucomed,Broncot Forte 30mg/5ml sin azucar 120 ml.,Broncot Forte 30mg/5ml sin azucar 120 ml.,broncot|120ml,broncot|120ml|bio:unknown|brand:unknown|var:forte,broncot|120ml,,forte,,,30mg/5ml,ratio,30mg/5ml,,,,unknown,,,compatible,other,CFM-001431,5990,true,https://comparafarma-api.vercel.app/api/go?slug=araucomed&matchKey=broncot%7C120ml&url=https%3A%2F%2Ffarmacia.araucomed.com%2Fmucoliticos-y-expectorantes%2Fbroncot-gft-forte-30mg-5ml-sin-azucar-120ml&cfmId=CFM-001431,1
ambroxol 30mg,ambroxol-30mg,ambroxol,30mg,,,44,45,cruz-verde,Muxol Jarabe Pediátrico Ambroxol 300 mg / 100 ml,Muxol Jarabe Pediátrico Ambroxol 300 mg / 100 ml,muxol|100ml,muxol|100ml|bio:unknown|brand:unknown|var:infantil|form:fluid-oral,muxol|100ml,,infantil,fluid-oral,,300mg/100ml,ratio,300mg/100ml,Muxol,,ambroxol,name,,,exact,other,CFM-000997,6190,true,https://comparafarma-api.vercel.app/api/go?slug=cruz-verde&matchKey=muxol%7C100ml&url=https%3A%2F%2Fwww.cruzverde.cl%2Fmuxol-jarabe-pediatrico-ambroxol-300-mg-100-ml%2F6178.html&cfmId=CFM-000997,1
ambroxol 30mg,ambroxol-30mg,ambroxol,30mg,,,45,46,ahumada,Muxol Jarabe Pediátrico Ambroxol Clorhidrato 300 mg 100 ml,Muxol Jarabe Pediátrico Ambroxol Clorhidrato 300 mg 100 ml,muxol|100ml,muxol|100ml|bio:true|brand:unknown|var:infantil|form:fluid-oral,muxol|100ml,,infantil,fluid-oral,,300mg,absolute,300mg,Muxol,,ambroxol,name,,true,exact,other,CFM-000997,6190,true,https://comparafarma-api.vercel.app/api/go?slug=ahumada&matchKey=muxol%7C100ml&url=https%3A%2F%2Fwww.farmaciasahumada.cl%2Fmuxol-jarabe-pediatrico-ambroxol-clorhidrato-300-mg-100-ml-9166.html&cfmId=CFM-000997,1
ambroxol 30mg,ambroxol-30mg,ambroxol,30mg,,,46,47,araucomed,"Broncot 7,5mg/ml gotas x 30 ml.","Broncot 7,5mg/ml gotas x 30 ml.",broncot|30ml|30,broncot|30ml|30|bio:unknown|brand:unknown|form:fluid-oral,broncot|30ml|30,,,fluid-oral,,7.5mg/1ml,ratio,7.5mg/1ml,,,,unknown,,,compatible,other,CFM-001442,6490,false,https://comparafarma-api.vercel.app/api/go?slug=araucomed&matchKey=broncot%7C30ml%7C30&url=https%3A%2F%2Ffarmacia.araucomed.com%2Fmucoliticos-y-expectorantes%2Fbroncot-75mg-ml-gotas-30ml&cfmId=CFM-001442,1
ambroxol 30mg,ambroxol-30mg,ambroxol,30mg,,,47,48,farmex,Broncot Forte G.T.F. Jarabe 30 mg / 5 mL x 120 mL,Broncot Forte G.T.F. Jarabe 30 mg / 5 mL x 120 mL,broncot|120ml|120,broncot|120ml|120|bio:unknown|brand:abbott|var:forte|form:fluid-oral,broncot|120ml|120,,forte,fluid-oral,,30mg/5ml,ratio,30mg/5ml,,Abbott,,unknown,ABBOTT,,compatible,other,CFM-001432,6990,true,https://comparafarma-api.vercel.app/api/go?slug=farmex&matchKey=broncot%7C120ml%7C120&url=https%3A%2F%2Ffarmex.cl%2Fproducts%2Fbroncot-forte-g-t-f-jarabe-30-mg-5ml%3F_pos%3D8%26_psq%3Dambroxol%26_psid%3D160672eda%26_ss%3De&cfmId=CFM-001432,1
ambroxol 30mg,ambroxol-30mg,ambroxol,30mg,,,48,49,ahumada,Broncot Fte G.F.T. S/Azu. 30mg/5ml 120ml,Broncot Fte G.F.T. S/Azu. 30mg/5ml 120ml,broncot|120ml,broncot|120ml|bio:unknown|brand:unknown|var:fte,broncot|120ml,,fte,,,30mg/5ml,ratio,30mg/5ml,,,,unknown,,,compatible,other,CFM-001431,7807,true,https://comparafarma-api.vercel.app/api/go?slug=ahumada&matchKey=broncot%7C120ml&url=https%3A%2F%2Fwww.farmaciasahumada.cl%2Fbroncot-fte-g.f.t.-s-azu.-30mg-5ml-120ml-50483.html&cfmId=CFM-001431,1
ambroxol 30mg,ambroxol-30mg,ambroxol,30mg,,,49,50,easyfarma,"Broncot Gotas 7,5 mg/ml x...","Broncot Gotas 7,5 mg/ml x...",broncot|7.5mg,broncot|7.5mg|bio:unknown|brand:unknown|form:fluid-oral,broncot|7.5mg,,,fluid-oral,,7.5mg/1ml,ratio,7.5mg/1ml,,,,unknown,,,compatible,other,CFM-001438,7990,true,https://comparafarma-api.vercel.app/api/go?slug=easyfarma&matchKey=broncot%7C7.5mg&url=https%3A%2F%2Fnuevo.easyfarma.cl%2F26341-broncot-gotas-x-30ml.html&cfmId=CFM-001438,1
ambroxol 30mg,ambroxol-30mg,ambroxol,30mg,,,50,51,salcobrand,Broncot Ambroxol 30mg/5ml 120ml,Broncot Ambroxol 30mg/5ml 120ml,broncot|120ml,broncot|120ml|bio:unknown|brand:broncot|var:ambroxol,broncot|120ml,,ambroxol,,,30mg/5ml,ratio,30mg/5ml,Broncot,,ambroxol,structured,Broncot,,exact,other,CFM-001431,8095,true,https://comparafarma-api.vercel.app/api/go?slug=salcobrand&matchKey=broncot%7C120ml&url=https%3A%2F%2Fsalcobrand.cl%2Fproducts%2Fbroncot-ambroxol-30mg-5ml-120ml%3Fdefault_sku%3D2830326&cfmId=CFM-001431,1
ambroxol 30mg,ambroxol-30mg,ambroxol,30mg,,,51,52,cruz-verde,Mucosolvan-Dual Infantil 120Ml,Mucosolvan-Dual Infantil 120Ml,mucosolvandual|120ml,mucosolvandual|120ml|bio:unknown|brand:unknown|var:infantil,mucosolvandual|120ml,,infantil,,,,,120ml,,,,unknown,,,compatible,other,CFM-000990,8290,false,https://comparafarma-api.vercel.app/api/go?slug=cruz-verde&matchKey=mucosolvandual%7C120ml&url=https%3A%2F%2Fwww.cruzverde.cl%2Fmucosolvan-dual-infantil-120ml%2F65002.html&cfmId=CFM-000990,1
ambroxol 30mg,ambroxol-30mg,ambroxol,30mg,,,52,53,ahumada,Broncot GFT 15 mg/5 mL x 120 mL Jarabe,Broncot GFT 15 mg/5 mL x 120 mL Jarabe,broncot|120ml|120,broncot|120ml|120|bio:unknown|brand:unknown|var:gft|form:fluid-oral,broncot|120ml|120,,gft,fluid-oral,,15mg/5ml,ratio,15mg/5ml,,,,unknown,,,compatible,other,CFM-001432,9427,true,https://comparafarma-api.vercel.app/api/go?slug=ahumada&matchKey=broncot%7C120ml%7C120&url=https%3A%2F%2Fwww.farmaciasahumada.cl%2Fbroncot-gft-15-mg-5-ml-x-120-ml-jarabe-50485.html&cfmId=CFM-001432,1
ambroxol 30mg,ambroxol-30mg,ambroxol,30mg,,,53,54,ahumada,Broncot 7.5 mg/ml Gotas Fco. 30ml,Broncot 7.5 mg/ml Gotas Fco. 30ml,broncot|30ml,broncot|30ml|bio:unknown|brand:unknown|form:fluid-oral,broncot|30ml,,,fluid-oral,,7.5mg/1ml,ratio,7.5mg/1ml,,,,unknown,,,compatible,other,CFM-001439,13402,true,https://comparafarma-api.vercel.app/api/go?slug=ahumada&matchKey=broncot%7C30ml&url=https%3A%2F%2Fwww.farmaciasahumada.cl%2Fbroncot-7.5-mg-ml-gotas-fco.-30ml-4499.html&cfmId=CFM-001439,1
ambroxol 30mg,ambroxol-30mg,ambroxol,30mg,,,54,55,cruz-verde,Broncot GFT Pediatrico Ambroxol 15 mg/5mL Jarabe 120 mL,Broncot GFT Pediatrico Ambroxol 15 mg/5mL Jarabe 120 mL,broncot|120ml,broncot|120ml|bio:unknown|brand:unknown|var:gft|form:fluid-oral,broncot|120ml,,gft,fluid-oral,,15mg/5ml,ratio,15mg/5ml,Broncot,,ambroxol,name,,,exact,other,CFM-001431,13540,true,https://comparafarma-api.vercel.app/api/go?slug=cruz-verde&matchKey=broncot%7C120ml&url=https%3A%2F%2Fwww.cruzverde.cl%2Fbroncot-gft-pediatrico-ambroxol-15-mg-5ml-jarabe-120-ml%2F256478.html&cfmId=CFM-001431,1
ambroxol 30mg,ambroxol-30mg,ambroxol,30mg,,,55,56,salcobrand,Broncot Ambroxol Clorhidrato 7.5mg/ml Gotas 30ml,Broncot Ambroxol Clorhidrato 7.5mg/ml Gotas 30ml,broncot|30ml,broncot|30ml|bio:unknown|brand:broncot|var:ambroxol|form:fluid-oral,broncot|30ml,,ambroxol,fluid-oral,,7.5mg/1ml,ratio,7.5mg/1ml,Broncot,,ambroxol,structured,Broncot,,exact,other,CFM-001439,15311,true,https://comparafarma-api.vercel.app/api/go?slug=salcobrand&matchKey=broncot%7C30ml&url=https%3A%2F%2Fsalcobrand.cl%2Fproducts%2Fbroncot-ambroxol-clorhidrato-7-5mg-ml-gotas-30ml%3Fdefault_sku%3D2836255&cfmId=CFM-001439,1
ambroxol 30mg,ambroxol-30mg,ambroxol,30mg,,,56,57,cruz-verde,"Broncot Ambroxol 7,5 mg/mL Gotas 30 mL","Broncot Ambroxol 7,5 mg/mL Gotas 30 mL",broncot|30ml,broncot|30ml|bio:unknown|brand:unknown|var:ambroxol|form:fluid-oral,broncot|30ml,,ambroxol,fluid-oral,,7.5mg/1ml,ratio,7.5mg/1ml,Broncot,,ambroxol,name,,,exact,other,CFM-001439,16990,true,https://comparafarma-api.vercel.app/api/go?slug=cruz-verde&matchKey=broncot%7C30ml&url=https%3A%2F%2Fwww.cruzverde.cl%2Fbroncot-ambroxol-7-5-mg-ml-gotas-30-ml%2F4081.html&cfmId=CFM-001439,1
ambroxol 30mg/5ml jarabe 100ml,ambroxol-jarabe-100ml,ambroxol,30mg/5ml,,fluid-oral,0,1,araucomed,Ambroxol 30mg/5ml jarabe adulto 100 ml. (Ascend),Ambroxol 30mg/5ml jarabe adulto 100 ml. (Ascend),ambroxol|100ml,ambroxol|100ml|bio:unknown|brand:ascend|form:fluid-oral,ambroxol|100ml,,,fluid-oral,,30mg/5ml,ratio,30mg/5ml,,Ascend,ambroxol,unknown,Ascend,,exact,exact,CFM-000068,790,false,https://comparafarma-api.vercel.app/api/go?slug=araucomed&matchKey=ambroxol%7C100ml&url=https%3A%2F%2Ffarmacia.araucomed.com%2Fmucoliticos-y-expectorantes%2Fambroxol-30mg-5ml-jarabe-adulto-100-ml-ascend&cfmId=CFM-000068,1
ambroxol 30mg/5ml jarabe 100ml,ambroxol-jarabe-100ml,ambroxol,30mg/5ml,,fluid-oral,1,2,araucomed,Ambroxol 30mg/5ml Jarabe Adulto 100ml (Andromaco),Ambroxol 30mg/5ml Jarabe Adulto 100ml (Andromaco),ambroxol|100ml,ambroxol|100ml|bio:unknown|brand:andromaco|form:fluid-oral,ambroxol|100ml,,,fluid-oral,,30mg/5ml,ratio,30mg/5ml,,Andrómaco,ambroxol,unknown,Andrómaco,,exact,exact,CFM-000068,800,false,https://comparafarma-api.vercel.app/api/go?slug=araucomed&matchKey=ambroxol%7C100ml&url=https%3A%2F%2Ffarmacia.araucomed.com%2Fmucoliticos-y-expectorantes%2Fambroxol-30mg-5ml-jarabe-100ml-andromaco&cfmId=CFM-000068,1
ambroxol 30mg/5ml jarabe 100ml,ambroxol-jarabe-100ml,ambroxol,30mg/5ml,,fluid-oral,2,3,ecofarmacias,Jarabe Ambroxol clorhidrato 30mg5ml 100ml (Hospifarma) DESCUENTO,Ambroxol 30mg/5ml Jarabe 100ml,ambroxol|100ml,ambroxol|100ml|bio:unknown|brand:unknown|form:fluid-oral,ambroxol|100ml,,,fluid-oral,,30mg,absolute,30mg,,,ambroxol,unknown,,,exact,exact,CFM-000068,990,false,https://comparafarma-api.vercel.app/api/go?slug=ecofarmacias&matchKey=ambroxol%7C100ml&url=https%3A%2F%2Fwww.ecofarmacias.cl%2Fproducto%2Fjarabe-ambroxol-clorhidrato-30mg5ml-100ml-hospifarma-descuento%2F&cfmId=CFM-000068,3
ambroxol 30mg/5ml jarabe 100ml,ambroxol-jarabe-100ml,ambroxol,30mg/5ml,,fluid-oral,2,3,sermecoop,Ambroxol 30mg/5ml Jarabe 100ml,Ambroxol 30mg/5ml Jarabe 100ml,ambroxol|100ml,ambroxol|100ml|bio:unknown|brand:unknown|form:fluid-oral,ambroxol|100ml,,,fluid-oral,,30mg/5ml,ratio,30mg/5ml,,,ambroxol,unknown,,,exact,exact,CFM-000068,2390,false,https://comparafarma-api.vercel.app/api/go?slug=sermecoop&matchKey=ambroxol%7C100ml&url=https%3A%2F%2Fwww.farmaciasermecoop.cl%2Findex.php%2Fonline%2Fdetalleproducto%3Fp_%3D1602%26d_%3D1&cfmId=CFM-000068,3
ambroxol 30mg/5ml jarabe 100ml,ambroxol-jarabe-100ml,ambroxol,30mg/5ml,,fluid-oral,2,3,ahumada,Ambroxol 30mg./5ml. Jarabe Fco. 100ml,Ambroxol 30mg/5ml Jarabe 100ml,ambroxol|100ml,ambroxol|100ml|bio:unknown|brand:unknown|form:fluid-oral,ambroxol|100ml,,,fluid-oral,,30mg/5ml,ratio,30mg/5ml,,,ambroxol,unknown,,,exact,exact,CFM-000068,3544,true,https://comparafarma-api.vercel.app/api/go?slug=ahumada&matchKey=ambroxol%7C100ml&url=https%3A%2F%2Fwww.farmaciasahumada.cl%2Fambroxol-30mg.-5ml.-jarabe-fco.-100ml-84384.html&cfmId=CFM-000068,3
ambroxol 30mg/5ml jarabe 100ml,ambroxol-jarabe-100ml,ambroxol,30mg/5ml,,fluid-oral,3,4,araucomed,Ambroxol 30mg/5ml Jarabe Adulto 100ml (Seven Pharma),Ambroxol 30mg/5ml Jarabe Adulto 100ml (Seven Pharma),ambroxol|100ml,ambroxol|100ml|bio:unknown|brand:sevenpharma|form:fluid-oral,ambroxol|100ml,,,fluid-oral,,30mg/5ml,ratio,30mg/5ml,,Seven Pharma,ambroxol,unknown,Seven Pharma,,exact,exact,CFM-000068,1200,false,https://comparafarma-api.vercel.app/api/go?slug=araucomed&matchKey=ambroxol%7C100ml&url=https%3A%2F%2Ffarmacia.araucomed.com%2Fmucoliticos-y-expectorantes%2Fambroxol-30mg-5ml-jarabe-adulto-100ml-seven-pharma&cfmId=CFM-000068,1
ambroxol 30mg/5ml jarabe 100ml,ambroxol-jarabe-100ml,ambroxol,30mg/5ml,,fluid-oral,4,5,araucomed,Ambroxol 30mg/5ml Jarabe Adulto x 100 ml. (Hospifarma),Ambroxol 30mg/5ml Jarabe Adulto x 100 ml. (Hospifarma),ambroxol|100ml|100,ambroxol|100ml|100|bio:unknown|brand:hospifarma|form:fluid-oral,ambroxol|100ml|100,,,fluid-oral,,30mg/5ml,ratio,30mg/5ml,,Hospifarma,ambroxol,unknown,Hospifarma,,exact,exact,CFM-000816,1490,false,https://comparafarma-api.vercel.app/api/go?slug=araucomed&matchKey=ambroxol%7C100ml%7C100&url=https%3A%2F%2Ffarmacia.araucomed.com%2Fmucoliticos-y-expectorantes%2Fambroxol-30mg-5ml-jarabe-120-ml-hospifarma&cfmId=CFM-000816,1
ambroxol 30mg/5ml jarabe 100ml,ambroxol-jarabe-100ml,ambroxol,30mg/5ml,,fluid-oral,5,6,araucomed,Ambroxol 30mg/5ml Jarabe Adulto 100 ml. (Mintlab),Ambroxol 30mg/5ml Jarabe Adulto 100 ml. (Mintlab),ambroxol|100ml,ambroxol|100ml|bio:unknown|brand:mintlab|form:fluid-oral,ambroxol|100ml,,,fluid-oral,,30mg/5ml,ratio,30mg/5ml,,Mintlab,ambroxol,unknown,Mintlab,,exact,exact,CFM-000068,1990,false,https://comparafarma-api.vercel.app/api/go?slug=araucomed&matchKey=ambroxol%7C100ml&url=https%3A%2F%2Ffarmacia.araucomed.com%2Fmucoliticos-y-expectorantes%2Fambroxol-30mg-5ml-jarabe-100ml-mintlab&cfmId=CFM-000068,1
ambroxol 30mg/5ml jarabe 100ml,ambroxol-jarabe-100ml,ambroxol,30mg/5ml,,fluid-oral,6,7,araucomed,Ambroxol 30mg/5ml Jarabe Adulto 100ml (Opko),Ambroxol 30mg/5ml Jarabe Adulto 100ml (Opko),ambroxol|100ml,ambroxol|100ml|bio:unknown|brand:opko|form:fluid-oral,ambroxol|100ml,,,fluid-oral,,30mg/5ml,ratio,30mg/5ml,,Opko,ambroxol,unknown,Opko,,exact,exact,CFM-000068,1990,false,https://comparafarma-api.vercel.app/api/go?slug=araucomed&matchKey=ambroxol%7C100ml&url=https%3A%2F%2Ffarmacia.araucomed.com%2Fmucoliticos-y-expectorantes%2Fambroxol-30mg-5ml-jarabe-100ml-opko&cfmId=CFM-000068,1
ambroxol 30mg/5ml jarabe 100ml,ambroxol-jarabe-100ml,ambroxol,30mg/5ml,,fluid-oral,7,8,araucomed,Mintamox Adulto 30mg/5ml jarabe 100ml,Mintamox Adulto 30mg/5ml jarabe 100ml,mintamox|100ml,mintamox|100ml|bio:unknown|brand:mintlab|form:fluid-oral,mintamox|100ml,,,fluid-oral,,30mg/5ml,ratio,30mg/5ml,,Mintlab,,unknown,Mintlab,,compatible,exact,CFM-001436,2490,false,https://comparafarma-api.vercel.app/api/go?slug=araucomed&matchKey=mintamox%7C100ml&url=https%3A%2F%2Ffarmacia.araucomed.com%2Fmucoliticos-y-expectorantes%2Fmintamox-adulto-30mg-5ml-jarabe-100ml&cfmId=CFM-001436,1
ambroxol 30mg/5ml jarabe 100ml,ambroxol-jarabe-100ml,ambroxol,30mg/5ml,,fluid-oral,8,9,ahumada,Tocalm Adulto 30 mg/5 mL x 100 mL Jarabe,Tocalm Adulto 30 mg/5 mL x 100 mL Jarabe,tocalm|100ml|100,tocalm|100ml|100|bio:true|brand:unknown|form:fluid-oral,tocalm|100ml|100,,,fluid-oral,,30mg/5ml,ratio,30mg/5ml,,,,unknown,,true,compatible,exact,CFM-001435,2549,true,https://comparafarma-api.vercel.app/api/go?slug=ahumada&matchKey=tocalm%7C100ml%7C100&url=https%3A%2F%2Fwww.farmaciasahumada.cl%2Ftocalm-adulto-30-mg-5-ml-x-100-ml-jarabe-47395.html&cfmId=CFM-001435,1
ambroxol 30mg/5ml jarabe 100ml,ambroxol-jarabe-100ml,ambroxol,30mg/5ml,,fluid-oral,9,10,araucomed,Tocalm Adulto 30mg/5ml jarabe 100 ml.,Tocalm Adulto 30mg/5ml jarabe 100 ml.,tocalm|100ml,tocalm|100ml|bio:unknown|brand:unknown|form:fluid-oral,tocalm|100ml,,,fluid-oral,,30mg/5ml,ratio,30mg/5ml,,,,unknown,,,compatible,exact,CFM-001430,2990,false,https://comparafarma-api.vercel.app/api/go?slug=araucomed&matchKey=tocalm%7C100ml&url=https%3A%2F%2Ffarmacia.araucomed.com%2Fmucoliticos-y-expectorantes%2Ftocalm-adulto-30mg-5ml-jarabe-100ml&cfmId=CFM-001430,1
ambroxol 30mg/5ml jarabe 100ml,ambroxol-jarabe-100ml,ambroxol,30mg/5ml,,fluid-oral,10,11,ecofarmacias,Pazbronq Ambroxol Clorhidrato 30 Mg/ 5 Ml Jarabe 100 Ml,Pazbronq Ambroxol Clorhidrato 30 Mg/ 5 Ml Jarabe 100 Ml,pazbronq|100ml,pazbronq|100ml|bio:unknown|brand:unknown|var:ambroxol|form:fluid-oral,pazbronq|100ml,,ambroxol,fluid-oral,,30mg/5ml,ratio,30mg/5ml,Pazbronq,,ambroxol,name,,,exact,exact,CFM-001428,2990,false,https://comparafarma-api.vercel.app/api/go?slug=ecofarmacias&matchKey=pazbronq%7C100ml&url=https%3A%2F%2Fwww.ecofarmacias.cl%2Fproducto%2Fpazbronq-ambroxol-clorhidrato-30-mg-5-ml-jarabe-100-ml%2F&cfmId=CFM-001428,1
ambroxol 30mg/5ml jarabe 100ml,ambroxol-jarabe-100ml,ambroxol,30mg/5ml,,fluid-oral,11,12,salcobrand,Ambroxol 30mg/5ml Jarabe 100ml,Ambroxol 30mg/5ml Jarabe 100ml,ambroxol|100ml,ambroxol|100ml|bio:unknown|brand:ambroxol|form:fluid-oral,ambroxol|100ml,,,fluid-oral,,30mg/5ml,ratio,30mg/5ml,,,ambroxol,unknown,Ambroxol,,exact,exact,CFM-000068,3255,true,https://comparafarma-api.vercel.app/api/go?slug=salcobrand&matchKey=ambroxol%7C100ml&url=https%3A%2F%2Fsalcobrand.cl%2Fproducts%2Fambroxol-30mg-5ml-jaraabe-100ml%3Fdefault_sku%3D1763358&cfmId=CFM-000068,1
ambroxol 30mg/5ml jarabe 100ml,ambroxol-jarabe-100ml,ambroxol,30mg/5ml,,fluid-oral,12,13,cruz-verde,Mintamox Adulto Ambroxol 30 mg / 5 mL Jarabe 100 mL,Mintamox Adulto Ambroxol 30 mg / 5 mL Jarabe 100 mL,mintamox|100ml,mintamox|100ml|bio:unknown|brand:unknown|var:ambroxol|form:fluid-oral,mintamox|100ml,,ambroxol,fluid-oral,,30mg/5ml,ratio,30mg/5ml,Mintamox,,ambroxol,name,,,exact,exact,CFM-001436,3790,true,https://comparafarma-api.vercel.app/api/go?slug=cruz-verde&matchKey=mintamox%7C100ml&url=https%3A%2F%2Fwww.cruzverde.cl%2Fmintamox-adulto-ambroxol-30-mg-5-ml-jarabe-100-ml%2F193049.html&cfmId=CFM-001436,1
ambroxol 30mg/5ml jarabe 100ml,ambroxol-jarabe-100ml,ambroxol,30mg/5ml,,fluid-oral,13,14,araucomed,Muxol Adulto 30mg/5ml jarabe 100ml,Muxol Adulto 30mg/5ml jarabe 100ml,muxol|100ml,muxol|100ml|bio:unknown|brand:unknown|form:fluid-oral,muxol|100ml,,,fluid-oral,,30mg/5ml,ratio,30mg/5ml,,,,unknown,,,compatible,exact,CFM-000997,3990,true,https://comparafarma-api.vercel.app/api/go?slug=araucomed&matchKey=muxol%7C100ml&url=https%3A%2F%2Ffarmacia.araucomed.com%2Fmucoliticos-y-expectorantes%2Fmuxol-adulto-30mg-5ml-jarabe-100ml&cfmId=CFM-000997,1
ambroxol 30mg/5ml jarabe 100ml,ambroxol-jarabe-100ml,ambroxol,30mg/5ml,,fluid-oral,14,15,cruz-verde,Muxol Jarabe Adulto Ambroxol 600 mg / 100 ml,Muxol Jarabe Adulto Ambroxol 600 mg / 100 ml,muxol|100ml,muxol|100ml|bio:unknown|brand:unknown|var:ambroxol|form:fluid-oral,muxol|100ml,,ambroxol,fluid-oral,,600mg/100ml,ratio,600mg/100ml,Muxol,,ambroxol,name,,,exact,exact,CFM-000997,4590,true,https://comparafarma-api.vercel.app/api/go?slug=cruz-verde&matchKey=muxol%7C100ml&url=https%3A%2F%2Fwww.cruzverde.cl%2Fmuxol-jarabe-adulto-ambroxol-600-mg-100-ml%2F6179.html&cfmId=CFM-000997,1
ambroxol 30mg/5ml jarabe 100ml,ambroxol-jarabe-100ml,ambroxol,30mg/5ml,,fluid-oral,15,16,farmex,Muxol Jarabe adulto Ambroxol 30 mg / 5 mL x 100 mL,Muxol Jarabe adulto Ambroxol 30 mg / 5 mL x 100 mL,muxol|100ml|100,muxol|100ml|100|bio:unknown|brand:eurolab|var:ambroxol|form:fluid-oral,muxol|100ml|100,,ambroxol,fluid-oral,,30mg/5ml,ratio,30mg/5ml,Muxol,Eurolab,ambroxol,name,EUROLAB,,exact,exact,CFM-001433,5190,true,https://comparafarma-api.vercel.app/api/go?slug=farmex&matchKey=muxol%7C100ml%7C100&url=https%3A%2F%2Ffarmex.cl%2Fproducts%2Fmuxol-jarabe-adulto-ambroxol%3F_pos%3D1%26_psq%3Dambroxol%26_psid%3D160672eda%26_ss%3De&cfmId=CFM-001433,1
ambroxol 30mg/5ml jarabe 100ml,ambroxol-jarabe-100ml,ambroxol,30mg/5ml,,fluid-oral,16,17,farmex,Broncot Forte G.T.F. Jarabe 30 mg / 5 mL x 120 mL,Broncot Forte G.T.F. Jarabe 30 mg / 5 mL x 120 mL,broncot|120ml|120,broncot|120ml|120|bio:unknown|brand:abbott|var:forte|form:fluid-oral,broncot|120ml|120,,forte,fluid-oral,,30mg/5ml,ratio,30mg/5ml,,Abbott,,unknown,ABBOTT,,compatible,exact,CFM-001432,6990,true,https://comparafarma-api.vercel.app/api/go?slug=farmex&matchKey=broncot%7C120ml%7C120&url=https%3A%2F%2Ffarmex.cl%2Fproducts%2Fbroncot-forte-g-t-f-jarabe-30-mg-5ml%3F_pos%3D8%26_psq%3Dambroxol%26_psid%3D160672eda%26_ss%3De&cfmId=CFM-001432,1
ambroxol 30mg/5ml jarabe 100ml,ambroxol-jarabe-100ml,ambroxol,30mg/5ml,,fluid-oral,17,18,easyfarma,Amrodil 30 Mg/5ml 100 Ml,Amrodil 30 Mg/5ml 100 Ml,amrodil|100ml,amrodil|100ml|bio:unknown|brand:unknown,amrodil|100ml,,,,,30mg/5ml,ratio,30mg/5ml,,,,unknown,,,compatible,exact,CFM-014924,2990,true,https://comparafarma-api.vercel.app/api/go?slug=easyfarma&matchKey=amrodil%7C100ml&url=https%3A%2F%2Fnuevo.easyfarma.cl%2F105664-amrodil-30-mg-5ml-100-ml.html&cfmId=CFM-014924,1
ambroxol 30mg/5ml jarabe 100ml,ambroxol-jarabe-100ml,ambroxol,30mg/5ml,,fluid-oral,18,19,araucomed,Broncot Forte 30mg/5ml sin azucar 120 ml.,Broncot Forte 30mg/5ml sin azucar 120 ml.,broncot|120ml,broncot|120ml|bio:unknown|brand:unknown|var:forte,broncot|120ml,,forte,,,30mg/5ml,ratio,30mg/5ml,,,,unknown,,,compatible,exact,CFM-001431,5990,true,https://comparafarma-api.vercel.app/api/go?slug=araucomed&matchKey=broncot%7C120ml&url=https%3A%2F%2Ffarmacia.araucomed.com%2Fmucoliticos-y-expectorantes%2Fbroncot-gft-forte-30mg-5ml-sin-azucar-120ml&cfmId=CFM-001431,1
ambroxol 30mg/5ml jarabe 100ml,ambroxol-jarabe-100ml,ambroxol,30mg/5ml,,fluid-oral,19,20,ahumada,Broncot Fte G.F.T. S/Azu. 30mg/5ml 120ml,Broncot Fte G.F.T. S/Azu. 30mg/5ml 120ml,broncot|120ml,broncot|120ml|bio:unknown|brand:unknown|var:fte,broncot|120ml,,fte,,,30mg/5ml,ratio,30mg/5ml,,,,unknown,,,compatible,exact,CFM-001431,7807,true,https://comparafarma-api.vercel.app/api/go?slug=ahumada&matchKey=broncot%7C120ml&url=https%3A%2F%2Fwww.farmaciasahumada.cl%2Fbroncot-fte-g.f.t.-s-azu.-30mg-5ml-120ml-50483.html&cfmId=CFM-001431,1
ambroxol 30mg/5ml jarabe 100ml,ambroxol-jarabe-100ml,ambroxol,30mg/5ml,,fluid-oral,20,21,salcobrand,Broncot Ambroxol 30mg/5ml 120ml,Broncot Ambroxol 30mg/5ml 120ml,broncot|120ml,broncot|120ml|bio:unknown|brand:broncot|var:ambroxol,broncot|120ml,,ambroxol,,,30mg/5ml,ratio,30mg/5ml,Broncot,,ambroxol,structured,Broncot,,exact,exact,CFM-001431,8095,true,https://comparafarma-api.vercel.app/api/go?slug=salcobrand&matchKey=broncot%7C120ml&url=https%3A%2F%2Fsalcobrand.cl%2Fproducts%2Fbroncot-ambroxol-30mg-5ml-120ml%3Fdefault_sku%3D2830326&cfmId=CFM-001431,1
ambroxol 30mg/5ml jarabe 100ml,ambroxol-jarabe-100ml,ambroxol,30mg/5ml,,fluid-oral,21,22,easyfarma,Muxol Adulto Jarabe...,Muxol Adulto Jarabe...,muxol,muxol|bio:unknown|brand:unknown|form:fluid-oral,muxol,,,fluid-oral,,,,,,,,unknown,,,compatible,unknown,CFM-001440,5490,true,https://comparafarma-api.vercel.app/api/go?slug=easyfarma&matchKey=muxol&url=https%3A%2F%2Fnuevo.easyfarma.cl%2F25414-muxol-adulto-jarabe-x-100ml.html&cfmId=CFM-001440,1
ambroxol 30mg/5ml jarabe 100ml,ambroxol-jarabe-100ml,ambroxol,30mg/5ml,,fluid-oral,22,23,easyfarma,Muxol Pediatrico Jarabe x...,Muxol Pediatrico Jarabe x...,muxol,muxol|bio:unknown|brand:unknown|var:infantil|form:fluid-oral,muxol,,infantil,fluid-oral,,,,,,,,unknown,,,compatible,unknown,CFM-001440,5490,true,https://comparafarma-api.vercel.app/api/go?slug=easyfarma&matchKey=muxol&url=https%3A%2F%2Fnuevo.easyfarma.cl%2F25413-muxol-pediatrico-jarabe-x-100ml.html&cfmId=CFM-001440,1
ambroxol 30mg/5ml jarabe 100ml,ambroxol-jarabe-100ml,ambroxol,30mg/5ml,,fluid-oral,23,24,easyfarma,Broncot Pediatrico GFT...,Broncot Pediatrico GFT...,broncot,broncot|bio:unknown|brand:unknown|var:infantil,broncot,,infantil,,,,,,,,,unknown,,,compatible,unknown,CFM-001434,8990,true,https://comparafarma-api.vercel.app/api/go?slug=easyfarma&matchKey=broncot&url=https%3A%2F%2Fnuevo.easyfarma.cl%2F24773-broncot-gft-jarabe.html&cfmId=CFM-001434,1
ambroxol 30mg/5ml jarabe 100ml,ambroxol-jarabe-100ml,ambroxol,30mg/5ml,,fluid-oral,24,25,salcobrand,Muxol Ambroxol 20 Comprimidos,Muxol Ambroxol 20 Comprimidos,muxol|20,muxol|20|bio:unknown|brand:muxol|var:ambroxol|form:solid-oral,muxol|20,,ambroxol,solid-oral,20,,,,Muxol,,ambroxol,structured,Muxol,,exact,unknown,CFM-001441,10031,true,https://comparafarma-api.vercel.app/api/go?slug=salcobrand&matchKey=muxol%7C20&url=https%3A%2F%2Fsalcobrand.cl%2Fproducts%2Fmuxol-ambroxol-20-comprimidos%3Fdefault_sku%3D2979200&cfmId=CFM-001441,1
ambroxol 30mg/5ml jarabe 100ml,ambroxol-jarabe-100ml,ambroxol,30mg/5ml,,fluid-oral,25,26,araucomed,Tocalm Infantil 15mg/5ml jarabe 100 ml.,Tocalm Infantil 15mg/5ml jarabe 100 ml.,tocalm|100ml,tocalm|100ml|bio:unknown|brand:unknown|var:infantil|form:fluid-oral,tocalm|100ml,,infantil,fluid-oral,,15mg/5ml,ratio,15mg/5ml,,,,unknown,,,exact,other,CFM-001430,790,false,https://comparafarma-api.vercel.app/api/go?slug=araucomed&matchKey=tocalm%7C100ml&url=https%3A%2F%2Ffarmacia.araucomed.com%2Fmucoliticos-y-expectorantes%2Ftocalm-infantil-15mg-5ml-jarabe-100ml&cfmId=CFM-001430,2
ambroxol 30mg/5ml jarabe 100ml,ambroxol-jarabe-100ml,ambroxol,30mg/5ml,,fluid-oral,25,26,cruz-verde,Tocalm Pediatrico Ambroxol 15 mg/5mL Jarabe 100 mL,Tocalm Infantil 15mg/5ml jarabe 100 ml.,tocalm|100ml,tocalm|100ml|bio:unknown|brand:unknown|var:infantil|form:fluid-oral,tocalm|100ml,,infantil,fluid-oral,,15mg/5ml,ratio,15mg/5ml,,,,unknown,,,exact,other,CFM-001430,4290,true,https://comparafarma-api.vercel.app/api/go?slug=cruz-verde&matchKey=tocalm%7C100ml&url=https%3A%2F%2Fwww.cruzverde.cl%2Ftocalm-pediatrico-ambroxol-15-mg-5ml-jarabe-100-ml%2F111094.html&cfmId=CFM-001430,2
ambroxol 30mg/5ml jarabe 100ml,ambroxol-jarabe-100ml,ambroxol,30mg/5ml,,fluid-oral,26,27,araucomed,Ambroxol 15mg/5ml jarabe 100ml (Eurofarma),Ambroxol 15mg/5ml jarabe 100ml (Eurofarma),ambroxol|100ml,ambroxol|100ml|bio:unknown|brand:eurofarma|form:fluid-oral,ambroxol|100ml,,,fluid-oral,,15mg/5ml,ratio,15mg/5ml,,Eurofarma,ambroxol,unknown,Eurofarma,,exact,other,CFM-000068,900,false,https://comparafarma-api.vercel.app/api/go?slug=araucomed&matchKey=ambroxol%7C100ml&url=https%3A%2F%2Ffarmacia.araucomed.com%2Fmucoliticos-y-expectorantes%2Fambroxol-15mg-5ml-jarabe-100ml-eurofarma&cfmId=CFM-000068,1
ambroxol 30mg/5ml jarabe 100ml,ambroxol-jarabe-100ml,ambroxol,30mg/5ml,,fluid-oral,27,28,araucomed,Ambroxol 15mg/5ml jarabe infantil x 100 ml. (Ascend),Ambroxol 15mg/5ml jarabe infantil x 100 ml. (Ascend),ambroxol|100ml|100,ambroxol|100ml|100|bio:unknown|brand:ascend|form:fluid-oral,ambroxol|100ml|100,,,fluid-oral,,15mg/5ml,ratio,15mg/5ml,,Ascend,ambroxol,unknown,Ascend,,exact,other,CFM-000816,1490,true,https://comparafarma-api.vercel.app/api/go?slug=araucomed&matchKey=ambroxol%7C100ml%7C100&url=https%3A%2F%2Ffarmacia.araucomed.com%2Fmucoliticos-y-expectorantes%2Fambroxol-15mg-5ml-jarabe-infantil-x-100-ml-ascend&cfmId=CFM-000816,1
ambroxol 30mg/5ml jarabe 100ml,ambroxol-jarabe-100ml,ambroxol,30mg/5ml,,fluid-oral,28,29,araucomed,Ambroxol 15mg/5ml jarabe infantil x 100 ml. (Mintlab),Ambroxol 15mg/5ml jarabe infantil x 100 ml. (Mintlab),ambroxol|100ml|100,ambroxol|100ml|100|bio:unknown|brand:mintlab|form:fluid-oral,ambroxol|100ml|100,,,fluid-oral,,15mg/5ml,ratio,15mg/5ml,,Mintlab,ambroxol,unknown,Mintlab,,exact,other,CFM-000816,1990,false,https://comparafarma-api.vercel.app/api/go?slug=araucomed&matchKey=ambroxol%7C100ml%7C100&url=https%3A%2F%2Ffarmacia.araucomed.com%2Fmucoliticos-y-expectorantes%2Fambroxol-15mg-5ml-jarabe-100ml-mintlab&cfmId=CFM-000816,1
ambroxol 30mg/5ml jarabe 100ml,ambroxol-jarabe-100ml,ambroxol,30mg/5ml,,fluid-oral,29,30,araucomed,Mintamox Infantil 15mg/5ml jarabe 100ml,Mintamox Infantil 15mg/5ml jarabe 100ml,mintamox|100ml,mintamox|100ml|bio:unknown|brand:mintlab|var:infantil|form:fluid-oral,mintamox|100ml,,infantil,fluid-oral,,15mg/5ml,ratio,15mg/5ml,,Mintlab,,unknown,Mintlab,,compatible,other,CFM-001436,2490,false,https://comparafarma-api.vercel.app/api/go?slug=araucomed&matchKey=mintamox%7C100ml&url=https%3A%2F%2Ffarmacia.araucomed.com%2Fmucoliticos-y-expectorantes%2Fmintamox-infantil-15mg-5ml-jarabe-100ml&cfmId=CFM-001436,1
ambroxol 30mg/5ml jarabe 100ml,ambroxol-jarabe-100ml,ambroxol,30mg/5ml,,fluid-oral,30,31,dr-simi,Tocalm ambroxol 15 mg/5 mL jarabe pediátrico 100 mL,Tocalm ambroxol 15 mg/5 mL jarabe pediátrico 100 mL,tocalm|100ml,tocalm|100ml|bio:true|brand:prater|var:ambroxol|form:fluid-oral,tocalm|100ml,,ambroxol,fluid-oral,,15mg/5ml,ratio,15mg/5ml,Tocalm,Prater,ambroxol,name,PRATER,true,exact,other,CFM-001430,2550,true,https://comparafarma-api.vercel.app/api/go?slug=dr-simi&matchKey=tocalm%7C100ml&url=https%3A%2F%2Fwww.drsimi.cl%2Ftocalm-15-mg-5ml-jarabe-infantil-100-ml%2Fp&cfmId=CFM-001430,1
ambroxol 30mg/5ml jarabe 100ml,ambroxol-jarabe-100ml,ambroxol,30mg/5ml,,fluid-oral,31,32,ecofarmacias,Tocalm Ambroxol Jarabe Adulto 100 mL (Prater),Tocalm Ambroxol Jarabe Adulto 100 mL (Prater),tocalm|100ml,tocalm|100ml|bio:unknown|brand:unknown|var:ambroxol|form:fluid-oral,tocalm|100ml,,ambroxol,fluid-oral,,,,100ml,Tocalm,,ambroxol,name,,,exact,other,CFM-001430,2980,false,https://comparafarma-api.vercel.app/api/go?slug=ecofarmacias&matchKey=tocalm%7C100ml&url=https%3A%2F%2Fwww.ecofarmacias.cl%2Fproducto%2Ftocalm-ambroxol-jarabe-adulto-100-ml-prater%2F&cfmId=CFM-001430,2
ambroxol 30mg/5ml jarabe 100ml,ambroxol-jarabe-100ml,ambroxol,30mg/5ml,,fluid-oral,31,32,cruz-verde,Tocalm Adulto Ambroxol 30 mg/5mL Jarabe 100 mL,Tocalm Ambroxol Jarabe Adulto 100 mL (Prater),tocalm|100ml,tocalm|100ml|bio:unknown|brand:unknown|var:ambroxol|form:fluid-oral,tocalm|100ml,,ambroxol,fluid-oral,,30mg/5ml,ratio,30mg/5ml,Tocalm,,ambroxol,name,,,exact,other,CFM-001430,4290,true,https://comparafarma-api.vercel.app/api/go?slug=cruz-verde&matchKey=tocalm%7C100ml&url=https%3A%2F%2Fwww.cruzverde.cl%2Ftocalm-adulto-ambroxol-30-mg-5ml-jarabe-100-ml%2F111093.html&cfmId=CFM-001430,2
ambroxol 30mg/5ml jarabe 100ml,ambroxol-jarabe-100ml,ambroxol,30mg/5ml,,fluid-oral,32,33,araucomed,Muxol Pediátrico 15mg/5ml jarabe x 100 ml.,Muxol Pediátrico 15mg/5ml jarabe x 100 ml.,muxol|100ml|100,muxol|100ml|100|bio:unknown|brand:unknown|var:infantil|form:fluid-oral,muxol|100ml|100,,infantil,fluid-oral,,15mg/5ml,ratio,15mg/5ml,,,,unknown,,,compatible,other,CFM-001433,3490,true,https://comparafarma-api.vercel.app/api/go?slug=araucomed&matchKey=muxol%7C100ml%7C100&url=https%3A%2F%2Ffarmacia.araucomed.com%2Fmucoliticos-y-expectorantes%2Fmuxol-pediatrico-15mg-5ml-jarabe-100ml&cfmId=CFM-001433,1
ambroxol 30mg/5ml jarabe 100ml,ambroxol-jarabe-100ml,ambroxol,30mg/5ml,,fluid-oral,33,34,cruz-verde,Mintamox Pediatrico Ambroxol 15 mg/5mL Jarabe 100 mL,Mintamox Pediatrico Ambroxol 15 mg/5mL Jarabe 100 mL,mintamox|100ml,mintamox|100ml|bio:unknown|brand:unknown|var:infantil|form:fluid-oral,mintamox|100ml,,infantil,fluid-oral,,15mg/5ml,ratio,15mg/5ml,Mintamox,,ambroxol,name,,,exact,other,CFM-001436,3690,true,https://comparafarma-api.vercel.app/api/go?slug=cruz-verde&matchKey=mintamox%7C100ml&url=https%3A%2F%2Fwww.cruzverde.cl%2Fmintamox-pediatrico-ambroxol-15-mg-5ml-jarabe-100-ml%2F193055.html&cfmId=CFM-001436,1
ambroxol 30mg/5ml jarabe 100ml,ambroxol-jarabe-100ml,ambroxol,30mg/5ml,,fluid-oral,34,35,ahumada,Tocalm Pediatrico 15 mg/5 mL x 100 mL Jarabe,Tocalm Pediatrico 15 mg/5 mL x 100 mL Jarabe,tocalm|100ml|100,tocalm|100ml|100|bio:true|brand:unknown|var:infantil|form:fluid-oral,tocalm|100ml|100,,infantil,fluid-oral,,15mg/5ml,ratio,15mg/5ml,,,,unknown,,true,compatible,other,CFM-001435,3787,true,https://comparafarma-api.vercel.app/api/go?slug=ahumada&matchKey=tocalm%7C100ml%7C100&url=https%3A%2F%2Fwww.farmaciasahumada.cl%2Ftocalm-pediatrico-15-mg-5-ml-x-100-ml-jarabe-47393.html&cfmId=CFM-001435,1
ambroxol 30mg/5ml jarabe 100ml,ambroxol-jarabe-100ml,ambroxol,30mg/5ml,,fluid-oral,35,36,salcobrand,Muxol Adulto Ambroxol Jarabe 100ml,Muxol Adulto Ambroxol Jarabe 100ml,muxol|100ml,muxol|100ml|bio:unknown|brand:muxol|var:ambroxol|form:fluid-oral,muxol|100ml,,ambroxol,fluid-oral,,,,100ml,Muxol,,ambroxol,structured,Muxol,,exact,other,CFM-000997,3921,true,https://comparafarma-api.vercel.app/api/go?slug=salcobrand&matchKey=muxol%7C100ml&url=https%3A%2F%2Fsalcobrand.cl%2Fproducts%2Fmuxol-adulto-ambroxol-jarabe-100ml%3Fdefault_sku%3D2979230&cfmId=CFM-000997,1
ambroxol 30mg/5ml jarabe 100ml,ambroxol-jarabe-100ml,ambroxol,30mg/5ml,,fluid-oral,36,37,ahumada,MUXOL JARABE ADULTO Ambroxol Clorhidrato 600 mg 100 ml,MUXOL JARABE ADULTO Ambroxol Clorhidrato 600 mg 100 ml,muxol|100ml,muxol|100ml|bio:true|brand:unknown|var:ambroxol|form:fluid-oral,muxol|100ml,,ambroxol,fluid-oral,,600mg,absolute,600mg,MUXOL,,ambroxol,name,,true,exact,other,CFM-000997,4590,true,https://comparafarma-api.vercel.app/api/go?slug=ahumada&matchKey=muxol%7C100ml&url=https%3A%2F%2Fwww.farmaciasahumada.cl%2Fmuxol-jarabe-adulto-ambroxol-clorhidrato-600-mg-100-ml-9257.html&cfmId=CFM-000997,1
ambroxol 30mg/5ml jarabe 100ml,ambroxol-jarabe-100ml,ambroxol,30mg/5ml,,fluid-oral,37,38,sermecoop,Muxol (ambroxol) 15mg/5ml Jarabe 100ml,Muxol (ambroxol) 15mg/5ml Jarabe 100ml,muxol|100ml,muxol|100ml|bio:unknown|brand:unknown|form:fluid-oral,muxol|100ml,,,fluid-oral,,15mg/5ml,ratio,15mg/5ml,Muxol,,ambroxol,name,,,exact,other,CFM-000997,4890,true,https://comparafarma-api.vercel.app/api/go?slug=sermecoop&matchKey=muxol%7C100ml&url=https%3A%2F%2Fwww.farmaciasermecoop.cl%2Findex.php%2Fonline%2Fdetalleproducto%3Fp_%3D16812%26d_%3D1&cfmId=CFM-000997,1
ambroxol 30mg/5ml jarabe 100ml,ambroxol-jarabe-100ml,ambroxol,30mg/5ml,,fluid-oral,38,39,araucomed,Broncot 15mg/5ml Jarabe x 120 ml.,Broncot 15mg/5ml Jarabe x 120 ml.,broncot|120ml|120,broncot|120ml|120|bio:unknown|brand:unknown|form:fluid-oral,broncot|120ml|120,,,fluid-oral,,15mg/5ml,ratio,15mg/5ml,,,,unknown,,,compatible,other,CFM-001432,4990,true,https://comparafarma-api.vercel.app/api/go?slug=araucomed&matchKey=broncot%7C120ml%7C120&url=https%3A%2F%2Ffarmacia.araucomed.com%2Fmucoliticos-y-expectorantes%2Fbroncot-gft-15mg-5ml-sin-azucar-120ml&cfmId=CFM-001432,1
ambroxol 30mg/5ml jarabe 100ml,ambroxol-jarabe-100ml,ambroxol,30mg/5ml,,fluid-oral,39,40,cruz-verde,Ambroxol 15 mg/5mL Jarabe 100 mL,Ambroxol 15 mg/5mL Jarabe 100 mL,ambroxol|100ml,ambroxol|100ml|bio:unknown|brand:unknown|form:fluid-oral,ambroxol|100ml,,,fluid-oral,,15mg/5ml,ratio,15mg/5ml,,,ambroxol,unknown,,,exact,other,CFM-000068,5490,true,https://comparafarma-api.vercel.app/api/go?slug=cruz-verde&matchKey=ambroxol%7C100ml&url=https%3A%2F%2Fwww.cruzverde.cl%2Fambroxol-15-mg-5ml-jarabe-100-ml%2F2224.html&cfmId=CFM-000068,1
ambroxol 30mg/5ml jarabe 100ml,ambroxol-jarabe-100ml,ambroxol,30mg/5ml,,fluid-oral,40,41,salcobrand,Muxol Pediátrico Ambroxol Jarabe 100ml,Muxol Pediátrico Ambroxol Jarabe 100ml,muxol|100ml,muxol|100ml|bio:unknown|brand:muxolpediatrico|var:infantil|form:fluid-oral,muxol|100ml,,infantil,fluid-oral,,,,100ml,Muxol Pediatrico,,ambroxol,structured,Muxol Pediatrico,,exact,other,CFM-000997,5829,true,https://comparafarma-api.vercel.app/api/go?slug=salcobrand&matchKey=muxol%7C100ml&url=https%3A%2F%2Fsalcobrand.cl%2Fproducts%2Fmuxol-pediatrico-ambroxol-jarabe-100ml%3Fdefault_sku%3D2979220&cfmId=CFM-000997,1
ambroxol 30mg/5ml jarabe 100ml,ambroxol-jarabe-100ml,ambroxol,30mg/5ml,,fluid-oral,41,42,cruz-verde,Muxol Jarabe Pediátrico Ambroxol 300 mg / 100 ml,Muxol Jarabe Pediátrico Ambroxol 300 mg / 100 ml,muxol|100ml,muxol|100ml|bio:unknown|brand:unknown|var:infantil|form:fluid-oral,muxol|100ml,,infantil,fluid-oral,,300mg/100ml,ratio,300mg/100ml,Muxol,,ambroxol,name,,,exact,other,CFM-000997,6190,true,https://comparafarma-api.vercel.app/api/go?slug=cruz-verde&matchKey=muxol%7C100ml&url=https%3A%2F%2Fwww.cruzverde.cl%2Fmuxol-jarabe-pediatrico-ambroxol-300-mg-100-ml%2F6178.html&cfmId=CFM-000997,1
ambroxol 30mg/5ml jarabe 100ml,ambroxol-jarabe-100ml,ambroxol,30mg/5ml,,fluid-oral,42,43,ahumada,Muxol Jarabe Pediátrico Ambroxol Clorhidrato 300 mg 100 ml,Muxol Jarabe Pediátrico Ambroxol Clorhidrato 300 mg 100 ml,muxol|100ml,muxol|100ml|bio:true|brand:unknown|var:infantil|form:fluid-oral,muxol|100ml,,infantil,fluid-oral,,300mg,absolute,300mg,Muxol,,ambroxol,name,,true,exact,other,CFM-000997,6190,true,https://comparafarma-api.vercel.app/api/go?slug=ahumada&matchKey=muxol%7C100ml&url=https%3A%2F%2Fwww.farmaciasahumada.cl%2Fmuxol-jarabe-pediatrico-ambroxol-clorhidrato-300-mg-100-ml-9166.html&cfmId=CFM-000997,1
ambroxol 30mg/5ml jarabe 100ml,ambroxol-jarabe-100ml,ambroxol,30mg/5ml,,fluid-oral,43,44,araucomed,"Broncot 7,5mg/ml gotas x 30 ml.","Broncot 7,5mg/ml gotas x 30 ml.",broncot|30ml|30,broncot|30ml|30|bio:unknown|brand:unknown|form:fluid-oral,broncot|30ml|30,,,fluid-oral,,7.5mg/1ml,ratio,7.5mg/1ml,,,,unknown,,,compatible,other,CFM-001442,6490,false,https://comparafarma-api.vercel.app/api/go?slug=araucomed&matchKey=broncot%7C30ml%7C30&url=https%3A%2F%2Ffarmacia.araucomed.com%2Fmucoliticos-y-expectorantes%2Fbroncot-75mg-ml-gotas-30ml&cfmId=CFM-001442,1
ambroxol 30mg/5ml jarabe 100ml,ambroxol-jarabe-100ml,ambroxol,30mg/5ml,,fluid-oral,44,45,easyfarma,"Broncot Gotas 7,5 mg/ml x...","Broncot Gotas 7,5 mg/ml x...",broncot|7.5mg,broncot|7.5mg|bio:unknown|brand:unknown|form:fluid-oral,broncot|7.5mg,,,fluid-oral,,7.5mg/1ml,ratio,7.5mg/1ml,,,,unknown,,,compatible,other,CFM-001438,7990,true,https://comparafarma-api.vercel.app/api/go?slug=easyfarma&matchKey=broncot%7C7.5mg&url=https%3A%2F%2Fnuevo.easyfarma.cl%2F26341-broncot-gotas-x-30ml.html&cfmId=CFM-001438,1
ambroxol 30mg/5ml jarabe 100ml,ambroxol-jarabe-100ml,ambroxol,30mg/5ml,,fluid-oral,45,46,ahumada,Broncot GFT 15 mg/5 mL x 120 mL Jarabe,Broncot GFT 15 mg/5 mL x 120 mL Jarabe,broncot|120ml|120,broncot|120ml|120|bio:unknown|brand:unknown|var:gft|form:fluid-oral,broncot|120ml|120,,gft,fluid-oral,,15mg/5ml,ratio,15mg/5ml,,,,unknown,,,compatible,other,CFM-001432,9427,true,https://comparafarma-api.vercel.app/api/go?slug=ahumada&matchKey=broncot%7C120ml%7C120&url=https%3A%2F%2Fwww.farmaciasahumada.cl%2Fbroncot-gft-15-mg-5-ml-x-120-ml-jarabe-50485.html&cfmId=CFM-001432,1
ambroxol 30mg/5ml jarabe 100ml,ambroxol-jarabe-100ml,ambroxol,30mg/5ml,,fluid-oral,46,47,ahumada,Broncot 7.5 mg/ml Gotas Fco. 30ml,Broncot 7.5 mg/ml Gotas Fco. 30ml,broncot|30ml,broncot|30ml|bio:unknown|brand:unknown|form:fluid-oral,broncot|30ml,,,fluid-oral,,7.5mg/1ml,ratio,7.5mg/1ml,,,,unknown,,,compatible,other,CFM-001439,13402,true,https://comparafarma-api.vercel.app/api/go?slug=ahumada&matchKey=broncot%7C30ml&url=https%3A%2F%2Fwww.farmaciasahumada.cl%2Fbroncot-7.5-mg-ml-gotas-fco.-30ml-4499.html&cfmId=CFM-001439,1
ambroxol 30mg/5ml jarabe 100ml,ambroxol-jarabe-100ml,ambroxol,30mg/5ml,,fluid-oral,47,48,cruz-verde,Broncot GFT Pediatrico Ambroxol 15 mg/5mL Jarabe 120 mL,Broncot GFT Pediatrico Ambroxol 15 mg/5mL Jarabe 120 mL,broncot|120ml,broncot|120ml|bio:unknown|brand:unknown|var:gft|form:fluid-oral,broncot|120ml,,gft,fluid-oral,,15mg/5ml,ratio,15mg/5ml,Broncot,,ambroxol,name,,,exact,other,CFM-001431,13540,true,https://comparafarma-api.vercel.app/api/go?slug=cruz-verde&matchKey=broncot%7C120ml&url=https%3A%2F%2Fwww.cruzverde.cl%2Fbroncot-gft-pediatrico-ambroxol-15-mg-5ml-jarabe-120-ml%2F256478.html&cfmId=CFM-001431,1
ambroxol 30mg/5ml jarabe 100ml,ambroxol-jarabe-100ml,ambroxol,30mg/5ml,,fluid-oral,48,49,salcobrand,Broncot Ambroxol Clorhidrato 7.5mg/ml Gotas 30ml,Broncot Ambroxol Clorhidrato 7.5mg/ml Gotas 30ml,broncot|30ml,broncot|30ml|bio:unknown|brand:broncot|var:ambroxol|form:fluid-oral,broncot|30ml,,ambroxol,fluid-oral,,7.5mg/1ml,ratio,7.5mg/1ml,Broncot,,ambroxol,structured,Broncot,,exact,other,CFM-001439,15311,true,https://comparafarma-api.vercel.app/api/go?slug=salcobrand&matchKey=broncot%7C30ml&url=https%3A%2F%2Fsalcobrand.cl%2Fproducts%2Fbroncot-ambroxol-clorhidrato-7-5mg-ml-gotas-30ml%3Fdefault_sku%3D2836255&cfmId=CFM-001439,1
ambroxol 30mg/5ml jarabe 100ml,ambroxol-jarabe-100ml,ambroxol,30mg/5ml,,fluid-oral,49,50,cruz-verde,"Broncot Ambroxol 7,5 mg/mL Gotas 30 mL","Broncot Ambroxol 7,5 mg/mL Gotas 30 mL",broncot|30ml,broncot|30ml|bio:unknown|brand:unknown|var:ambroxol|form:fluid-oral,broncot|30ml,,ambroxol,fluid-oral,,7.5mg/1ml,ratio,7.5mg/1ml,Broncot,,ambroxol,name,,,exact,other,CFM-001439,16990,true,https://comparafarma-api.vercel.app/api/go?slug=cruz-verde&matchKey=broncot%7C30ml&url=https%3A%2F%2Fwww.cruzverde.cl%2Fbroncot-ambroxol-7-5-mg-ml-gotas-30-ml%2F4081.html&cfmId=CFM-001439,1
ambroxol 30mg/5ml jarabe 100ml,ambroxol-jarabe-100ml,ambroxol,30mg/5ml,,fluid-oral,50,51,ecofarmacias,Ambroxol clorhidrato 30mg 100ml Ascend DESCUENTO,Ambroxol clorhidrato 30mg 100ml Ascend DESCUENTO,ambroxol|100ml,ambroxol|100ml|bio:unknown|brand:unknown,ambroxol|100ml,,,,,30mg,absolute,30mg,,,ambroxol,unknown,,,exact,other,CFM-000068,1100,false,https://comparafarma-api.vercel.app/api/go?slug=ecofarmacias&matchKey=ambroxol%7C100ml&url=https%3A%2F%2Fwww.ecofarmacias.cl%2Fproducto%2Fambroxol-clorhidrato-30mg-100ml-ascend-descuento%2F&cfmId=CFM-000068,1
ambroxol 30mg/5ml jarabe 100ml,ambroxol-jarabe-100ml,ambroxol,30mg/5ml,,fluid-oral,51,52,ecofarmacias,Ambroxol Infantil 100ml (Andromaco),Ambroxol Infantil 100ml (Andromaco),ambroxol|100ml,ambroxol|100ml|bio:unknown|brand:unknown|var:infantil,ambroxol|100ml,,infantil,,,,,100ml,,,ambroxol,unknown,,,exact,other,CFM-000068,1890,false,https://comparafarma-api.vercel.app/api/go?slug=ecofarmacias&matchKey=ambroxol%7C100ml&url=https%3A%2F%2Fwww.ecofarmacias.cl%2Fproducto%2Fambroxol-infantil-100ml%2F&cfmId=CFM-000068,1
ambroxol 30mg/5ml jarabe 100ml,ambroxol-jarabe-100ml,ambroxol,30mg/5ml,,fluid-oral,52,53,farmex,Mintamox 15 mg / 5 mL x 100 mL,Mintamox 15 mg / 5 mL x 100 mL,mintamox|100ml|100,mintamox|100ml|100|bio:unknown|brand:mintlab,mintamox|100ml|100,,,,,15mg/5ml,ratio,15mg/5ml,,Mintlab,,unknown,MINTLAB,,compatible,other,CFM-014930,2690,true,https://comparafarma-api.vercel.app/api/go?slug=farmex&matchKey=mintamox%7C100ml%7C100&url=https%3A%2F%2Ffarmex.cl%2Fproducts%2Fmintamox-15-mg-5-ml-x-100-ml%3F_pos%3D2%26_psq%3Dambroxol%26_psid%3D160672eda%26_ss%3De&cfmId=CFM-014930,1
ambroxol 30mg/5ml jarabe 100ml,ambroxol-jarabe-100ml,ambroxol,30mg/5ml,,fluid-oral,53,54,easyfarma,Ambroxol Pediatrico 15mg/5...,Ambroxol Pediatrico 15mg/5...,ambroxol|15mg,ambroxol|15mg|bio:unknown|brand:ascend|var:infantil,ambroxol|15mg,,infantil,,,,,15mg,,,ambroxol,unknown,,,exact,other,CFM-001429,2990,true,https://comparafarma-api.vercel.app/api/go?slug=easyfarma&matchKey=ambroxol%7C15mg&url=https%3A%2F%2Fnuevo.easyfarma.cl%2F105165-ambroxol-pediatrico-15mg-5-ml-100-ml-ascend.html&cfmId=CFM-001429,1
ambroxol 30mg/5ml jarabe 100ml,ambroxol-jarabe-100ml,ambroxol,30mg/5ml,,fluid-oral,54,55,cruz-verde,Mucosolvan-Dual Infantil 120Ml,Mucosolvan-Dual Infantil 120Ml,mucosolvandual|120ml,mucosolvandual|120ml|bio:unknown|brand:unknown|var:infantil,mucosolvandual|120ml,,infantil,,,,,120ml,,,,unknown,,,compatible,other,CFM-000990,8290,false,https://comparafarma-api.vercel.app/api/go?slug=cruz-verde&matchKey=mucosolvandual%7C120ml&url=https%3A%2F%2Fwww.cruzverde.cl%2Fmucosolvan-dual-infantil-120ml%2F65002.html&cfmId=CFM-000990,1
ambroxol 30mg/5ml jarabe 100ml,ambroxol-jarabe-100ml,ambroxol,30mg/5ml,,fluid-oral,55,56,farmex,Muxol 30 mg x 20 comprimidos,Muxol 30 mg x 20 comprimidos,muxol|30mg|20,muxol|30mg|20|bio:unknown|brand:unknown|form:solid-oral,muxol|30mg|20,,,solid-oral,20,,,30mg,,,,unknown,,,compatible,other,CFM-001437,6877,true,https://comparafarma-api.vercel.app/api/go?slug=farmex&matchKey=muxol%7C30mg%7C20&url=https%3A%2F%2Ffarmex.cl%2Fproducts%2Fmuxol-30-mg-x-20-comprimidos-5%3F_pos%3D5%26_psq%3Dambroxol%26_psid%3D160672eda%26_ss%3De&cfmId=CFM-001437,1
ambroxol 30mg/5ml jarabe 100ml,ambroxol-jarabe-100ml,ambroxol,30mg/5ml,,fluid-oral,56,57,cruz-verde,Muxol Ambroxol 30 mg 20 Comprimidos,Muxol Ambroxol 30 mg 20 Comprimidos,muxol|30mg|20,muxol|30mg|20|bio:unknown|brand:unknown|var:ambroxol|form:solid-oral,muxol|30mg|20,,ambroxol,solid-oral,20,,,30mg,Muxol,,ambroxol,name,,,exact,other,CFM-001437,11190,true,https://comparafarma-api.vercel.app/api/go?slug=cruz-verde&matchKey=muxol%7C30mg%7C20&url=https%3A%2F%2Fwww.cruzverde.cl%2Fmuxol-ambroxol-30-mg-20-comprimidos%2F6176.html&cfmId=CFM-001437,1
ambroxol,ambroxol,ambroxol,,,,0,1,araucomed,Tocalm Infantil 15mg/5ml jarabe 100 ml.,Tocalm Infantil 15mg/5ml jarabe 100 ml.,tocalm|100ml,tocalm|100ml|bio:unknown|brand:unknown|var:infantil|form:fluid-oral,tocalm|100ml,,infantil,fluid-oral,,15mg/5ml,ratio,15mg/5ml,,,,unknown,,,exact,,CFM-001430,790,false,https://comparafarma-api.vercel.app/api/go?slug=araucomed&matchKey=tocalm%7C100ml&url=https%3A%2F%2Ffarmacia.araucomed.com%2Fmucoliticos-y-expectorantes%2Ftocalm-infantil-15mg-5ml-jarabe-100ml&cfmId=CFM-001430,2
ambroxol,ambroxol,ambroxol,,,,0,1,cruz-verde,Tocalm Pediatrico Ambroxol 15 mg/5mL Jarabe 100 mL,Tocalm Infantil 15mg/5ml jarabe 100 ml.,tocalm|100ml,tocalm|100ml|bio:unknown|brand:unknown|var:infantil|form:fluid-oral,tocalm|100ml,,infantil,fluid-oral,,15mg/5ml,ratio,15mg/5ml,,,,unknown,,,exact,,CFM-001430,4290,true,https://comparafarma-api.vercel.app/api/go?slug=cruz-verde&matchKey=tocalm%7C100ml&url=https%3A%2F%2Fwww.cruzverde.cl%2Ftocalm-pediatrico-ambroxol-15-mg-5ml-jarabe-100-ml%2F111094.html&cfmId=CFM-001430,2
ambroxol,ambroxol,ambroxol,,,,1,2,araucomed,Ambroxol 30mg/5ml jarabe adulto 100 ml. (Ascend),Ambroxol 30mg/5ml jarabe adulto 100 ml. (Ascend),ambroxol|100ml,ambroxol|100ml|bio:unknown|brand:ascend|form:fluid-oral,ambroxol|100ml,,,fluid-oral,,30mg/5ml,ratio,30mg/5ml,,Ascend,ambroxol,unknown,Ascend,,exact,,CFM-000068,790,false,https://comparafarma-api.vercel.app/api/go?slug=araucomed&matchKey=ambroxol%7C100ml&url=https%3A%2F%2Ffarmacia.araucomed.com%2Fmucoliticos-y-expectorantes%2Fambroxol-30mg-5ml-jarabe-adulto-100-ml-ascend&cfmId=CFM-000068,1
ambroxol,ambroxol,ambroxol,,,,2,3,araucomed,Ambroxol 30mg/5ml Jarabe Adulto 100ml (Andromaco),Ambroxol 30mg/5ml Jarabe Adulto 100ml (Andromaco),ambroxol|100ml,ambroxol|100ml|bio:unknown|brand:andromaco|form:fluid-oral,ambroxol|100ml,,,fluid-oral,,30mg/5ml,ratio,30mg/5ml,,Andrómaco,ambroxol,unknown,Andrómaco,,exact,,CFM-000068,800,false,https://comparafarma-api.vercel.app/api/go?slug=araucomed&matchKey=ambroxol%7C100ml&url=https%3A%2F%2Ffarmacia.araucomed.com%2Fmucoliticos-y-expectorantes%2Fambroxol-30mg-5ml-jarabe-100ml-andromaco&cfmId=CFM-000068,1
ambroxol,ambroxol,ambroxol,,,,3,4,araucomed,Ambroxol 15mg/5ml jarabe 100ml (Eurofarma),Ambroxol 15mg/5ml jarabe 100ml (Eurofarma),ambroxol|100ml,ambroxol|100ml|bio:unknown|brand:eurofarma|form:fluid-oral,ambroxol|100ml,,,fluid-oral,,15mg/5ml,ratio,15mg/5ml,,Eurofarma,ambroxol,unknown,Eurofarma,,exact,,CFM-000068,900,false,https://comparafarma-api.vercel.app/api/go?slug=araucomed&matchKey=ambroxol%7C100ml&url=https%3A%2F%2Ffarmacia.araucomed.com%2Fmucoliticos-y-expectorantes%2Fambroxol-15mg-5ml-jarabe-100ml-eurofarma&cfmId=CFM-000068,1
ambroxol,ambroxol,ambroxol,,,,4,5,ecofarmacias,Jarabe Ambroxol clorhidrato 30mg5ml 100ml (Hospifarma) DESCUENTO,Ambroxol 30mg/5ml Jarabe 100ml,ambroxol|100ml,ambroxol|100ml|bio:unknown|brand:unknown|form:fluid-oral,ambroxol|100ml,,,fluid-oral,,30mg,absolute,30mg,,,ambroxol,unknown,,,exact,,CFM-000068,990,false,https://comparafarma-api.vercel.app/api/go?slug=ecofarmacias&matchKey=ambroxol%7C100ml&url=https%3A%2F%2Fwww.ecofarmacias.cl%2Fproducto%2Fjarabe-ambroxol-clorhidrato-30mg5ml-100ml-hospifarma-descuento%2F&cfmId=CFM-000068,3
ambroxol,ambroxol,ambroxol,,,,4,5,sermecoop,Ambroxol 30mg/5ml Jarabe 100ml,Ambroxol 30mg/5ml Jarabe 100ml,ambroxol|100ml,ambroxol|100ml|bio:unknown|brand:unknown|form:fluid-oral,ambroxol|100ml,,,fluid-oral,,30mg/5ml,ratio,30mg/5ml,,,ambroxol,unknown,,,exact,,CFM-000068,2390,false,https://comparafarma-api.vercel.app/api/go?slug=sermecoop&matchKey=ambroxol%7C100ml&url=https%3A%2F%2Fwww.farmaciasermecoop.cl%2Findex.php%2Fonline%2Fdetalleproducto%3Fp_%3D1602%26d_%3D1&cfmId=CFM-000068,3
ambroxol,ambroxol,ambroxol,,,,4,5,ahumada,Ambroxol 30mg./5ml. Jarabe Fco. 100ml,Ambroxol 30mg/5ml Jarabe 100ml,ambroxol|100ml,ambroxol|100ml|bio:unknown|brand:unknown|form:fluid-oral,ambroxol|100ml,,,fluid-oral,,30mg/5ml,ratio,30mg/5ml,,,ambroxol,unknown,,,exact,,CFM-000068,3544,true,https://comparafarma-api.vercel.app/api/go?slug=ahumada&matchKey=ambroxol%7C100ml&url=https%3A%2F%2Fwww.farmaciasahumada.cl%2Fambroxol-30mg.-5ml.-jarabe-fco.-100ml-84384.html&cfmId=CFM-000068,3
ambroxol,ambroxol,ambroxol,,,,5,6,ecofarmacias,Ambroxol clorhidrato 30mg 100ml Ascend DESCUENTO,Ambroxol clorhidrato 30mg 100ml Ascend DESCUENTO,ambroxol|100ml,ambroxol|100ml|bio:unknown|brand:unknown,ambroxol|100ml,,,,,30mg,absolute,30mg,,,ambroxol,unknown,,,exact,,CFM-000068,1100,false,https://comparafarma-api.vercel.app/api/go?slug=ecofarmacias&matchKey=ambroxol%7C100ml&url=https%3A%2F%2Fwww.ecofarmacias.cl%2Fproducto%2Fambroxol-clorhidrato-30mg-100ml-ascend-descuento%2F&cfmId=CFM-000068,1
ambroxol,ambroxol,ambroxol,,,,6,7,araucomed,Ambroxol 30mg/5ml Jarabe Adulto 100ml (Seven Pharma),Ambroxol 30mg/5ml Jarabe Adulto 100ml (Seven Pharma),ambroxol|100ml,ambroxol|100ml|bio:unknown|brand:sevenpharma|form:fluid-oral,ambroxol|100ml,,,fluid-oral,,30mg/5ml,ratio,30mg/5ml,,Seven Pharma,ambroxol,unknown,Seven Pharma,,exact,,CFM-000068,1200,false,https://comparafarma-api.vercel.app/api/go?slug=araucomed&matchKey=ambroxol%7C100ml&url=https%3A%2F%2Ffarmacia.araucomed.com%2Fmucoliticos-y-expectorantes%2Fambroxol-30mg-5ml-jarabe-adulto-100ml-seven-pharma&cfmId=CFM-000068,1
ambroxol,ambroxol,ambroxol,,,,7,8,araucomed,Ambroxol 15mg/5ml jarabe infantil x 100 ml. (Ascend),Ambroxol 15mg/5ml jarabe infantil x 100 ml. (Ascend),ambroxol|100ml|100,ambroxol|100ml|100|bio:unknown|brand:ascend|form:fluid-oral,ambroxol|100ml|100,,,fluid-oral,,15mg/5ml,ratio,15mg/5ml,,Ascend,ambroxol,unknown,Ascend,,exact,,CFM-000816,1490,true,https://comparafarma-api.vercel.app/api/go?slug=araucomed&matchKey=ambroxol%7C100ml%7C100&url=https%3A%2F%2Ffarmacia.araucomed.com%2Fmucoliticos-y-expectorantes%2Fambroxol-15mg-5ml-jarabe-infantil-x-100-ml-ascend&cfmId=CFM-000816,1
ambroxol,ambroxol,ambroxol,,,,8,9,araucomed,Ambroxol 30mg/5ml Jarabe Adulto x 100 ml. (Hospifarma),Ambroxol 30mg/5ml Jarabe Adulto x 100 ml. (Hospifarma),ambroxol|100ml|100,ambroxol|100ml|100|bio:unknown|brand:hospifarma|form:fluid-oral,ambroxol|100ml|100,,,fluid-oral,,30mg/5ml,ratio,30mg/5ml,,Hospifarma,ambroxol,unknown,Hospifarma,,exact,,CFM-000816,1490,false,https://comparafarma-api.vercel.app/api/go?slug=araucomed&matchKey=ambroxol%7C100ml%7C100&url=https%3A%2F%2Ffarmacia.araucomed.com%2Fmucoliticos-y-expectorantes%2Fambroxol-30mg-5ml-jarabe-120-ml-hospifarma&cfmId=CFM-000816,1
ambroxol,ambroxol,ambroxol,,,,9,10,ecofarmacias,Ambroxol Infantil 100ml (Andromaco),Ambroxol Infantil 100ml (Andromaco),ambroxol|100ml,ambroxol|100ml|bio:unknown|brand:unknown|var:infantil,ambroxol|100ml,,infantil,,,,,100ml,,,ambroxol,unknown,,,exact,,CFM-000068,1890,false,https://comparafarma-api.vercel.app/api/go?slug=ecofarmacias&matchKey=ambroxol%7C100ml&url=https%3A%2F%2Fwww.ecofarmacias.cl%2Fproducto%2Fambroxol-infantil-100ml%2F&cfmId=CFM-000068,1
ambroxol,ambroxol,ambroxol,,,,10,11,araucomed,Ambroxol 30mg/5ml Jarabe Adulto 100 ml. (Mintlab),Ambroxol 30mg/5ml Jarabe Adulto 100 ml. (Mintlab),ambroxol|100ml,ambroxol|100ml|bio:unknown|brand:mintlab|form:fluid-oral,ambroxol|100ml,,,fluid-oral,,30mg/5ml,ratio,30mg/5ml,,Mintlab,ambroxol,unknown,Mintlab,,exact,,CFM-000068,1990,false,https://comparafarma-api.vercel.app/api/go?slug=araucomed&matchKey=ambroxol%7C100ml&url=https%3A%2F%2Ffarmacia.araucomed.com%2Fmucoliticos-y-expectorantes%2Fambroxol-30mg-5ml-jarabe-100ml-mintlab&cfmId=CFM-000068,1
ambroxol,ambroxol,ambroxol,,,,11,12,araucomed,Ambroxol 30mg/5ml Jarabe Adulto 100ml (Opko),Ambroxol 30mg/5ml Jarabe Adulto 100ml (Opko),ambroxol|100ml,ambroxol|100ml|bio:unknown|brand:opko|form:fluid-oral,ambroxol|100ml,,,fluid-oral,,30mg/5ml,ratio,30mg/5ml,,Opko,ambroxol,unknown,Opko,,exact,,CFM-000068,1990,false,https://comparafarma-api.vercel.app/api/go?slug=araucomed&matchKey=ambroxol%7C100ml&url=https%3A%2F%2Ffarmacia.araucomed.com%2Fmucoliticos-y-expectorantes%2Fambroxol-30mg-5ml-jarabe-100ml-opko&cfmId=CFM-000068,1
ambroxol,ambroxol,ambroxol,,,,12,13,araucomed,Ambroxol 15mg/5ml jarabe infantil x 100 ml. (Mintlab),Ambroxol 15mg/5ml jarabe infantil x 100 ml. (Mintlab),ambroxol|100ml|100,ambroxol|100ml|100|bio:unknown|brand:mintlab|form:fluid-oral,ambroxol|100ml|100,,,fluid-oral,,15mg/5ml,ratio,15mg/5ml,,Mintlab,ambroxol,unknown,Mintlab,,exact,,CFM-000816,1990,false,https://comparafarma-api.vercel.app/api/go?slug=araucomed&matchKey=ambroxol%7C100ml%7C100&url=https%3A%2F%2Ffarmacia.araucomed.com%2Fmucoliticos-y-expectorantes%2Fambroxol-15mg-5ml-jarabe-100ml-mintlab&cfmId=CFM-000816,1
ambroxol,ambroxol,ambroxol,,,,13,14,araucomed,Mintamox Adulto 30mg/5ml jarabe 100ml,Mintamox Adulto 30mg/5ml jarabe 100ml,mintamox|100ml,mintamox|100ml|bio:unknown|brand:mintlab|form:fluid-oral,mintamox|100ml,,,fluid-oral,,30mg/5ml,ratio,30mg/5ml,,Mintlab,,unknown,Mintlab,,compatible,,CFM-001436,2490,false,https://comparafarma-api.vercel.app/api/go?slug=araucomed&matchKey=mintamox%7C100ml&url=https%3A%2F%2Ffarmacia.araucomed.com%2Fmucoliticos-y-expectorantes%2Fmintamox-adulto-30mg-5ml-jarabe-100ml&cfmId=CFM-001436,1
ambroxol,ambroxol,ambroxol,,,,14,15,araucomed,Mintamox Infantil 15mg/5ml jarabe 100ml,Mintamox Infantil 15mg/5ml jarabe 100ml,mintamox|100ml,mintamox|100ml|bio:unknown|brand:mintlab|var:infantil|form:fluid-oral,mintamox|100ml,,infantil,fluid-oral,,15mg/5ml,ratio,15mg/5ml,,Mintlab,,unknown,Mintlab,,compatible,,CFM-001436,2490,false,https://comparafarma-api.vercel.app/api/go?slug=araucomed&matchKey=mintamox%7C100ml&url=https%3A%2F%2Ffarmacia.araucomed.com%2Fmucoliticos-y-expectorantes%2Fmintamox-infantil-15mg-5ml-jarabe-100ml&cfmId=CFM-001436,1
ambroxol,ambroxol,ambroxol,,,,15,16,ahumada,Tocalm Adulto 30 mg/5 mL x 100 mL Jarabe,Tocalm Adulto 30 mg/5 mL x 100 mL Jarabe,tocalm|100ml|100,tocalm|100ml|100|bio:true|brand:unknown|form:fluid-oral,tocalm|100ml|100,,,fluid-oral,,30mg/5ml,ratio,30mg/5ml,,,,unknown,,true,compatible,,CFM-001435,2549,true,https://comparafarma-api.vercel.app/api/go?slug=ahumada&matchKey=tocalm%7C100ml%7C100&url=https%3A%2F%2Fwww.farmaciasahumada.cl%2Ftocalm-adulto-30-mg-5-ml-x-100-ml-jarabe-47395.html&cfmId=CFM-001435,1
ambroxol,ambroxol,ambroxol,,,,16,17,dr-simi,Tocalm ambroxol 15 mg/5 mL jarabe pediátrico 100 mL,Tocalm ambroxol 15 mg/5 mL jarabe pediátrico 100 mL,tocalm|100ml,tocalm|100ml|bio:true|brand:prater|var:ambroxol|form:fluid-oral,tocalm|100ml,,ambroxol,fluid-oral,,15mg/5ml,ratio,15mg/5ml,Tocalm,Prater,ambroxol,name,PRATER,true,exact,,CFM-001430,2550,true,https://comparafarma-api.vercel.app/api/go?slug=dr-simi&matchKey=tocalm%7C100ml&url=https%3A%2F%2Fwww.drsimi.cl%2Ftocalm-15-mg-5ml-jarabe-infantil-100-ml%2Fp&cfmId=CFM-001430,1
ambroxol,ambroxol,ambroxol,,,,17,18,farmex,Mintamox 15 mg / 5 mL x 100 mL,Mintamox 15 mg / 5 mL x 100 mL,mintamox|100ml|100,mintamox|100ml|100|bio:unknown|brand:mintlab,mintamox|100ml|100,,,,,15mg/5ml,ratio,15mg/5ml,,Mintlab,,unknown,MINTLAB,,compatible,,CFM-014930,2690,true,https://comparafarma-api.vercel.app/api/go?slug=farmex&matchKey=mintamox%7C100ml%7C100&url=https%3A%2F%2Ffarmex.cl%2Fproducts%2Fmintamox-15-mg-5-ml-x-100-ml%3F_pos%3D2%26_psq%3Dambroxol%26_psid%3D160672eda%26_ss%3De&cfmId=CFM-014930,1
ambroxol,ambroxol,ambroxol,,,,18,19,ecofarmacias,Tocalm Ambroxol Jarabe Adulto 100 mL (Prater),Tocalm Ambroxol Jarabe Adulto 100 mL (Prater),tocalm|100ml,tocalm|100ml|bio:unknown|brand:unknown|var:ambroxol|form:fluid-oral,tocalm|100ml,,ambroxol,fluid-oral,,,,100ml,Tocalm,,ambroxol,name,,,exact,,CFM-001430,2980,false,https://comparafarma-api.vercel.app/api/go?slug=ecofarmacias&matchKey=tocalm%7C100ml&url=https%3A%2F%2Fwww.ecofarmacias.cl%2Fproducto%2Ftocalm-ambroxol-jarabe-adulto-100-ml-prater%2F&cfmId=CFM-001430,2
ambroxol,ambroxol,ambroxol,,,,18,19,cruz-verde,Tocalm Adulto Ambroxol 30 mg/5mL Jarabe 100 mL,Tocalm Ambroxol Jarabe Adulto 100 mL (Prater),tocalm|100ml,tocalm|100ml|bio:unknown|brand:unknown|var:ambroxol|form:fluid-oral,tocalm|100ml,,ambroxol,fluid-oral,,30mg/5ml,ratio,30mg/5ml,Tocalm,,ambroxol,name,,,exact,,CFM-001430,4290,true,https://comparafarma-api.vercel.app/api/go?slug=cruz-verde&matchKey=tocalm%7C100ml&url=https%3A%2F%2Fwww.cruzverde.cl%2Ftocalm-adulto-ambroxol-30-mg-5ml-jarabe-100-ml%2F111093.html&cfmId=CFM-001430,2
ambroxol,ambroxol,ambroxol,,,,19,20,araucomed,Tocalm Adulto 30mg/5ml jarabe 100 ml.,Tocalm Adulto 30mg/5ml jarabe 100 ml.,tocalm|100ml,tocalm|100ml|bio:unknown|brand:unknown|form:fluid-oral,tocalm|100ml,,,fluid-oral,,30mg/5ml,ratio,30mg/5ml,,,,unknown,,,compatible,,CFM-001430,2990,false,https://comparafarma-api.vercel.app/api/go?slug=araucomed&matchKey=tocalm%7C100ml&url=https%3A%2F%2Ffarmacia.araucomed.com%2Fmucoliticos-y-expectorantes%2Ftocalm-adulto-30mg-5ml-jarabe-100ml&cfmId=CFM-001430,1
ambroxol,ambroxol,ambroxol,,,,20,21,ecofarmacias,Pazbronq Ambroxol Clorhidrato 30 Mg/ 5 Ml Jarabe 100 Ml,Pazbronq Ambroxol Clorhidrato 30 Mg/ 5 Ml Jarabe 100 Ml,pazbronq|100ml,pazbronq|100ml|bio:unknown|brand:unknown|var:ambroxol|form:fluid-oral,pazbronq|100ml,,ambroxol,fluid-oral,,30mg/5ml,ratio,30mg/5ml,Pazbronq,,ambroxol,name,,,exact,,CFM-001428,2990,false,https://comparafarma-api.vercel.app/api/go?slug=ecofarmacias&matchKey=pazbronq%7C100ml&url=https%3A%2F%2Fwww.ecofarmacias.cl%2Fproducto%2Fpazbronq-ambroxol-clorhidrato-30-mg-5-ml-jarabe-100-ml%2F&cfmId=CFM-001428,1
ambroxol,ambroxol,ambroxol,,,,21,22,easyfarma,Ambroxol Pediatrico 15mg/5...,Ambroxol Pediatrico 15mg/5...,ambroxol|15mg,ambroxol|15mg|bio:unknown|brand:ascend|var:infantil,ambroxol|15mg,,infantil,,,,,15mg,,,ambroxol,unknown,,,exact,,CFM-001429,2990,true,https://comparafarma-api.vercel.app/api/go?slug=easyfarma&matchKey=ambroxol%7C15mg&url=https%3A%2F%2Fnuevo.easyfarma.cl%2F105165-ambroxol-pediatrico-15mg-5-ml-100-ml-ascend.html&cfmId=CFM-001429,1
ambroxol,ambroxol,ambroxol,,,,22,23,easyfarma,Amrodil 30 Mg/5ml 100 Ml,Amrodil 30 Mg/5ml 100 Ml,amrodil|100ml,amrodil|100ml|bio:unknown|brand:unknown,amrodil|100ml,,,,,30mg/5ml,ratio,30mg/5ml,,,,unknown,,,compatible,,CFM-014924,2990,true,https://comparafarma-api.vercel.app/api/go?slug=easyfarma&matchKey=amrodil%7C100ml&url=https%3A%2F%2Fnuevo.easyfarma.cl%2F105664-amrodil-30-mg-5ml-100-ml.html&cfmId=CFM-014924,1
ambroxol,ambroxol,ambroxol,,,,23,24,salcobrand,Ambroxol 30mg/5ml Jarabe 100ml,Ambroxol 30mg/5ml Jarabe 100ml,ambroxol|100ml,ambroxol|100ml|bio:unknown|brand:ambroxol|form:fluid-oral,ambroxol|100ml,,,fluid-oral,,30mg/5ml,ratio,30mg/5ml,,,ambroxol,unknown,Ambroxol,,exact,,CFM-000068,3255,true,https://comparafarma-api.vercel.app/api/go?slug=salcobrand&matchKey=ambroxol%7C100ml&url=https%3A%2F%2Fsalcobrand.cl%2Fproducts%2Fambroxol-30mg-5ml-jaraabe-100ml%3Fdefault_sku%3D1763358&cfmId=CFM-000068,1
ambroxol,ambroxol,ambroxol,,,,24,25,araucomed,Muxol Pediátrico 15mg/5ml jarabe x 100 ml.,Muxol Pediátrico 15mg/5ml jarabe x 100 ml.,muxol|100ml|100,muxol|100ml|100|bio:unknown|brand:unknown|var:infantil|form:fluid-oral,muxol|100ml|100,,infantil,fluid-oral,,15mg/5ml,ratio,15mg/5ml,,,,unknown,,,compatible,,CFM-001433,3490,true,https://comparafarma-api.vercel.app/api/go?slug=araucomed&matchKey=muxol%7C100ml%7C100&url=https%3A%2F%2Ffarmacia.araucomed.com%2Fmucoliticos-y-expectorantes%2Fmuxol-pediatrico-15mg-5ml-jarabe-100ml&cfmId=CFM-001433,1
ambroxol,ambroxol,ambroxol,,,,25,26,cruz-verde,Mintamox Pediatrico Ambroxol 15 mg/5mL Jarabe 100 mL,Mintamox Pediatrico Ambroxol 15 mg/5mL Jarabe 100 mL,mintamox|100ml,mintamox|100ml|bio:unknown|brand:unknown|var:infantil|form:fluid-oral,mintamox|100ml,,infantil,fluid-oral,,15mg/5ml,ratio,15mg/5ml,Mintamox,,ambroxol,name,,,exact,,CFM-001436,3690,true,https://comparafarma-api.vercel.app/api/go?slug=cruz-verde&matchKey=mintamox%7C100ml&url=https%3A%2F%2Fwww.cruzverde.cl%2Fmintamox-pediatrico-ambroxol-15-mg-5ml-jarabe-100-ml%2F193055.html&cfmId=CFM-001436,1
ambroxol,ambroxol,ambroxol,,,,26,27,ahumada,Tocalm Pediatrico 15 mg/5 mL x 100 mL Jarabe,Tocalm Pediatrico 15 mg/5 mL x 100 mL Jarabe,tocalm|100ml|100,tocalm|100ml|100|bio:true|brand:unknown|var:infantil|form:fluid-oral,tocalm|100ml|100,,infantil,fluid-oral,,15mg/5ml,ratio,15mg/5ml,,,,unknown,,true,compatible,,CFM-001435,3787,true,https://comparafarma-api.vercel.app/api/go?slug=ahumada&matchKey=tocalm%7C100ml%7C100&url=https%3A%2F%2Fwww.farmaciasahumada.cl%2Ftocalm-pediatrico-15-mg-5-ml-x-100-ml-jarabe-47393.html&cfmId=CFM-001435,1
ambroxol,ambroxol,ambroxol,,,,27,28,cruz-verde,Mintamox Adulto Ambroxol 30 mg / 5 mL Jarabe 100 mL,Mintamox Adulto Ambroxol 30 mg / 5 mL Jarabe 100 mL,mintamox|100ml,mintamox|100ml|bio:unknown|brand:unknown|var:ambroxol|form:fluid-oral,mintamox|100ml,,ambroxol,fluid-oral,,30mg/5ml,ratio,30mg/5ml,Mintamox,,ambroxol,name,,,exact,,CFM-001436,3790,true,https://comparafarma-api.vercel.app/api/go?slug=cruz-verde&matchKey=mintamox%7C100ml&url=https%3A%2F%2Fwww.cruzverde.cl%2Fmintamox-adulto-ambroxol-30-mg-5-ml-jarabe-100-ml%2F193049.html&cfmId=CFM-001436,1
ambroxol,ambroxol,ambroxol,,,,28,29,salcobrand,Muxol Adulto Ambroxol Jarabe 100ml,Muxol Adulto Ambroxol Jarabe 100ml,muxol|100ml,muxol|100ml|bio:unknown|brand:muxol|var:ambroxol|form:fluid-oral,muxol|100ml,,ambroxol,fluid-oral,,,,100ml,Muxol,,ambroxol,structured,Muxol,,exact,,CFM-000997,3921,true,https://comparafarma-api.vercel.app/api/go?slug=salcobrand&matchKey=muxol%7C100ml&url=https%3A%2F%2Fsalcobrand.cl%2Fproducts%2Fmuxol-adulto-ambroxol-jarabe-100ml%3Fdefault_sku%3D2979230&cfmId=CFM-000997,1
ambroxol,ambroxol,ambroxol,,,,29,30,araucomed,Muxol Adulto 30mg/5ml jarabe 100ml,Muxol Adulto 30mg/5ml jarabe 100ml,muxol|100ml,muxol|100ml|bio:unknown|brand:unknown|form:fluid-oral,muxol|100ml,,,fluid-oral,,30mg/5ml,ratio,30mg/5ml,,,,unknown,,,compatible,,CFM-000997,3990,true,https://comparafarma-api.vercel.app/api/go?slug=araucomed&matchKey=muxol%7C100ml&url=https%3A%2F%2Ffarmacia.araucomed.com%2Fmucoliticos-y-expectorantes%2Fmuxol-adulto-30mg-5ml-jarabe-100ml&cfmId=CFM-000997,1
ambroxol,ambroxol,ambroxol,,,,30,31,cruz-verde,Muxol Jarabe Adulto Ambroxol 600 mg / 100 ml,Muxol Jarabe Adulto Ambroxol 600 mg / 100 ml,muxol|100ml,muxol|100ml|bio:unknown|brand:unknown|var:ambroxol|form:fluid-oral,muxol|100ml,,ambroxol,fluid-oral,,600mg/100ml,ratio,600mg/100ml,Muxol,,ambroxol,name,,,exact,,CFM-000997,4590,true,https://comparafarma-api.vercel.app/api/go?slug=cruz-verde&matchKey=muxol%7C100ml&url=https%3A%2F%2Fwww.cruzverde.cl%2Fmuxol-jarabe-adulto-ambroxol-600-mg-100-ml%2F6179.html&cfmId=CFM-000997,1
ambroxol,ambroxol,ambroxol,,,,31,32,ahumada,MUXOL JARABE ADULTO Ambroxol Clorhidrato 600 mg 100 ml,MUXOL JARABE ADULTO Ambroxol Clorhidrato 600 mg 100 ml,muxol|100ml,muxol|100ml|bio:true|brand:unknown|var:ambroxol|form:fluid-oral,muxol|100ml,,ambroxol,fluid-oral,,600mg,absolute,600mg,MUXOL,,ambroxol,name,,true,exact,,CFM-000997,4590,true,https://comparafarma-api.vercel.app/api/go?slug=ahumada&matchKey=muxol%7C100ml&url=https%3A%2F%2Fwww.farmaciasahumada.cl%2Fmuxol-jarabe-adulto-ambroxol-clorhidrato-600-mg-100-ml-9257.html&cfmId=CFM-000997,1
ambroxol,ambroxol,ambroxol,,,,32,33,sermecoop,Muxol (ambroxol) 15mg/5ml Jarabe 100ml,Muxol (ambroxol) 15mg/5ml Jarabe 100ml,muxol|100ml,muxol|100ml|bio:unknown|brand:unknown|form:fluid-oral,muxol|100ml,,,fluid-oral,,15mg/5ml,ratio,15mg/5ml,Muxol,,ambroxol,name,,,exact,,CFM-000997,4890,true,https://comparafarma-api.vercel.app/api/go?slug=sermecoop&matchKey=muxol%7C100ml&url=https%3A%2F%2Fwww.farmaciasermecoop.cl%2Findex.php%2Fonline%2Fdetalleproducto%3Fp_%3D16812%26d_%3D1&cfmId=CFM-000997,1
ambroxol,ambroxol,ambroxol,,,,33,34,araucomed,Broncot 15mg/5ml Jarabe x 120 ml.,Broncot 15mg/5ml Jarabe x 120 ml.,broncot|120ml|120,broncot|120ml|120|bio:unknown|brand:unknown|form:fluid-oral,broncot|120ml|120,,,fluid-oral,,15mg/5ml,ratio,15mg/5ml,,,,unknown,,,compatible,,CFM-001432,4990,true,https://comparafarma-api.vercel.app/api/go?slug=araucomed&matchKey=broncot%7C120ml%7C120&url=https%3A%2F%2Ffarmacia.araucomed.com%2Fmucoliticos-y-expectorantes%2Fbroncot-gft-15mg-5ml-sin-azucar-120ml&cfmId=CFM-001432,1
ambroxol,ambroxol,ambroxol,,,,34,35,farmex,Muxol Jarabe adulto Ambroxol 30 mg / 5 mL x 100 mL,Muxol Jarabe adulto Ambroxol 30 mg / 5 mL x 100 mL,muxol|100ml|100,muxol|100ml|100|bio:unknown|brand:eurolab|var:ambroxol|form:fluid-oral,muxol|100ml|100,,ambroxol,fluid-oral,,30mg/5ml,ratio,30mg/5ml,Muxol,Eurolab,ambroxol,name,EUROLAB,,exact,,CFM-001433,5190,true,https://comparafarma-api.vercel.app/api/go?slug=farmex&matchKey=muxol%7C100ml%7C100&url=https%3A%2F%2Ffarmex.cl%2Fproducts%2Fmuxol-jarabe-adulto-ambroxol%3F_pos%3D1%26_psq%3Dambroxol%26_psid%3D160672eda%26_ss%3De&cfmId=CFM-001433,1
ambroxol,ambroxol,ambroxol,,,,35,36,cruz-verde,Ambroxol 15 mg/5mL Jarabe 100 mL,Ambroxol 15 mg/5mL Jarabe 100 mL,ambroxol|100ml,ambroxol|100ml|bio:unknown|brand:unknown|form:fluid-oral,ambroxol|100ml,,,fluid-oral,,15mg/5ml,ratio,15mg/5ml,,,ambroxol,unknown,,,exact,,CFM-000068,5490,true,https://comparafarma-api.vercel.app/api/go?slug=cruz-verde&matchKey=ambroxol%7C100ml&url=https%3A%2F%2Fwww.cruzverde.cl%2Fambroxol-15-mg-5ml-jarabe-100-ml%2F2224.html&cfmId=CFM-000068,1
ambroxol,ambroxol,ambroxol,,,,36,37,easyfarma,Muxol Adulto Jarabe...,Muxol Adulto Jarabe...,muxol,muxol|bio:unknown|brand:unknown|form:fluid-oral,muxol,,,fluid-oral,,,,,,,,unknown,,,compatible,,CFM-001440,5490,true,https://comparafarma-api.vercel.app/api/go?slug=easyfarma&matchKey=muxol&url=https%3A%2F%2Fnuevo.easyfarma.cl%2F25414-muxol-adulto-jarabe-x-100ml.html&cfmId=CFM-001440,1
ambroxol,ambroxol,ambroxol,,,,37,38,easyfarma,Muxol Pediatrico Jarabe x...,Muxol Pediatrico Jarabe x...,muxol,muxol|bio:unknown|brand:unknown|var:infantil|form:fluid-oral,muxol,,infantil,fluid-oral,,,,,,,,unknown,,,compatible,,CFM-001440,5490,true,https://comparafarma-api.vercel.app/api/go?slug=easyfarma&matchKey=muxol&url=https%3A%2F%2Fnuevo.easyfarma.cl%2F25413-muxol-pediatrico-jarabe-x-100ml.html&cfmId=CFM-001440,1
ambroxol,ambroxol,ambroxol,,,,38,39,salcobrand,Muxol Pediátrico Ambroxol Jarabe 100ml,Muxol Pediátrico Ambroxol Jarabe 100ml,muxol|100ml,muxol|100ml|bio:unknown|brand:muxolpediatrico|var:infantil|form:fluid-oral,muxol|100ml,,infantil,fluid-oral,,,,100ml,Muxol Pediatrico,,ambroxol,structured,Muxol Pediatrico,,exact,,CFM-000997,5829,true,https://comparafarma-api.vercel.app/api/go?slug=salcobrand&matchKey=muxol%7C100ml&url=https%3A%2F%2Fsalcobrand.cl%2Fproducts%2Fmuxol-pediatrico-ambroxol-jarabe-100ml%3Fdefault_sku%3D2979220&cfmId=CFM-000997,1
ambroxol,ambroxol,ambroxol,,,,39,40,araucomed,Broncot Forte 30mg/5ml sin azucar 120 ml.,Broncot Forte 30mg/5ml sin azucar 120 ml.,broncot|120ml,broncot|120ml|bio:unknown|brand:unknown|var:forte,broncot|120ml,,forte,,,30mg/5ml,ratio,30mg/5ml,,,,unknown,,,compatible,,CFM-001431,5990,true,https://comparafarma-api.vercel.app/api/go?slug=araucomed&matchKey=broncot%7C120ml&url=https%3A%2F%2Ffarmacia.araucomed.com%2Fmucoliticos-y-expectorantes%2Fbroncot-gft-forte-30mg-5ml-sin-azucar-120ml&cfmId=CFM-001431,1
ambroxol,ambroxol,ambroxol,,,,40,41,cruz-verde,Muxol Jarabe Pediátrico Ambroxol 300 mg / 100 ml,Muxol Jarabe Pediátrico Ambroxol 300 mg / 100 ml,muxol|100ml,muxol|100ml|bio:unknown|brand:unknown|var:infantil|form:fluid-oral,muxol|100ml,,infantil,fluid-oral,,300mg/100ml,ratio,300mg/100ml,Muxol,,ambroxol,name,,,exact,,CFM-000997,6190,true,https://comparafarma-api.vercel.app/api/go?slug=cruz-verde&matchKey=muxol%7C100ml&url=https%3A%2F%2Fwww.cruzverde.cl%2Fmuxol-jarabe-pediatrico-ambroxol-300-mg-100-ml%2F6178.html&cfmId=CFM-000997,1
ambroxol,ambroxol,ambroxol,,,,41,42,ahumada,Muxol Jarabe Pediátrico Ambroxol Clorhidrato 300 mg 100 ml,Muxol Jarabe Pediátrico Ambroxol Clorhidrato 300 mg 100 ml,muxol|100ml,muxol|100ml|bio:true|brand:unknown|var:infantil|form:fluid-oral,muxol|100ml,,infantil,fluid-oral,,300mg,absolute,300mg,Muxol,,ambroxol,name,,true,exact,,CFM-000997,6190,true,https://comparafarma-api.vercel.app/api/go?slug=ahumada&matchKey=muxol%7C100ml&url=https%3A%2F%2Fwww.farmaciasahumada.cl%2Fmuxol-jarabe-pediatrico-ambroxol-clorhidrato-300-mg-100-ml-9166.html&cfmId=CFM-000997,1
ambroxol,ambroxol,ambroxol,,,,42,43,araucomed,"Broncot 7,5mg/ml gotas x 30 ml.","Broncot 7,5mg/ml gotas x 30 ml.",broncot|30ml|30,broncot|30ml|30|bio:unknown|brand:unknown|form:fluid-oral,broncot|30ml|30,,,fluid-oral,,7.5mg/1ml,ratio,7.5mg/1ml,,,,unknown,,,compatible,,CFM-001442,6490,false,https://comparafarma-api.vercel.app/api/go?slug=araucomed&matchKey=broncot%7C30ml%7C30&url=https%3A%2F%2Ffarmacia.araucomed.com%2Fmucoliticos-y-expectorantes%2Fbroncot-75mg-ml-gotas-30ml&cfmId=CFM-001442,1
ambroxol,ambroxol,ambroxol,,,,43,44,farmex,Muxol 30 mg x 20 comprimidos,Muxol 30 mg x 20 comprimidos,muxol|30mg|20,muxol|30mg|20|bio:unknown|brand:unknown|form:solid-oral,muxol|30mg|20,,,solid-oral,20,,,30mg,,,,unknown,,,compatible,,CFM-001437,6877,true,https://comparafarma-api.vercel.app/api/go?slug=farmex&matchKey=muxol%7C30mg%7C20&url=https%3A%2F%2Ffarmex.cl%2Fproducts%2Fmuxol-30-mg-x-20-comprimidos-5%3F_pos%3D5%26_psq%3Dambroxol%26_psid%3D160672eda%26_ss%3De&cfmId=CFM-001437,1
ambroxol,ambroxol,ambroxol,,,,44,45,farmex,Broncot Forte G.T.F. Jarabe 30 mg / 5 mL x 120 mL,Broncot Forte G.T.F. Jarabe 30 mg / 5 mL x 120 mL,broncot|120ml|120,broncot|120ml|120|bio:unknown|brand:abbott|var:forte|form:fluid-oral,broncot|120ml|120,,forte,fluid-oral,,30mg/5ml,ratio,30mg/5ml,,Abbott,,unknown,ABBOTT,,compatible,,CFM-001432,6990,true,https://comparafarma-api.vercel.app/api/go?slug=farmex&matchKey=broncot%7C120ml%7C120&url=https%3A%2F%2Ffarmex.cl%2Fproducts%2Fbroncot-forte-g-t-f-jarabe-30-mg-5ml%3F_pos%3D8%26_psq%3Dambroxol%26_psid%3D160672eda%26_ss%3De&cfmId=CFM-001432,1
ambroxol,ambroxol,ambroxol,,,,45,46,ahumada,Broncot Fte G.F.T. S/Azu. 30mg/5ml 120ml,Broncot Fte G.F.T. S/Azu. 30mg/5ml 120ml,broncot|120ml,broncot|120ml|bio:unknown|brand:unknown|var:fte,broncot|120ml,,fte,,,30mg/5ml,ratio,30mg/5ml,,,,unknown,,,compatible,,CFM-001431,7807,true,https://comparafarma-api.vercel.app/api/go?slug=ahumada&matchKey=broncot%7C120ml&url=https%3A%2F%2Fwww.farmaciasahumada.cl%2Fbroncot-fte-g.f.t.-s-azu.-30mg-5ml-120ml-50483.html&cfmId=CFM-001431,1
ambroxol,ambroxol,ambroxol,,,,46,47,easyfarma,"Broncot Gotas 7,5 mg/ml x...","Broncot Gotas 7,5 mg/ml x...",broncot|7.5mg,broncot|7.5mg|bio:unknown|brand:unknown|form:fluid-oral,broncot|7.5mg,,,fluid-oral,,7.5mg/1ml,ratio,7.5mg/1ml,,,,unknown,,,compatible,,CFM-001438,7990,true,https://comparafarma-api.vercel.app/api/go?slug=easyfarma&matchKey=broncot%7C7.5mg&url=https%3A%2F%2Fnuevo.easyfarma.cl%2F26341-broncot-gotas-x-30ml.html&cfmId=CFM-001438,1
ambroxol,ambroxol,ambroxol,,,,47,48,salcobrand,Broncot Ambroxol 30mg/5ml 120ml,Broncot Ambroxol 30mg/5ml 120ml,broncot|120ml,broncot|120ml|bio:unknown|brand:broncot|var:ambroxol,broncot|120ml,,ambroxol,,,30mg/5ml,ratio,30mg/5ml,Broncot,,ambroxol,structured,Broncot,,exact,,CFM-001431,8095,true,https://comparafarma-api.vercel.app/api/go?slug=salcobrand&matchKey=broncot%7C120ml&url=https%3A%2F%2Fsalcobrand.cl%2Fproducts%2Fbroncot-ambroxol-30mg-5ml-120ml%3Fdefault_sku%3D2830326&cfmId=CFM-001431,1
ambroxol,ambroxol,ambroxol,,,,48,49,cruz-verde,Mucosolvan-Dual Infantil 120Ml,Mucosolvan-Dual Infantil 120Ml,mucosolvandual|120ml,mucosolvandual|120ml|bio:unknown|brand:unknown|var:infantil,mucosolvandual|120ml,,infantil,,,,,120ml,,,,unknown,,,compatible,,CFM-000990,8290,false,https://comparafarma-api.vercel.app/api/go?slug=cruz-verde&matchKey=mucosolvandual%7C120ml&url=https%3A%2F%2Fwww.cruzverde.cl%2Fmucosolvan-dual-infantil-120ml%2F65002.html&cfmId=CFM-000990,1
ambroxol,ambroxol,ambroxol,,,,49,50,easyfarma,Broncot Pediatrico GFT...,Broncot Pediatrico GFT...,broncot,broncot|bio:unknown|brand:unknown|var:infantil,broncot,,infantil,,,,,,,,,unknown,,,compatible,,CFM-001434,8990,true,https://comparafarma-api.vercel.app/api/go?slug=easyfarma&matchKey=broncot&url=https%3A%2F%2Fnuevo.easyfarma.cl%2F24773-broncot-gft-jarabe.html&cfmId=CFM-001434,1
ambroxol,ambroxol,ambroxol,,,,50,51,ahumada,Broncot GFT 15 mg/5 mL x 120 mL Jarabe,Broncot GFT 15 mg/5 mL x 120 mL Jarabe,broncot|120ml|120,broncot|120ml|120|bio:unknown|brand:unknown|var:gft|form:fluid-oral,broncot|120ml|120,,gft,fluid-oral,,15mg/5ml,ratio,15mg/5ml,,,,unknown,,,compatible,,CFM-001432,9427,true,https://comparafarma-api.vercel.app/api/go?slug=ahumada&matchKey=broncot%7C120ml%7C120&url=https%3A%2F%2Fwww.farmaciasahumada.cl%2Fbroncot-gft-15-mg-5-ml-x-120-ml-jarabe-50485.html&cfmId=CFM-001432,1
ambroxol,ambroxol,ambroxol,,,,51,52,salcobrand,Muxol Ambroxol 20 Comprimidos,Muxol Ambroxol 20 Comprimidos,muxol|20,muxol|20|bio:unknown|brand:muxol|var:ambroxol|form:solid-oral,muxol|20,,ambroxol,solid-oral,20,,,,Muxol,,ambroxol,structured,Muxol,,exact,,CFM-001441,10031,true,https://comparafarma-api.vercel.app/api/go?slug=salcobrand&matchKey=muxol%7C20&url=https%3A%2F%2Fsalcobrand.cl%2Fproducts%2Fmuxol-ambroxol-20-comprimidos%3Fdefault_sku%3D2979200&cfmId=CFM-001441,1
ambroxol,ambroxol,ambroxol,,,,52,53,cruz-verde,Muxol Ambroxol 30 mg 20 Comprimidos,Muxol Ambroxol 30 mg 20 Comprimidos,muxol|30mg|20,muxol|30mg|20|bio:unknown|brand:unknown|var:ambroxol|form:solid-oral,muxol|30mg|20,,ambroxol,solid-oral,20,,,30mg,Muxol,,ambroxol,name,,,exact,,CFM-001437,11190,true,https://comparafarma-api.vercel.app/api/go?slug=cruz-verde&matchKey=muxol%7C30mg%7C20&url=https%3A%2F%2Fwww.cruzverde.cl%2Fmuxol-ambroxol-30-mg-20-comprimidos%2F6176.html&cfmId=CFM-001437,1
ambroxol,ambroxol,ambroxol,,,,53,54,ahumada,Broncot 7.5 mg/ml Gotas Fco. 30ml,Broncot 7.5 mg/ml Gotas Fco. 30ml,broncot|30ml,broncot|30ml|bio:unknown|brand:unknown|form:fluid-oral,broncot|30ml,,,fluid-oral,,7.5mg/1ml,ratio,7.5mg/1ml,,,,unknown,,,compatible,,CFM-001439,13402,true,https://comparafarma-api.vercel.app/api/go?slug=ahumada&matchKey=broncot%7C30ml&url=https%3A%2F%2Fwww.farmaciasahumada.cl%2Fbroncot-7.5-mg-ml-gotas-fco.-30ml-4499.html&cfmId=CFM-001439,1
ambroxol,ambroxol,ambroxol,,,,54,55,cruz-verde,Broncot GFT Pediatrico Ambroxol 15 mg/5mL Jarabe 120 mL,Broncot GFT Pediatrico Ambroxol 15 mg/5mL Jarabe 120 mL,broncot|120ml,broncot|120ml|bio:unknown|brand:unknown|var:gft|form:fluid-oral,broncot|120ml,,gft,fluid-oral,,15mg/5ml,ratio,15mg/5ml,Broncot,,ambroxol,name,,,exact,,CFM-001431,13540,true,https://comparafarma-api.vercel.app/api/go?slug=cruz-verde&matchKey=broncot%7C120ml&url=https%3A%2F%2Fwww.cruzverde.cl%2Fbroncot-gft-pediatrico-ambroxol-15-mg-5ml-jarabe-120-ml%2F256478.html&cfmId=CFM-001431,1
ambroxol,ambroxol,ambroxol,,,,55,56,salcobrand,Broncot Ambroxol Clorhidrato 7.5mg/ml Gotas 30ml,Broncot Ambroxol Clorhidrato 7.5mg/ml Gotas 30ml,broncot|30ml,broncot|30ml|bio:unknown|brand:broncot|var:ambroxol|form:fluid-oral,broncot|30ml,,ambroxol,fluid-oral,,7.5mg/1ml,ratio,7.5mg/1ml,Broncot,,ambroxol,structured,Broncot,,exact,,CFM-001439,15311,true,https://comparafarma-api.vercel.app/api/go?slug=salcobrand&matchKey=broncot%7C30ml&url=https%3A%2F%2Fsalcobrand.cl%2Fproducts%2Fbroncot-ambroxol-clorhidrato-7-5mg-ml-gotas-30ml%3Fdefault_sku%3D2836255&cfmId=CFM-001439,1
ambroxol,ambroxol,ambroxol,,,,56,57,cruz-verde,"Broncot Ambroxol 7,5 mg/mL Gotas 30 mL","Broncot Ambroxol 7,5 mg/mL Gotas 30 mL",broncot|30ml,broncot|30ml|bio:unknown|brand:unknown|var:ambroxol|form:fluid-oral,broncot|30ml,,ambroxol,fluid-oral,,7.5mg/1ml,ratio,7.5mg/1ml,Broncot,,ambroxol,name,,,exact,,CFM-001439,16990,true,https://comparafarma-api.vercel.app/api/go?slug=cruz-verde&matchKey=broncot%7C30ml&url=https%3A%2F%2Fwww.cruzverde.cl%2Fbroncot-ambroxol-7-5-mg-ml-gotas-30-ml%2F4081.html&cfmId=CFM-001439,1
amoxicilina 500mg,amoxicilina-500mg,amoxicilina,500mg,,,0,1,araucomed,Amoxicilina 500 mg x 21 cápsulas. (Mintlab),Amoxicilina 500 mg x 21 cápsulas. (Mintlab),amoxicilina|500mg|21,amoxicilina|500mg|21|bio:unknown|brand:mintlab|form:solid-oral,amoxicilina|500mg|21,,,solid-oral,21,,,500mg,,Mintlab,amoxicilina,unknown,Mintlab,,exact,exact,CFM-000884,1690,true,https://comparafarma-api.vercel.app/api/go?slug=araucomed&matchKey=amoxicilina%7C500mg%7C21&url=https%3A%2F%2Ffarmacia.araucomed.com%2Fantibioticos%2Famoxicilina-500mg-x21cap-mintlab&cfmId=CFM-000884,1
amoxicilina 500mg,amoxicilina-500mg,amoxicilina,500mg,,,1,2,ecofarmacias,Amoxicilina 500 mg x 21 cápsulas (DFM) CENABAST,Amoxicilina 500mg 21 Comprimidos,amoxicilina|500mg|21,amoxicilina|500mg|21|bio:true|brand:unknown|form:solid-oral,amoxicilina|500mg|21,,,solid-oral,21,,,500mg,,,amoxicilina,unknown,,true,exact,exact,CFM-000884,1890,true,https://comparafarma-api.vercel.app/api/go?slug=ecofarmacias&matchKey=amoxicilina%7C500mg%7C21&url=https%3A%2F%2Fwww.ecofarmacias.cl%2Fproducto%2Famoxicilina-500-mg-x-21-capsulas-dfm-cenabast%2F&cfmId=CFM-000884,2
amoxicilina 500mg,amoxicilina-500mg,amoxicilina,500mg,,,1,2,sermecoop,Amoxicilina 500mg 21 Comprimidos,Amoxicilina 500mg 21 Comprimidos,amoxicilina|500mg|21,amoxicilina|500mg|21|bio:true|brand:unknown|form:solid-oral,amoxicilina|500mg|21,,,solid-oral,21,,,500mg,,,amoxicilina,unknown,,true,exact,exact,CFM-000884,2490,false,https://comparafarma-api.vercel.app/api/go?slug=sermecoop&matchKey=amoxicilina%7C500mg%7C21&url=https%3A%2F%2Fwww.farmaciasermecoop.cl%2Findex.php%2Fonline%2Fdetalleproducto%3Fp_%3D19027%26d_%3D1&cfmId=CFM-000884,2
amoxicilina 500mg,amoxicilina-500mg,amoxicilina,500mg,,,2,3,farmex,Amoxicilina 500 mg x 21 cápsulas,Amoxicilina (B) 500mg 21 Cápsulas,amoxicilina|500mg|21,amoxicilina|500mg|21|bio:unknown|brand:unknown|form:solid-oral,amoxicilina|500mg|21,,,solid-oral,21,,,500mg,,,amoxicilina,unknown,Amoxicilina,,exact,exact,CFM-000884,2069,true,https://comparafarma-api.vercel.app/api/go?slug=farmex&matchKey=amoxicilina%7C500mg%7C21&url=https%3A%2F%2Ffarmex.cl%2Fproducts%2Famoxicilina-500-mg-x-21-capsulas-7%3F_pos%3D5%26_psq%3Damoxicilina%26_psid%3D0801a7414%26_ss%3De&cfmId=CFM-000884,3
amoxicilina 500mg,amoxicilina-500mg,amoxicilina,500mg,,,2,3,cruz-verde,Amoxicilina 500 mg 21 Cápsulas,Amoxicilina (B) 500mg 21 Cápsulas,amoxicilina|500mg|21,amoxicilina|500mg|21|bio:unknown|brand:unknown|form:solid-oral,amoxicilina|500mg|21,,,solid-oral,21,,,500mg,,,amoxicilina,unknown,Amoxicilina,,exact,exact,CFM-000884,4990,true,https://comparafarma-api.vercel.app/api/go?slug=cruz-verde&matchKey=amoxicilina%7C500mg%7C21&url=https%3A%2F%2Fwww.cruzverde.cl%2Famoxicilina-500-mg-21-capsulas%2F296838.html&cfmId=CFM-000884,3
amoxicilina 500mg,amoxicilina-500mg,amoxicilina,500mg,,,2,3,salcobrand,Amoxicilina (B) 500mg 21 Cápsulas,Amoxicilina (B) 500mg 21 Cápsulas,amoxicilina|500mg|21,amoxicilina|500mg|21|bio:unknown|brand:unknown|form:solid-oral,amoxicilina|500mg|21,,,solid-oral,21,,,500mg,,,amoxicilina,unknown,Amoxicilina,,exact,exact,CFM-000884,5015,true,https://comparafarma-api.vercel.app/api/go?slug=salcobrand&matchKey=amoxicilina%7C500mg%7C21&url=https%3A%2F%2Fsalcobrand.cl%2Fproducts%2Fopko-amoxicilina-b-500mg-21-capsulas%3Fdefault_sku%3D1763363&cfmId=CFM-000884,3
amoxicilina 500mg,amoxicilina-500mg,amoxicilina,500mg,,,3,4,dr-simi,Amoxicilina 500 mg 21 cápsulas,Amoxicilina 500 mg 21 cápsulas,amoxicilina|500mg|21,amoxicilina|500mg|21|bio:true|brand:opko|form:solid-oral,amoxicilina|500mg|21,,,solid-oral,21,,,500mg,,Opko,amoxicilina,unknown,OPKO,true,exact,exact,CFM-000884,2100,true,https://comparafarma-api.vercel.app/api/go?slug=dr-simi&matchKey=amoxicilina%7C500mg%7C21&url=https%3A%2F%2Fwww.drsimi.cl%2Famoxicilina-500-mg-21-capsulas%2Fp&cfmId=CFM-000884,1
amoxicilina 500mg,amoxicilina-500mg,amoxicilina,500mg,,,4,5,farmex,Amoxicilina 500 mg  x 21 Capsulas,Amoxicilina 500 mg  x 21 Capsulas,amoxicilina|500mg|21,amoxicilina|500mg|21|bio:unknown|brand:dfmpharma|form:solid-oral,amoxicilina|500mg|21,,,solid-oral,21,,,500mg,,DFM Pharma,amoxicilina,unknown,DFM Pharma,,exact,exact,CFM-000884,2990,true,https://comparafarma-api.vercel.app/api/go?slug=farmex&matchKey=amoxicilina%7C500mg%7C21&url=https%3A%2F%2Ffarmex.cl%2Fproducts%2Famoxicilina-500-mg-x-21-capsulas-8%3F_pos%3D10%26_psq%3Damoxicilina%26_psid%3D0801a7414%26_ss%3De&cfmId=CFM-000884,1
amoxicilina 500mg,amoxicilina-500mg,amoxicilina,500mg,,,5,6,easyfarma,Amoxicilina 500 mg 21 Caps....,Amoxicilina 500 mg 21 Caps....,amoxicilina|500mg,amoxicilina|500mg|bio:unknown|brand:mintlab|form:solid-oral,amoxicilina|500mg,,,solid-oral,21,,,500mg,,,amoxicilina,unknown,,,exact,exact,CFM-001242,2990,true,https://comparafarma-api.vercel.app/api/go?slug=easyfarma&matchKey=amoxicilina%7C500mg&url=https%3A%2F%2Fnuevo.easyfarma.cl%2F41837-amoxicilina-500mg-x-21-caps-lab-mintlab.html&cfmId=CFM-001242,1
amoxicilina 500mg,amoxicilina-500mg,amoxicilina,500mg,,,6,7,farmex,Amoxicilina 500 mg x 21 comprimidos,Amoxicilina 500 mg x 21 comprimidos,amoxicilina|500mg|21,amoxicilina|500mg|21|bio:unknown|brand:curaespring|form:solid-oral,amoxicilina|500mg|21,,,solid-oral,21,,,500mg,,Curae Spring,amoxicilina,unknown,Curae Spring,,exact,exact,CFM-000884,3190,true,https://comparafarma-api.vercel.app/api/go?slug=farmex&matchKey=amoxicilina%7C500mg%7C21&url=https%3A%2F%2Ffarmex.cl%2Fproducts%2Famoxicilina-500-mg-x-21-comprimidos%3F_pos%3D4%26_psq%3Damoxicilina%26_psid%3D0801a7414%26_ss%3De&cfmId=CFM-000884,1
amoxicilina 500mg,amoxicilina-500mg,amoxicilina,500mg,,,7,8,farmex,Amoxicilina 500 mg + Acido Clavulánico 125 mg x 20 Comp,Amoxicilina 500 mg + Acido Clavulánico 125 mg x 20 Comp,amoxicilina|500mg|20,amoxicilina|500mg|20|bio:unknown|brand:curaespring|combo:acido|form:solid-oral,amoxicilina|500mg|20,acido,,solid-oral,20,,,500mg,,Curaespring,,unknown,CURAESPRING,,exact,exact,CFM-000866,5590,true,https://comparafarma-api.vercel.app/api/go?slug=farmex&matchKey=amoxicilina%7C500mg%7C20&url=https%3A%2F%2Ffarmex.cl%2Fproducts%2Famoxicilina-500-mg-acido-clavulanico-125-mg-x-20-comp%3F_pos%3D2%26_psq%3Damoxicilina%26_psid%3D0801a7414%26_ss%3De&cfmId=CFM-000866,1
amoxicilina 500mg,amoxicilina-500mg,amoxicilina,500mg,,,8,9,dr-simi,Amoxicilina 500 mg ácido clavulánico 125 mg 20 comprimidos recubiertos,Amoxicilina 500 mg ácido clavulánico 125 mg 20 comprimidos recubiertos,amoxicilina|500mg|20,amoxicilina|500mg|20|bio:true|brand:ascend|form:solid-oral,amoxicilina|500mg|20,,,solid-oral,20,,,500mg,,Ascend,amoxicilina,unknown,ASCEND,true,exact,exact,CFM-000866,5850,true,https://comparafarma-api.vercel.app/api/go?slug=dr-simi&matchKey=amoxicilina%7C500mg%7C20&url=https%3A%2F%2Fwww.drsimi.cl%2Famoxicilina-acido-clavulanico-500-125-comprimidos-recubiertos%2Fp&cfmId=CFM-000866,1
amoxicilina 500mg,amoxicilina-500mg,amoxicilina,500mg,,,9,10,farmex,Amoxicilina + Ácido Clavulánico 500 mg / 125 mg x 20 comprimidos,Amoxicilina + Ácido Clavulánico 500 mg / 125 mg x 20 comprimidos,amoxicilina|500mg|20,amoxicilina|500mg|20|bio:unknown|brand:ascend|combo:acido|form:solid-oral,amoxicilina|500mg|20,acido,,solid-oral,20,,,500mg,,Ascend,,unknown,ASCEND,,exact,exact,CFM-000866,5895,true,https://comparafarma-api.vercel.app/api/go?slug=farmex&matchKey=amoxicilina%7C500mg%7C20&url=https%3A%2F%2Ffarmex.cl%2Fproducts%2Famoxicilina-acido-clavulanico-500-125-mg-x-20-comprimidos-recubiertos%3F_pos%3D3%26_psq%3Damoxicilina%26_psid%3D0801a7414%26_ss%3De&cfmId=CFM-000866,1
amoxicilina 500mg,amoxicilina-500mg,amoxicilina,500mg,,,10,11,sermecoop,Amoxicilina 500mg/acido Clavulanico 125mg 20 Comprimidos Ethon,Amoxicilina 500mg/acido Clavulanico 125mg 20 Comprimidos Ethon,amoxicilina|500mg|20,amoxicilina|500mg|20|bio:true|brand:unknown|combo:acido|form:solid-oral,amoxicilina|500mg|20,acido,,solid-oral,20,,,500mg,,,,unknown,,true,exact,exact,CFM-000866,6890,false,https://comparafarma-api.vercel.app/api/go?slug=sermecoop&matchKey=amoxicilina%7C500mg%7C20&url=https%3A%2F%2Fwww.farmaciasermecoop.cl%2Findex.php%2Fonline%2Fdetalleproducto%3Fp_%3D1716%26d_%3D1&cfmId=CFM-000866,1
amoxicilina 500mg,amoxicilina-500mg,amoxicilina,500mg,,,11,12,cruz-verde,Amoxicilina 500 mg + Acido Clavulánico 125 mg 20 Comprimidos,Amoxicilina 500 mg + Acido Clavulánico 125 mg 20 Comprimidos,amoxicilina|500mg|20,amoxicilina|500mg|20|bio:unknown|brand:unknown|combo:acido|form:solid-oral,amoxicilina|500mg|20,acido,,solid-oral,20,,,500mg,,,,unknown,,,exact,exact,CFM-000866,8990,true,https://comparafarma-api.vercel.app/api/go?slug=cruz-verde&matchKey=amoxicilina%7C500mg%7C20&url=https%3A%2F%2Fwww.cruzverde.cl%2Famoxicilina-500-mg-acido-clavulanico-125-mg-20-comprimidos%2F275149.html&cfmId=CFM-000866,1
amoxicilina 500mg,amoxicilina-500mg,amoxicilina,500mg,,,12,13,sermecoop,Amoval (amoxicilina) 500mg 21 Comprimidos,Amoval Amoxicilina 500 mg 21 Comprimidos,amoval|500mg|21,amoval|500mg|21|bio:unknown|brand:unknown|form:solid-oral,amoval|500mg|21,,,solid-oral,21,,,500mg,Amoval,,amoxicilina,name,,,exact,exact,CFM-000932,15390,true,https://comparafarma-api.vercel.app/api/go?slug=sermecoop&matchKey=amoval%7C500mg%7C21&url=https%3A%2F%2Fwww.farmaciasermecoop.cl%2Findex.php%2Fonline%2Fdetalleproducto%3Fp_%3D20450%26d_%3D1&cfmId=CFM-000932,2
amoxicilina 500mg,amoxicilina-500mg,amoxicilina,500mg,,,12,13,cruz-verde,Amoval Amoxicilina 500 mg 21 Comprimidos,Amoval Amoxicilina 500 mg 21 Comprimidos,amoval|500mg|21,amoval|500mg|21|bio:unknown|brand:unknown|form:solid-oral,amoval|500mg|21,,,solid-oral,21,,,500mg,Amoval,,amoxicilina,name,,,exact,exact,CFM-000932,28240,true,https://comparafarma-api.vercel.app/api/go?slug=cruz-verde&matchKey=amoval%7C500mg%7C21&url=https%3A%2F%2Fwww.cruzverde.cl%2Famoval-amoxicilina-500-mg-21-comprimidos%2F6093.html&cfmId=CFM-000932,2
amoxicilina 500mg,amoxicilina-500mg,amoxicilina,500mg,,,13,14,ahumada,AMOVAL Amoxicilina 500 mg 21 comprimidos,AMOVAL Amoxicilina 500 mg 21 comprimidos,amoval|500mg|21,amoval|500mg|21|bio:true|brand:unknown|form:solid-oral,amoval|500mg|21,,,solid-oral,21,,,500mg,AMOVAL,,amoxicilina,name,,true,exact,exact,CFM-000932,22274,true,https://comparafarma-api.vercel.app/api/go?slug=ahumada&matchKey=amoval%7C500mg%7C21&url=https%3A%2F%2Fwww.farmaciasahumada.cl%2Famoval-amoxicilina-500-mg-21-comprimidos-11172.html&cfmId=CFM-000932,1
amoxicilina 500mg,amoxicilina-500mg,amoxicilina,500mg,,,14,15,ecofarmacias,"Amoxicilina / Ácido Clavulánico 250/62,5 Polvo Para Suspensión Oral","Amoxicilina / Ácido Clavulánico 250/62,5 Polvo Para Suspensión Oral",amoxicilina,amoxicilina|bio:unknown|brand:unknown|combo:acido|form:fluid-oral,amoxicilina,acido,,fluid-oral,,,,,,,,unknown,,,exact,unknown,CFM-000907,2690,false,https://comparafarma-api.vercel.app/api/go?slug=ecofarmacias&matchKey=amoxicilina&url=https%3A%2F%2Fwww.ecofarmacias.cl%2Fproducto%2Famoxicilina-acido-clavulanico-250-625-polvo-para-suspension-oral%2F&cfmId=CFM-000907,1
amoxicilina 500mg,amoxicilina-500mg,amoxicilina,500mg,,,15,16,ecofarmacias,Amoxicilina+Acido Clavulanico Clav 500/125  X 20 Comprimidos Recubiertos (Cenabast),Amoxicilina+Acido Clavulanico Clav 500/125  X 20 Comprimidos Recubiertos (Cenabast),amoxicilina|20,amoxicilina|20|bio:true|brand:unknown|combo:acido|form:solid-oral,amoxicilina|20,acido,,solid-oral,20,,,,,,,unknown,,true,exact,unknown,CFM-000803,4980,true,https://comparafarma-api.vercel.app/api/go?slug=ecofarmacias&matchKey=amoxicilina%7C20&url=https%3A%2F%2Fwww.ecofarmacias.cl%2Fproducto%2Famoxicilinaacido-clavulanico-clav-500-125-x-20-comprimidos-recubiertos-cenabast%2F&cfmId=CFM-000803,1
amoxicilina 500mg,amoxicilina-500mg,amoxicilina,500mg,,,16,17,araucomed,Amoxicilina Acido Clavulanico 500/125 x 20 comprimidos (Ascend),Amoxicilina Acido Clavulanico 500/125 x 20 comprimidos (Ascend),amoxicilina|20,amoxicilina|20|bio:unknown|brand:ascend|form:solid-oral,amoxicilina|20,,,solid-oral,20,,,,,Ascend,amoxicilina,unknown,Ascend,,exact,unknown,CFM-000803,4990,true,https://comparafarma-api.vercel.app/api/go?slug=araucomed&matchKey=amoxicilina%7C20&url=https%3A%2F%2Ffarmacia.araucomed.com%2Fantibioticos%2Famoxicilina-acido-clavulanico-500-125-x-20-comprimidos-ascend&cfmId=CFM-000803,1
amoxicilina 500mg,amoxicilina-500mg,amoxicilina,500mg,,,17,18,araucomed,Medoclav 875/125 x 14 comprimidos. (Pharmatech),Medoclav 875/125 x 14 comprimidos. (Pharmatech),medoclav|14,medoclav|14|bio:unknown|brand:pharmatech|form:solid-oral,medoclav|14,,,solid-oral,14,,,,,Pharmatech,,unknown,Pharmatech,,compatible,unknown,CFM-000897,4990,true,https://comparafarma-api.vercel.app/api/go?slug=araucomed&matchKey=medoclav%7C14&url=https%3A%2F%2Ffarmacia.araucomed.com%2Fantibioticos%2Fmedoclav-875-125-x-14-comprimidos-pharmatech&cfmId=CFM-000897,1
amoxicilina 500mg,amoxicilina-500mg,amoxicilina,500mg,,,18,19,easyfarma,Amoxicilina/Acido...,Amoxicilina/Acido...,amoxicilina,amoxicilina|bio:unknown|brand:unknown|combo:acido,amoxicilina,acido,,,,,,,,,,unknown,,,exact,unknown,CFM-000907,7490,true,https://comparafarma-api.vercel.app/api/go?slug=easyfarma&matchKey=amoxicilina&url=https%3A%2F%2Fnuevo.easyfarma.cl%2F102872-amoxicilina-acido-clavulanico-400mg-57mg-70-ml.html&cfmId=CFM-000907,1
amoxicilina 500mg,amoxicilina-500mg,amoxicilina,500mg,,,19,20,easyfarma,Amoxicilina + Acido...,Amoxicilina + Acido...,amoxicilina,amoxicilina|bio:unknown|brand:ascend|combo:acido,amoxicilina,acido,,,,,,,,,,unknown,,,exact,unknown,CFM-000907,7990,true,https://comparafarma-api.vercel.app/api/go?slug=easyfarma&matchKey=amoxicilina&url=https%3A%2F%2Fnuevo.easyfarma.cl%2F103308-amoxicilina-acido-clavulanico-500-125-x-20-comp-lab-ascend.html&cfmId=CFM-000907,1
amoxicilina 500mg,amoxicilina-500mg,amoxicilina,500mg,,,20,21,easyfarma,Amoxicilina + Ac...,Amoxicilina + Ac...,amoxicilina,amoxicilina|bio:unknown|brand:unknown|var:ac,amoxicilina,,ac,,,,,,,,amoxicilina,unknown,,,exact,unknown,CFM-000907,10490,true,https://comparafarma-api.vercel.app/api/go?slug=easyfarma&matchKey=amoxicilina&url=https%3A%2F%2Fnuevo.easyfarma.cl%2F32716-amoxicilina-acido-clavulanico-875-125-mg-x-20.html&cfmId=CFM-000907,1
amoxicilina 500mg,amoxicilina-500mg,amoxicilina,500mg,,,21,22,salcobrand,Amoxicilina / Ácido Clavulánico (B) 875/125 14 Comprimidos Recubiertos,Amoxicilina / Ácido Clavulánico (B) 875/125 14 Comprimidos Recubiertos,amoxicilina|14,amoxicilina|14|bio:unknown|brand:unknown|combo:acido|form:solid-oral,amoxicilina|14,acido,,solid-oral,14,,,,,,,unknown,Amoxicilina / Ácido Clavulánico,,exact,unknown,CFM-000893,10823,true,https://comparafarma-api.vercel.app/api/go?slug=salcobrand&matchKey=amoxicilina%7C14&url=https%3A%2F%2Fsalcobrand.cl%2Fproducts%2Fopko-amoxicilina-acido-clavulanico-b-875-125-14-comprimidos-recubiertos%3Fdefault_sku%3D1768030&cfmId=CFM-000893,1
amoxicilina 500mg,amoxicilina-500mg,amoxicilina,500mg,,,22,23,salcobrand,Amoxicilina / Acido Clavulánico (B) 500/125 20 Comprimidos Recubiertos,Amoxicilina / Acido Clavulánico (B) 500/125 20 Comprimidos Recubiertos,amoxicilina|20,amoxicilina|20|bio:unknown|brand:unknown|combo:acido|form:solid-oral,amoxicilina|20,acido,,solid-oral,20,,,,,,,unknown,Amoxicilina+Clavulanico,,exact,unknown,CFM-000803,11527,true,https://comparafarma-api.vercel.app/api/go?slug=salcobrand&matchKey=amoxicilina%7C20&url=https%3A%2F%2Fsalcobrand.cl%2Fproducts%2Famoxicilina-acido-clavulanico-b-500-125-20-comprimidos-recubiertos%3Fdefault_sku%3D1763275&cfmId=CFM-000803,1
amoxicilina 500mg,amoxicilina-500mg,amoxicilina,500mg,,,23,24,salcobrand,Maximox (B) 875/125 Amoxicilina / ícido Clavulánico 14 Comprimidos Recubiertos,Maximox (B) 875/125 Amoxicilina / ícido Clavulánico 14 Comprimidos Recubiertos,maximox|14,maximox|14|bio:unknown|brand:maximox|var:cido|form:solid-oral,maximox|14,,cido,solid-oral,14,,,,Maximox,,amoxicilina,structured,Maximox,,exact,unknown,CFM-000919,12282,true,https://comparafarma-api.vercel.app/api/go?slug=salcobrand&matchKey=maximox%7C14&url=https%3A%2F%2Fsalcobrand.cl%2Fproducts%2Facido-clavulanico-125mg-amoxicilina-875mg-oral-solido-83a0ca42-b9c7-4c3b-b584-25d831bd287e%3Fdefault_sku%3D2501113&cfmId=CFM-000919,1
amoxicilina 500mg,amoxicilina-500mg,amoxicilina,500mg,,,24,25,salcobrand,Maximox (B) 875/125 Amoxicilina / ícido Clavulánico 20 Comprimidos Recubiertos,Maximox (B) 875/125 Amoxicilina / ícido Clavulánico 20 Comprimidos Recubiertos,maximox|20,maximox|20|bio:unknown|brand:maximox|var:cido|form:solid-oral,maximox|20,,cido,solid-oral,20,,,,Maximox,,amoxicilina,structured,Maximox,,exact,unknown,CFM-000917,15959,true,https://comparafarma-api.vercel.app/api/go?slug=salcobrand&matchKey=maximox%7C20&url=https%3A%2F%2Fsalcobrand.cl%2Fproducts%2Facido-clavulanico-125mg-amoxicilina-875mg-oral-solido-717e7b95-7249-428c-b210-d0853378111c%3Fdefault_sku%3D2501114&cfmId=CFM-000917,1
amoxicilina 500mg,amoxicilina-500mg,amoxicilina,500mg,,,25,26,salcobrand,Clavam Duo (B) Amoxicilina / ícido Clavulánico 875/125 14 Comprimidos Recubiertos,Clavam Duo (B) Amoxicilina / ícido Clavulánico 875/125 14 Comprimidos Recubiertos,clavam|14,clavam|14|bio:unknown|brand:clavamduo|var:duo|form:solid-oral,clavam|14,,duo,solid-oral,14,,,,Clavam Duo,,amoxicilina,structured,Clavam Duo,,exact,unknown,CFM-000928,22791,true,https://comparafarma-api.vercel.app/api/go?slug=salcobrand&matchKey=clavam%7C14&url=https%3A%2F%2Fsalcobrand.cl%2Fproducts%2Facido-clavulanico-125mg-amoxicilina-875mg-oral-solido-557ff42a-e4f7-41e5-afa0-b21c0e4e3a55%3Fdefault_sku%3D3402056&cfmId=CFM-000928,1
amoxicilina 500mg,amoxicilina-500mg,amoxicilina,500mg,,,26,27,salcobrand,Clavam Duo (B) Amoxicilina / ícido Clavulánico 875/125 20 Comprimidos Recubiertos,Clavam Duo (B) Amoxicilina / ícido Clavulánico 875/125 20 Comprimidos Recubiertos,clavam|20,clavam|20|bio:unknown|brand:clavamduo|var:duo|form:solid-oral,clavam|20,,duo,solid-oral,20,,,,Clavam Duo,,amoxicilina,structured,Clavam Duo,,exact,unknown,CFM-000929,25343,true,https://comparafarma-api.vercel.app/api/go?slug=salcobrand&matchKey=clavam%7C20&url=https%3A%2F%2Fsalcobrand.cl%2Fproducts%2Facido-clavulanico-125mg-amoxicilina-875mg-oral-solido-173dd599-892c-4243-923c-7305fe1fdf4b%3Fdefault_sku%3D3402057&cfmId=CFM-000929,1
amoxicilina 500mg,amoxicilina-500mg,amoxicilina,500mg,,,27,28,ahumada,Ambilan Bid 875/125 20 Comprimidos Recubiertos,Ambilan Bid 875/125 20 Comprimidos Recubiertos,ambilan|20,ambilan|20|bio:true|brand:unknown|var:bid|form:solid-oral,ambilan|20,,bid,solid-oral,20,,,,,,,unknown,,true,compatible,unknown,CFM-001236,27509,true,https://comparafarma-api.vercel.app/api/go?slug=ahumada&matchKey=ambilan%7C20&url=https%3A%2F%2Fwww.farmaciasahumada.cl%2Fambilan-bid-875-125-20-comprimidos-recubiertos-94711.html&cfmId=CFM-001236,1
amoxicilina 500mg,amoxicilina-500mg,amoxicilina,500mg,,,28,29,salcobrand,Clavinex Duo CD Amoxicilina / Ácido Clavulánico 14 Comprimidos Dispersables,Clavinex Duo CD Amoxicilina / Ácido Clavulánico 14 Comprimidos Dispersables,clavinex|14,clavinex|14|bio:unknown|brand:clavinexduo|combo:acido|form:solid-oral,clavinex|14,acido,,solid-oral,14,,,,Clavinex Duo,,,structured,Clavinex Duo,,exact,unknown,CFM-000940,31679,true,https://comparafarma-api.vercel.app/api/go?slug=salcobrand&matchKey=clavinex%7C14&url=https%3A%2F%2Fsalcobrand.cl%2Fproducts%2Fclavinex-duo-cd-amoxicilina-acido-clavulanico-14-comprimidos-dispersables%3Fdefault_sku%3D2974206&cfmId=CFM-000940,1
amoxicilina 500mg,amoxicilina-500mg,amoxicilina,500mg,,,29,30,sermecoop,Amoxicilina 250 Mg/5 Ml Jarabe X 60 Ml,Amoxicilina 250 Mg/5 Ml Jarabe X 60 Ml,amoxicilina|60ml|60,amoxicilina|60ml|60|bio:unknown|brand:unknown|form:fluid-oral,amoxicilina|60ml|60,,,fluid-oral,,250mg/5ml,ratio,250mg/5ml,,,amoxicilina,unknown,,,exact,other,CFM-000880,1390,false,https://comparafarma-api.vercel.app/api/go?slug=sermecoop&matchKey=amoxicilina%7C60ml%7C60&url=https%3A%2F%2Fwww.farmaciasermecoop.cl%2Findex.php%2Fonline%2Fdetalleproducto%3Fp_%3D19997%26d_%3D1&cfmId=CFM-000880,1
amoxicilina 500mg,amoxicilina-500mg,amoxicilina,500mg,,,30,31,sermecoop,Amoxicilina 250mg/5ml Suspensión Oral 60ml,Amoxicilina 250mg/5ml Jarabe 60ml,amoxicilina|60ml,amoxicilina|60ml|bio:unknown|brand:unknown|form:fluid-oral,amoxicilina|60ml,,,fluid-oral,,250mg/5ml,ratio,250mg/5ml,,,amoxicilina,unknown,Amoxicilina,,exact,other,CFM-000905,1590,false,https://comparafarma-api.vercel.app/api/go?slug=sermecoop&matchKey=amoxicilina%7C60ml&url=https%3A%2F%2Fwww.farmaciasermecoop.cl%2Findex.php%2Fonline%2Fdetalleproducto%3Fp_%3D1713%26d_%3D1&cfmId=CFM-000905,4
amoxicilina 500mg,amoxicilina-500mg,amoxicilina,500mg,,,30,31,ahumada,Amoxicilina 250 mg/5 mL susp. Frasco 60 mL,Amoxicilina 250mg/5ml Jarabe 60ml,amoxicilina|60ml,amoxicilina|60ml|bio:unknown|brand:unknown|form:fluid-oral,amoxicilina|60ml,,,fluid-oral,,250mg/5ml,ratio,250mg/5ml,,,amoxicilina,unknown,Amoxicilina,,exact,other,CFM-000905,1649,true,https://comparafarma-api.vercel.app/api/go?slug=ahumada&matchKey=amoxicilina%7C60ml&url=https%3A%2F%2Fwww.farmaciasahumada.cl%2Famoxicilina-250-mg-5-ml-susp.-frasco-60-ml-94434.html&cfmId=CFM-000905,4
amoxicilina 500mg,amoxicilina-500mg,amoxicilina,500mg,,,30,31,salcobrand,Amoxicilina 250mg/5ml Jarabe 60ml,Amoxicilina 250mg/5ml Jarabe 60ml,amoxicilina|60ml,amoxicilina|60ml|bio:unknown|brand:unknown|form:fluid-oral,amoxicilina|60ml,,,fluid-oral,,250mg/5ml,ratio,250mg/5ml,,,amoxicilina,unknown,Amoxicilina,,exact,other,CFM-000905,2815,true,https://comparafarma-api.vercel.app/api/go?slug=salcobrand&matchKey=amoxicilina%7C60ml&url=https%3A%2F%2Fsalcobrand.cl%2Fproducts%2Famoxicilina-250mg-5ml-jarabe-60ml%3Fdefault_sku%3D590259&cfmId=CFM-000905,4
amoxicilina 500mg,amoxicilina-500mg,amoxicilina,500mg,,,30,31,cruz-verde,Amoxicilina 250 mg/5mL Jarabe 60 mL,Amoxicilina 250mg/5ml Jarabe 60ml,amoxicilina|60ml,amoxicilina|60ml|bio:unknown|brand:unknown|form:fluid-oral,amoxicilina|60ml,,,fluid-oral,,250mg/5ml,ratio,250mg/5ml,,,amoxicilina,unknown,Amoxicilina,,exact,other,CFM-000905,3290,true,https://comparafarma-api.vercel.app/api/go?slug=cruz-verde&matchKey=amoxicilina%7C60ml&url=https%3A%2F%2Fwww.cruzverde.cl%2Famoxicilina-250-mg-5ml-jarabe-60-ml%2F199013.html&cfmId=CFM-000905,4
amoxicilina 500mg,amoxicilina-500mg,amoxicilina,500mg,,,31,32,dr-simi,Amoxicilina 250 mg/5 mL polvo para suspensión oral 60 mL,Amoxicilina 250 mg/5 mL polvo para suspensión oral 60 mL,amoxicilina|60ml,amoxicilina|60ml|bio:false|brand:hospifarma|form:fluid-oral,amoxicilina|60ml,,,fluid-oral,,250mg/5ml,ratio,250mg/5ml,,Hospifarma,amoxicilina,unknown,HOSPIFARMA,false,exact,other,CFM-000905,1650,true,https://comparafarma-api.vercel.app/api/go?slug=dr-simi&matchKey=amoxicilina%7C60ml&url=https%3A%2F%2Fwww.drsimi.cl%2Famoxicilina-250-mg-5ml-suspension-60-ml%2Fp&cfmId=CFM-000905,1
amoxicilina 500mg,amoxicilina-500mg,amoxicilina,500mg,,,32,33,farmex,Amoxicilina 750 mg x 10 comprimidos,Amoxicilina 750 mg x 10 comprimidos,amoxicilina|750mg|10,amoxicilina|750mg|10|bio:unknown|brand:mintlab|form:solid-oral,amoxicilina|750mg|10,,,solid-oral,10,,,750mg,,Mintlab,amoxicilina,unknown,MINTLAB,,exact,other,CFM-000885,1690,true,https://comparafarma-api.vercel.app/api/go?slug=farmex&matchKey=amoxicilina%7C750mg%7C10&url=https%3A%2F%2Ffarmex.cl%2Fproducts%2Famoxicilina-comprimidos%3F_pos%3D9%26_psq%3Damoxicilina%26_psid%3D0801a7414%26_ss%3De&cfmId=CFM-000885,1
amoxicilina 500mg,amoxicilina-500mg,amoxicilina,500mg,,,33,34,dr-simi,Amoxicilina 500 mg/5 mL polvo para suspensión oral 60 mL,Amoxicilina 500 mg/5 mL polvo para suspensión oral 60 mL,amoxicilina|60ml,amoxicilina|60ml|bio:false|brand:opko|form:fluid-oral,amoxicilina|60ml,,,fluid-oral,,500mg/5ml,ratio,500mg/5ml,,Opko,amoxicilina,unknown,OPKO,false,exact,other,CFM-000905,1800,true,https://comparafarma-api.vercel.app/api/go?slug=dr-simi&matchKey=amoxicilina%7C60ml&url=https%3A%2F%2Fwww.drsimi.cl%2Famoxicilina-500-mg-5ml-suspension-60-ml%2Fp&cfmId=CFM-000905,1
amoxicilina 500mg,amoxicilina-500mg,amoxicilina,500mg,,,34,35,easyfarma,Amoxicilina 250 mg/5ml 60...,Amoxicilina 250 mg/5ml 60...,amoxicilina|5ml,amoxicilina|5ml|bio:unknown|brand:curaespring,amoxicilina|5ml,,,,,250mg/5ml,ratio,250mg/5ml,,,amoxicilina,unknown,,,exact,other,CFM-001241,1990,true,https://comparafarma-api.vercel.app/api/go?slug=easyfarma&matchKey=amoxicilina%7C5ml&url=https%3A%2F%2Fnuevo.easyfarma.cl%2F102869-amoxicilina-250-mg-5ml-60-ml-curaespring.html&cfmId=CFM-001241,1
amoxicilina 500mg,amoxicilina-500mg,amoxicilina,500mg,,,35,36,easyfarma,Amoxicilina 250mg/5ml x 60 ml,Amoxicilina 250mg/5ml x 60 ml,amoxicilina|60ml|60,amoxicilina|60ml|60|bio:unknown|brand:unknown,amoxicilina|60ml|60,,,,,250mg/5ml,ratio,250mg/5ml,,,amoxicilina,unknown,,,exact,other,CFM-000880,1990,true,https://comparafarma-api.vercel.app/api/go?slug=easyfarma&matchKey=amoxicilina%7C60ml%7C60&url=https%3A%2F%2Fnuevo.easyfarma.cl%2F32707-amoxicilina-250mg-5ml.html&cfmId=CFM-000880,1
amoxicilina 500mg,amoxicilina-500mg,amoxicilina,500mg,,,36,37,easyfarma,Amoxicilina 750 Mg 10 Comp...,Amoxicilina 750 Mg 10 Comp...,amoxicilina|750mg|10,amoxicilina|750mg|10|bio:unknown|brand:milab|form:solid-oral,amoxicilina|750mg|10,,,solid-oral,10,,,750mg,,,amoxicilina,unknown,,,exact,other,CFM-000885,1990,true,https://comparafarma-api.vercel.app/api/go?slug=easyfarma&matchKey=amoxicilina%7C750mg%7C10&url=https%3A%2F%2Fnuevo.easyfarma.cl%2F102790-amoxicilina-750-mg-10-comp-lab-milab.html&cfmId=CFM-000885,1
amoxicilina 500mg,amoxicilina-500mg,amoxicilina,500mg,,,37,38,ecofarmacias,Amoxicilina 250 mg/5 ml 60 ml (CuraeSpring),Amoxicilina 250 mg/5 ml 60 ml (CuraeSpring),amoxicilina|60ml,amoxicilina|60ml|bio:true|brand:unknown,amoxicilina|60ml,,,,,250mg/5ml,ratio,250mg/5ml,,,amoxicilina,unknown,,true,exact,other,CFM-000905,2100,false,https://comparafarma-api.vercel.app/api/go?slug=ecofarmacias&matchKey=amoxicilina%7C60ml&url=https%3A%2F%2Fwww.ecofarmacias.cl%2Fproducto%2Famoxicilina-250-mg-5-ml-60-ml-curaespring%2F&cfmId=CFM-000905,1
amoxicilina 500mg,amoxicilina-500mg,amoxicilina,500mg,,,38,39,ahumada,Amoxicilina 750 mg Caja 10 Comp. MINTLAB CO SA,Amoxicilina 750 mg Caja 10 Comp. MINTLAB CO SA,amoxicilina|750mg|10,amoxicilina|750mg|10|bio:true|brand:unknown|form:solid-oral,amoxicilina|750mg|10,,,solid-oral,10,,,750mg,,,amoxicilina,unknown,,true,exact,other,CFM-000885,2189,true,https://comparafarma-api.vercel.app/api/go?slug=ahumada&matchKey=amoxicilina%7C750mg%7C10&url=https%3A%2F%2Fwww.farmaciasahumada.cl%2Famoxicilina-750-mg-caja-10-comp.-mintlab-co-sa-86720.html&cfmId=CFM-000885,1
amoxicilina 500mg,amoxicilina-500mg,amoxicilina,500mg,,,39,40,dr-simi,Amoxicilina 750 mg 10 comprimidos,Amoxicilina 750 mg 10 comprimidos,amoxicilina|750mg|10,amoxicilina|750mg|10|bio:true|brand:milab|form:solid-oral,amoxicilina|750mg|10,,,solid-oral,10,,,750mg,,Milab,amoxicilina,unknown,MILAB,true,exact,other,CFM-000885,2190,true,https://comparafarma-api.vercel.app/api/go?slug=dr-simi&matchKey=amoxicilina%7C750mg%7C10&url=https%3A%2F%2Fwww.drsimi.cl%2Famoxicilina-750-mg-10-comprimidos%2Fp&cfmId=CFM-000885,1
amoxicilina 500mg,amoxicilina-500mg,amoxicilina,500mg,,,40,41,easyfarma,Amoxicilina 500 mg/5mL...,Amoxicilina 500 mg/5mL...,amoxicilina|5ml,amoxicilina|5ml|bio:unknown|brand:unknown,amoxicilina|5ml,,,,,500mg/5ml,ratio,500mg/5ml,,,amoxicilina,unknown,,,exact,other,CFM-001241,2990,true,https://comparafarma-api.vercel.app/api/go?slug=easyfarma&matchKey=amoxicilina%7C5ml&url=https%3A%2F%2Fnuevo.easyfarma.cl%2F26106-amoxicilina-500mg-susp-60-ml.html&cfmId=CFM-001241,1
amoxicilina 500mg,amoxicilina-500mg,amoxicilina,500mg,,,41,42,easyfarma,Amoxicilina 500mg/5ml 60 Ml...,Amoxicilina 500mg/5ml 60 Ml...,amoxicilina|60ml,amoxicilina|60ml|bio:unknown|brand:opko,amoxicilina|60ml,,,,,500mg/5ml,ratio,500mg/5ml,,,amoxicilina,unknown,,,exact,other,CFM-000905,2990,true,https://comparafarma-api.vercel.app/api/go?slug=easyfarma&matchKey=amoxicilina%7C60ml&url=https%3A%2F%2Fnuevo.easyfarma.cl%2F103873-amoxicilina-500mg-5ml-60-ml-lab-opko.html&cfmId=CFM-000905,1
amoxicilina 500mg,amoxicilina-500mg,amoxicilina,500mg,,,42,43,sermecoop,Amoxicilina 750mg 10 Comprimidos,Amoxicilina 750mg 10 Comprimidos,amoxicilina|750mg|10,amoxicilina|750mg|10|bio:unknown|brand:unknown|form:solid-oral,amoxicilina|750mg|10,,,solid-oral,10,,,750mg,,,amoxicilina,unknown,Amoxicilina,,exact,other,CFM-000885,3290,true,https://comparafarma-api.vercel.app/api/go?slug=sermecoop&matchKey=amoxicilina%7C750mg%7C10&url=https%3A%2F%2Fwww.farmaciasermecoop.cl%2Findex.php%2Fonline%2Fdetalleproducto%3Fp_%3D1701%26d_%3D1&cfmId=CFM-000885,3
amoxicilina 500mg,amoxicilina-500mg,amoxicilina,500mg,,,42,43,cruz-verde,Amoxicilina 750 mg 10 Comprimidos,Amoxicilina 750mg 10 Comprimidos,amoxicilina|750mg|10,amoxicilina|750mg|10|bio:unknown|brand:unknown|form:solid-oral,amoxicilina|750mg|10,,,solid-oral,10,,,750mg,,,amoxicilina,unknown,Amoxicilina,,exact,other,CFM-000885,4990,true,https://comparafarma-api.vercel.app/api/go?slug=cruz-verde&matchKey=amoxicilina%7C750mg%7C10&url=https%3A%2F%2Fwww.cruzverde.cl%2Famoxicilina-750-mg-10-comprimidos%2F199267.html&cfmId=CFM-000885,3
amoxicilina 500mg,amoxicilina-500mg,amoxicilina,500mg,,,42,43,salcobrand,Amoxicilina 750mg 10 Comprimidos,Amoxicilina 750mg 10 Comprimidos,amoxicilina|750mg|10,amoxicilina|750mg|10|bio:unknown|brand:unknown|form:solid-oral,amoxicilina|750mg|10,,,solid-oral,10,,,750mg,,,amoxicilina,unknown,Amoxicilina,,exact,other,CFM-000885,7039,true,https://comparafarma-api.vercel.app/api/go?slug=salcobrand&matchKey=amoxicilina%7C750mg%7C10&url=https%3A%2F%2Fsalcobrand.cl%2Fproducts%2Famoxicilina-750mg-10-comprimidos%3Fdefault_sku%3D2201054&cfmId=CFM-000885,3
amoxicilina 500mg,amoxicilina-500mg,amoxicilina,500mg,,,43,44,ecofarmacias,Amoxicilina Acido Clavulanico 400/57mg Suspensión oral 70ml,Amoxicilina Acido Clavulanico 400/57mg Suspensión oral 70ml,amoxicilina|70ml,amoxicilina|70ml|bio:unknown|brand:unknown|combo:acido|form:fluid-oral,amoxicilina|70ml,acido,,fluid-oral,,57mg,absolute,57mg,,,,unknown,,,exact,other,CFM-000890,5960,false,https://comparafarma-api.vercel.app/api/go?slug=ecofarmacias&matchKey=amoxicilina%7C70ml&url=https%3A%2F%2Fwww.ecofarmacias.cl%2Fproducto%2Famoxicilina-acido-clavulanico-400-57mg-suspension-oral-70ml%2F&cfmId=CFM-000890,1
amoxicilina 500mg,amoxicilina-500mg,amoxicilina,500mg,,,44,45,dr-simi,Amoxicilina 400 mg ácido clavulánico 57 mg polvo para suspensión oral 70 mL,Amoxicilina 400 mg ácido clavulánico 57 mg polvo para suspensión oral 70 mL,amoxicilina|70ml,amoxicilina|70ml|bio:false|brand:sevenpharma|form:fluid-oral,amoxicilina|70ml,,,fluid-oral,,400mg,absolute,400mg,,Seven Pharma,amoxicilina,unknown,SEVEN PHARMA,false,exact,other,CFM-000890,5970,true,https://comparafarma-api.vercel.app/api/go?slug=dr-simi&matchKey=amoxicilina%7C70ml&url=https%3A%2F%2Fwww.drsimi.cl%2Famoxicilina-ac-clav-400-57-1-polvo-para-suspension-oral-ch50380-1%2Fp&cfmId=CFM-000890,1
amoxicilina 500mg,amoxicilina-500mg,amoxicilina,500mg,,,45,46,araucomed,Amoxicilina Acido Clavulanico 875/125mg x 20 comprimidos. (CuraeSpring),Amoxicilina Acido Clavulanico 875/125mg x 20 comprimidos. (CuraeSpring),amoxicilina|125mg|20,amoxicilina|125mg|20|bio:unknown|brand:curaespring|combo:acido|form:solid-oral,amoxicilina|125mg|20,acido,,solid-oral,20,,,125mg,,CuraeSpring,,unknown,CuraeSpring,,exact,other,CFM-000886,5990,true,https://comparafarma-api.vercel.app/api/go?slug=araucomed&matchKey=amoxicilina%7C125mg%7C20&url=https%3A%2F%2Ffarmacia.araucomed.com%2Fantibioticos%2Famoxicilina-acido-clavulanico-875-125mg-x-20-comprimidos-curaespring&cfmId=CFM-000886,1
amoxicilina 500mg,amoxicilina-500mg,amoxicilina,500mg,,,46,47,dr-simi,Amoxicilina 875 mg ácido clavulánico 125 mg 14 comprimidos recubiertos,Amoxicilina 875 mg ácido clavulánico 125 mg 14 comprimidos recubiertos,amoxicilina|875mg|14,amoxicilina|875mg|14|bio:true|brand:opko|form:solid-oral,amoxicilina|875mg|14,,,solid-oral,14,,,875mg,,Opko,amoxicilina,unknown,OPKO,true,exact,other,CFM-000894,6150,true,https://comparafarma-api.vercel.app/api/go?slug=dr-simi&matchKey=amoxicilina%7C875mg%7C14&url=https%3A%2F%2Fwww.drsimi.cl%2Famoxicilina-acido-clavulanico-875-125-comprimidos-recubiertos%2Fp&cfmId=CFM-000894,1
amoxicilina 500mg,amoxicilina-500mg,amoxicilina,500mg,,,47,48,araucomed,Amoxicilina Acido Clavulanico 400/57mg Suspensión oral 70ml (Seven Pharma),Amoxicilina Acido Clavulanico 400/57mg Suspensión oral 70ml (Seven Pharma),amoxicilina|70ml,amoxicilina|70ml|bio:unknown|brand:sevenpharma|combo:acido|form:fluid-oral,amoxicilina|70ml,acido,,fluid-oral,,57mg,absolute,57mg,,Seven Pharma,,unknown,Seven Pharma,,exact,other,CFM-000890,6290,true,https://comparafarma-api.vercel.app/api/go?slug=araucomed&matchKey=amoxicilina%7C70ml&url=https%3A%2F%2Ffarmacia.araucomed.com%2Fantibioticos%2Famoxicilina-acido-clavulanico-400-57mg-suspension-oral-70ml-seven-pharma&cfmId=CFM-000890,1
amoxicilina 500mg,amoxicilina-500mg,amoxicilina,500mg,,,48,49,araucomed,Amoxicilina Acido Clavulanico 400/57mg Suspensión oral 70ml (Hospifarma),Amoxicilina Acido Clavulanico 400/57mg Suspensión oral 70ml (Hospifarma),amoxicilina|70ml,amoxicilina|70ml|bio:unknown|brand:hospifarma|combo:acido|form:fluid-oral,amoxicilina|70ml,acido,,fluid-oral,,57mg,absolute,57mg,,Hospifarma,,unknown,Hospifarma,,exact,other,CFM-000890,6290,true,https://comparafarma-api.vercel.app/api/go?slug=araucomed&matchKey=amoxicilina%7C70ml&url=https%3A%2F%2Ffarmacia.araucomed.com%2Fantibioticos%2Fzolimax-duo-400-57-x70ml&cfmId=CFM-000890,1
amoxicilina 500mg,amoxicilina-500mg,amoxicilina,500mg,,,49,50,farmex,Amoxicilina + Ácido Clavulánico 875 mg / 125 mg x 20 comprimidos,Amoxicilina + Ácido Clavulánico 875 mg / 125 mg x 20 comprimidos,amoxicilina|875mg|20,amoxicilina|875mg|20|bio:unknown|brand:curaespring|combo:acido|form:solid-oral,amoxicilina|875mg|20,acido,,solid-oral,20,,,875mg,,CuraeSpring,,unknown,CuraeSpring,,exact,other,CFM-000902,6695,true,https://comparafarma-api.vercel.app/api/go?slug=farmex&matchKey=amoxicilina%7C875mg%7C20&url=https%3A%2F%2Ffarmex.cl%2Fproducts%2Famoxicilina-acido-clavulanico-875-mg-125-mg-x-20-comprimidos-2%3F_pos%3D1%26_psq%3Damoxicilina%26_psid%3D0801a7414%26_ss%3De&cfmId=CFM-000902,1
amoxicilina 500mg,amoxicilina-500mg,amoxicilina,500mg,,,50,51,ecofarmacias,Amoxicilina+ácido Clavulánico 875mg 125mg por 20 comprimidos Ascend (Cenabast),Amoxicilina 875mg/acido Clavulanico 125mg 20 Comprimidos,amoxicilina|875mg|20,amoxicilina|875mg|20|bio:true|brand:unknown|combo:acido|form:solid-oral,amoxicilina|875mg|20,acido,,solid-oral,20,,,875mg,,,,unknown,,true,exact,other,CFM-000902,6770,true,https://comparafarma-api.vercel.app/api/go?slug=ecofarmacias&matchKey=amoxicilina%7C875mg%7C20&url=https%3A%2F%2Fwww.ecofarmacias.cl%2Fproducto%2Famoxicilinaacido-clavulanico-875mg-125mg-por-20-comp-descuento%2F&cfmId=CFM-000902,2
amoxicilina 500mg,amoxicilina-500mg,amoxicilina,500mg,,,50,51,sermecoop,Amoxicilina 875mg/acido Clavulanico 125mg 20 Comprimidos,Amoxicilina 875mg/acido Clavulanico 125mg 20 Comprimidos,amoxicilina|875mg|20,amoxicilina|875mg|20|bio:true|brand:unknown|combo:acido|form:solid-oral,amoxicilina|875mg|20,acido,,solid-oral,20,,,875mg,,,,unknown,,true,exact,other,CFM-000902,8990,false,https://comparafarma-api.vercel.app/api/go?slug=sermecoop&matchKey=amoxicilina%7C875mg%7C20&url=https%3A%2F%2Fwww.farmaciasermecoop.cl%2Findex.php%2Fonline%2Fdetalleproducto%3Fp_%3D1719%26d_%3D1&cfmId=CFM-000902,2
amoxicilina 500mg,amoxicilina-500mg,amoxicilina,500mg,,,51,52,sermecoop,Amoxicilina 875mg/acido Clavulanico 125mg 14 Comprimidos,Amoxicilina 875mg/acido Clavulanico 125mg 14 Comprimidos,amoxicilina|875mg|14,amoxicilina|875mg|14|bio:true|brand:unknown|combo:acido|form:solid-oral,amoxicilina|875mg|14,acido,,solid-oral,14,,,875mg,,,,unknown,,true,exact,other,CFM-000894,7990,false,https://comparafarma-api.vercel.app/api/go?slug=sermecoop&matchKey=amoxicilina%7C875mg%7C14&url=https%3A%2F%2Fwww.farmaciasermecoop.cl%2Findex.php%2Fonline%2Fdetalleproducto%3Fp_%3D1703%26d_%3D1&cfmId=CFM-000894,1
amoxicilina 500mg,amoxicilina-500mg,amoxicilina,500mg,,,52,53,sermecoop,Amoxicilina/Ácido Clavulánico 875/125 Mg X 14 Comprimidos Recubiertos,Amoxicilina/Ácido Clavulánico 875/125 Mg X 14 Comprimidos Recubiertos,amoxicilina|125mg|14,amoxicilina|125mg|14|bio:true|brand:unknown|combo:acido|form:solid-oral,amoxicilina|125mg|14,acido,,solid-oral,14,,,125mg,,,,unknown,,true,exact,other,CFM-000881,7990,false,https://comparafarma-api.vercel.app/api/go?slug=sermecoop&matchKey=amoxicilina%7C125mg%7C14&url=https%3A%2F%2Fwww.farmaciasermecoop.cl%2Findex.php%2Fonline%2Fdetalleproducto%3Fp_%3D21197%26d_%3D1&cfmId=CFM-000881,1
amoxicilina 500mg,amoxicilina-500mg,amoxicilina,500mg,,,53,54,dr-simi,Novamox amoxicilina 1 g 14 comprimidos dispersables,Novamox amoxicilina 1 g 14 comprimidos dispersables,novamox|1000mg|14,novamox|1000mg|14|bio:true|brand:pasteur|form:solid-oral,novamox|1000mg|14,,,solid-oral,14,,,1g,Novamox,Pasteur,amoxicilina,name,PASTEUR,true,exact,other,CFM-000904,8550,true,https://comparafarma-api.vercel.app/api/go?slug=dr-simi&matchKey=novamox%7C1000mg%7C14&url=https%3A%2F%2Fwww.drsimi.cl%2Fnovamox-amoxicilina-1-gr-14-comprimidos-dispersables%2Fp&cfmId=CFM-000904,1
amoxicilina 500mg,amoxicilina-500mg,amoxicilina,500mg,,,54,55,sermecoop,Amoxicilina/Ácido Clavulánico Suspension 400/57 Mg X 70 Ml,Amoxicilina/Ácido Clavulánico Suspension 400/57 Mg X 70 Ml,amoxicilina|70ml|70,amoxicilina|70ml|70|bio:unknown|brand:unknown|combo:acido|form:fluid-oral,amoxicilina|70ml|70,acido,,fluid-oral,,57mg,absolute,57mg,,,,unknown,,,exact,other,CFM-000889,8990,false,https://comparafarma-api.vercel.app/api/go?slug=sermecoop&matchKey=amoxicilina%7C70ml%7C70&url=https%3A%2F%2Fwww.farmaciasermecoop.cl%2Findex.php%2Fonline%2Fdetalleproducto%3Fp_%3D21044%26d_%3D1&cfmId=CFM-000889,1
amoxicilina 500mg,amoxicilina-500mg,amoxicilina,500mg,,,55,56,sermecoop,Amoxicilina/Ácido Clavulánico 875/125 Mg X 20 Comprimidos Recubiertos,Amoxicilina/Ácido Clavulánico 875/125 Mg X 20 Comprimidos Recubiertos,amoxicilina|125mg|20,amoxicilina|125mg|20|bio:true|brand:unknown|combo:acido|form:solid-oral,amoxicilina|125mg|20,acido,,solid-oral,20,,,125mg,,,,unknown,,true,exact,other,CFM-000886,8990,false,https://comparafarma-api.vercel.app/api/go?slug=sermecoop&matchKey=amoxicilina%7C125mg%7C20&url=https%3A%2F%2Fwww.farmaciasermecoop.cl%2Findex.php%2Fonline%2Fdetalleproducto%3Fp_%3D20201%26d_%3D1&cfmId=CFM-000886,1
amoxicilina 500mg,amoxicilina-500mg,amoxicilina,500mg,,,56,57,araucomed,Amobiotic 1 g. x 14 comprimidos.,Amobiotic 1 g. x 14 comprimidos.,amobiotic|1000mg|14,amobiotic|1000mg|14|bio:unknown|brand:chile|form:solid-oral,amobiotic|1000mg|14,,,solid-oral,14,,,1g,,Laboratorio Chile,,unknown,Laboratorio Chile,,compatible,other,CFM-000883,9490,true,https://comparafarma-api.vercel.app/api/go?slug=araucomed&matchKey=amobiotic%7C1000mg%7C14&url=https%3A%2F%2Ffarmacia.araucomed.com%2Fantibioticos%2Famobiotic-1g-x14com&cfmId=CFM-000883,1
amoxicilina 500mg,amoxicilina-500mg,amoxicilina,500mg,,,57,58,araucomed,Amoval Duo 400mg/5ml solucion oral 70ml,Amoval Duo 400mg/5ml solucion oral 70ml,amoval|70ml,amoval|70ml|bio:unknown|brand:unknown|var:duo|form:fluid-oral,amoval|70ml,,duo,fluid-oral,,400mg/5ml,ratio,400mg/5ml,,,,unknown,,,exact,other,CFM-000887,9790,true,https://comparafarma-api.vercel.app/api/go?slug=araucomed&matchKey=amoval%7C70ml&url=https%3A%2F%2Ffarmacia.araucomed.com%2Fantibioticos%2Famoval-duo-400mg-5ml-solucion-oral-70ml&cfmId=CFM-000887,2
amoxicilina 500mg,amoxicilina-500mg,amoxicilina,500mg,,,57,58,sermecoop,Amoval Duo 400 (amoxicilina) 400mg/5ml Susp Oral 70ml,Amoval Duo 400mg/5ml solucion oral 70ml,amoval|70ml,amoval|70ml|bio:unknown|brand:unknown|var:duo|form:fluid-oral,amoval|70ml,,duo,fluid-oral,,400mg/5ml,ratio,400mg/5ml,,,,unknown,,,exact,other,CFM-000887,12790,false,https://comparafarma-api.vercel.app/api/go?slug=sermecoop&matchKey=amoval%7C70ml&url=https%3A%2F%2Fwww.farmaciasermecoop.cl%2Findex.php%2Fonline%2Fdetalleproducto%3Fp_%3D19627%26d_%3D1&cfmId=CFM-000887,2
amoxicilina 500mg,amoxicilina-500mg,amoxicilina,500mg,,,58,59,ecofarmacias,Novamox amoxicilina 1gr 14 comprimidos dispersables Pasteur DESCUENTO,Novamox amoxicilina 1gr 14 comprimidos dispersables Pasteur DESCUENTO,novamox|14,novamox|14|bio:unknown|brand:unknown|form:solid-oral,novamox|14,,,solid-oral,14,,,1g,Novamox,,amoxicilina,name,,,exact,other,CFM-000888,9990,false,https://comparafarma-api.vercel.app/api/go?slug=ecofarmacias&matchKey=novamox%7C14&url=https%3A%2F%2Fwww.ecofarmacias.cl%2Fproducto%2Fnovamox-amoxicilina-1gr-14-comprimidos-dispersables-pasteur-descuento%2F&cfmId=CFM-000888,1
amoxicilina 500mg,amoxicilina-500mg,amoxicilina,500mg,,,59,60,ahumada,Maximox 400 mg/57 mg x 70 mL Polvo Para Suspensión Oral Con Solvente,Maximox 400 mg/57 mg x 70 mL Polvo Para Suspensión Oral Con Solvente,maximox|70ml|70,maximox|70ml|70|bio:unknown|brand:unknown|form:fluid-oral,maximox|70ml|70,,,fluid-oral,,400mg,absolute,400mg,,,,unknown,,,compatible,other,CFM-001239,10469,true,https://comparafarma-api.vercel.app/api/go?slug=ahumada&matchKey=maximox%7C70ml%7C70&url=https%3A%2F%2Fwww.farmaciasahumada.cl%2Fmaximox-400-mg-57-mg-x-70-ml-polvo-para-suspension-oral-con-solvente-68506.html&cfmId=CFM-001239,1
amoxicilina 500mg,amoxicilina-500mg,amoxicilina,500mg,,,60,61,dr-simi,Clavam Duo amoxicilina 400 mg ácido clavulánico 57 mg polvo para suspensión oral 70 mL,Clavam Duo amoxicilina 400 mg ácido clavulánico 57 mg polvo para suspensión oral 70 mL,clavam|70ml,clavam|70ml|bio:false|brand:eurofarma|var:duo|form:fluid-oral,clavam|70ml,,duo,fluid-oral,,400mg,absolute,400mg,Clavam,Eurofarma,amoxicilina,name,EUROFARMA,false,exact,other,CFM-000916,10470,true,https://comparafarma-api.vercel.app/api/go?slug=dr-simi&matchKey=clavam%7C70ml&url=https%3A%2F%2Fwww.drsimi.cl%2Famoxicilina-ac--clav-400-57-1-polvo-para-suspension-oral-con-solvente-70-ml-amoxicilina-acido-clavulanico%2Fp&cfmId=CFM-000916,1
amoxicilina 500mg,amoxicilina-500mg,amoxicilina,500mg,,,61,62,araucomed,Amoval 250mg/5ml jarabe 100ml,Amoval 250mg/5ml jarabe 100ml,amoval|100ml,amoval|100ml|bio:unknown|brand:unknown|form:fluid-oral,amoval|100ml,,,fluid-oral,,250mg/5ml,ratio,250mg/5ml,,,,unknown,,,exact,other,CFM-000892,10490,true,https://comparafarma-api.vercel.app/api/go?slug=araucomed&matchKey=amoval%7C100ml&url=https%3A%2F%2Ffarmacia.araucomed.com%2Fantibioticos%2Famoval-250mg-5ml-jarabe-100ml&cfmId=CFM-000892,2
amoxicilina 500mg,amoxicilina-500mg,amoxicilina,500mg,,,61,62,sermecoop,Amoval (amoxicilina) 250mg/5ml Suspensión Oral 100ml,Amoval 250mg/5ml jarabe 100ml,amoval|100ml,amoval|100ml|bio:unknown|brand:unknown|form:fluid-oral,amoval|100ml,,,fluid-oral,,250mg/5ml,ratio,250mg/5ml,,,,unknown,,,exact,other,CFM-000892,12790,true,https://comparafarma-api.vercel.app/api/go?slug=sermecoop&matchKey=amoval%7C100ml&url=https%3A%2F%2Fwww.farmaciasermecoop.cl%2Findex.php%2Fonline%2Fdetalleproducto%3Fp_%3D1692%26d_%3D1&cfmId=CFM-000892,2
amoxicilina 500mg,amoxicilina-500mg,amoxicilina,500mg,,,62,63,ecofarmacias,Synulox (Amoxicilina 200mg-Ácido clauvuláncio 50mg) **Uso Veterinario**,Synulox (Amoxicilina 200mg-Ácido clauvuláncio 50mg) **Uso Veterinario**,synulox|200mg,synulox|200mg|bio:unknown|brand:unknown|var:uso,synulox|200mg,,uso,,,,,200mg,Synulox,,amoxicilina,name,,,exact,other,CFM-000903,10790,false,https://comparafarma-api.vercel.app/api/go?slug=ecofarmacias&matchKey=synulox%7C200mg&url=https%3A%2F%2Fwww.ecofarmacias.cl%2Fproducto%2Fsynulox-amoxicilina-200mg-acido-clauvulancio-50mg-uso-perritos%2F&cfmId=CFM-000903,1
amoxicilina 500mg,amoxicilina-500mg,amoxicilina,500mg,,,63,64,ahumada,Optamox 875 mg x 21 Comprimidos Recubiertos,Optamox 875 mg x 21 Comprimidos Recubiertos,optamox|875mg|21,optamox|875mg|21|bio:true|brand:unknown|form:solid-oral,optamox|875mg|21,,,solid-oral,21,,,875mg,,,,unknown,,true,compatible,other,CFM-000901,11399,true,https://comparafarma-api.vercel.app/api/go?slug=ahumada&matchKey=optamox%7C875mg%7C21&url=https%3A%2F%2Fwww.farmaciasahumada.cl%2Foptamox-875-mg-x-21-comprimidos-recubiertos-64562.html&cfmId=CFM-000901,1
amoxicilina 500mg,amoxicilina-500mg,amoxicilina,500mg,,,64,65,dr-simi,Optamox amoxicilina 875 mg 21 comprimidos recubiertos,Optamox amoxicilina 875 mg 21 comprimidos recubiertos,optamox|875mg|21,optamox|875mg|21|bio:false|brand:megalabs|form:solid-oral,optamox|875mg|21,,,solid-oral,21,,,875mg,Optamox,Megalabs,amoxicilina,name,MEGALABS,false,exact,other,CFM-000901,11400,true,https://comparafarma-api.vercel.app/api/go?slug=dr-simi&matchKey=optamox%7C875mg%7C21&url=https%3A%2F%2Fwww.drsimi.cl%2Foptamox-amoxicilina-875-mg-21-comprimidos%2Fp&cfmId=CFM-000901,1
amoxicilina 500mg,amoxicilina-500mg,amoxicilina,500mg,,,65,66,ahumada,Novamox 1 g x 14 Comprimidos Dispersables,Novamox 1 g x 14 Comprimidos Dispersables,novamox|1000mg|14,novamox|1000mg|14|bio:true|brand:unknown|form:solid-oral,novamox|1000mg|14,,,solid-oral,14,,,1g,,,,unknown,,true,compatible,other,CFM-000904,11947,true,https://comparafarma-api.vercel.app/api/go?slug=ahumada&matchKey=novamox%7C1000mg%7C14&url=https%3A%2F%2Fwww.farmaciasahumada.cl%2Fnovamox-1-g-x-14-comprimidos-dispersables-88102.html&cfmId=CFM-000904,1
amoxicilina 500mg,amoxicilina-500mg,amoxicilina,500mg,,,66,67,araucomed,Optamox 875 mg x 14 comprimidos,Optamox 875 mg x 14 comprimidos,optamox|875mg|14,optamox|875mg|14|bio:unknown|brand:pharmainvesti|form:solid-oral,optamox|875mg|14,,,solid-oral,14,,,875mg,,Pharma Investi,,unknown,Pharma Investi,,compatible,other,CFM-000924,11990,true,https://comparafarma-api.vercel.app/api/go?slug=araucomed&matchKey=optamox%7C875mg%7C14&url=https%3A%2F%2Ffarmacia.araucomed.com%2Fantibioticos%2Foptamox-875-mg-x-14-comprimidos&cfmId=CFM-000924,1
amoxicilina 500mg,amoxicilina-500mg,amoxicilina,500mg,,,67,68,ecofarmacias,Amobiotic Amoxicilina 1g x 14 comprimidos dispersables Lab Chile DESCUENTO,Amobiotic Amoxicilina 1g x 14 comprimidos dispersables Lab Chile DESCUENTO,amobiotic|1000mg|14,amobiotic|1000mg|14|bio:true|brand:unknown|form:solid-oral,amobiotic|1000mg|14,,,solid-oral,14,,,1g,Amobiotic,,amoxicilina,name,,true,exact,other,CFM-000883,12950,false,https://comparafarma-api.vercel.app/api/go?slug=ecofarmacias&matchKey=amobiotic%7C1000mg%7C14&url=https%3A%2F%2Fwww.ecofarmacias.cl%2Fproducto%2Famobiotic-amoxicilina-1g-x-14-comprimidos-dispersables-lab-chile-descuento%2F&cfmId=CFM-000883,1
amoxicilina 500mg,amoxicilina-500mg,amoxicilina,500mg,,,68,69,salcobrand,Novamox (B) Amoxicilina 1g 14 Comprimidos,Novamox (B) Amoxicilina 1g 14 Comprimidos,novamox|1000mg|14,novamox|1000mg|14|bio:unknown|brand:novamox|form:solid-oral,novamox|1000mg|14,,,solid-oral,14,,,1g,Novamox,,amoxicilina,structured,Novamox,,exact,other,CFM-000904,13463,true,https://comparafarma-api.vercel.app/api/go?slug=salcobrand&matchKey=novamox%7C1000mg%7C14&url=https%3A%2F%2Fsalcobrand.cl%2Fproducts%2Fnovamox-b-amoxicilina-1g-14-comprimidos%3Fdefault_sku%3D2501096&cfmId=CFM-000904,1
amoxicilina 500mg,amoxicilina-500mg,amoxicilina,500mg,,,69,70,araucomed,Clavinex Duo Forte 800/57 suspensión oral 35 ml.,Clavinex Duo Forte 800/57 suspensión oral 35 ml.,clavinex|35ml,clavinex|35ml|bio:unknown|brand:unknown|var:duo|form:fluid-oral,clavinex|35ml,,duo,fluid-oral,,,,35ml,,,,unknown,,,compatible,other,CFM-000918,13490,true,https://comparafarma-api.vercel.app/api/go?slug=araucomed&matchKey=clavinex%7C35ml&url=https%3A%2F%2Ffarmacia.araucomed.com%2Fantibioticos%2Fclavinex-duo-forte-800-57-suspension-oral-35-ml&cfmId=CFM-000918,1
amoxicilina 500mg,amoxicilina-500mg,amoxicilina,500mg,,,70,71,araucomed,Optamox 875mg x21com,Optamox 875mg x21com,optamox|875mg|21,optamox|875mg|21|bio:unknown|brand:pharmainvesti|form:solid-oral,optamox|875mg|21,,,solid-oral,21,,,875mg,,Pharma Investi,,unknown,Pharma Investi,,compatible,other,CFM-000901,13590,true,https://comparafarma-api.vercel.app/api/go?slug=araucomed&matchKey=optamox%7C875mg%7C21&url=https%3A%2F%2Ffarmacia.araucomed.com%2Fantibioticos%2Foptamox-875mg-x21com&cfmId=CFM-000901,1
amoxicilina 500mg,amoxicilina-500mg,amoxicilina,500mg,,,71,72,araucomed,Amoval 1 gramo x 14 comprimidos dispersables.,Amoval 1 gramo x 14 comprimidos dispersables.,amoval|14,amoval|14|bio:unknown|brand:unknown|form:solid-oral,amoval|14,,,solid-oral,14,,,,,,,unknown,,,exact,other,CFM-000882,13890,true,https://comparafarma-api.vercel.app/api/go?slug=araucomed&matchKey=amoval%7C14&url=https%3A%2F%2Ffarmacia.araucomed.com%2Fantibioticos%2Famoval-1g-x14com&cfmId=CFM-000882,3
amoxicilina 500mg,amoxicilina-500mg,amoxicilina,500mg,,,71,72,ecofarmacias,Amoval Amoxicilina 1gr 14 Comprimidos Dispersables,Amoval 1 gramo x 14 comprimidos dispersables.,amoval|14,amoval|14|bio:unknown|brand:unknown|form:solid-oral,amoval|14,,,solid-oral,14,,,1g,,,,unknown,,,exact,other,CFM-000882,14470,true,https://comparafarma-api.vercel.app/api/go?slug=ecofarmacias&matchKey=amoval%7C14&url=https%3A%2F%2Fwww.ecofarmacias.cl%2Fproducto%2Famoval-amoxicilina-1gr-14-comprimidos-dispersables%2F&cfmId=CFM-000882,3
amoxicilina 500mg,amoxicilina-500mg,amoxicilina,500mg,,,71,72,sermecoop,Amoval (amoxicilina) 1gr 14 Comprimidos Dispersable,Amoval 1 gramo x 14 comprimidos dispersables.,amoval|14,amoval|14|bio:unknown|brand:unknown|form:solid-oral,amoval|14,,,solid-oral,14,,,1g,,,,unknown,,,exact,other,CFM-000882,16990,false,https://comparafarma-api.vercel.app/api/go?slug=sermecoop&matchKey=amoval%7C14&url=https%3A%2F%2Fwww.farmaciasermecoop.cl%2Findex.php%2Fonline%2Fdetalleproducto%3Fp_%3D19426%26d_%3D1&cfmId=CFM-000882,3
amoxicilina 500mg,amoxicilina-500mg,amoxicilina,500mg,,,72,73,ahumada,AMOVAL Amoxicilina 1 g 14 comprimidos,AMOVAL Amoxicilina 1 g 14 comprimidos,amoval|1000mg|14,amoval|1000mg|14|bio:true|brand:unknown|form:solid-oral,amoval|1000mg|14,,,solid-oral,14,,,1g,AMOVAL,,amoxicilina,name,,true,exact,other,CFM-000910,13904,true,https://comparafarma-api.vercel.app/api/go?slug=ahumada&matchKey=amoval%7C1000mg%7C14&url=https%3A%2F%2Fwww.farmaciasahumada.cl%2Famoval-amoxicilina-1-g-14-comprimidos-16344.html&cfmId=CFM-000910,1
amoxicilina 500mg,amoxicilina-500mg,amoxicilina,500mg,,,73,74,ahumada,Clavam Duo 875 mg/125 mg x 20 Comprimidos Recubiertos,Clavam Duo 875 mg/125 mg x 20 Comprimidos Recubiertos,clavam|875mg|20,clavam|875mg|20|bio:true|brand:unknown|var:duo|form:solid-oral,clavam|875mg|20,,duo,solid-oral,20,,,875mg,,,,unknown,,true,compatible,other,CFM-000891,13979,true,https://comparafarma-api.vercel.app/api/go?slug=ahumada&matchKey=clavam%7C875mg%7C20&url=https%3A%2F%2Fwww.farmaciasahumada.cl%2Fclavam-duo-875-mg-125-mg-x-20-comprimidos-recubiertos-76450.html&cfmId=CFM-000891,1
amoxicilina 500mg,amoxicilina-500mg,amoxicilina,500mg,,,74,75,araucomed,Clavinex Duo 400/57 solución oral x 35 ml.,Clavinex Duo 400/57 solución oral x 35 ml.,clavinex|35ml|35,clavinex|35ml|35|bio:unknown|brand:unknown|var:duo|form:fluid-oral,clavinex|35ml|35,,duo,fluid-oral,,,,35ml,,,,unknown,,,compatible,other,CFM-000900,13990,true,https://comparafarma-api.vercel.app/api/go?slug=araucomed&matchKey=clavinex%7C35ml%7C35&url=https%3A%2F%2Ffarmacia.araucomed.com%2Fantibioticos%2Fclavinex-duo-400-57-solucion-oral-x-35-ml&cfmId=CFM-000900,1
amoxicilina 500mg,amoxicilina-500mg,amoxicilina,500mg,,,75,76,sermecoop,Amobiotic (amoxicilina) 1gr 14 Comprimidos Dispersables,Amobiotic (amoxicilina) 1gr 14 Comprimidos Dispersables,amobiotic|14,amobiotic|14|bio:unknown|brand:unknown|form:solid-oral,amobiotic|14,,,solid-oral,14,,,1g,Amobiotic,,amoxicilina,name,,,exact,other,CFM-000906,13990,false,https://comparafarma-api.vercel.app/api/go?slug=sermecoop&matchKey=amobiotic%7C14&url=https%3A%2F%2Fwww.farmaciasermecoop.cl%2Findex.php%2Fonline%2Fdetalleproducto%3Fp_%3D19025%26d_%3D1&cfmId=CFM-000906,1
amoxicilina 500mg,amoxicilina-500mg,amoxicilina,500mg,,,76,77,ahumada,Clavam Duo 875 mg/125 mg x 14 Comprimidos Recubiertos,Clavam Duo 875 mg/125 mg x 14 Comprimidos Recubiertos,clavam|875mg|14,clavam|875mg|14|bio:true|brand:unknown|var:duo|form:solid-oral,clavam|875mg|14,,duo,solid-oral,14,,,875mg,,,,unknown,,true,compatible,other,CFM-000936,14023,true,https://comparafarma-api.vercel.app/api/go?slug=ahumada&matchKey=clavam%7C875mg%7C14&url=https%3A%2F%2Fwww.farmaciasahumada.cl%2Fclavam-duo-875-mg-125-mg-x-14-comprimidos-recubiertos-76448.html&cfmId=CFM-000936,1
amoxicilina 500mg,amoxicilina-500mg,amoxicilina,500mg,,,77,78,ecofarmacias,Amoval Amoxicilina 250 mg/5ml Suspensión x 100 mL DESCUENTO,Amoval 250 mg/5 mL x 100 mL Polvo Para Suspensión Oral,amoval|100ml|100,amoval|100ml|100|bio:unknown|brand:unknown|form:fluid-oral,amoval|100ml|100,,,fluid-oral,,250mg/5ml,ratio,250mg/5ml,,,,unknown,,,exact,other,CFM-000915,14200,true,https://comparafarma-api.vercel.app/api/go?slug=ecofarmacias&matchKey=amoval%7C100ml%7C100&url=https%3A%2F%2Fwww.ecofarmacias.cl%2Fproducto%2Famoval-amoxicilina-250-mg-5ml-suspension-x-100-ml-descuento%2F&cfmId=CFM-000915,2
amoxicilina 500mg,amoxicilina-500mg,amoxicilina,500mg,,,77,78,ahumada,Amoval 250 mg/5 mL x 100 mL Polvo Para Suspensión Oral,Amoval 250 mg/5 mL x 100 mL Polvo Para Suspensión Oral,amoval|100ml|100,amoval|100ml|100|bio:unknown|brand:unknown|form:fluid-oral,amoval|100ml|100,,,fluid-oral,,250mg/5ml,ratio,250mg/5ml,,,,unknown,,,exact,other,CFM-000915,16567,true,https://comparafarma-api.vercel.app/api/go?slug=ahumada&matchKey=amoval%7C100ml%7C100&url=https%3A%2F%2Fwww.farmaciasahumada.cl%2Famoval-250-mg-5-ml-x-100-ml-polvo-para-suspension-oral-11211.html&cfmId=CFM-000915,2
amoxicilina 500mg,amoxicilina-500mg,amoxicilina,500mg,,,78,79,sermecoop,Amoval Duo (amoxicilina) 1000mg/5ml Jarabe X50 Ml,Amoval Duo (amoxicilina) 1000mg/5ml Jarabe X50 Ml,amoval|50ml|50,amoval|50ml|50|bio:unknown|brand:unknown|var:duo|form:fluid-oral,amoval|50ml|50,,duo,fluid-oral,,1000mg/5ml,ratio,1000mg/5ml,Amoval,,amoxicilina,name,,,exact,other,CFM-000899,14390,false,https://comparafarma-api.vercel.app/api/go?slug=sermecoop&matchKey=amoval%7C50ml%7C50&url=https%3A%2F%2Fwww.farmaciasermecoop.cl%2Findex.php%2Fonline%2Fdetalleproducto%3Fp_%3D20756%26d_%3D1&cfmId=CFM-000899,2
amoxicilina 500mg,amoxicilina-500mg,amoxicilina,500mg,,,78,79,ahumada,Amoval Duo 1000 mg/5 mL x 50 mL Polvo Para Suspensión Oral Con Solvente,Amoval Duo (amoxicilina) 1000mg/5ml Jarabe X50 Ml,amoval|50ml|50,amoval|50ml|50|bio:unknown|brand:unknown|var:duo|form:fluid-oral,amoval|50ml|50,,duo,fluid-oral,,1000mg/5ml,ratio,1000mg/5ml,Amoval,,amoxicilina,name,,,exact,other,CFM-000899,15367,true,https://comparafarma-api.vercel.app/api/go?slug=ahumada&matchKey=amoval%7C50ml%7C50&url=https%3A%2F%2Fwww.farmaciasahumada.cl%2Famoval-duo-1000-mg-5-ml-x-50-ml-polvo-para-suspension-oral-con-solvente-47367.html&cfmId=CFM-000899,2
amoxicilina 500mg,amoxicilina-500mg,amoxicilina,500mg,,,79,80,salcobrand,Amoval Amoxicilina 1g 14 Comprimidos Dispersables,Amoval Amoxicilina 1g 14 Comprimidos Dispersables,amoval|1000mg|14,amoval|1000mg|14|bio:unknown|brand:amoval|form:solid-oral,amoval|1000mg|14,,,solid-oral,14,,,1g,Amoval,,amoxicilina,structured,Amoval,,exact,other,CFM-000910,14549,true,https://comparafarma-api.vercel.app/api/go?slug=salcobrand&matchKey=amoval%7C1000mg%7C14&url=https%3A%2F%2Fsalcobrand.cl%2Fproducts%2Famoval-amoxicilina-1g-14-comprimidos-dispersables%3Fdefault_sku%3D2970138&cfmId=CFM-000910,1
amoxicilina 500mg,amoxicilina-500mg,amoxicilina,500mg,,,80,81,ahumada,Optamox 875 mg x 14 Comprimidos Recubiertos,Optamox 875 mg x 14 Comprimidos Recubiertos,optamox|875mg|14,optamox|875mg|14|bio:true|brand:unknown|form:solid-oral,optamox|875mg|14,,,solid-oral,14,,,875mg,,,,unknown,,true,compatible,other,CFM-000924,14979,true,https://comparafarma-api.vercel.app/api/go?slug=ahumada&matchKey=optamox%7C875mg%7C14&url=https%3A%2F%2Fwww.farmaciasahumada.cl%2Foptamox-875-mg-x-14-comprimidos-recubiertos-28045.html&cfmId=CFM-000924,1
amoxicilina 500mg,amoxicilina-500mg,amoxicilina,500mg,,,81,82,araucomed,Amobiotic BID 1000mg/5ml x 90 ml.,Amobiotic BID 1000mg/5ml x 90 ml.,amobiotic|90ml|90,amobiotic|90ml|90|bio:unknown|brand:chile|var:bid,amobiotic|90ml|90,,bid,,,1000mg/5ml,ratio,1000mg/5ml,,Laboratorio Chile,,unknown,Laboratorio Chile,,compatible,other,CFM-000913,14990,true,https://comparafarma-api.vercel.app/api/go?slug=araucomed&matchKey=amobiotic%7C90ml%7C90&url=https%3A%2F%2Ffarmacia.araucomed.com%2Fantibioticos%2Famobiotic-bid-1000mg-5ml-x90ml&cfmId=CFM-000913,1
amoxicilina 500mg,amoxicilina-500mg,amoxicilina,500mg,,,82,83,cruz-verde,Novamox Amoxicilina 1000 mg 14 Comprimidos Dispersable,Novamox Amoxicilina 1000 mg 14 Comprimidos Dispersable,novamox|1000mg|14,novamox|1000mg|14|bio:unknown|brand:unknown|form:solid-oral,novamox|1000mg|14,,,solid-oral,14,,,1000mg,Novamox,,amoxicilina,name,,,exact,other,CFM-000904,15290,true,https://comparafarma-api.vercel.app/api/go?slug=cruz-verde&matchKey=novamox%7C1000mg%7C14&url=https%3A%2F%2Fwww.cruzverde.cl%2Fnovamox-amoxicilina-1000-mg-14-comprimidos-dispersable%2F260321.html&cfmId=CFM-000904,1
amoxicilina 500mg,amoxicilina-500mg,amoxicilina,500mg,,,83,84,salcobrand,Moxivulan Ácido Clavulánico 125mg Amoxicilina 875mg 14 Comprimidos Recubiertos,Moxivulan Ácido Clavulánico 125mg Amoxicilina 875mg 14 Comprimidos Recubiertos,moxivulan|125mg|14,moxivulan|125mg|14|bio:unknown|brand:moxivulan|form:solid-oral,moxivulan|125mg|14,,,solid-oral,14,,,125mg,Moxivulan,,clavulanico,structured,Moxivulan,,exact,other,CFM-000898,15399,true,https://comparafarma-api.vercel.app/api/go?slug=salcobrand&matchKey=moxivulan%7C125mg%7C14&url=https%3A%2F%2Fsalcobrand.cl%2Fproducts%2Fmoxivulan-acido-clavulanico-125mg-amoxicilina-875mg-14-comprimidos-recubiertos%3Fdefault_sku%3D3310312&cfmId=CFM-000898,1
amoxicilina 500mg,amoxicilina-500mg,amoxicilina,500mg,,,84,85,ahumada,Maximox 875 mg/125 mg x 20 Comprimidos Recubiertos,Maximox 875 mg/125 mg x 20 Comprimidos Recubiertos,maximox|875mg|20,maximox|875mg|20|bio:true|brand:unknown|form:solid-oral,maximox|875mg|20,,,solid-oral,20,,,875mg,,,,unknown,,true,compatible,other,CFM-000942,15958,true,https://comparafarma-api.vercel.app/api/go?slug=ahumada&matchKey=maximox%7C875mg%7C20&url=https%3A%2F%2Fwww.farmaciasahumada.cl%2Fmaximox-875-mg-125-mg-x-20-comprimidos-recubiertos-68512.html&cfmId=CFM-000942,1
amoxicilina 500mg,amoxicilina-500mg,amoxicilina,500mg,,,85,86,ahumada,Clavam Duo 400 mg/57 mg/5 mL x 70 mL Polvo para Suspensión Oral,Clavam Duo 400 mg/57 mg/5 mL x 70 mL Polvo para Suspensión Oral,clavam|70ml|70,clavam|70ml|70|bio:unknown|brand:unknown|var:duo|form:fluid-oral,clavam|70ml|70,,duo,fluid-oral,,400mg,absolute,400mg,,,,unknown,,,compatible,other,CFM-001490,15984,true,https://comparafarma-api.vercel.app/api/go?slug=ahumada&matchKey=clavam%7C70ml%7C70&url=https%3A%2F%2Fwww.farmaciasahumada.cl%2Fclavam-duo-400-mg-57-mg-5-ml-x-70-ml-polvo-para-suspension-oral-77170.html&cfmId=CFM-001490,1
amoxicilina 500mg,amoxicilina-500mg,amoxicilina,500mg,,,86,87,dr-simi,Amoxicilina 250 mg 500 cápsulas,Amoxicilina 250 mg 500 cápsulas,amoxicilina|250mg|500,amoxicilina|250mg|500|bio:false|brand:drsimi|form:solid-oral,amoxicilina|250mg|500,,,solid-oral,500,,,250mg,,Dr. Simi,amoxicilina,unknown,DR. SIMI,false,exact,other,CFM-000922,16807,false,https://comparafarma-api.vercel.app/api/go?slug=dr-simi&matchKey=amoxicilina%7C250mg%7C500&url=https%3A%2F%2Fwww.drsimi.cl%2Famoxicilina-250-mg-500-capsulas%2Fp&cfmId=CFM-000922,1
amoxicilina 500mg,amoxicilina-500mg,amoxicilina,500mg,,,87,88,araucomed,Amoval 1 gramo x 20 comprimidos dispersables.,Amoval Amoxicilina 1gr 20 Comprimidos,amoval|20,amoval|20|bio:unknown|brand:unknown|form:solid-oral,amoval|20,,,solid-oral,20,,,,Amoval,,amoxicilina,name,,,exact,other,CFM-000912,16990,true,https://comparafarma-api.vercel.app/api/go?slug=araucomed&matchKey=amoval%7C20&url=https%3A%2F%2Ffarmacia.araucomed.com%2Fantibioticos%2Famoval-1g-x20com&cfmId=CFM-000912,3
amoxicilina 500mg,amoxicilina-500mg,amoxicilina,500mg,,,87,88,ecofarmacias,Amoval Amoxicilina 1gr 20 Comprimidos,Amoval Amoxicilina 1gr 20 Comprimidos,amoval|20,amoval|20|bio:unknown|brand:unknown|form:solid-oral,amoval|20,,,solid-oral,20,,,1g,Amoval,,amoxicilina,name,,,exact,other,CFM-000912,19150,true,https://comparafarma-api.vercel.app/api/go?slug=ecofarmacias&matchKey=amoval%7C20&url=https%3A%2F%2Fwww.ecofarmacias.cl%2Fproducto%2Famoval-amoxicilina-1gr-20-comprimidos%2F&cfmId=CFM-000912,3
amoxicilina 500mg,amoxicilina-500mg,amoxicilina,500mg,,,87,88,sermecoop,Amoval (amoxicilina) 1gr 20 Comprimidos Dispersable,Amoval Amoxicilina 1gr 20 Comprimidos,amoval|20,amoval|20|bio:unknown|brand:unknown|form:solid-oral,amoval|20,,,solid-oral,20,,,1g,Amoval,,amoxicilina,name,,,exact,other,CFM-000912,19690,false,https://comparafarma-api.vercel.app/api/go?slug=sermecoop&matchKey=amoval%7C20&url=https%3A%2F%2Fwww.farmaciasermecoop.cl%2Findex.php%2Fonline%2Fdetalleproducto%3Fp_%3D19424%26d_%3D1&cfmId=CFM-000912,3
amoxicilina 500mg,amoxicilina-500mg,amoxicilina,500mg,,,88,89,cruz-verde,Moxivulan 875/125 Amoxicilina 875 mg Ácido Clavulánico 125 mg 14 Comprimidos Recubiertos,Moxivulan 875/125 Amoxicilina 875 mg Ácido Clavulánico 125 mg 14 Comprimidos Recubiertos,moxivulan|875mg|14,moxivulan|875mg|14|bio:unknown|brand:unknown|form:solid-oral,moxivulan|875mg|14,,,solid-oral,14,,,875mg,Moxivulan,,amoxicilina,name,,,exact,other,CFM-000911,17340,true,https://comparafarma-api.vercel.app/api/go?slug=cruz-verde&matchKey=moxivulan%7C875mg%7C14&url=https%3A%2F%2Fwww.cruzverde.cl%2Fmoxivulan-875-125-amoxicilina-875-mg-acido-clavulanico-125-mg-14-comprimidos-recubiertos%2F392524.html&cfmId=CFM-000911,1
amoxicilina 500mg,amoxicilina-500mg,amoxicilina,500mg,,,89,90,ahumada,Amoval Duo  400 mg/5mL x 70 mL Polvo Para Suspensión Oral,Amoval Duo  400 mg/5mL x 70 mL Polvo Para Suspensión Oral,amoval|70ml|70,amoval|70ml|70|bio:unknown|brand:unknown|var:duo|form:fluid-oral,amoval|70ml|70,,duo,fluid-oral,,400mg/5ml,ratio,400mg/5ml,,,,unknown,,,compatible,other,CFM-000933,17354,true,https://comparafarma-api.vercel.app/api/go?slug=ahumada&matchKey=amoval%7C70ml%7C70&url=https%3A%2F%2Fwww.farmaciasahumada.cl%2Famoval-duo--400-mg-5ml-x-70-ml-polvo-para-suspension-oral-23097.html&cfmId=CFM-000933,1
amoxicilina 500mg,amoxicilina-500mg,amoxicilina,500mg,,,90,91,cruz-verde,Optamox Amoxicilina 875 mg 21 Comprimidos,Optamox Amoxicilina 875 mg 21 Comprimidos,optamox|875mg|21,optamox|875mg|21|bio:unknown|brand:unknown|form:solid-oral,optamox|875mg|21,,,solid-oral,21,,,875mg,Optamox,,amoxicilina,name,,,exact,other,CFM-000901,17590,true,https://comparafarma-api.vercel.app/api/go?slug=cruz-verde&matchKey=optamox%7C875mg%7C21&url=https%3A%2F%2Fwww.cruzverde.cl%2Foptamox-amoxicilina-875-mg-21-comprimidos%2F259180.html&cfmId=CFM-000901,1
amoxicilina 500mg,amoxicilina-500mg,amoxicilina,500mg,,,91,92,araucomed,Amoval Duo 1000mg/5ml solución oral x 90 ml.,Amoval Duo 1000mg/5ml solución oral x 90 ml.,amoval|90ml|90,amoval|90ml|90|bio:unknown|brand:saval|var:duo|form:fluid-oral,amoval|90ml|90,,duo,fluid-oral,,1000mg/5ml,ratio,1000mg/5ml,,Saval,,unknown,Saval,,compatible,other,CFM-000945,17990,true,https://comparafarma-api.vercel.app/api/go?slug=araucomed&matchKey=amoval%7C90ml%7C90&url=https%3A%2F%2Ffarmacia.araucomed.com%2Fantibioticos%2Famoval-duo-1000mg-5ml-solucion-oral-90ml&cfmId=CFM-000945,1
amoxicilina 500mg,amoxicilina-500mg,amoxicilina,500mg,,,92,93,salcobrand,Novamox (B) Amoxicilina 1g 20 Comprimidos,Novamox (B) Amoxicilina 1g 20 Comprimidos,novamox|1000mg|20,novamox|1000mg|20|bio:unknown|brand:novamox|form:solid-oral,novamox|1000mg|20,,,solid-oral,20,,,1g,Novamox,,amoxicilina,structured,Novamox,,exact,other,CFM-000923,18127,true,https://comparafarma-api.vercel.app/api/go?slug=salcobrand&matchKey=novamox%7C1000mg%7C20&url=https%3A%2F%2Fsalcobrand.cl%2Fproducts%2Fnovamox-b-amoxicilina-1g-20-comprimidos%3Fdefault_sku%3D574764&cfmId=CFM-000923,1
amoxicilina 500mg,amoxicilina-500mg,amoxicilina,500mg,,,93,94,ecofarmacias,Maximox 400/57 Amoxicilina 57 mg/5mL Suspensión 70 mL,Maximox 400/57 Amoxicilina 57 mg/5mL Suspensión 70 mL,maximox|70ml,maximox|70ml|bio:unknown|brand:unknown|form:fluid-oral,maximox|70ml,,,fluid-oral,,57mg/5ml,ratio,57mg/5ml,Maximox,,amoxicilina,name,,,exact,other,CFM-000895,18190,false,https://comparafarma-api.vercel.app/api/go?slug=ecofarmacias&matchKey=maximox%7C70ml&url=https%3A%2F%2Fwww.ecofarmacias.cl%2Fproducto%2Fmaximox-400-57-amoxicilina-57-mg-5ml-suspension-70-ml%2F&cfmId=CFM-000895,1
amoxicilina 500mg,amoxicilina-500mg,amoxicilina,500mg,,,94,95,ecofarmacias,Amobiotic Bid 1000 Con Solvente Amoxicilina 1000mg/ 5 ml 90 Ml,Amobiotic Bid 1000 Con Solvente Amoxicilina 1000mg/ 5 ml 90 Ml,amobiotic|90ml,amobiotic|90ml|bio:true|brand:unknown|var:bid,amobiotic|90ml,,bid,,,1000mg/5ml,ratio,1000mg/5ml,Amobiotic,,amoxicilina,name,,true,exact,other,CFM-000947,18490,true,https://comparafarma-api.vercel.app/api/go?slug=ecofarmacias&matchKey=amobiotic%7C90ml&url=https%3A%2F%2Fwww.ecofarmacias.cl%2Fproducto%2Famobiotic-bid-1000-con-solvente-amoxicilina-1000mg-5-ml-90-ml%2F&cfmId=CFM-000947,1
amoxicilina 500mg,amoxicilina-500mg,amoxicilina,500mg,,,95,96,cruz-verde,Amoval Amoxicilina 1000 mg 14 Comprimidos,Amoval Amoxicilina 1000 mg 14 Comprimidos,amoval|1000mg|14,amoval|1000mg|14|bio:unknown|brand:unknown|form:solid-oral,amoval|1000mg|14,,,solid-oral,14,,,1000mg,Amoval,,amoxicilina,name,,,exact,other,CFM-000910,18540,true,https://comparafarma-api.vercel.app/api/go?slug=cruz-verde&matchKey=amoval%7C1000mg%7C14&url=https%3A%2F%2Fwww.cruzverde.cl%2Famoval-amoxicilina-1000-mg-14-comprimidos%2F6261.html&cfmId=CFM-000910,1
amoxicilina 500mg,amoxicilina-500mg,amoxicilina,500mg,,,96,97,cruz-verde,Zolimax Duo 875/125 Amoxicilina 875 mg 14 Comprimidos,Zolimax Duo 875/125 Amoxicilina 875 mg 14 Comprimidos,zolimax|875mg|14,zolimax|875mg|14|bio:unknown|brand:unknown|var:duo|form:solid-oral,zolimax|875mg|14,,duo,solid-oral,14,,,875mg,Zolimax,,amoxicilina,name,,,exact,other,CFM-000896,19540,true,https://comparafarma-api.vercel.app/api/go?slug=cruz-verde&matchKey=zolimax%7C875mg%7C14&url=https%3A%2F%2Fwww.cruzverde.cl%2Fzolimax-duo-875-125-amoxicilina-875-mg-14-comprimidos%2F292268.html&cfmId=CFM-000896,1
amoxicilina 500mg,amoxicilina-500mg,amoxicilina,500mg,,,97,98,cruz-verde,Zolimax Duo 875/125 Amoxicilina 875 mg 20 Comprimidos,Zolimax Duo 875/125 Amoxicilina 875 mg 20 Comprimidos,zolimax|875mg|20,zolimax|875mg|20|bio:unknown|brand:unknown|var:duo|form:solid-oral,zolimax|875mg|20,,duo,solid-oral,20,,,875mg,Zolimax,,amoxicilina,name,,,exact,other,CFM-000925,19791,true,https://comparafarma-api.vercel.app/api/go?slug=cruz-verde&matchKey=zolimax%7C875mg%7C20&url=https%3A%2F%2Fwww.cruzverde.cl%2Fzolimax-duo-875-125-amoxicilina-875-mg-20-comprimidos%2F292269.html&cfmId=CFM-000925,1
amoxicilina 500mg,amoxicilina-500mg,amoxicilina,500mg,,,98,99,cruz-verde,Amobiotic Amoxicilina 1000 mg 14 Comprimidos,Amobiotic Amoxicilina 1000 mg 14 Comprimidos,amobiotic|1000mg|14,amobiotic|1000mg|14|bio:unknown|brand:unknown|form:solid-oral,amobiotic|1000mg|14,,,solid-oral,14,,,1000mg,Amobiotic,,amoxicilina,name,,,exact,other,CFM-000883,19990,true,https://comparafarma-api.vercel.app/api/go?slug=cruz-verde&matchKey=amobiotic%7C1000mg%7C14&url=https%3A%2F%2Fwww.cruzverde.cl%2Famobiotic-amoxicilina-1000-mg-14-comprimidos%2F1451.html&cfmId=CFM-000883,1
amoxicilina 500mg,amoxicilina-500mg,amoxicilina,500mg,,,99,100,sermecoop,Amoval Duo (amoxicilina) 1000mg/5ml Suspensión Oral 90ml,Amoval Duo (amoxicilina) 1000mg/5ml Suspensión Oral 90ml,amoval|90ml,amoval|90ml|bio:unknown|brand:unknown|var:duo|form:fluid-oral,amoval|90ml,,duo,fluid-oral,,1000mg/5ml,ratio,1000mg/5ml,Amoval,,amoxicilina,name,,,exact,other,CFM-000930,19990,false,https://comparafarma-api.vercel.app/api/go?slug=sermecoop&matchKey=amoval%7C90ml&url=https%3A%2F%2Fwww.farmaciasermecoop.cl%2Findex.php%2Fonline%2Fdetalleproducto%3Fp_%3D20757%26d_%3D1&cfmId=CFM-000930,1
amoxicilina 500mg,amoxicilina-500mg,amoxicilina,500mg,,,100,101,ahumada,Amoval Duo 1000 mg/5 mL x 90 mL Polvo Para Suspensión Oral Con Solvente,Amoval Duo 1000 mg/5 mL x 90 mL Polvo Para Suspensión Oral Con Solvente,amoval|90ml|90,amoval|90ml|90|bio:unknown|brand:unknown|var:duo|form:fluid-oral,amoval|90ml|90,,duo,fluid-oral,,1000mg/5ml,ratio,1000mg/5ml,,,,unknown,,,compatible,other,CFM-000945,20108,true,https://comparafarma-api.vercel.app/api/go?slug=ahumada&matchKey=amoval%7C90ml%7C90&url=https%3A%2F%2Fwww.farmaciasahumada.cl%2Famoval-duo-1000-mg-5-ml-x-90-ml-polvo-para-suspension-oral-con-solvente-47369.html&cfmId=CFM-000945,1
amoxicilina 500mg,amoxicilina-500mg,amoxicilina,500mg,,,101,102,cruz-verde,Optamox Amoxicilina 875 mg 14 Comprimidos Recubiertos,Optamox Amoxicilina 875 mg 14 Comprimidos Recubiertos,optamox|875mg|14,optamox|875mg|14|bio:unknown|brand:unknown|form:solid-oral,optamox|875mg|14,,,solid-oral,14,,,875mg,Optamox,,amoxicilina,name,,,exact,other,CFM-000924,20590,true,https://comparafarma-api.vercel.app/api/go?slug=cruz-verde&matchKey=optamox%7C875mg%7C14&url=https%3A%2F%2Fwww.cruzverde.cl%2Foptamox-amoxicilina-875-mg-14-comprimidos-recubiertos%2F161148.html&cfmId=CFM-000924,1
amoxicilina 500mg,amoxicilina-500mg,amoxicilina,500mg,,,102,103,cruz-verde,Novamox Amoxicilina 1000 mg 20 Comprimidos,Novamox Amoxicilina 1000 mg 20 Comprimidos,novamox|1000mg|20,novamox|1000mg|20|bio:unknown|brand:unknown|form:solid-oral,novamox|1000mg|20,,,solid-oral,20,,,1000mg,Novamox,,amoxicilina,name,,,exact,other,CFM-000923,20590,true,https://comparafarma-api.vercel.app/api/go?slug=cruz-verde&matchKey=novamox%7C1000mg%7C20&url=https%3A%2F%2Fwww.cruzverde.cl%2Fnovamox-amoxicilina-1000-mg-20-comprimidos%2F259836.html&cfmId=CFM-000923,1
amoxicilina 500mg,amoxicilina-500mg,amoxicilina,500mg,,,103,104,araucomed,Clavinex Duo Forte 800/57 suspensión oral 70 ml.,Clavinex Duo Forte 800/57 suspensión oral 70 ml.,clavinex|70ml,clavinex|70ml|bio:unknown|brand:unknown|var:duo|form:fluid-oral,clavinex|70ml,,duo,fluid-oral,,,,70ml,,,,unknown,,,exact,other,CFM-000937,20990,true,https://comparafarma-api.vercel.app/api/go?slug=araucomed&matchKey=clavinex%7C70ml&url=https%3A%2F%2Ffarmacia.araucomed.com%2Fantibioticos%2Fclavinex-duo-forte-800-57-solucion-oral-70ml&cfmId=CFM-000937,2
amoxicilina 500mg,amoxicilina-500mg,amoxicilina,500mg,,,103,104,ecofarmacias,Clavinex Duo Forte Amoxicilina 70ml susp oral DESCUENTO,Clavinex Duo Forte 800/57 suspensión oral 70 ml.,clavinex|70ml,clavinex|70ml|bio:unknown|brand:unknown|var:duo|form:fluid-oral,clavinex|70ml,,duo,fluid-oral,,,,70ml,,,,unknown,,,exact,other,CFM-000937,21990,false,https://comparafarma-api.vercel.app/api/go?slug=ecofarmacias&matchKey=clavinex%7C70ml&url=https%3A%2F%2Fwww.ecofarmacias.cl%2Fproducto%2Fclavinex-duo-forte-amoxicilina-70ml-acido-clavulanico-susp-oral-descuento%2F&cfmId=CFM-000937,2
amoxicilina 500mg,amoxicilina-500mg,amoxicilina,500mg,,,104,105,ahumada,Ambilan Bid 400/57 Suspensión Oral 70 mL,Ambilan Bid 400/57 Suspensión Oral 70 mL,ambilan|70ml,ambilan|70ml|bio:unknown|brand:unknown|var:bid|form:fluid-oral,ambilan|70ml,,bid,fluid-oral,,,,70ml,,,,unknown,,,compatible,other,CFM-000920,21102,true,https://comparafarma-api.vercel.app/api/go?slug=ahumada&matchKey=ambilan%7C70ml&url=https%3A%2F%2Fwww.farmaciasahumada.cl%2Fambilan-bid-400-57-suspension-oral-70-ml-94520.html&cfmId=CFM-000920,1
amoxicilina 500mg,amoxicilina-500mg,amoxicilina,500mg,,,105,106,sermecoop,Ambilan Bid (amoxicilina/clavulanico) 875/125mg 14 Comprimidos,Ambilan Bid (amoxicilina/clavulanico) 875/125mg 14 Comprimidos,ambilan|125mg|14,ambilan|125mg|14|bio:unknown|brand:unknown|combo:clavulanico|form:solid-oral,ambilan|125mg|14,clavulanico,,solid-oral,14,,,125mg,,,,unknown,,,exact,other,CFM-000939,22090,false,https://comparafarma-api.vercel.app/api/go?slug=sermecoop&matchKey=ambilan%7C125mg%7C14&url=https%3A%2F%2Fwww.farmaciasermecoop.cl%2Findex.php%2Fonline%2Fdetalleproducto%3Fp_%3D19281%26d_%3D1&cfmId=CFM-000939,1
amoxicilina 500mg,amoxicilina-500mg,amoxicilina,500mg,,,106,107,ecofarmacias,Clavinex duo forte amoxicilina 800mg ácido clavulánico 57mg 100ml DESCUENTO,Clavinex duo forte amoxicilina 800mg ácido clavulánico 57mg 100ml DESCUENTO,clavinex|100ml,clavinex|100ml|bio:unknown|brand:unknown|var:duo,clavinex|100ml,,duo,,,800mg,absolute,800mg,Clavinex,,amoxicilina,name,,,exact,other,CFM-000908,22490,false,https://comparafarma-api.vercel.app/api/go?slug=ecofarmacias&matchKey=clavinex%7C100ml&url=https%3A%2F%2Fwww.ecofarmacias.cl%2Fproducto%2Fclavinex-duo-forte-amoxicilina-800mg-acido-clavulanico-57mg-100ml-descuento%2F&cfmId=CFM-000908,1
amoxicilina 500mg,amoxicilina-500mg,amoxicilina,500mg,,,107,108,salcobrand,Ambilan Bid Forte Amoxicilina / Ácido Clavulánico Suspensión Oral 70ml,Ambilan Bid Forte Amoxicilina / Ácido Clavulánico Suspensión Oral 70ml,ambilan|70ml,ambilan|70ml|bio:unknown|brand:ambilanbid|combo:acido|form:fluid-oral,ambilan|70ml,acido,,fluid-oral,,,,70ml,Ambilan Bid,,,structured,Ambilan Bid,,exact,other,CFM-000920,23839,true,https://comparafarma-api.vercel.app/api/go?slug=salcobrand&matchKey=ambilan%7C70ml&url=https%3A%2F%2Fsalcobrand.cl%2Fproducts%2Fambilan-bid-forte-amoxicilina-acido-clavulanico-suspension-oral-70ml%3Fdefault_sku%3D590255&cfmId=CFM-000920,1
amoxicilina 500mg,amoxicilina-500mg,amoxicilina,500mg,,,108,109,cruz-verde,Clavam Duo Amoxicilina 875 mg 14 Comprimidos Recubierto,Clavam Duo Amoxicilina 875 mg 14 Comprimidos Recubierto,clavam|875mg|14,clavam|875mg|14|bio:unknown|brand:unknown|var:duo|form:solid-oral,clavam|875mg|14,,duo,solid-oral,14,,,875mg,Clavam,,amoxicilina,name,,,exact,other,CFM-000936,24250,true,https://comparafarma-api.vercel.app/api/go?slug=cruz-verde&matchKey=clavam%7C875mg%7C14&url=https%3A%2F%2Fwww.cruzverde.cl%2Fclavam-duo-amoxicilina-875-mg-14-comprimidos-recubierto%2F268905.html&cfmId=CFM-000936,1
amoxicilina 500mg,amoxicilina-500mg,amoxicilina,500mg,,,109,110,ahumada,AMOVAL Amoxicilina 750 mg 21 comprimidos,AMOVAL Amoxicilina 750 mg 21 comprimidos,amoval|750mg|21,amoval|750mg|21|bio:true|brand:unknown|form:solid-oral,amoval|750mg|21,,,solid-oral,21,,,750mg,AMOVAL,,amoxicilina,name,,true,exact,other,CFM-000946,24479,true,https://comparafarma-api.vercel.app/api/go?slug=ahumada&matchKey=amoval%7C750mg%7C21&url=https%3A%2F%2Fwww.farmaciasahumada.cl%2Famoval-amoxicilina-750-mg-21-comprimidos-11198.html&cfmId=CFM-000946,1
amoxicilina 500mg,amoxicilina-500mg,amoxicilina,500mg,,,110,111,cruz-verde,Amoval Amoxicilina 1000 mg 20 Comprimidos,Amoval Amoxicilina 1000 mg 20 Comprimidos,amoval|1000mg|20,amoval|1000mg|20|bio:unknown|brand:unknown|form:solid-oral,amoval|1000mg|20,,,solid-oral,20,,,1000mg,Amoval,,amoxicilina,name,,,exact,other,CFM-000921,24580,true,https://comparafarma-api.vercel.app/api/go?slug=cruz-verde&matchKey=amoval%7C1000mg%7C20&url=https%3A%2F%2Fwww.cruzverde.cl%2Famoval-amoxicilina-1000-mg-20-comprimidos%2F6376.html&cfmId=CFM-000921,1
amoxicilina 500mg,amoxicilina-500mg,amoxicilina,500mg,,,111,112,sermecoop,Ambilan Bid Forte (amoxicilina/clavulanico) 800/57mg Susp Oral 90ml,Ambilan Bid Forte (amoxicilina/clavulanico) 800/57mg Susp Oral 90ml,ambilan|90ml,ambilan|90ml|bio:unknown|brand:unknown|combo:clavulanico|form:fluid-oral,ambilan|90ml,clavulanico,,fluid-oral,,57mg,absolute,57mg,,,,unknown,,,exact,other,CFM-000914,25990,false,https://comparafarma-api.vercel.app/api/go?slug=sermecoop&matchKey=ambilan%7C90ml&url=https%3A%2F%2Fwww.farmaciasermecoop.cl%2Findex.php%2Fonline%2Fdetalleproducto%3Fp_%3D21758%26d_%3D1&cfmId=CFM-000914,1
amoxicilina 500mg,amoxicilina-500mg,amoxicilina,500mg,,,112,113,cruz-verde,Maximox Amoxicilina 875 mg 14 Comprimidos Recubierto,Maximox Amoxicilina 875 mg 14 Comprimidos Recubierto,maximox|875mg|14,maximox|875mg|14|bio:unknown|brand:unknown|form:solid-oral,maximox|875mg|14,,,solid-oral,14,,,875mg,Maximox,,amoxicilina,name,,,exact,other,CFM-000943,26690,true,https://comparafarma-api.vercel.app/api/go?slug=cruz-verde&matchKey=maximox%7C875mg%7C14&url=https%3A%2F%2Fwww.cruzverde.cl%2Fmaximox-amoxicilina-875-mg-14-comprimidos-recubierto%2F259539.html&cfmId=CFM-000943,1
amoxicilina 500mg,amoxicilina-500mg,amoxicilina,500mg,,,113,114,cruz-verde,Amobiotic Amoxicilina 1000 mg 20 Comprimidos,Amobiotic Amoxicilina 1000 mg 20 Comprimidos,amobiotic|1000mg|20,amobiotic|1000mg|20|bio:unknown|brand:unknown|form:solid-oral,amobiotic|1000mg|20,,,solid-oral,20,,,1000mg,Amobiotic,,amoxicilina,name,,,exact,other,CFM-000909,27290,true,https://comparafarma-api.vercel.app/api/go?slug=cruz-verde&matchKey=amobiotic%7C1000mg%7C20&url=https%3A%2F%2Fwww.cruzverde.cl%2Famobiotic-amoxicilina-1000-mg-20-comprimidos%2F1505.html&cfmId=CFM-000909,1
amoxicilina 500mg,amoxicilina-500mg,amoxicilina,500mg,,,114,115,ecofarmacias,Clavinex Duo Amoxicilina 400 Mg / Acido Clavulánico 57 mg 70 Ml,Clavinex Duo Amoxicilina 400 Mg / Acido Clavulánico 57 mg 70 Ml,clavinex|70ml,clavinex|70ml|bio:unknown|brand:unknown|combo:acido,clavinex|70ml,acido,,,,400mg,absolute,400mg,,,,unknown,,,exact,other,CFM-000937,27690,true,https://comparafarma-api.vercel.app/api/go?slug=ecofarmacias&matchKey=clavinex%7C70ml&url=https%3A%2F%2Fwww.ecofarmacias.cl%2Fproducto%2Fclavinex-duo-amoxicilina-400-mg-acido-clavulanico-57-mg-70-ml%2F&cfmId=CFM-000937,1
amoxicilina 500mg,amoxicilina-500mg,amoxicilina,500mg,,,115,116,cruz-verde,Clavam Duo Amoxicilina 875 mg 20 Comprimidos Recubierto,Clavam Duo Amoxicilina 875 mg 20 Comprimidos Recubierto,clavam|875mg|20,clavam|875mg|20|bio:unknown|brand:unknown|var:duo|form:solid-oral,clavam|875mg|20,,duo,solid-oral,20,,,875mg,Clavam,,amoxicilina,name,,,exact,other,CFM-000891,27890,true,https://comparafarma-api.vercel.app/api/go?slug=cruz-verde&matchKey=clavam%7C875mg%7C20&url=https%3A%2F%2Fwww.cruzverde.cl%2Fclavam-duo-amoxicilina-875-mg-20-comprimidos-recubierto%2F272673.html&cfmId=CFM-000891,1
amoxicilina 500mg,amoxicilina-500mg,amoxicilina,500mg,,,116,117,cruz-verde,Maximox Amoxicilina 875 mg 20 Comprimidos Recubierto,Maximox Amoxicilina 875 mg 20 Comprimidos Recubierto,maximox|875mg|20,maximox|875mg|20|bio:unknown|brand:unknown|form:solid-oral,maximox|875mg|20,,,solid-oral,20,,,875mg,Maximox,,amoxicilina,name,,,exact,other,CFM-000942,27890,true,https://comparafarma-api.vercel.app/api/go?slug=cruz-verde&matchKey=maximox%7C875mg%7C20&url=https%3A%2F%2Fwww.cruzverde.cl%2Fmaximox-amoxicilina-875-mg-20-comprimidos-recubierto%2F260548.html&cfmId=CFM-000942,1
amoxicilina 500mg,amoxicilina-500mg,amoxicilina,500mg,,,117,118,salcobrand,Ambilan Bid Forte Amoxicilina / Ácido Clavulánico Suspensión Oral 90ml,Ambilan Bid Forte Amoxicilina / Ácido Clavulánico Suspensión Oral 90ml,ambilan|90ml,ambilan|90ml|bio:unknown|brand:ambilanbid|combo:acido|form:fluid-oral,ambilan|90ml,acido,,fluid-oral,,,,90ml,Ambilan Bid,,,structured,Ambilan Bid,,exact,other,CFM-000914,28399,true,https://comparafarma-api.vercel.app/api/go?slug=salcobrand&matchKey=ambilan%7C90ml&url=https%3A%2F%2Fsalcobrand.cl%2Fproducts%2Fambilan-bid-forte-amoxicilina-acido-clavulanico-suspension-oral-90ml%3Fdefault_sku%3D438212&cfmId=CFM-000914,1
amoxicilina 500mg,amoxicilina-500mg,amoxicilina,500mg,,,118,119,salcobrand,Amoval (B) Amoxicilina 750mg 21 Comprimidos Recubiertos,Amoval (B) Amoxicilina 750mg 21 Comprimidos Recubiertos,amoval|750mg|21,amoval|750mg|21|bio:unknown|brand:amoval|form:solid-oral,amoval|750mg|21,,,solid-oral,21,,,750mg,Amoval,,amoxicilina,structured,Amoval,,exact,other,CFM-000946,28423,true,https://comparafarma-api.vercel.app/api/go?slug=salcobrand&matchKey=amoval%7C750mg%7C21&url=https%3A%2F%2Fsalcobrand.cl%2Fproducts%2Famoval-b-amoxicilina-750mg-21-comprimidos-recubiertos%3Fdefault_sku%3D2970170&cfmId=CFM-000946,1
amoxicilina 500mg,amoxicilina-500mg,amoxicilina,500mg,,,119,120,sermecoop,Ambilan Bid (amoxicilina/clavulanico) 875/125mg 20 Comprimidos,Ambilan Bid (amoxicilina/clavulanico) 875/125mg 20 Comprimidos,ambilan|125mg|20,ambilan|125mg|20|bio:unknown|brand:unknown|combo:clavulanico|form:solid-oral,ambilan|125mg|20,clavulanico,,solid-oral,20,,,125mg,,,,unknown,,,exact,other,CFM-000934,28890,false,https://comparafarma-api.vercel.app/api/go?slug=sermecoop&matchKey=ambilan%7C125mg%7C20&url=https%3A%2F%2Fwww.farmaciasermecoop.cl%2Findex.php%2Fonline%2Fdetalleproducto%3Fp_%3D19191%26d_%3D1&cfmId=CFM-000934,1
amoxicilina 500mg,amoxicilina-500mg,amoxicilina,500mg,,,120,121,farmex,Maximox Amoxicilina 875 mg/Ac. Clavulánico 125 mg x 20 comprimidos,Maximox Amoxicilina 875 mg/Ac. Clavulánico 125 mg x 20 comprimidos,maximox|875mg|20,maximox|875mg|20|bio:unknown|brand:pasteur|form:solid-oral,maximox|875mg|20,,,solid-oral,20,,,875mg,Maximox,Pasteur,amoxicilina,name,PASTEUR,,exact,other,CFM-000942,29990,true,https://comparafarma-api.vercel.app/api/go?slug=farmex&matchKey=maximox%7C875mg%7C20&url=https%3A%2F%2Ffarmex.cl%2Fproducts%2Fmaximox-875-125-mg-x-20-comprimidos%3F_pos%3D8%26_psq%3Damoxicilina%26_psid%3D0801a7414%26_ss%3De&cfmId=CFM-000942,1
amoxicilina 500mg,amoxicilina-500mg,amoxicilina,500mg,,,121,122,cruz-verde,Amoval Amoxicilina 750 mg 21 Comprimidos,Amoval Amoxicilina 750 mg 21 Comprimidos,amoval|750mg|21,amoval|750mg|21|bio:unknown|brand:unknown|form:solid-oral,amoval|750mg|21,,,solid-oral,21,,,750mg,Amoval,,amoxicilina,name,,,exact,other,CFM-000946,30940,true,https://comparafarma-api.vercel.app/api/go?slug=cruz-verde&matchKey=amoval%7C750mg%7C21&url=https%3A%2F%2Fwww.cruzverde.cl%2Famoval-amoxicilina-750-mg-21-comprimidos%2F6116.html&cfmId=CFM-000946,1
amoxicilina 500mg,amoxicilina-500mg,amoxicilina,500mg,,,122,123,cruz-verde,Clavinex Duo CD Amoxicilina 875 mg 14 Comprimidos,Clavinex Duo CD Amoxicilina 875 mg 14 Comprimidos,clavinex|875mg|14,clavinex|875mg|14|bio:unknown|brand:unknown|var:duo|form:solid-oral,clavinex|875mg|14,,duo,solid-oral,14,,,875mg,Clavinex,,amoxicilina,name,,,exact,other,CFM-000944,35790,true,https://comparafarma-api.vercel.app/api/go?slug=cruz-verde&matchKey=clavinex%7C875mg%7C14&url=https%3A%2F%2Fwww.cruzverde.cl%2Fclavinex-duo-cd-amoxicilina-875-mg-14-comprimidos%2F277271.html&cfmId=CFM-000944,1
amoxicilina 500mg,amoxicilina-500mg,amoxicilina,500mg,,,123,124,ahumada,Zomel HP Triterapia 1 g/500 mg/20 mg 14 Blister,Zomel HP Triterapia 1 g/500 mg/20 mg 14 Blister,zomel|500mg,zomel|500mg|bio:unknown|brand:unknown|combo:triterapia,zomel|500mg,triterapia,,,,,,1g,,,,unknown,,,compatible,other,CFM-000941,41242,true,https://comparafarma-api.vercel.app/api/go?slug=ahumada&matchKey=zomel%7C500mg&url=https%3A%2F%2Fwww.farmaciasahumada.cl%2Fzomel-hp-triterapia-1-g-500-mg-20-mg-14-blister-75761.html&cfmId=CFM-000941,1
amoxicilina 500mg,amoxicilina-500mg,amoxicilina,500mg,,,124,125,cruz-verde,Clavinex Duo CD Amoxicilina 875 mg 20 Comprimidos,Clavinex Duo CD Amoxicilina 875 mg 20 Comprimidos,clavinex|875mg|20,clavinex|875mg|20|bio:unknown|brand:unknown|var:duo|form:solid-oral,clavinex|875mg|20,,duo,solid-oral,20,,,875mg,Clavinex,,amoxicilina,name,,,exact,other,CFM-000931,45790,true,https://comparafarma-api.vercel.app/api/go?slug=cruz-verde&matchKey=clavinex%7C875mg%7C20&url=https%3A%2F%2Fwww.cruzverde.cl%2Fclavinex-duo-cd-amoxicilina-875-mg-20-comprimidos%2F277270.html&cfmId=CFM-000931,1
cetirizina 10mg,cetirizina-10mg,cetirizina,10mg,,,0,1,araucomed,Cetirizina 10 mg x 30 comprimidos. (CuraeSpring),Cetirizina 10 mg x 30 comprimidos. (CuraeSpring),cetirizina|10mg|30,cetirizina|10mg|30|bio:unknown|brand:curaespring|form:solid-oral,cetirizina|10mg|30,,,solid-oral,30,,,10mg,,CuraeSpring,cetirizina,unknown,CuraeSpring,,exact,exact,CFM-001374,1790,false,https://comparafarma-api.vercel.app/api/go?slug=araucomed&matchKey=cetirizina%7C10mg%7C30&url=https%3A%2F%2Ffarmacia.araucomed.com%2Fantihistaminicos%2Fcetirizina-10-mg-x-30-comprimidos-curaespring&cfmId=CFM-001374,1
cetirizina 10mg,cetirizina-10mg,cetirizina,10mg,,,1,2,araucomed,Cetirizina 10 mg x 30 comprimidos (Pasteur),Cetirizina 10 mg x 30 comprimidos (Pasteur),cetirizina|10mg|30,cetirizina|10mg|30|bio:unknown|brand:pasteur|form:solid-oral,cetirizina|10mg|30,,,solid-oral,30,,,10mg,,Pasteur,cetirizina,unknown,Pasteur,,exact,exact,CFM-001374,1990,true,https://comparafarma-api.vercel.app/api/go?slug=araucomed&matchKey=cetirizina%7C10mg%7C30&url=https%3A%2F%2Ffarmacia.araucomed.com%2Fantihistaminicos%2Fcetirizina-10-mg-x-30-comprimidos-pasteur&cfmId=CFM-001374,1
cetirizina 10mg,cetirizina-10mg,cetirizina,10mg,,,2,3,araucomed,Cetirizina 10mg x30com (Ascend),Cetirizina 10mg x30com (Ascend),cetirizina|10mg|30,cetirizina|10mg|30|bio:unknown|brand:ascend|form:solid-oral,cetirizina|10mg|30,,,solid-oral,30,,,10mg,,Ascend,cetirizina,unknown,Ascend,,exact,exact,CFM-001374,1990,false,https://comparafarma-api.vercel.app/api/go?slug=araucomed&matchKey=cetirizina%7C10mg%7C30&url=https%3A%2F%2Ffarmacia.araucomed.com%2Fantihistaminicos%2Fcetirizina-10mg-x30com-ascend&cfmId=CFM-001374,1
cetirizina 10mg,cetirizina-10mg,cetirizina,10mg,,,3,4,araucomed,Cetirizina 10mg x30com (Hospifarma),Cetirizina 10mg x30com (Hospifarma),cetirizina|10mg|30,cetirizina|10mg|30|bio:unknown|brand:hospifarma|form:solid-oral,cetirizina|10mg|30,,,solid-oral,30,,,10mg,,Hospifarma,cetirizina,unknown,Hospifarma,,exact,exact,CFM-001374,1990,false,https://comparafarma-api.vercel.app/api/go?slug=araucomed&matchKey=cetirizina%7C10mg%7C30&url=https%3A%2F%2Ffarmacia.araucomed.com%2Fantihistaminicos%2Fcetirizina-10mg-x30com-hospifarma&cfmId=CFM-001374,1
cetirizina 10mg,cetirizina-10mg,cetirizina,10mg,,,4,5,araucomed,Findaler 10 mg x 30 comprimidos.,Findaler 10 mg x 30 comprimidos.,findaler|10mg|30,findaler|10mg|30|bio:unknown|brand:medipharm|form:solid-oral,findaler|10mg|30,,,solid-oral,30,,,10mg,,Medipharm,,unknown,Medipharm,,compatible,exact,CFM-006032,1990,false,https://comparafarma-api.vercel.app/api/go?slug=araucomed&matchKey=findaler%7C10mg%7C30&url=https%3A%2F%2Ffarmacia.araucomed.com%2Fantihistaminicos%2Ffindaler-10mg-x30com&cfmId=CFM-006032,1
cetirizina 10mg,cetirizina-10mg,cetirizina,10mg,,,5,6,araucomed,Coolips 10mg x10com,Coolips 10mg x10com,coolips|10mg|10,coolips|10mg|10|bio:unknown|brand:mintlab|form:solid-oral,coolips|10mg|10,,,solid-oral,10,,,10mg,,Mintlab,,unknown,Mintlab,,compatible,exact,CFM-006030,2490,false,https://comparafarma-api.vercel.app/api/go?slug=araucomed&matchKey=coolips%7C10mg%7C10&url=https%3A%2F%2Ffarmacia.araucomed.com%2Fantihistaminicos%2Fcoolips-10mg-x10com&cfmId=CFM-006030,2
cetirizina 10mg,cetirizina-10mg,cetirizina,10mg,,,5,6,farmex,Coolips 10 mg x 10 comprimidos,Coolips 10mg x10com,coolips|10mg|10,coolips|10mg|10|bio:unknown|brand:mintlab|form:solid-oral,coolips|10mg|10,,,solid-oral,10,,,10mg,,Mintlab,,unknown,Mintlab,,compatible,exact,CFM-006030,2895,true,https://comparafarma-api.vercel.app/api/go?slug=farmex&matchKey=coolips%7C10mg%7C10&url=https%3A%2F%2Ffarmex.cl%2Fproducts%2Fcoolips-10-mg-x-10-comprimidos-recubiertos-mintlab%3F_pos%3D5%26_psq%3Dcetirizina%26_psid%3D55332ff25%26_ss%3De&cfmId=CFM-006030,2
cetirizina 10mg,cetirizina-10mg,cetirizina,10mg,,,6,7,ecofarmacias,Cetirizina Diclorhidrato 10 mg x 30 Comp. Recubiertos,Cetirizina Diclorhidrato 10 mg x 30 Comp. Recubiertos,cetirizina|10mg|30,cetirizina|10mg|30|bio:true|brand:unknown|var:diclorhidrato|form:solid-oral,cetirizina|10mg|30,,diclorhidrato,solid-oral,30,,,10mg,,,cetirizina,unknown,,true,exact,exact,CFM-001374,2990,false,https://comparafarma-api.vercel.app/api/go?slug=ecofarmacias&matchKey=cetirizina%7C10mg%7C30&url=https%3A%2F%2Fwww.ecofarmacias.cl%2Fproducto%2Fcetirizina-diclorhidrato-10-mg-x-30-comp-recubiertos%2F&cfmId=CFM-001374,2
cetirizina 10mg,cetirizina-10mg,cetirizina,10mg,,,6,7,ahumada,Cetirizina Diclorhidrato 10 mg x 30 Comprimidos Recubiertos,Cetirizina Diclorhidrato 10 mg x 30 Comp. Recubiertos,cetirizina|10mg|30,cetirizina|10mg|30|bio:true|brand:unknown|var:diclorhidrato|form:solid-oral,cetirizina|10mg|30,,diclorhidrato,solid-oral,30,,,10mg,,,cetirizina,unknown,,true,exact,exact,CFM-001374,3498,true,https://comparafarma-api.vercel.app/api/go?slug=ahumada&matchKey=cetirizina%7C10mg%7C30&url=https%3A%2F%2Fwww.farmaciasahumada.cl%2Fcetirizina-diclorhidrato-10-mg-x-30-comprimidos-recubiertos-92748.html&cfmId=CFM-001374,2
cetirizina 10mg,cetirizina-10mg,cetirizina,10mg,,,7,8,ecofarmacias,Cetirizina 10 mg x 30 Comprimidos,Cetirizina 10 mg x 30 Comprimidos,cetirizina|10mg|30,cetirizina|10mg|30|bio:true|brand:unknown|form:solid-oral,cetirizina|10mg|30,,,solid-oral,30,,,10mg,,,cetirizina,unknown,,true,exact,exact,CFM-001374,2990,false,https://comparafarma-api.vercel.app/api/go?slug=ecofarmacias&matchKey=cetirizina%7C10mg%7C30&url=https%3A%2F%2Fwww.ecofarmacias.cl%2Fproducto%2Fcetirizina-10-mg-x-30-comprimidos%2F&cfmId=CFM-001374,2
cetirizina 10mg,cetirizina-10mg,cetirizina,10mg,,,7,8,sermecoop,Cetirizina 10 Mg X 30 Comprimidos,Cetirizina 10 mg x 30 Comprimidos,cetirizina|10mg|30,cetirizina|10mg|30|bio:true|brand:unknown|form:solid-oral,cetirizina|10mg|30,,,solid-oral,30,,,10mg,,,cetirizina,unknown,,true,exact,exact,CFM-001374,3590,false,https://comparafarma-api.vercel.app/api/go?slug=sermecoop&matchKey=cetirizina%7C10mg%7C30&url=https%3A%2F%2Fwww.farmaciasermecoop.cl%2Findex.php%2Fonline%2Fdetalleproducto%3Fp_%3D21424%26d_%3D1&cfmId=CFM-001374,2
cetirizina 10mg,cetirizina-10mg,cetirizina,10mg,,,8,9,ecofarmacias,Cetirizina Clorhidrato 10 mg x  30 Comprimidos recubiertos,Cetirizina Clorhidrato 10 mg x  30 Comprimidos recubiertos,cetirizina|10mg|30,cetirizina|10mg|30|bio:unknown|brand:unknown|form:solid-oral,cetirizina|10mg|30,,,solid-oral,30,,,10mg,,,cetirizina,unknown,,,exact,exact,CFM-001374,2990,true,https://comparafarma-api.vercel.app/api/go?slug=ecofarmacias&matchKey=cetirizina%7C10mg%7C30&url=https%3A%2F%2Fwww.ecofarmacias.cl%2Fproducto%2Fcetirizina-clorhidrato-10-mg-x-30-comprimidos-recubiertos%2F&cfmId=CFM-001374,1
cetirizina 10mg,cetirizina-10mg,cetirizina,10mg,,,9,10,dr-simi,Rigotax cetirizina 10 mg 30 comprimidos recubiertos,Rigotax cetirizina 10 mg 30 comprimidos recubiertos,rigotax|10mg|30,rigotax|10mg|30|bio:true|brand:ascend|form:solid-oral,rigotax|10mg|30,,,solid-oral,30,,,10mg,Rigotax,Ascend,cetirizina,name,ASCEND,true,exact,exact,CFM-002852,3000,true,https://comparafarma-api.vercel.app/api/go?slug=dr-simi&matchKey=rigotax%7C10mg%7C30&url=https%3A%2F%2Fwww.drsimi.cl%2Fcetirizina-10-mg-30-comprimidos-recubiertos-be0059%2Fp&cfmId=CFM-002852,1
cetirizina 10mg,cetirizina-10mg,cetirizina,10mg,,,10,11,farmex,Coolips 10 mg x 30 comprimidos,Coolips 10 mg x 30 comprimidos,coolips|10mg|30,coolips|10mg|30|bio:unknown|brand:mintlab|form:solid-oral,coolips|10mg|30,,,solid-oral,30,,,10mg,,Mintlab,,unknown,MINTLAB,,compatible,exact,CFM-006028,3090,true,https://comparafarma-api.vercel.app/api/go?slug=farmex&matchKey=coolips%7C10mg%7C30&url=https%3A%2F%2Ffarmex.cl%2Fproducts%2Fcoolips-10-mg-x-30-comprimidos%3F_pos%3D2%26_psq%3Dcetirizina%26_psid%3D55332ff25%26_ss%3De&cfmId=CFM-006028,2
cetirizina 10mg,cetirizina-10mg,cetirizina,10mg,,,10,11,araucomed,Coolips 10 mg x 30 comprimidos.,Coolips 10 mg x 30 comprimidos,coolips|10mg|30,coolips|10mg|30|bio:unknown|brand:mintlab|form:solid-oral,coolips|10mg|30,,,solid-oral,30,,,10mg,,Mintlab,,unknown,MINTLAB,,compatible,exact,CFM-006028,3490,false,https://comparafarma-api.vercel.app/api/go?slug=araucomed&matchKey=coolips%7C10mg%7C30&url=https%3A%2F%2Ffarmacia.araucomed.com%2Fantihistaminicos%2Fcoolips-10mg-x30com&cfmId=CFM-006028,2
cetirizina 10mg,cetirizina-10mg,cetirizina,10mg,,,11,12,farmex,Cetirex Cetirizina 10 Mg 30 Comprimidos Recubiertos,Cetirex Cetirizina 10 Mg 30 Comprimidos Recubiertos,cetirex|10mg|30,cetirex|10mg|30|bio:unknown|brand:ascend|form:solid-oral,cetirex|10mg|30,,,solid-oral,30,,,10mg,Cetirex,Ascend,cetirizina,name,Ascend,,exact,exact,CFM-000948,3290,true,https://comparafarma-api.vercel.app/api/go?slug=farmex&matchKey=cetirex%7C10mg%7C30&url=https%3A%2F%2Ffarmex.cl%2Fproducts%2Fcetirex-cetirizina-10-mg-30-comprimidos-recubiertos%3F_pos%3D1%26_psq%3Dcetirizina%26_psid%3D55332ff25%26_ss%3De&cfmId=CFM-000948,1
cetirizina 10mg,cetirizina-10mg,cetirizina,10mg,,,12,13,araucomed,Rigotax 10 mg x 30 comprimidos,Rigotax 10 mg x 30 comprimidos,rigotax|10mg|30,rigotax|10mg|30|bio:unknown|brand:unknown|form:solid-oral,rigotax|10mg|30,,,solid-oral,30,,,10mg,,,,unknown,,,compatible,exact,CFM-002852,3490,false,https://comparafarma-api.vercel.app/api/go?slug=araucomed&matchKey=rigotax%7C10mg%7C30&url=https%3A%2F%2Ffarmacia.araucomed.com%2Fantihistaminicos%2Frigotax-10mg-x-30-comprimidos&cfmId=CFM-002852,1
cetirizina 10mg,cetirizina-10mg,cetirizina,10mg,,,13,14,salcobrand,Cetirizina (B) 10mg 30 Comprimidos Recubiertos,Cetirizina (B) 10mg 30 Comprimidos Recubiertos,cetirizina|10mg|30,cetirizina|10mg|30|bio:unknown|brand:cetirizina|form:solid-oral,cetirizina|10mg|30,,,solid-oral,30,,,10mg,,,cetirizina,unknown,Cetirizina,,exact,exact,CFM-001374,3599,true,https://comparafarma-api.vercel.app/api/go?slug=salcobrand&matchKey=cetirizina%7C10mg%7C30&url=https%3A%2F%2Fsalcobrand.cl%2Fproducts%2Fseven-cetirizina-b-10mg-30-comprimidos-recubiertos%3Fdefault_sku%3D589925&cfmId=CFM-001374,1
cetirizina 10mg,cetirizina-10mg,cetirizina,10mg,,,14,15,salcobrand,Cetirex (B) Cetirizina 10mg 30 Comprimidos Recubiertos,Cetirex (B) Cetirizina 10mg 30 Comprimidos Recubiertos,cetirex|10mg|30,cetirex|10mg|30|bio:unknown|brand:cetirex|form:solid-oral,cetirex|10mg|30,,,solid-oral,30,,,10mg,Cetirex,,cetirizina,structured,Cetirex,,exact,exact,CFM-000948,4011,true,https://comparafarma-api.vercel.app/api/go?slug=salcobrand&matchKey=cetirex%7C10mg%7C30&url=https%3A%2F%2Fsalcobrand.cl%2Fproducts%2Fcetirex-b-cetirizina-10mg-30-comprimidos-recubiertos%3Fdefault_sku%3D591658&cfmId=CFM-000948,1
cetirizina 10mg,cetirizina-10mg,cetirizina,10mg,,,15,16,cruz-verde,Cetirex Cetirizina 10 mg 30 Comprimidos Recubiertos,Cetirex Cetirizina 10 mg 30 Comprimidos Recubiertos,cetirex|10mg|30,cetirex|10mg|30|bio:unknown|brand:unknown|form:solid-oral,cetirex|10mg|30,,,solid-oral,30,,,10mg,Cetirex,,cetirizina,name,,,exact,exact,CFM-000948,4690,true,https://comparafarma-api.vercel.app/api/go?slug=cruz-verde&matchKey=cetirex%7C10mg%7C30&url=https%3A%2F%2Fwww.cruzverde.cl%2Fcetirex-cetirizina-10-mg-30-comprimidos-recubiertos%2F401222.html&cfmId=CFM-000948,1
cetirizina 10mg,cetirizina-10mg,cetirizina,10mg,,,16,17,cruz-verde,Coolips Cetirizina 10 mg 10 Comprimidos Recubiertos,Coolips Cetirizina 10 mg 10 Comprimidos Recubiertos,coolips|10mg|10,coolips|10mg|10|bio:unknown|brand:unknown|form:solid-oral,coolips|10mg|10,,,solid-oral,10,,,10mg,Coolips,,cetirizina,name,,,exact,exact,CFM-006030,4990,true,https://comparafarma-api.vercel.app/api/go?slug=cruz-verde&matchKey=coolips%7C10mg%7C10&url=https%3A%2F%2Fwww.cruzverde.cl%2Fcoolips-cetirizina-10-mg-10-comprimidos-recubiertos%2F193088.html&cfmId=CFM-006030,1
cetirizina 10mg,cetirizina-10mg,cetirizina,10mg,,,17,18,easyfarma,Coolips 10 mg x 30 Comprimidos,Coolips 10 mg x 30 Comprimidos,coolips|10mg|30,coolips|10mg|30|bio:unknown|brand:unknown|form:solid-oral,coolips|10mg|30,,,solid-oral,30,,,10mg,,,,unknown,,,exact,exact,CFM-006028,4990,true,https://comparafarma-api.vercel.app/api/go?slug=easyfarma&matchKey=coolips%7C10mg%7C30&url=https%3A%2F%2Fnuevo.easyfarma.cl%2F48213-coolips-10-mg-30-comp.html&cfmId=CFM-006028,2
cetirizina 10mg,cetirizina-10mg,cetirizina,10mg,,,17,18,cruz-verde,Coolips Cetirizina 10 mg 30 Comprimidos,Coolips 10 mg x 30 Comprimidos,coolips|10mg|30,coolips|10mg|30|bio:unknown|brand:unknown|form:solid-oral,coolips|10mg|30,,,solid-oral,30,,,10mg,,,,unknown,,,exact,exact,CFM-006028,11640,true,https://comparafarma-api.vercel.app/api/go?slug=cruz-verde&matchKey=coolips%7C10mg%7C30&url=https%3A%2F%2Fwww.cruzverde.cl%2Fcoolips-cetirizina-10-mg-30-comprimidos%2F193089.html&cfmId=CFM-006028,2
cetirizina 10mg,cetirizina-10mg,cetirizina,10mg,,,18,19,ahumada,Rigotax 10 mg x 10 Comprimidos,Rigotax 10 mg x 10 Comprimidos,rigotax|10mg|10,rigotax|10mg|10|bio:true|brand:unknown|form:solid-oral,rigotax|10mg|10,,,solid-oral,10,,,10mg,,,,unknown,,true,compatible,exact,CFM-005368,5699,true,https://comparafarma-api.vercel.app/api/go?slug=ahumada&matchKey=rigotax%7C10mg%7C10&url=https%3A%2F%2Fwww.farmaciasahumada.cl%2Frigotax-10-mg-x-10-comprimidos-89012.html&cfmId=CFM-005368,1
cetirizina 10mg,cetirizina-10mg,cetirizina,10mg,,,19,20,cruz-verde,Rigotax Cetirizina Diclorhidrato 10 mg 10 Comprimidos,Rigotax Cetirizina Diclorhidrato 10 mg 10 Comprimidos,rigotax|10mg|10,rigotax|10mg|10|bio:unknown|brand:unknown|var:diclorhidrato|form:solid-oral,rigotax|10mg|10,,diclorhidrato,solid-oral,10,,,10mg,Rigotax,,cetirizina,name,,,exact,exact,CFM-005368,6490,true,https://comparafarma-api.vercel.app/api/go?slug=cruz-verde&matchKey=rigotax%7C10mg%7C10&url=https%3A%2F%2Fwww.cruzverde.cl%2Frigotax-cetirizina-diclorhidrato-10-mg-10-comprimidos%2F386486.html&cfmId=CFM-005368,1
cetirizina 10mg,cetirizina-10mg,cetirizina,10mg,,,20,21,ahumada,Findaler 10 mg x 30 Comprimidos,Findaler 10 mg x 30 Comprimidos,findaler|10mg|30,findaler|10mg|30|bio:true|brand:unknown|form:solid-oral,findaler|10mg|30,,,solid-oral,30,,,10mg,,,,unknown,,true,compatible,exact,CFM-006032,6774,true,https://comparafarma-api.vercel.app/api/go?slug=ahumada&matchKey=findaler%7C10mg%7C30&url=https%3A%2F%2Fwww.farmaciasahumada.cl%2Ffindaler-10-mg-x-30-comprimidos-20917.html&cfmId=CFM-006032,1
cetirizina 10mg,cetirizina-10mg,cetirizina,10mg,,,21,22,salcobrand,Rigotax (B) Cetirizina 10mg 10 Comprimidos,Rigotax (B) Cetirizina 10mg 10 Comprimidos,rigotax|10mg|10,rigotax|10mg|10|bio:unknown|brand:rigotax|form:solid-oral,rigotax|10mg|10,,,solid-oral,10,,,10mg,Rigotax,,cetirizina,structured,Rigotax,,exact,exact,CFM-005368,6775,true,https://comparafarma-api.vercel.app/api/go?slug=salcobrand&matchKey=rigotax%7C10mg%7C10&url=https%3A%2F%2Fsalcobrand.cl%2Fproducts%2Fprincipio-activo-cetirizina%3Fdefault_sku%3D576852&cfmId=CFM-005368,1
cetirizina 10mg,cetirizina-10mg,cetirizina,10mg,,,22,23,salcobrand,Findaler (B) Cetirizina 10mg 30 Comprimidos Recubiertos,Findaler (B) Cetirizina 10mg 30 Comprimidos Recubiertos,findaler|10mg|30,findaler|10mg|30|bio:unknown|brand:findaler|form:solid-oral,findaler|10mg|30,,,solid-oral,30,,,10mg,Findaler,,cetirizina,structured,Findaler,,exact,exact,CFM-006032,6863,true,https://comparafarma-api.vercel.app/api/go?slug=salcobrand&matchKey=findaler%7C10mg%7C30&url=https%3A%2F%2Fsalcobrand.cl%2Fproducts%2Fcetirizina-10mg-oral-solido-374ace23-0bfc-467f-be4c-eb123eb516ab%3Fdefault_sku%3D2100656&cfmId=CFM-006032,1
cetirizina 10mg,cetirizina-10mg,cetirizina,10mg,,,23,24,ahumada,Cetirex 10 mg x 30 Comprimidos Recubiertos,Cetirex 10 mg x 30 Comprimidos Recubiertos,cetirex|10mg|30,cetirex|10mg|30|bio:true|brand:unknown|form:solid-oral,cetirex|10mg|30,,,solid-oral,30,,,10mg,,,,unknown,,true,compatible,exact,CFM-000948,8809,true,https://comparafarma-api.vercel.app/api/go?slug=ahumada&matchKey=cetirex%7C10mg%7C30&url=https%3A%2F%2Fwww.farmaciasahumada.cl%2Fcetirex-10-mg-x-30-comprimidos-recubiertos-97879.html&cfmId=CFM-000948,1
cetirizina 10mg,cetirizina-10mg,cetirizina,10mg,,,24,25,cruz-verde,Rigotax Cetirizina Diclorhidrato 10 mg 30 Comprimidos,Rigotax Cetirizina Diclorhidrato 10 mg 30 Comprimidos,rigotax|10mg|30,rigotax|10mg|30|bio:unknown|brand:unknown|var:diclorhidrato|form:solid-oral,rigotax|10mg|30,,diclorhidrato,solid-oral,30,,,10mg,Rigotax,,cetirizina,name,,,exact,exact,CFM-002852,9190,true,https://comparafarma-api.vercel.app/api/go?slug=cruz-verde&matchKey=rigotax%7C10mg%7C30&url=https%3A%2F%2Fwww.cruzverde.cl%2Frigotax-cetirizina-diclorhidrato-10-mg-30-comprimidos%2F386487.html&cfmId=CFM-002852,1
cetirizina 10mg,cetirizina-10mg,cetirizina,10mg,,,25,26,ahumada,Rigotax 10 mg x 30 Comprimidos,Rigotax 10 mg x 30 Comprimidos,rigotax|10mg|30,rigotax|10mg|30|bio:true|brand:unknown|form:solid-oral,rigotax|10mg|30,,,solid-oral,30,,,10mg,,,,unknown,,true,compatible,exact,CFM-002852,9202,true,https://comparafarma-api.vercel.app/api/go?slug=ahumada&matchKey=rigotax%7C10mg%7C30&url=https%3A%2F%2Fwww.farmaciasahumada.cl%2Frigotax-10-mg-x-30-comprimidos-89013.html&cfmId=CFM-002852,1
cetirizina 10mg,cetirizina-10mg,cetirizina,10mg,,,26,27,salcobrand,Rigotax (B) Cetirizina 10mg 30 Comprimidos,Rigotax (B) Cetirizina 10mg 30 Comprimidos,rigotax|10mg|30,rigotax|10mg|30|bio:unknown|brand:rigotax|form:solid-oral,rigotax|10mg|30,,,solid-oral,30,,,10mg,Rigotax,,cetirizina,structured,Rigotax,,exact,exact,CFM-002852,10823,true,https://comparafarma-api.vercel.app/api/go?slug=salcobrand&matchKey=rigotax%7C10mg%7C30&url=https%3A%2F%2Fsalcobrand.cl%2Fproducts%2Fprincipio-activo-cetirizina-a96d4866-e4f2-48db-ada0-57e2150404db%3Fdefault_sku%3D576712&cfmId=CFM-002852,1
cetirizina 10mg,cetirizina-10mg,cetirizina,10mg,,,27,28,farmex,Remitex 10 mg x 30 comprimidos,Remitex 10 mg x 30 comprimidos,remitex|10mg|30,remitex|10mg|30|bio:unknown|brand:bago|form:solid-oral,remitex|10mg|30,,,solid-oral,30,,,10mg,,Bago,,unknown,BAGO,,compatible,exact,CFM-001402,12390,true,https://comparafarma-api.vercel.app/api/go?slug=farmex&matchKey=remitex%7C10mg%7C30&url=https%3A%2F%2Ffarmex.cl%2Fproducts%2Fremitex-10-mg-x-30-comprimidos%3F_pos%3D8%26_psq%3Dcetirizina%26_psid%3D55332ff25%26_ss%3De&cfmId=CFM-001402,1
cetirizina 10mg,cetirizina-10mg,cetirizina,10mg,,,28,29,ahumada,Remitex 10 mg x 30 Comprimidos Recubiertos,Remitex 10 mg x 30 Comprimidos Recubiertos,remitex|10mg|30,remitex|10mg|30|bio:true|brand:unknown|form:solid-oral,remitex|10mg|30,,,solid-oral,30,,,10mg,,,,unknown,,true,compatible,exact,CFM-001402,13979,true,https://comparafarma-api.vercel.app/api/go?slug=ahumada&matchKey=remitex%7C10mg%7C30&url=https%3A%2F%2Fwww.farmaciasahumada.cl%2Fremitex-10-mg-x-30-comprimidos-recubiertos-3762.html&cfmId=CFM-001402,1
cetirizina 10mg,cetirizina-10mg,cetirizina,10mg,,,29,30,salcobrand,Remitex (B) Cetirizina 10mg 30 Comprimidos Recubiertos,Remitex (B) Cetirizina 10mg 30 Comprimidos Recubiertos,remitex|10mg|30,remitex|10mg|30|bio:unknown|brand:remitex|form:solid-oral,remitex|10mg|30,,,solid-oral,30,,,10mg,Remitex,,cetirizina,structured,Remitex,,exact,exact,CFM-001402,16983,true,https://comparafarma-api.vercel.app/api/go?slug=salcobrand&matchKey=remitex%7C10mg%7C30&url=https%3A%2F%2Fsalcobrand.cl%2Fproducts%2Fremitex-b-cetirizina-10mg-30-comprimidos-recubiertos%3Fdefault_sku%3D2591805&cfmId=CFM-001402,1
cetirizina 10mg,cetirizina-10mg,cetirizina,10mg,,,30,31,cruz-verde,Remitex Cetirizina 10 mg 30 Comprimidos Recubierto,Remitex Cetirizina 10 mg 30 Comprimidos Recubierto,remitex|10mg|30,remitex|10mg|30|bio:unknown|brand:unknown|form:solid-oral,remitex|10mg|30,,,solid-oral,30,,,10mg,Remitex,,cetirizina,name,,,exact,exact,CFM-001402,16990,true,https://comparafarma-api.vercel.app/api/go?slug=cruz-verde&matchKey=remitex%7C10mg%7C30&url=https%3A%2F%2Fwww.cruzverde.cl%2Fremitex-cetirizina-10-mg-30-comprimidos-recubierto%2F9118.html&cfmId=CFM-001402,1
cetirizina 10mg,cetirizina-10mg,cetirizina,10mg,,,31,32,ahumada,Zyrtec 10 mg x 30 Comprimidos Recubiertos,Zyrtec 10 mg x 30 Comprimidos Recubiertos,zyrtec|10mg|30,zyrtec|10mg|30|bio:unknown|brand:unknown|form:solid-oral,zyrtec|10mg|30,,,solid-oral,30,,,10mg,,,,unknown,,,exact,exact,CFM-006029,27742,true,https://comparafarma-api.vercel.app/api/go?slug=ahumada&matchKey=zyrtec%7C10mg%7C30&url=https%3A%2F%2Fwww.farmaciasahumada.cl%2Fzyrtec-10-mg-x-30-comprimidos-recubiertos-38.html&cfmId=CFM-006029,2
cetirizina 10mg,cetirizina-10mg,cetirizina,10mg,,,31,32,cruz-verde,Zyrtec Cetirizina 10 mg 30 Comprimidos Recubiertos,Zyrtec 10 mg x 30 Comprimidos Recubiertos,zyrtec|10mg|30,zyrtec|10mg|30|bio:unknown|brand:unknown|form:solid-oral,zyrtec|10mg|30,,,solid-oral,30,,,10mg,,,,unknown,,,exact,exact,CFM-006029,36990,true,https://comparafarma-api.vercel.app/api/go?slug=cruz-verde&matchKey=zyrtec%7C10mg%7C30&url=https%3A%2F%2Fwww.cruzverde.cl%2Fzyrtec-cetirizina-10-mg-30-comprimidos-recubiertos%2F60112.html&cfmId=CFM-006029,2
cetirizina 10mg,cetirizina-10mg,cetirizina,10mg,,,32,33,salcobrand,Zyrtec (R) Cetirizina 10mg 30 Comprimidos Recubiertos,Zyrtec (R) Cetirizina 10mg 30 Comprimidos Recubiertos,zyrtec|10mg|30,zyrtec|10mg|30|bio:unknown|brand:zyrtec|form:solid-oral,zyrtec|10mg|30,,,solid-oral,30,,,10mg,Zyrtec,,cetirizina,structured,Zyrtec,,exact,exact,CFM-006029,32559,true,https://comparafarma-api.vercel.app/api/go?slug=salcobrand&matchKey=zyrtec%7C10mg%7C30&url=https%3A%2F%2Fsalcobrand.cl%2Fproducts%2Fzyrtec-r-cetirizina-10mg-30-comprimidos-recubiertos%3Fdefault_sku%3D1001100&cfmId=CFM-006029,1
cetirizina 10mg,cetirizina-10mg,cetirizina,10mg,,,33,34,ahumada,Zotaban 10 mg 28 comprimidos,Zotaban 10 mg 28 comprimidos,zotaban|10mg|28,zotaban|10mg|28|bio:true|brand:unknown|form:solid-oral,zotaban|10mg|28,,,solid-oral,28,,,10mg,,,,unknown,,true,compatible,exact,CFM-006034,39999,true,https://comparafarma-api.vercel.app/api/go?slug=ahumada&matchKey=zotaban%7C10mg%7C28&url=https%3A%2F%2Fwww.farmaciasahumada.cl%2Fzotaban-10-mg-28-comprimidos-96845.html&cfmId=CFM-006034,1
cetirizina 10mg,cetirizina-10mg,cetirizina,10mg,,,34,35,easyfarma,Cetirizina Clorhidrato 10...,Cetirizina Clorhidrato 10...,cetirizina,cetirizina|bio:unknown|brand:unknown,cetirizina,,,,,,,,,,cetirizina,unknown,,,exact,unknown,CFM-009806,2990,true,https://comparafarma-api.vercel.app/api/go?slug=easyfarma&matchKey=cetirizina&url=https%3A%2F%2Fnuevo.easyfarma.cl%2F104893-cetirizina-clorhidrato-10-mg-30-comprimidos.html&cfmId=CFM-009806,1
cetirizina 10mg,cetirizina-10mg,cetirizina,10mg,,,35,36,easyfarma,Cetirizina Diclorhidrato 10...,Cetirizina Diclorhidrato 10...,cetirizina,cetirizina|bio:unknown|brand:ascend|var:diclorhidrato,cetirizina,,diclorhidrato,,,,,,,,cetirizina,unknown,,,exact,unknown,CFM-009806,2990,true,https://comparafarma-api.vercel.app/api/go?slug=easyfarma&matchKey=cetirizina&url=https%3A%2F%2Fnuevo.easyfarma.cl%2F103659-cetirizina-diclorhidrato-10-mg-30-comp-lab-ascend.html&cfmId=CFM-009806,1
cetirizina 10mg,cetirizina-10mg,cetirizina,10mg,,,36,37,araucomed,Findaler-d x10cap.,Findaler-d x10cap.,findalerd|10,findalerd|10|bio:unknown|brand:medipharm|form:solid-oral,findalerd|10,,,solid-oral,10,,,,,Medipharm,,unknown,Medipharm,,compatible,unknown,CFM-010073,3290,false,https://comparafarma-api.vercel.app/api/go?slug=araucomed&matchKey=findalerd%7C10&url=https%3A%2F%2Ffarmacia.araucomed.com%2Fantihistaminicos%2Ffindaler-d-x10cap&cfmId=CFM-010073,1
cetirizina 10mg,cetirizina-10mg,cetirizina,10mg,,,37,38,ahumada,Rigotax-D x 10 Cápsulas con Gránulos de Liberación Prolongada,Rigotax-D x 10 cápsulas.,rigotaxd|10,rigotaxd|10|bio:unknown|brand:unknown|form:solid-oral,rigotaxd|10,,,solid-oral,10,,,,,,,unknown,,,compatible,unknown,CFM-002974,4799,true,https://comparafarma-api.vercel.app/api/go?slug=ahumada&matchKey=rigotaxd%7C10&url=https%3A%2F%2Fwww.farmaciasahumada.cl%2Frigotax-d-x-10-capsulas-con-granulos-de-liberacion-prolongada-43131.html&cfmId=CFM-002974,2
cetirizina 10mg,cetirizina-10mg,cetirizina,10mg,,,37,38,araucomed,Rigotax-D x 10 cápsulas.,Rigotax-D x 10 cápsulas.,rigotaxd|10,rigotaxd|10|bio:unknown|brand:unknown|form:solid-oral,rigotaxd|10,,,solid-oral,10,,,,,,,unknown,,,compatible,unknown,CFM-002974,4990,false,https://comparafarma-api.vercel.app/api/go?slug=araucomed&matchKey=rigotaxd%7C10&url=https%3A%2F%2Ffarmacia.araucomed.com%2Fantihistaminicos%2Frigotax-d-x10cap&cfmId=CFM-002974,2
cetirizina 10mg,cetirizina-10mg,cetirizina,10mg,,,38,39,farmex,Rigotax D x 10 cápsulas,Rigotax D x 10 cápsulas,rigotax|10,rigotax|10|bio:unknown|brand:prater|var:d|form:solid-oral,rigotax|10,,d,solid-oral,10,,,,,Prater,,unknown,PRATER,,compatible,unknown,CFM-005739,5990,true,https://comparafarma-api.vercel.app/api/go?slug=farmex&matchKey=rigotax%7C10&url=https%3A%2F%2Ffarmex.cl%2Fproducts%2Frigotax-d-x-10-capsulas%3F_pos%3D9%26_psq%3Dcetirizina%26_psid%3D55332ff25%26_ss%3De&cfmId=CFM-005739,1
cetirizina 10mg,cetirizina-10mg,cetirizina,10mg,,,39,40,araucomed,Rigotax-D x 30 comprimidos de liberación prolongada,Rigotax-D x 30 comprimidos de liberación prolongada,rigotaxd|30,rigotaxd|30|bio:unknown|brand:unknown|form:solid-oral,rigotaxd|30,,,solid-oral,30,,,,,,,unknown,,,compatible,unknown,CFM-004399,7990,false,https://comparafarma-api.vercel.app/api/go?slug=araucomed&matchKey=rigotaxd%7C30&url=https%3A%2F%2Ffarmacia.araucomed.com%2Fdescongestionantes%2Frigotax-d-x-30-comprimidos-de-liberacion-prolongada&cfmId=CFM-004399,2
cetirizina 10mg,cetirizina-10mg,cetirizina,10mg,,,39,40,ahumada,Rigotax-D x 30 Cápsulas con Gránulos de Liberación Prolongada,Rigotax-D x 30 comprimidos de liberación prolongada,rigotaxd|30,rigotaxd|30|bio:unknown|brand:unknown|form:solid-oral,rigotaxd|30,,,solid-oral,30,,,,,,,unknown,,,compatible,unknown,CFM-004399,13717,true,https://comparafarma-api.vercel.app/api/go?slug=ahumada&matchKey=rigotaxd%7C30&url=https%3A%2F%2Fwww.farmaciasahumada.cl%2Frigotax-d-x-30-capsulas-con-granulos-de-liberacion-prolongada-43130.html&cfmId=CFM-004399,2
cetirizina 10mg,cetirizina-10mg,cetirizina,10mg,,,40,41,araucomed,Remitex D x 20 comprimidos,Remitex D x 20 comprimidos,remitex|20,remitex|20|bio:unknown|brand:bago|var:d|form:solid-oral,remitex|20,,d,solid-oral,20,,,,,Bagó,,unknown,Bagó,,compatible,unknown,CFM-005674,14290,true,https://comparafarma-api.vercel.app/api/go?slug=araucomed&matchKey=remitex%7C20&url=https%3A%2F%2Ffarmacia.araucomed.com%2Fantihistaminicos%2Fremitex-d-x-20-comprimidos&cfmId=CFM-005674,1
cetirizina 10mg,cetirizina-10mg,cetirizina,10mg,,,41,42,farmex,Rigotax D x 30 cápsulas,Rigotax D x 30 cápsulas,rigotax|30,rigotax|30|bio:unknown|brand:prater|var:d|form:solid-oral,rigotax|30,,d,solid-oral,30,,,,,Prater,,unknown,PRATER,,compatible,unknown,CFM-005365,14990,true,https://comparafarma-api.vercel.app/api/go?slug=farmex&matchKey=rigotax%7C30&url=https%3A%2F%2Ffarmex.cl%2Fproducts%2Frigotax-d-x-30-capsulas%3F_pos%3D3%26_psq%3Dcetirizina%26_psid%3D55332ff25%26_ss%3De&cfmId=CFM-005365,1
cetirizina 10mg,cetirizina-10mg,cetirizina,10mg,,,42,43,ahumada,Remitex-D x 20 Comprimidos de Liberación Prolongada,Remitex-D x 20 Comprimidos de Liberación Prolongada,remitexd|20,remitexd|20|bio:unknown|brand:unknown|form:solid-oral,remitexd|20,,,solid-oral,20,,,,,,,unknown,,,compatible,unknown,CFM-003410,15989,true,https://comparafarma-api.vercel.app/api/go?slug=ahumada&matchKey=remitexd%7C20&url=https%3A%2F%2Fwww.farmaciasahumada.cl%2Fremitex-d-x-20-comprimidos-de-liberacion-prolongada-75264.html&cfmId=CFM-003410,1
cetirizina 10mg,cetirizina-10mg,cetirizina,10mg,,,43,44,farmex,Remitex-D x 20 comprimidos,Remitex-D x 20 comprimidos,remitexd|20,remitexd|20|bio:unknown|brand:bago|form:solid-oral,remitexd|20,,,solid-oral,20,,,,,Bago,,unknown,BAGO,,compatible,unknown,CFM-003410,21490,true,https://comparafarma-api.vercel.app/api/go?slug=farmex&matchKey=remitexd%7C20&url=https%3A%2F%2Ffarmex.cl%2Fproducts%2Fremitex-d-x-20-comprimidos%3F_pos%3D6%26_psq%3Dcetirizina%26_psid%3D55332ff25%26_ss%3De&cfmId=CFM-003410,1
cetirizina 10mg,cetirizina-10mg,cetirizina,10mg,,,44,45,salcobrand,Remitex-D Cetirizina / Pseudoefedrina 20 Comprimidos Prolongados,Remitex-D Cetirizina / Pseudoefedrina 20 Comprimidos Prolongados,remitexd|20,remitexd|20|bio:unknown|brand:remitex|combo:pseudoefedrina|form:solid-oral,remitexd|20,pseudoefedrina,,solid-oral,20,,,,Remitex,,,structured,Remitex,,exact,unknown,CFM-003410,23495,true,https://comparafarma-api.vercel.app/api/go?slug=salcobrand&matchKey=remitexd%7C20&url=https%3A%2F%2Fsalcobrand.cl%2Fproducts%2Fremitex-d-cetirizina-pseudoefedrina-20-comprimidos-prolongados%3Fdefault_sku%3D2590271&cfmId=CFM-003410,1
cetirizina 10mg,cetirizina-10mg,cetirizina,10mg,,,45,46,ahumada,Cetirizina 5 mg/5 ml x 60 ml Jarabe HOSPIFARMA CHILE LTD,Cetirizina 5 mg/5 ml x 60 ml Jarabe HOSPIFARMA CHILE LTD,cetirizina|60ml|60,cetirizina|60ml|60|bio:unknown|brand:unknown|form:fluid-oral,cetirizina|60ml|60,,,fluid-oral,,5mg/5ml,ratio,5mg/5ml,,,cetirizina,unknown,,,exact,other,CFM-006027,2989,true,https://comparafarma-api.vercel.app/api/go?slug=ahumada&matchKey=cetirizina%7C60ml%7C60&url=https%3A%2F%2Fwww.farmaciasahumada.cl%2Fcetirizina-5-mg-5-ml-x-60-ml-jarabe-hospifarma-chile-ltd-89488.html&cfmId=CFM-006027,1
cetirizina 10mg,cetirizina-10mg,cetirizina,10mg,,,46,47,araucomed,Cetirizina 5mg/5ml jarabe 60ml (Hospifarma) (Vence 30-07-2026),Cetirizina 5mg/5ml jarabe 60ml (Hospifarma) (Vence 30-07-2026),cetirizina|60ml,cetirizina|60ml|bio:unknown|brand:hospifarma|form:fluid-oral,cetirizina|60ml,,,fluid-oral,,5mg/5ml,ratio,5mg/5ml,,Hospifarma,cetirizina,unknown,Hospifarma,,exact,other,CFM-007198,2990,false,https://comparafarma-api.vercel.app/api/go?slug=araucomed&matchKey=cetirizina%7C60ml&url=https%3A%2F%2Ffarmacia.araucomed.com%2Fantihistaminicos%2Fcetirizina-5mg-5ml-jarabe-60ml&cfmId=CFM-007198,1
cetirizina 10mg,cetirizina-10mg,cetirizina,10mg,,,47,48,ecofarmacias,Cetirizina Diclorhidrato 5 mg / 5 ml Solución Oral 60 ml,Cetirizina Diclorhidrato 5 mg / 5 ml Solución Oral 60 ml,cetirizina|60ml,cetirizina|60ml|bio:true|brand:unknown|var:diclorhidrato|form:fluid-oral,cetirizina|60ml,,diclorhidrato,fluid-oral,,5mg/5ml,ratio,5mg/5ml,,,cetirizina,unknown,,true,exact,other,CFM-007198,2990,true,https://comparafarma-api.vercel.app/api/go?slug=ecofarmacias&matchKey=cetirizina%7C60ml&url=https%3A%2F%2Fwww.ecofarmacias.cl%2Fproducto%2Fcetirizina-diclorhidrato-5-mg-5-ml-solucion-oral-60-ml%2F&cfmId=CFM-007198,1
cetirizina 10mg,cetirizina-10mg,cetirizina,10mg,,,48,49,araucomed,Cetirizina 5mg/5ml jarabe 60ml (Reutter),Cetirizina 5mg/5ml jarabe 60ml (Reutter),cetirizina|60ml,cetirizina|60ml|bio:unknown|brand:unknown|form:fluid-oral,cetirizina|60ml,,,fluid-oral,,5mg/5ml,ratio,5mg/5ml,,,cetirizina,unknown,,,exact,other,CFM-007198,3490,false,https://comparafarma-api.vercel.app/api/go?slug=araucomed&matchKey=cetirizina%7C60ml&url=https%3A%2F%2Ffarmacia.araucomed.com%2Fantihistaminicos%2Fcetirizina-5mg-5ml-jarabe-60ml-reutter&cfmId=CFM-007198,1
cetirizina 10mg,cetirizina-10mg,cetirizina,10mg,,,49,50,araucomed,Findaler 5mg/5ml jarabe x 100 ml.,Findaler 5mg/5ml jarabe x 100 ml.,findaler|100ml|100,findaler|100ml|100|bio:unknown|brand:medipharm|form:fluid-oral,findaler|100ml|100,,,fluid-oral,,5mg/5ml,ratio,5mg/5ml,,Medipharm,,unknown,Medipharm,,compatible,other,CFM-006035,3490,false,https://comparafarma-api.vercel.app/api/go?slug=araucomed&matchKey=findaler%7C100ml%7C100&url=https%3A%2F%2Ffarmacia.araucomed.com%2Fantihistaminicos%2Ffindaler-5mg-5ml-jarabe-100ml&cfmId=CFM-006035,1
cetirizina 10mg,cetirizina-10mg,cetirizina,10mg,,,50,51,salcobrand,Cetirizina 5mg/5ml Jarabe 60ml,Cetirizina 5mg/5ml Jarabe 60ml,cetirizina|60ml,cetirizina|60ml|bio:unknown|brand:cetirizina|form:fluid-oral,cetirizina|60ml,,,fluid-oral,,5mg/5ml,ratio,5mg/5ml,,,cetirizina,unknown,Cetirizina,,exact,other,CFM-007198,3799,true,https://comparafarma-api.vercel.app/api/go?slug=salcobrand&matchKey=cetirizina%7C60ml&url=https%3A%2F%2Fsalcobrand.cl%2Fproducts%2Fcetirizina-5mg-5ml-jarabe-60ml%3Fdefault_sku%3D577135&cfmId=CFM-007198,1
cetirizina 10mg,cetirizina-10mg,cetirizina,10mg,,,51,52,easyfarma,Cetirizina 5 mg/5ml 60 ml...,Cetirizina 5 mg/5ml 60 ml...,cetirizina|60ml,cetirizina|60ml|bio:unknown|brand:hospifarma,cetirizina|60ml,,,,,5mg/5ml,ratio,5mg/5ml,,,cetirizina,unknown,,,exact,other,CFM-007198,3990,true,https://comparafarma-api.vercel.app/api/go?slug=easyfarma&matchKey=cetirizina%7C60ml&url=https%3A%2F%2Fnuevo.easyfarma.cl%2F104718-cetirizina-5-mg-5ml-60-ml-hospifarma.html&cfmId=CFM-007198,1
cetirizina 10mg,cetirizina-10mg,cetirizina,10mg,,,52,53,easyfarma,Cetirizina Jarabe 5mg/5ml...,Cetirizina Jarabe 5mg/5ml...,cetirizina|5ml,cetirizina|5ml|bio:unknown|brand:unknown|form:fluid-oral,cetirizina|5ml,,,fluid-oral,,5mg/5ml,ratio,5mg/5ml,,,cetirizina,unknown,,,exact,other,CFM-009808,3990,true,https://comparafarma-api.vercel.app/api/go?slug=easyfarma&matchKey=cetirizina%7C5ml&url=https%3A%2F%2Fnuevo.easyfarma.cl%2F102949-cetirizina-jarabe-5mg-5ml-60-ml.html&cfmId=CFM-009808,1
cetirizina 10mg,cetirizina-10mg,cetirizina,10mg,,,53,54,dr-simi,Rigotax cetirizina 5 mg/5 mL solución oral 60 mL,Rigotax cetirizina 5 mg/5 mL solución oral 60 mL,rigotax|60ml,rigotax|60ml|bio:false|brand:prater|form:fluid-oral,rigotax|60ml,,,fluid-oral,,5mg/5ml,ratio,5mg/5ml,Rigotax,Prater,cetirizina,name,PRATER,false,exact,other,CFM-003416,4350,true,https://comparafarma-api.vercel.app/api/go?slug=dr-simi&matchKey=rigotax%7C60ml&url=https%3A%2F%2Fwww.drsimi.cl%2Frigotax-cetirizina-diclorhidrato-5-mg-5ml-solucion-oral-60-ml%2Fp&cfmId=CFM-003416,1
cetirizina 10mg,cetirizina-10mg,cetirizina,10mg,,,54,55,dr-simi,Rigotax-D cetirizina 5 mg pseudoefedrina 120 mg 10 cápsulas con gránulos de liberación prolongada,Rigotax-D cetirizina 5 mg pseudoefedrina 120 mg 10 cápsulas con gránulos de liberación prolongada,rigotaxd|5mg|10,rigotaxd|5mg|10|bio:false|brand:prater|form:solid-oral,rigotaxd|5mg|10,,,solid-oral,10,,,5mg,RigotaxD,Prater,cetirizina,name,PRATER,false,exact,other,CFM-003415,4800,true,https://comparafarma-api.vercel.app/api/go?slug=dr-simi&matchKey=rigotaxd%7C5mg%7C10&url=https%3A%2F%2Fwww.drsimi.cl%2Frigotax-d-10-capsulas-con-granulos-de-liberacion-prolongada%2Fp&cfmId=CFM-003415,1
cetirizina 10mg,cetirizina-10mg,cetirizina,10mg,,,55,56,ahumada,Rigotax 10 mg/mL x 15 mL Solución Oral Para Gotas,Rigotax 10 mg/mL x 15 mL Solución Oral Para Gotas,rigotax|15ml|15,rigotax|15ml|15|bio:unknown|brand:unknown|form:fluid-oral,rigotax|15ml|15,,,fluid-oral,,10mg/1ml,ratio,10mg/1ml,,,,unknown,,,compatible,other,CFM-005366,4989,true,https://comparafarma-api.vercel.app/api/go?slug=ahumada&matchKey=rigotax%7C15ml%7C15&url=https%3A%2F%2Fwww.farmaciasahumada.cl%2Frigotax-10-mg-ml-x-15-ml-solucion-oral-para-gotas-24426.html&cfmId=CFM-005366,2
cetirizina 10mg,cetirizina-10mg,cetirizina,10mg,,,55,56,araucomed,Rigotax 10mg/ml solución oral para gotas x 15 ml.,Rigotax 10 mg/mL x 15 mL Solución Oral Para Gotas,rigotax|15ml|15,rigotax|15ml|15|bio:unknown|brand:unknown|form:fluid-oral,rigotax|15ml|15,,,fluid-oral,,10mg/1ml,ratio,10mg/1ml,,,,unknown,,,compatible,other,CFM-005366,5990,false,https://comparafarma-api.vercel.app/api/go?slug=araucomed&matchKey=rigotax%7C15ml%7C15&url=https%3A%2F%2Ffarmacia.araucomed.com%2Fantihistaminicos%2Frigotax-10mg-ml-solucion-oral-para-gotas-x-15-ml&cfmId=CFM-005366,2
cetirizina 10mg,cetirizina-10mg,cetirizina,10mg,,,56,57,easyfarma,Alerpriv 5mg/ml 20  ml,Alerpriv 5mg/ml 20  ml,alerpriv|20ml,alerpriv|20ml|bio:unknown|brand:unknown,alerpriv|20ml,,,,,5mg/1ml,ratio,5mg/1ml,,,,unknown,,,compatible,other,CFM-007203,4990,true,https://comparafarma-api.vercel.app/api/go?slug=easyfarma&matchKey=alerpriv%7C20ml&url=https%3A%2F%2Fnuevo.easyfarma.cl%2F103552-alerpriv-5mg-ml-20-ml.html&cfmId=CFM-007203,1
cetirizina 10mg,cetirizina-10mg,cetirizina,10mg,,,57,58,dr-simi,Rigotax cetirizina 10 mg/mL solución oral para gotas 15 mL,Rigotax cetirizina 10 mg/mL solución oral para gotas 15 mL,rigotax|15ml,rigotax|15ml|bio:false|brand:prater|form:fluid-oral,rigotax|15ml,,,fluid-oral,,10mg/1ml,ratio,10mg/1ml,Rigotax,Prater,cetirizina,name,PRATER,false,exact,other,CFM-003411,5100,true,https://comparafarma-api.vercel.app/api/go?slug=dr-simi&matchKey=rigotax%7C15ml&url=https%3A%2F%2Fwww.drsimi.cl%2Frigotax-cetirizina-diclorhidrato-10-mg-ml-solucion-oral-gotas-15-ml%2Fp&cfmId=CFM-003411,1
cetirizina 10mg,cetirizina-10mg,cetirizina,10mg,,,58,59,araucomed,Rigotax 5mg/5ml jarabe 60ml,Rigotax 5mg/5ml jarabe 60ml,rigotax|60ml,rigotax|60ml|bio:unknown|brand:unknown|form:fluid-oral,rigotax|60ml,,,fluid-oral,,5mg/5ml,ratio,5mg/5ml,,,,unknown,,,exact,other,CFM-003416,6490,true,https://comparafarma-api.vercel.app/api/go?slug=araucomed&matchKey=rigotax%7C60ml&url=https%3A%2F%2Ffarmacia.araucomed.com%2Fantihistaminicos%2Frigotax-5mg-5ml-jarabe-60ml&cfmId=CFM-003416,2
cetirizina 10mg,cetirizina-10mg,cetirizina,10mg,,,58,59,cruz-verde,Rigotax Cetirizina 5 mg/5ml Solución Oral 60 mL,Rigotax 5mg/5ml jarabe 60ml,rigotax|60ml,rigotax|60ml|bio:unknown|brand:unknown|form:fluid-oral,rigotax|60ml,,,fluid-oral,,5mg/5ml,ratio,5mg/5ml,,,,unknown,,,exact,other,CFM-003416,10990,true,https://comparafarma-api.vercel.app/api/go?slug=cruz-verde&matchKey=rigotax%7C60ml&url=https%3A%2F%2Fwww.cruzverde.cl%2Frigotax-cetirizina-5-mg-5ml-solucion-oral-60-ml%2F111126.html&cfmId=CFM-003416,2
cetirizina 10mg,cetirizina-10mg,cetirizina,10mg,,,59,60,ecofarmacias,Findaler Cetirizina Diclorhidrato 10mg /ml 15 mL (Eurofarma),Findaler Cetirizina Diclorhidrato 10mg /ml 15 mL (Eurofarma),findaler|15ml,findaler|15ml|bio:unknown|brand:unknown|var:diclorhidrato,findaler|15ml,,diclorhidrato,,,10mg/1ml,ratio,10mg/1ml,Findaler,,cetirizina,name,,,exact,other,CFM-007204,6690,false,https://comparafarma-api.vercel.app/api/go?slug=ecofarmacias&matchKey=findaler%7C15ml&url=https%3A%2F%2Fwww.ecofarmacias.cl%2Fproducto%2Ffindaler-cetirizina-diclorhidrato-10mg-ml-15-ml%2F&cfmId=CFM-007204,1
cetirizina 10mg,cetirizina-10mg,cetirizina,10mg,,,60,61,ecofarmacias,Findaler Cetirizina Diclorhidrato 5mg/5ml x 100 mL (Eurofarma),Findaler Cetirizina Diclorhidrato 5mg/5ml x 100 mL (Eurofarma),findaler|100ml|100,findaler|100ml|100|bio:unknown|brand:unknown|var:diclorhidrato,findaler|100ml|100,,diclorhidrato,,,5mg/5ml,ratio,5mg/5ml,Findaler,,cetirizina,name,,,exact,other,CFM-006035,6980,false,https://comparafarma-api.vercel.app/api/go?slug=ecofarmacias&matchKey=findaler%7C100ml%7C100&url=https%3A%2F%2Fwww.ecofarmacias.cl%2Fproducto%2Ffindaler-cetirizina-diclorhidrato-5mg-ml-5-ml-eurofarma%2F&cfmId=CFM-006035,1
cetirizina 10mg,cetirizina-10mg,cetirizina,10mg,,,61,62,easyfarma,Alerpriv 2.5/5ml 100 ml,Alerpriv 2.5/5ml 100 ml,alerpriv|100ml,alerpriv|100ml|bio:unknown|brand:unknown,alerpriv|100ml,,,,,,,5ml,,,,unknown,,,compatible,other,CFM-007199,6990,true,https://comparafarma-api.vercel.app/api/go?slug=easyfarma&matchKey=alerpriv%7C100ml&url=https%3A%2F%2Fnuevo.easyfarma.cl%2F102844-alerpriv-25-5ml-100-ml.html&cfmId=CFM-007199,1
cetirizina 10mg,cetirizina-10mg,cetirizina,10mg,,,62,63,cruz-verde,Rigotax-D Cetirizina 120 mg 10 Cápsulas,Rigotax-D Cetirizina 120 mg 10 Cápsulas,rigotaxd|120mg|10,rigotaxd|120mg|10|bio:unknown|brand:unknown|form:solid-oral,rigotaxd|120mg|10,,,solid-oral,10,,,120mg,RigotaxD,,cetirizina,name,,,exact,other,CFM-004398,7990,true,https://comparafarma-api.vercel.app/api/go?slug=cruz-verde&matchKey=rigotaxd%7C120mg%7C10&url=https%3A%2F%2Fwww.cruzverde.cl%2Frigotax-d-cetirizina-120-mg-10-capsulas%2F111152.html&cfmId=CFM-004398,1
cetirizina 10mg,cetirizina-10mg,cetirizina,10mg,,,63,64,salcobrand,Rigotax-D Cetirizina / Pseudoefedrina 5mg/120mg 10 Cápsulas Prolongadas,Rigotax-D Cetirizina / Pseudoefedrina 5mg/120mg 10 Cápsulas Prolongadas,rigotaxd|5mg|10,rigotaxd|5mg|10|bio:unknown|brand:rigotax|combo:pseudoefedrina|form:solid-oral,rigotaxd|5mg|10,pseudoefedrina,,solid-oral,10,,,5mg,Rigotax,,,structured,Rigotax,,exact,other,CFM-003415,9415,true,https://comparafarma-api.vercel.app/api/go?slug=salcobrand&matchKey=rigotaxd%7C5mg%7C10&url=https%3A%2F%2Fsalcobrand.cl%2Fproducts%2Frigotax-d-cetirizina-pseudoefedrina-5mg-120mg-10-capsulas-prolongadas%3Fdefault_sku%3D900368&cfmId=CFM-003415,1
cetirizina 10mg,cetirizina-10mg,cetirizina,10mg,,,64,65,ahumada,Findaler 5 mg/5 ml x 100 ml Jarabe,Findaler 5 mg/5 ml x 100 ml Jarabe,findaler|100ml|100,findaler|100ml|100|bio:unknown|brand:unknown|form:fluid-oral,findaler|100ml|100,,,fluid-oral,,5mg/5ml,ratio,5mg/5ml,,,,unknown,,,compatible,other,CFM-006035,11099,true,https://comparafarma-api.vercel.app/api/go?slug=ahumada&matchKey=findaler%7C100ml%7C100&url=https%3A%2F%2Fwww.farmaciasahumada.cl%2Ffindaler-5-mg-5-ml-x-100-ml-jarabe-20930.html&cfmId=CFM-006035,1
cetirizina 10mg,cetirizina-10mg,cetirizina,10mg,,,65,66,cruz-verde,Rigotax Cetirizina 10 mg/ml Gotas 15 mL,Rigotax Cetirizina 10 mg/ml Gotas 15 mL,rigotax|15ml,rigotax|15ml|bio:unknown|brand:unknown|form:fluid-oral,rigotax|15ml,,,fluid-oral,,10mg/1ml,ratio,10mg/1ml,Rigotax,,cetirizina,name,,,exact,other,CFM-003411,12590,true,https://comparafarma-api.vercel.app/api/go?slug=cruz-verde&matchKey=rigotax%7C15ml&url=https%3A%2F%2Fwww.cruzverde.cl%2Frigotax-cetirizina-10-mg-ml-gotas-15-ml%2F111125.html&cfmId=CFM-003411,1
cetirizina 10mg,cetirizina-10mg,cetirizina,10mg,,,66,67,araucomed,Remitex 10mg/ml gotas x 15 ml.,Remitex 10mg/ml gotas x 15 ml.,remitex|15ml|15,remitex|15ml|15|bio:unknown|brand:bago|form:fluid-oral,remitex|15ml|15,,,fluid-oral,,10mg/1ml,ratio,10mg/1ml,,Bagó,,unknown,Bagó,,compatible,other,CFM-003417,13990,false,https://comparafarma-api.vercel.app/api/go?slug=araucomed&matchKey=remitex%7C15ml%7C15&url=https%3A%2F%2Ffarmacia.araucomed.com%2Fantihistaminicos%2Fremitex-10mg-ml-gotas-15ml&cfmId=CFM-003417,1
cetirizina 10mg,cetirizina-10mg,cetirizina,10mg,,,67,68,farmex,Remitex Jarabe 5 mg / 5 mL x 100 mL,Remitex Jarabe 5 mg / 5 mL x 100 mL,remitex|100ml|100,remitex|100ml|100|bio:unknown|brand:bago|form:fluid-oral,remitex|100ml|100,,,fluid-oral,,5mg/5ml,ratio,5mg/5ml,,Bago,,unknown,BAGO,,compatible,other,CFM-003409,14495,true,https://comparafarma-api.vercel.app/api/go?slug=farmex&matchKey=remitex%7C100ml%7C100&url=https%3A%2F%2Ffarmex.cl%2Fproducts%2Fremitex-jarabe-5-mg-5-ml-x-100-ml%3F_pos%3D7%26_psq%3Dcetirizina%26_psid%3D55332ff25%26_ss%3De&cfmId=CFM-003409,1
cetirizina 10mg,cetirizina-10mg,cetirizina,10mg,,,68,69,salcobrand,Rigotax Cetirizina 5mg/5ml Jarabe 60ml,Rigotax Cetirizina 5mg/5ml Jarabe 60ml,rigotax|60ml,rigotax|60ml|bio:unknown|brand:rigotax|form:fluid-oral,rigotax|60ml,,,fluid-oral,,5mg/5ml,ratio,5mg/5ml,Rigotax,,cetirizina,structured,Rigotax,,exact,other,CFM-003416,15047,true,https://comparafarma-api.vercel.app/api/go?slug=salcobrand&matchKey=rigotax%7C60ml&url=https%3A%2F%2Fsalcobrand.cl%2Fproducts%2Frigotax-cetirizina-5mg-5ml-jarabe-60ml%3Fdefault_sku%3D900931&cfmId=CFM-003416,1
cetirizina 10mg,cetirizina-10mg,cetirizina,10mg,,,69,70,salcobrand,Rigotax 10mg/ml Cetirizina Oral Gotas 15ml,Rigotax 10mg/ml Cetirizina Oral Gotas 15ml,rigotax|15ml,rigotax|15ml|bio:unknown|brand:rigotax|form:fluid-oral,rigotax|15ml,,,fluid-oral,,10mg/1ml,ratio,10mg/1ml,Rigotax,,,structured,Rigotax,,exact,other,CFM-003411,15311,true,https://comparafarma-api.vercel.app/api/go?slug=salcobrand&matchKey=rigotax%7C15ml&url=https%3A%2F%2Fsalcobrand.cl%2Fproducts%2Frigotax-10mg-ml-cetirizina-oral-gotas-15ml%3Fdefault_sku%3D900948&cfmId=CFM-003411,1
cetirizina 10mg,cetirizina-10mg,cetirizina,10mg,,,70,71,ahumada,Remitex 5 mg/5 mL x 100 mL Jarabe,Remitex 5 mg/5 mL x 100 mL Jarabe,remitex|100ml|100,remitex|100ml|100|bio:unknown|brand:unknown|form:fluid-oral,remitex|100ml|100,,,fluid-oral,,5mg/5ml,ratio,5mg/5ml,,,,unknown,,,compatible,other,CFM-003409,15979,true,https://comparafarma-api.vercel.app/api/go?slug=ahumada&matchKey=remitex%7C100ml%7C100&url=https%3A%2F%2Fwww.farmaciasahumada.cl%2Fremitex-5-mg-5-ml-x-100-ml-jarabe-15097.html&cfmId=CFM-003409,1
cetirizina 10mg,cetirizina-10mg,cetirizina,10mg,,,71,72,cruz-verde,Rigotax-D  Pseudoefedrina 120 mg 30 Cápsulas Liberación Prolongada,Rigotax-D 5/120 mg Caja 30 Comprimidos Liberación Prolongada,rigotaxd|120mg|30,rigotaxd|120mg|30|bio:unknown|brand:unknown|form:solid-oral,rigotaxd|120mg|30,,,solid-oral,30,,,120mg,,,,unknown,,,compatible,other,CFM-004400,15990,true,https://comparafarma-api.vercel.app/api/go?slug=cruz-verde&matchKey=rigotaxd%7C120mg%7C30&url=https%3A%2F%2Fwww.cruzverde.cl%2Frigotax-d-pseudoefedrina-120-mg-30-capsulas-liberacion-prolongada%2F111153.html&cfmId=CFM-004400,2
cetirizina 10mg,cetirizina-10mg,cetirizina,10mg,,,71,72,ahumada,Rigotax-D 5/120 mg Caja 30 Comprimidos Liberación Prolongada,Rigotax-D 5/120 mg Caja 30 Comprimidos Liberación Prolongada,rigotaxd|120mg|30,rigotaxd|120mg|30|bio:unknown|brand:unknown|form:solid-oral,rigotaxd|120mg|30,,,solid-oral,30,,,120mg,,,,unknown,,,compatible,other,CFM-004400,18787,true,https://comparafarma-api.vercel.app/api/go?slug=ahumada&matchKey=rigotaxd%7C120mg%7C30&url=https%3A%2F%2Fwww.farmaciasahumada.cl%2Frigotax-d-5-120-mg-caja-30-comprimidos-liberacion-prolongada-91079.html&cfmId=CFM-004400,2
cetirizina 10mg,cetirizina-10mg,cetirizina,10mg,,,72,73,salcobrand,Rigotax-D Cetirizina / Pseudoefedrina 5mg/120mg 30 Cápsulas Prolongadas,Rigotax-D Cetirizina / Pseudoefedrina 5mg/120mg 30 Cápsulas Prolongadas,rigotaxd|5mg|30,rigotaxd|5mg|30|bio:unknown|brand:rigotax|combo:pseudoefedrina|form:solid-oral,rigotaxd|5mg|30,pseudoefedrina,,solid-oral,30,,,5mg,Rigotax,,,structured,Rigotax,,exact,other,CFM-005367,17159,true,https://comparafarma-api.vercel.app/api/go?slug=salcobrand&matchKey=rigotaxd%7C5mg%7C30&url=https%3A%2F%2Fsalcobrand.cl%2Fproducts%2Frigotax-d-cetirizina-pseudoefedrina-5mg-120mg-30-capsulas-prolongadas%3Fdefault_sku%3D900367&cfmId=CFM-005367,1
cetirizina 10mg,cetirizina-10mg,cetirizina,10mg,,,73,74,cruz-verde,Findaler Cetirizina 5 mg / 5 mL Jarabe 100 mL,Findaler Cetirizina 5 mg / 5 mL Jarabe 100 mL,findaler|100ml,findaler|100ml|bio:unknown|brand:unknown|form:fluid-oral,findaler|100ml,,,fluid-oral,,5mg/5ml,ratio,5mg/5ml,Findaler,,cetirizina,name,,,exact,other,CFM-006031,17240,true,https://comparafarma-api.vercel.app/api/go?slug=cruz-verde&matchKey=findaler%7C100ml&url=https%3A%2F%2Fwww.cruzverde.cl%2Ffindaler-cetirizina-5-mg-5-ml-jarabe-100-ml%2F27185.html&cfmId=CFM-006031,1
cetirizina 10mg,cetirizina-10mg,cetirizina,10mg,,,74,75,ahumada,Remitex 10 mg/mL x 15 mL Solución Oral Para Gotas,Remitex 10 mg/mL x 15 mL Solución Oral Para Gotas,remitex|15ml|15,remitex|15ml|15|bio:unknown|brand:unknown|form:fluid-oral,remitex|15ml|15,,,fluid-oral,,10mg/1ml,ratio,10mg/1ml,,,,unknown,,,compatible,other,CFM-003417,17989,true,https://comparafarma-api.vercel.app/api/go?slug=ahumada&matchKey=remitex%7C15ml%7C15&url=https%3A%2F%2Fwww.farmaciasahumada.cl%2Fremitex-10-mg-ml-x-15-ml-solucion-oral-para-gotas-15071.html&cfmId=CFM-003417,1
cetirizina 10mg,cetirizina-10mg,cetirizina,10mg,,,75,76,easyfarma,Degraler comprimidos 5 mg x 40,Degraler comprimidos 5 mg x 40,degraler|5mg|40,degraler|5mg|40|bio:unknown|brand:unknown|form:solid-oral,degraler|5mg|40,,,solid-oral,40,,,5mg,,,,unknown,,,compatible,other,CFM-000622,17990,true,https://comparafarma-api.vercel.app/api/go?slug=easyfarma&matchKey=degraler%7C5mg%7C40&url=https%3A%2F%2Fnuevo.easyfarma.cl%2F24996-degraler-5mg-x-40.html&cfmId=CFM-000622,1
cetirizina 10mg,cetirizina-10mg,cetirizina,10mg,,,76,77,ahumada,Rigotax 5 mg/5 mL x 60 mL Solución Oral,Rigotax 5 mg/5 mL x 60 mL Solución Oral,rigotax|60ml|60,rigotax|60ml|60|bio:unknown|brand:unknown|form:fluid-oral,rigotax|60ml|60,,,fluid-oral,,5mg/5ml,ratio,5mg/5ml,,,,unknown,,,compatible,other,CFM-005369,19189,true,https://comparafarma-api.vercel.app/api/go?slug=ahumada&matchKey=rigotax%7C60ml%7C60&url=https%3A%2F%2Fwww.farmaciasahumada.cl%2Frigotax-5-mg-5-ml-x-60-ml-solucion-oral-24439.html&cfmId=CFM-005369,1
cetirizina 10mg,cetirizina-10mg,cetirizina,10mg,,,77,78,salcobrand,Remitex (B) Cetirizina 5mg/5ml Jarabe 100ml,Remitex (B) Cetirizina 5mg/5ml Jarabe 100ml,remitex|100ml,remitex|100ml|bio:unknown|brand:remitex|form:fluid-oral,remitex|100ml,,,fluid-oral,,5mg/5ml,ratio,5mg/5ml,Remitex,,cetirizina,structured,Remitex,,exact,other,CFM-003414,19535,true,https://comparafarma-api.vercel.app/api/go?slug=salcobrand&matchKey=remitex%7C100ml&url=https%3A%2F%2Fsalcobrand.cl%2Fproducts%2Fremitex-b-cetirizina-5mg-5ml-jarabe-100ml%3Fdefault_sku%3D2592308&cfmId=CFM-003414,1
cetirizina 10mg,cetirizina-10mg,cetirizina,10mg,,,78,79,cruz-verde,Remitex Cetirizina 5 mg/5mL Jarabe 100 mL,Remitex Cetirizina 5 mg/5mL Jarabe 100 mL,remitex|100ml,remitex|100ml|bio:unknown|brand:unknown|form:fluid-oral,remitex|100ml,,,fluid-oral,,5mg/5ml,ratio,5mg/5ml,Remitex,,cetirizina,name,,,exact,other,CFM-003414,22140,true,https://comparafarma-api.vercel.app/api/go?slug=cruz-verde&matchKey=remitex%7C100ml&url=https%3A%2F%2Fwww.cruzverde.cl%2Fremitex-cetirizina-5-mg-5ml-jarabe-100-ml%2F252055.html&cfmId=CFM-003414,1
cetirizina 10mg,cetirizina-10mg,cetirizina,10mg,,,79,80,ahumada,Zyrtec 1 mg/ml x 60 ml Solución Oral,Zyrtec 1 mg/ml x 60 ml Solución Oral,zyrtec|60ml|60,zyrtec|60ml|60|bio:unknown|brand:unknown|form:fluid-oral,zyrtec|60ml|60,,,fluid-oral,,1mg/1ml,ratio,1mg/1ml,,,,unknown,,,compatible,other,CFM-005772,23317,true,https://comparafarma-api.vercel.app/api/go?slug=ahumada&matchKey=zyrtec%7C60ml%7C60&url=https%3A%2F%2Fwww.farmaciasahumada.cl%2Fzyrtec-1-mg-ml-x-60-ml-solucion-oral-12.html&cfmId=CFM-005772,1
cetirizina 10mg,cetirizina-10mg,cetirizina,10mg,,,80,81,salcobrand,Remitex (B) Cetirizina 10mg/ml Oral Gotas 15ml,Remitex (B) Cetirizina 10mg/ml Oral Gotas 15ml,remitex|15ml,remitex|15ml|bio:unknown|brand:remitex|form:fluid-oral,remitex|15ml,,,fluid-oral,,10mg/1ml,ratio,10mg/1ml,Remitex,,cetirizina,structured,Remitex,,exact,other,CFM-003412,25079,true,https://comparafarma-api.vercel.app/api/go?slug=salcobrand&matchKey=remitex%7C15ml&url=https%3A%2F%2Fsalcobrand.cl%2Fproducts%2Fremitex-b-cetirizina-10mg-ml-oral-gotas-15ml%3Fdefault_sku%3D2592346&cfmId=CFM-003412,1
cetirizina 10mg,cetirizina-10mg,cetirizina,10mg,,,81,82,salcobrand,Zyrtec Cetirizina 1mg/ml Jarabe 60ml,Zyrtec Cetirizina 1mg/ml Jarabe 60ml,zyrtec|60ml,zyrtec|60ml|bio:unknown|brand:zyrtec|form:fluid-oral,zyrtec|60ml,,,fluid-oral,,1mg/1ml,ratio,1mg/1ml,Zyrtec,,cetirizina,structured,Zyrtec,,exact,other,CFM-006033,27543,true,https://comparafarma-api.vercel.app/api/go?slug=salcobrand&matchKey=zyrtec%7C60ml&url=https%3A%2F%2Fsalcobrand.cl%2Fproducts%2Fzyrtec-cetirizina-1mg-ml-jarabe-60ml%3Fdefault_sku%3D1001091&cfmId=CFM-006033,1
cetirizina 10mg,cetirizina-10mg,cetirizina,10mg,,,82,83,cruz-verde,Remitex Cetirizina 10 mg/ml Gotas 15 mL,Remitex Cetirizina 10 mg/ml Gotas 15 mL,remitex|15ml,remitex|15ml|bio:unknown|brand:unknown|form:fluid-oral,remitex|15ml,,,fluid-oral,,10mg/1ml,ratio,10mg/1ml,Remitex,,cetirizina,name,,,exact,other,CFM-003412,28140,true,https://comparafarma-api.vercel.app/api/go?slug=cruz-verde&matchKey=remitex%7C15ml&url=https%3A%2F%2Fwww.cruzverde.cl%2Fremitex-cetirizina-10-mg-ml-gotas-15-ml%2F9141.html&cfmId=CFM-003412,1
cetirizina 10mg,cetirizina-10mg,cetirizina,10mg,,,83,84,cruz-verde,Zyrtec Cetirizina  1mg/mL Jarabe 60 mL,Zyrtec Cetirizina  1mg/mL Jarabe 60 mL,zyrtec|60ml,zyrtec|60ml|bio:unknown|brand:unknown|form:fluid-oral,zyrtec|60ml,,,fluid-oral,,1mg/1ml,ratio,1mg/1ml,Zyrtec,,cetirizina,name,,,exact,other,CFM-006033,31090,true,https://comparafarma-api.vercel.app/api/go?slug=cruz-verde&matchKey=zyrtec%7C60ml&url=https%3A%2F%2Fwww.cruzverde.cl%2Fzyrtec-cetirizina-1mg-ml-jarabe-60-ml%2F60086.html&cfmId=CFM-006033,1
cetirizina 10mg,cetirizina-10mg,cetirizina,10mg,,,84,85,easyfarma,Levocetirizina comprimidos...,Levocetirizina comprimidos...,levocetirizina,levocetirizina|bio:unknown|brand:unknown|form:solid-oral,levocetirizina,,,solid-oral,,,,,,,levocetirizina,unknown,,,mismatch,unknown,CFM-009807,3990,true,https://comparafarma-api.vercel.app/api/go?slug=easyfarma&matchKey=levocetirizina&url=https%3A%2F%2Fnuevo.easyfarma.cl%2F26292-levocetirizina-diclorhidrato-5mg-x-30.html&cfmId=CFM-009807,1
cetirizina 10mg,cetirizina-10mg,cetirizina,10mg,,,85,86,ecofarmacias,Levocetirizina 5 mg x 30 comprimidos. (Cenabast) DESCUENTO,Levocetirizina 5 mg x 30 comprimidos. (Cenabast) DESCUENTO,levocetirizina|5mg|30,levocetirizina|5mg|30|bio:true|brand:unknown|form:solid-oral,levocetirizina|5mg|30,,,solid-oral,30,,,5mg,,,levocetirizina,unknown,,true,mismatch,other,CFM-000616,1000,false,https://comparafarma-api.vercel.app/api/go?slug=ecofarmacias&matchKey=levocetirizina%7C5mg%7C30&url=https%3A%2F%2Fwww.ecofarmacias.cl%2Fproducto%2Flevocetirizina-5-mg-x-30-comprimidos-cenabast-descuento%2F&cfmId=CFM-000616,1
cetirizina 10mg,cetirizina-10mg,cetirizina,10mg,,,86,87,ecofarmacias,Levocetirizina Diclorhidrato 5 mg x 30 comp. (cenabast),Levocetirizina Diclorhidrato 5 mg x 30 comp. (cenabast),levocetirizina|5mg|30,levocetirizina|5mg|30|bio:true|brand:unknown|var:diclorhidrato|form:solid-oral,levocetirizina|5mg|30,,diclorhidrato,solid-oral,30,,,5mg,,,levocetirizina,unknown,,true,mismatch,other,CFM-000616,1560,true,https://comparafarma-api.vercel.app/api/go?slug=ecofarmacias&matchKey=levocetirizina%7C5mg%7C30&url=https%3A%2F%2Fwww.ecofarmacias.cl%2Fproducto%2Flevocetirizina-diclorhidrato-5-mg-x-30-comp-cenabast%2F&cfmId=CFM-000616,1
cetirizina 10mg,cetirizina-10mg,cetirizina,10mg,,,87,88,dr-simi,Levocetirizina 5 mg 30 comprimidos recubiertos,Levocetirizina 5 mg 30 comprimidos recubiertos,levocetirizina|5mg|30,levocetirizina|5mg|30|bio:true|brand:sevenpharma|form:solid-oral,levocetirizina|5mg|30,,,solid-oral,30,,,5mg,,Seven Pharma,levocetirizina,unknown,SEVEN PHARMA,true,mismatch,other,CFM-000616,2640,true,https://comparafarma-api.vercel.app/api/go?slug=dr-simi&matchKey=levocetirizina%7C5mg%7C30&url=https%3A%2F%2Fwww.drsimi.cl%2Flevocetirizina-5mg-30comp-ch74710-1%2Fp&cfmId=CFM-000616,1
cetirizina 10mg,cetirizina-10mg,cetirizina,10mg,,,88,89,easyfarma,Levocetirizina 5 Mg 30...,Levocetirizina 5 Mg 30...,levocetirizina|5mg,levocetirizina|5mg|bio:unknown|brand:curaespring,levocetirizina|5mg,,,,,,,5mg,,,levocetirizina,unknown,,,mismatch,other,CFM-002822,3490,true,https://comparafarma-api.vercel.app/api/go?slug=easyfarma&matchKey=levocetirizina%7C5mg&url=https%3A%2F%2Fnuevo.easyfarma.cl%2F105667-levocetirizina-5-mg-30-comp-recubiertos-curaespring.html&cfmId=CFM-002822,1
cetirizina 10mg,cetirizina-10mg,cetirizina,10mg,,,89,90,dr-simi,Levorigotax levocetirizina 5 mg 30 comprimidos recubiertos,Levorigotax levocetirizina 5 mg 30 comprimidos recubiertos,levorigotax|5mg|30,levorigotax|5mg|30|bio:true|brand:prater|var:levocetirizina|form:solid-oral,levorigotax|5mg|30,,levocetirizina,solid-oral,30,,,5mg,Levorigotax,Prater,levocetirizina,name,PRATER,true,mismatch,other,CFM-000624,3510,true,https://comparafarma-api.vercel.app/api/go?slug=dr-simi&matchKey=levorigotax%7C5mg%7C30&url=https%3A%2F%2Fwww.drsimi.cl%2Flevorigotax-levocetirizina-5-mg-30-comprimidos%2Fp&cfmId=CFM-000624,1
cetirizina 10mg,cetirizina-10mg,cetirizina,10mg,,,90,91,ecofarmacias,"Levocetirizina Diclorhidrato 2,5mg/5ml solución oral x 100 ml. (Cenabast)","Levocetirizina Diclorhidrato 2,5mg/5ml solución oral x 100 ml. (Cenabast)",levocetirizina|100ml|100,levocetirizina|100ml|100|bio:unknown|brand:unknown|var:diclorhidrato|form:fluid-oral,levocetirizina|100ml|100,,diclorhidrato,fluid-oral,,2.5mg/5ml,ratio,2.5mg/5ml,,,levocetirizina,unknown,,,mismatch,other,CFM-000617,3590,true,https://comparafarma-api.vercel.app/api/go?slug=ecofarmacias&matchKey=levocetirizina%7C100ml%7C100&url=https%3A%2F%2Fwww.ecofarmacias.cl%2Fproducto%2Flevocetirizina-diclorhidrato-25mg-5ml-solucion-oral-x-100-ml-cenabast%2F&cfmId=CFM-000617,1
cetirizina 10mg,cetirizina-10mg,cetirizina,10mg,,,91,92,ecofarmacias,"Levocetirizina diclorhidrato 2,5 mg/5 ml x 100 ml jarabe","Levocetirizina diclorhidrato 2,5 mg/5 ml x 100 ml jarabe",levocetirizina|100ml|100,levocetirizina|100ml|100|bio:true|brand:unknown|var:diclorhidrato|form:fluid-oral,levocetirizina|100ml|100,,diclorhidrato,fluid-oral,,2.5mg/5ml,ratio,2.5mg/5ml,,,levocetirizina,unknown,,true,mismatch,other,CFM-000617,3590,true,https://comparafarma-api.vercel.app/api/go?slug=ecofarmacias&matchKey=levocetirizina%7C100ml%7C100&url=https%3A%2F%2Fwww.ecofarmacias.cl%2Fproducto%2Flevocetirizina-diclorhidrato-25-mg-5-ml-x-100-ml-jarabe%2F&cfmId=CFM-000617,1
cetirizina 10mg,cetirizina-10mg,cetirizina,10mg,,,92,93,easyfarma,Levocetirizina 5 Mg 30...,Levocetirizina 5 Mg 30...,levocetirizina|5mg,levocetirizina|5mg|bio:unknown|brand:ascend,levocetirizina|5mg,,,,,,,5mg,,,levocetirizina,unknown,,,mismatch,other,CFM-002822,3990,true,https://comparafarma-api.vercel.app/api/go?slug=easyfarma&matchKey=levocetirizina%7C5mg&url=https%3A%2F%2Fnuevo.easyfarma.cl%2F105311-levocetirizina-5-mg-30-comp-recubiertos-ascend.html&cfmId=CFM-002822,1
cetirizina 10mg,cetirizina-10mg,cetirizina,10mg,,,93,94,easyfarma,Levocetirizina 5 Mg 30...,Levocetirizina 5 Mg 30...,levocetirizina|5mg,levocetirizina|5mg|bio:unknown|brand:unknown,levocetirizina|5mg,,,,,,,5mg,,,levocetirizina,unknown,,,mismatch,other,CFM-002822,3990,true,https://comparafarma-api.vercel.app/api/go?slug=easyfarma&matchKey=levocetirizina%7C5mg&url=https%3A%2F%2Fnuevo.easyfarma.cl%2F31194-levocetirizina-5-mg-x-30.html&cfmId=CFM-002822,1
cetirizina 10mg,cetirizina-10mg,cetirizina,10mg,,,94,95,dr-simi,"Levorigotax levocetirizina 2,5 mg/5 mL jarabe 100 mL","Levorigotax levocetirizina 2,5 mg/5 mL jarabe 100 mL",levorigotax|100ml,levorigotax|100ml|bio:true|brand:prater|var:levocetirizina|form:fluid-oral,levorigotax|100ml,,levocetirizina,fluid-oral,,2.5mg/5ml,ratio,2.5mg/5ml,Levorigotax,Prater,levocetirizina,name,PRATER,true,mismatch,other,CFM-000628,4800,true,https://comparafarma-api.vercel.app/api/go?slug=dr-simi&matchKey=levorigotax%7C100ml&url=https%3A%2F%2Fwww.drsimi.cl%2Flevorigotax-levocetirizina-diclorhidrato-2-5-mg-5ml-jarabe-100-ml-ch5229-1%2Fp&cfmId=CFM-000628,1
cetirizina 10mg,cetirizina-10mg,cetirizina,10mg,,,95,96,ecofarmacias,"Alerpriv Levocetirizina 2,5/5mL Jarabe 100Ml","Alerpriv Levocetirizina 2,5/5mL Jarabe 100Ml",alerpriv|100ml,alerpriv|100ml|bio:unknown|brand:unknown|var:levocetirizina|form:fluid-oral,alerpriv|100ml,,levocetirizina,fluid-oral,,,,5ml,Alerpriv,,levocetirizina,name,,,mismatch,other,CFM-007199,5690,true,https://comparafarma-api.vercel.app/api/go?slug=ecofarmacias&matchKey=alerpriv%7C100ml&url=https%3A%2F%2Fwww.ecofarmacias.cl%2Fproducto%2Falerpriv-levocetirizina-25-5ml-jarabe-100ml%2F&cfmId=CFM-007199,1
cetirizina 10mg,cetirizina-10mg,cetirizina,10mg,,,96,97,ecofarmacias,"Alerpriv Levocetirizina 0,5% Gotas 20 ml","Alerpriv Levocetirizina 0,5% Gotas 20 ml",alerpriv|20ml,alerpriv|20ml|bio:unknown|brand:unknown|var:levocetirizina|form:fluid-oral,alerpriv|20ml,,levocetirizina,fluid-oral,,,,0.5%,Alerpriv,,levocetirizina,name,,,mismatch,other,CFM-007203,5990,false,https://comparafarma-api.vercel.app/api/go?slug=ecofarmacias&matchKey=alerpriv%7C20ml&url=https%3A%2F%2Fwww.ecofarmacias.cl%2Fproducto%2Falerpriv-levocetirizina-05-gotas-20-ml%2F&cfmId=CFM-007203,1
cetirizina 10mg,cetirizina-10mg,cetirizina,10mg,,,97,98,dr-simi,Levorigotax levocetirizina 5 mg/mL solución oral para gotas 20 mL,Levorigotax levocetirizina 5 mg/mL solución oral para gotas 20 mL,levorigotax|20ml,levorigotax|20ml|bio:true|brand:prater|var:levocetirizina|form:fluid-oral,levorigotax|20ml,,levocetirizina,fluid-oral,,5mg/1ml,ratio,5mg/1ml,Levorigotax,Prater,levocetirizina,name,PRATER,true,mismatch,other,CFM-000620,7800,true,https://comparafarma-api.vercel.app/api/go?slug=dr-simi&matchKey=levorigotax%7C20ml&url=https%3A%2F%2Fwww.drsimi.cl%2Falerpriv-levocetirizina-diclorhidrato-5-mg-ml-gotas-20-ml%2Fp&cfmId=CFM-000620,1
cetirizina 10mg,cetirizina-10mg,cetirizina,10mg,,,98,99,ecofarmacias,"Neoalertop Levocetirizina 2,5 mg/5 ml Jarabe 120ml (Lab Chile)","Neoalertop Levocetirizina 2,5 mg/5 ml Jarabe 120ml (Lab Chile)",neoalertop|120ml,neoalertop|120ml|bio:unknown|brand:unknown|var:levocetirizina|form:fluid-oral,neoalertop|120ml,,levocetirizina,fluid-oral,,2.5mg/5ml,ratio,2.5mg/5ml,Neoalertop,,levocetirizina,name,,,mismatch,other,CFM-000629,9980,true,https://comparafarma-api.vercel.app/api/go?slug=ecofarmacias&matchKey=neoalertop%7C120ml&url=https%3A%2F%2Fwww.ecofarmacias.cl%2Fproducto%2Fneoalertop-levocetirizina-25-mg-5-ml-jarabe-120ml-lab-chile%2F&cfmId=CFM-000629,1
cetirizina 10mg,cetirizina-10mg,cetirizina,10mg,,,99,100,ecofarmacias,Neoalertop Levocetirizina 5 mg Gotas 20 Ml (Lab Chile),Neoalertop Levocetirizina 5 mg Gotas 20 Ml (Lab Chile),neoalertop|20ml,neoalertop|20ml|bio:unknown|brand:unknown|var:levocetirizina|form:fluid-oral,neoalertop|20ml,,levocetirizina,fluid-oral,,5mg,absolute,5mg,Neoalertop,,levocetirizina,name,,,mismatch,other,CFM-007202,9990,false,https://comparafarma-api.vercel.app/api/go?slug=ecofarmacias&matchKey=neoalertop%7C20ml&url=https%3A%2F%2Fwww.ecofarmacias.cl%2Fproducto%2Fneoalertop-levocetirizina-5-mg-gotas-20-ml-lab-chile%2F&cfmId=CFM-007202,1
cetirizina 10mg,cetirizina-10mg,cetirizina,10mg,,,100,101,dr-simi,Levorigotax Forte levocetirizina 5 mg/5 mL jarabe 120 mL,Levorigotax Forte levocetirizina 5 mg/5 mL jarabe 120 mL,levorigotax|120ml,levorigotax|120ml|bio:true|brand:prater|var:forte|form:fluid-oral,levorigotax|120ml,,forte,fluid-oral,,5mg/5ml,ratio,5mg/5ml,Levorigotax,Prater,levocetirizina,name,PRATER,true,mismatch,other,CFM-000635,10470,true,https://comparafarma-api.vercel.app/api/go?slug=dr-simi&matchKey=levorigotax%7C120ml&url=https%3A%2F%2Fwww.drsimi.cl%2Flevorigotax-forte-levocetirizina-5-mg-5ml-jarabe-120-ml%2Fp&cfmId=CFM-000635,1
cetirizina 10mg,cetirizina-10mg,cetirizina,10mg,,,101,102,ecofarmacias,"Jarabe de 120ml Neoalertop Levocetirizina 2,5 mg L.Chile DESCUENTO","Jarabe de 120ml Neoalertop Levocetirizina 2,5 mg L.Chile DESCUENTO",neoalertop|120ml,neoalertop|120ml|bio:unknown|brand:unknown|form:fluid-oral,neoalertop|120ml,,,fluid-oral,,2.5mg,absolute,120ml,,,,unknown,,,mismatch,other,CFM-000629,10900,false,https://comparafarma-api.vercel.app/api/go?slug=ecofarmacias&matchKey=neoalertop%7C120ml&url=https%3A%2F%2Fwww.ecofarmacias.cl%2Fproducto%2Fjarabe-de-120ml-neoalertop-levocetirizina-25-mg-l-chile-descuento%2F&cfmId=CFM-000629,1
cetirizina 10mg,cetirizina-10mg,cetirizina,10mg,,,102,103,ecofarmacias,Xuzal Levocetirizina 5mg x 30 Com. Rec,Xuzal Levocetirizina 5mg x 30 Com. Rec,xuzal|5mg|30,xuzal|5mg|30|bio:unknown|brand:unknown|var:levocetirizina,xuzal|5mg|30,,levocetirizina,,30,,,5mg,Xuzal,,levocetirizina,name,,,mismatch,other,CFM-000626,10990,false,https://comparafarma-api.vercel.app/api/go?slug=ecofarmacias&matchKey=xuzal%7C5mg%7C30&url=https%3A%2F%2Fwww.ecofarmacias.cl%2Fproducto%2Fxuzal-levocetirizina-5mg-x-30-com-rec%2F&cfmId=CFM-000626,1
cetirizina 10mg,cetirizina-10mg,cetirizina,10mg,,,103,104,ecofarmacias,"Zival Levocetirizina (2,5mg) Jarabe 120mL (Saval)","Zival Levocetirizina (2,5mg) Jarabe 120mL (Saval)",zival|120ml,zival|120ml|bio:unknown|brand:unknown|var:levocetirizina|form:fluid-oral,zival|120ml,,levocetirizina,fluid-oral,,2.5mg,absolute,2.5mg,Zival,,levocetirizina,name,,,mismatch,other,CFM-000615,12990,true,https://comparafarma-api.vercel.app/api/go?slug=ecofarmacias&matchKey=zival%7C120ml&url=https%3A%2F%2Fwww.ecofarmacias.cl%2Fproducto%2Fzival-levocetirizina-25mg-jarabe-120ml-saval%2F&cfmId=CFM-000615,1
diclofenaco 50mg,diclofenaco-50mg,diclofenaco,50mg,,,0,1,ecofarmacias,Diclofenaco Sódico 50 mg x 10 Comprimidos (Baden),Diclofenaco Sódico 50 mg x 10 Comprimidos (Baden),diclofenaco|50mg|10,diclofenaco|50mg|10|bio:unknown|brand:unknown|form:solid-oral,diclofenaco|50mg|10,,,solid-oral,10,,,50mg,,,diclofenaco,unknown,,,exact,exact,CFM-001108,290,false,https://comparafarma-api.vercel.app/api/go?slug=ecofarmacias&matchKey=diclofenaco%7C50mg%7C10&url=https%3A%2F%2Fwww.ecofarmacias.cl%2Fproducto%2Fdiclofenaco-sodico-50-mg-x-10-comprimidos-baden%2F&cfmId=CFM-001108,2
diclofenaco 50mg,diclofenaco-50mg,diclofenaco,50mg,,,0,1,ahumada,Diclofenaco Sodico 50 mg x 10 Comprimidos con Recubrimiento Entérico ANDROMACO S.A.,Diclofenaco Sódico 50 mg x 10 Comprimidos (Baden),diclofenaco|50mg|10,diclofenaco|50mg|10|bio:unknown|brand:unknown|form:solid-oral,diclofenaco|50mg|10,,,solid-oral,10,,,50mg,,,diclofenaco,unknown,,,exact,exact,CFM-001108,329,true,https://comparafarma-api.vercel.app/api/go?slug=ahumada&matchKey=diclofenaco%7C50mg%7C10&url=https%3A%2F%2Fwww.farmaciasahumada.cl%2Fdiclofenaco-sodico-50-mg-x-10-comprimidos-con-recubrimiento-enterico-andromaco-s.a.-87693.html&cfmId=CFM-001108,2
diclofenaco 50mg,diclofenaco-50mg,diclofenaco,50mg,,,1,2,ahumada,Diclofenaco 50 mg x 10 Comprimidos OPKO CHILE S.A.,Diclofenaco 50 mg x 10 Comprimidos OPKO CHILE S.A.,diclofenaco|50mg|10,diclofenaco|50mg|10|bio:true|brand:unknown|form:solid-oral,diclofenaco|50mg|10,,,solid-oral,10,,,50mg,,,diclofenaco,unknown,,true,exact,exact,CFM-001108,329,true,https://comparafarma-api.vercel.app/api/go?slug=ahumada&matchKey=diclofenaco%7C50mg%7C10&url=https%3A%2F%2Fwww.farmaciasahumada.cl%2Fdiclofenaco-50-mg-x-10-comprimidos-opko-chile-s.a.-1938.html&cfmId=CFM-001108,1
diclofenaco 50mg,diclofenaco-50mg,diclofenaco,50mg,,,2,3,dr-simi,Diclofenaco 50 mg 10 comprimidos con recubrimiento entérico,Diclofenaco 50 mg 10 comprimidos con recubrimiento entérico,diclofenaco|50mg|10,diclofenaco|50mg|10|bio:false|brand:andromaco|form:solid-oral,diclofenaco|50mg|10,,,solid-oral,10,,,50mg,,Andrómaco,diclofenaco,unknown,ANDRÓMACO,false,exact,exact,CFM-001108,330,true,https://comparafarma-api.vercel.app/api/go?slug=dr-simi&matchKey=diclofenaco%7C50mg%7C10&url=https%3A%2F%2Fwww.drsimi.cl%2Fdiclofenaco-de-sodio-50-mg-10-comprimidos-con-recubrimiento-enterico%2Fp&cfmId=CFM-001108,1
diclofenaco 50mg,diclofenaco-50mg,diclofenaco,50mg,,,3,4,easyfarma,Diclofenaco 50 mg x 10...,Diclofenaco 50 mg x 10...,diclofenaco|50mg|10,diclofenaco|50mg|10|bio:unknown|brand:unknown,diclofenaco|50mg|10,,,,10,,,50mg,,,diclofenaco,unknown,,,exact,exact,CFM-001108,390,true,https://comparafarma-api.vercel.app/api/go?slug=easyfarma&matchKey=diclofenaco%7C50mg%7C10&url=https%3A%2F%2Fnuevo.easyfarma.cl%2F26091-diclofenaco-de-sodio-50-mg-x-10.html&cfmId=CFM-001108,1
diclofenaco 50mg,diclofenaco-50mg,diclofenaco,50mg,,,4,5,araucomed,Diclofenaco Sódico 50 mg x 10 comprimidos. (Andromaco),Diclofenaco Sódico 50 mg x 10 comprimidos. (Andromaco),diclofenaco|50mg|10,diclofenaco|50mg|10|bio:unknown|brand:andromaco|form:solid-oral,diclofenaco|50mg|10,,,solid-oral,10,,,50mg,,Andrómaco,diclofenaco,unknown,Andrómaco,,exact,exact,CFM-001108,400,true,https://comparafarma-api.vercel.app/api/go?slug=araucomed&matchKey=diclofenaco%7C50mg%7C10&url=https%3A%2F%2Ffarmacia.araucomed.com%2Fanalgesicos-y-antinflamatorios%2Fdiclofenaco-sodico-50mg-x10com-andromaco&cfmId=CFM-001108,1
diclofenaco 50mg,diclofenaco-50mg,diclofenaco,50mg,,,5,6,ahumada,Diclofenaco 50 mg x 5 Supositorios Adulto CHILE,Diclofenaco 50 mg x 5 Supositorios Adulto CHILE,diclofenaco|50mg|5,diclofenaco|50mg|5|bio:unknown|brand:unknown|form:suppository,diclofenaco|50mg|5,,,suppository,5,,,50mg,,,diclofenaco,unknown,,,exact,exact,CFM-002819,989,true,https://comparafarma-api.vercel.app/api/go?slug=ahumada&matchKey=diclofenaco%7C50mg%7C5&url=https%3A%2F%2Fwww.farmaciasahumada.cl%2Fdiclofenaco-50-mg-x-5-supositorios-adulto-chile-9875.html&cfmId=CFM-002819,1
diclofenaco 50mg,diclofenaco-50mg,diclofenaco,50mg,,,6,7,araucomed,Diclofenaco Supositorios 50 mg x 5 supositorios. (Chile),Diclofenaco Supositorios 50 mg x 5 supositorios. (Chile),diclofenaco|50mg|5,diclofenaco|50mg|5|bio:unknown|brand:chile|form:suppository,diclofenaco|50mg|5,,,suppository,5,,,50mg,,Laboratorio Chile,diclofenaco,unknown,Laboratorio Chile,,exact,exact,CFM-002819,990,true,https://comparafarma-api.vercel.app/api/go?slug=araucomed&matchKey=diclofenaco%7C50mg%7C5&url=https%3A%2F%2Ffarmacia.araucomed.com%2Fanalgesicos-y-antinflamatorios%2Fdiclofenaco-supositorios-50-mg-x5-chile&cfmId=CFM-002819,1
diclofenaco 50mg,diclofenaco-50mg,diclofenaco,50mg,,,7,8,dr-simi,Diclofenaco 50 mg 5 supositorios,Diclofenaco 50 mg 5 supositorios,diclofenaco|50mg,diclofenaco|50mg|bio:false|brand:pasteur|form:suppository,diclofenaco|50mg,,,suppository,5,,,50mg,,Pasteur,diclofenaco,unknown,PASTEUR,false,exact,exact,CFM-001985,1050,true,https://comparafarma-api.vercel.app/api/go?slug=dr-simi&matchKey=diclofenaco%7C50mg&url=https%3A%2F%2Fwww.drsimi.cl%2Fdiclofenaco-sodico-50-mg-5-supositorios-adulto%2Fp&cfmId=CFM-001985,1
diclofenaco 50mg,diclofenaco-50mg,diclofenaco,50mg,,,8,9,salcobrand,Diclofenaco 50mg 10 Comprimidos,Diclofenaco 50mg 10 Comprimidos,diclofenaco|50mg|10,diclofenaco|50mg|10|bio:unknown|brand:diclofenaco|form:solid-oral,diclofenaco|50mg|10,,,solid-oral,10,,,50mg,,,diclofenaco,unknown,Diclofenaco,,exact,exact,CFM-001108,1231,true,https://comparafarma-api.vercel.app/api/go?slug=salcobrand&matchKey=diclofenaco%7C50mg%7C10&url=https%3A%2F%2Fsalcobrand.cl%2Fproducts%2Fdiclofenaco-50mg-10-comprimidos%3Fdefault_sku%3D1763217&cfmId=CFM-001108,1
diclofenaco 50mg,diclofenaco-50mg,diclofenaco,50mg,,,9,10,araucomed,Diclofenaco Supositorios 50 mg x 5 unidades. (Pasteur),Diclofenaco Supositorios 50 mg x 5 unidades. (Pasteur),diclofenaco|50mg|5,diclofenaco|50mg|5|bio:unknown|brand:pasteur|form:suppository,diclofenaco|50mg|5,,,suppository,5,,,50mg,,Pasteur,diclofenaco,unknown,Pasteur,,exact,exact,CFM-002819,1490,true,https://comparafarma-api.vercel.app/api/go?slug=araucomed&matchKey=diclofenaco%7C50mg%7C5&url=https%3A%2F%2Ffarmacia.araucomed.com%2Fanalgesicos-y-antinflamatorios%2Fdiclofenaco-supositorios-50-mg-x5-pasteur&cfmId=CFM-002819,1
diclofenaco 50mg,diclofenaco-50mg,diclofenaco,50mg,,,10,11,cruz-verde,Diclofenaco Sódico Adulto 50 mg 5 Supositorios,Diclofenaco Sódico Adulto 50 mg 5 Supositorios,diclofenaco|50mg,diclofenaco|50mg|bio:unknown|brand:unknown|form:suppository,diclofenaco|50mg,,,suppository,5,,,50mg,,,diclofenaco,unknown,,,exact,exact,CFM-001985,2390,true,https://comparafarma-api.vercel.app/api/go?slug=cruz-verde&matchKey=diclofenaco%7C50mg&url=https%3A%2F%2Fwww.cruzverde.cl%2Fdiclofenaco-sodico-adulto-50-mg-5-supositorios%2F199190.html&cfmId=CFM-001985,1
diclofenaco 50mg,diclofenaco-50mg,diclofenaco,50mg,,,11,12,salcobrand,Diclofenaco Adulto 50mg 5 Supositorios,Diclofenaco Adulto 50mg 5 Supositorios,diclofenaco|50mg,diclofenaco|50mg|bio:unknown|brand:diclofenaco|form:suppository,diclofenaco|50mg,,,suppository,5,,,50mg,,,diclofenaco,unknown,Diclofenaco,,exact,exact,CFM-001985,3343,true,https://comparafarma-api.vercel.app/api/go?slug=salcobrand&matchKey=diclofenaco%7C50mg&url=https%3A%2F%2Fsalcobrand.cl%2Fproducts%2Fdiclofenaco-sodico-50mg-supositorio%3Fdefault_sku%3D431421&cfmId=CFM-001985,1
diclofenaco 50mg,diclofenaco-50mg,diclofenaco,50mg,,,12,13,ecofarmacias,Dolo Merpal Diclofenaco 50 mg x 20 Capsulas Capsulas con Microgranulos (Prater),Dolo Merpal Diclofenaco 50 mg 20 Cápsulas,dolo|50mg|20,dolo|50mg|20|bio:unknown|brand:unknown|var:merpal|form:solid-oral,dolo|50mg|20,,merpal,solid-oral,20,,,50mg,Dolo,,diclofenaco,name,,,exact,exact,CFM-001327,6990,false,https://comparafarma-api.vercel.app/api/go?slug=ecofarmacias&matchKey=dolo%7C50mg%7C20&url=https%3A%2F%2Fwww.ecofarmacias.cl%2Fproducto%2Fdolo-merpal-diclofenaco-50-mg-20-capsulas-capsulas-con-microgranulos%2F&cfmId=CFM-001327,2
diclofenaco 50mg,diclofenaco-50mg,diclofenaco,50mg,,,12,13,cruz-verde,Dolo Merpal Diclofenaco 50 mg 20 Cápsulas,Dolo Merpal Diclofenaco 50 mg 20 Cápsulas,dolo|50mg|20,dolo|50mg|20|bio:unknown|brand:unknown|var:merpal|form:solid-oral,dolo|50mg|20,,merpal,solid-oral,20,,,50mg,Dolo,,diclofenaco,name,,,exact,exact,CFM-001327,13290,true,https://comparafarma-api.vercel.app/api/go?slug=cruz-verde&matchKey=dolo%7C50mg%7C20&url=https%3A%2F%2Fwww.cruzverde.cl%2Fdolo-merpal-diclofenaco-50-mg-20-capsulas%2F276899.html&cfmId=CFM-001327,2
diclofenaco 50mg,diclofenaco-50mg,diclofenaco,50mg,,,13,14,araucomed,Lertus 50mg x10com,Lertus 50mg x10com,lertus|50mg|10,lertus|50mg|10|bio:unknown|brand:tecnofarma|form:solid-oral,lertus|50mg|10,,,solid-oral,10,,,50mg,,Tecnofarma,,unknown,Tecnofarma,,compatible,exact,CFM-001790,7990,true,https://comparafarma-api.vercel.app/api/go?slug=araucomed&matchKey=lertus%7C50mg%7C10&url=https%3A%2F%2Ffarmacia.araucomed.com%2Fanalgesicos-y-antinflamatorios%2Flertus-50mg-x10com&cfmId=CFM-001790,1
diclofenaco 50mg,diclofenaco-50mg,diclofenaco,50mg,,,14,15,araucomed,Flector Granulado 50mg x10sobres,Flector Granulado 50mg x10sobres,flector|50mg|10,flector|50mg|10|bio:unknown|brand:itflabomed|form:fluid-oral,flector|50mg|10,,,fluid-oral,,,,50mg,,ITF-Labomed,,unknown,ITF-Labomed,,compatible,exact,CFM-003957,8990,true,https://comparafarma-api.vercel.app/api/go?slug=araucomed&matchKey=flector%7C50mg%7C10&url=https%3A%2F%2Ffarmacia.araucomed.com%2Fanalgesicos-y-antinflamatorios%2Fflector-granulado-50mg-x10sobres&cfmId=CFM-003957,1
diclofenaco 50mg,diclofenaco-50mg,diclofenaco,50mg,,,15,16,ahumada,Flector 50 mg x 10 Sobres Polvo Granulado Para Solucion Oral,Flector 50 mg x 10 Sobres Polvo Granulado Para Solucion Oral,flector|50mg|10,flector|50mg|10|bio:unknown|brand:unknown|form:fluid-oral,flector|50mg|10,,,fluid-oral,10,,,50mg,,,,unknown,,,compatible,exact,CFM-003957,12013,true,https://comparafarma-api.vercel.app/api/go?slug=ahumada&matchKey=flector%7C50mg%7C10&url=https%3A%2F%2Fwww.farmaciasahumada.cl%2Fflector-50-mg-x-10-sobres-polvo-granulado-para-solucion-oral-69734.html&cfmId=CFM-003957,1
diclofenaco 50mg,diclofenaco-50mg,diclofenaco,50mg,,,16,17,ahumada,Lertus 50 mg x 10 Comprimidos con Recubrimiento Entérico,Lertus 50 mg x 10 Comprimidos con Recubrimiento Entérico,lertus|50mg|10,lertus|50mg|10|bio:unknown|brand:unknown|form:solid-oral,lertus|50mg|10,,,solid-oral,10,,,50mg,,,,unknown,,,compatible,exact,CFM-001790,14415,true,https://comparafarma-api.vercel.app/api/go?slug=ahumada&matchKey=lertus%7C50mg%7C10&url=https%3A%2F%2Fwww.farmaciasahumada.cl%2Flertus-50-mg-x-10-comprimidos-con-recubrimiento-enterico-7266.html&cfmId=CFM-001790,1
diclofenaco 50mg,diclofenaco-50mg,diclofenaco,50mg,,,17,18,cruz-verde,Flector Diclofenaco Epolamina 50 mg 10 Sobres,Flector Diclofenaco Epolamina 50 mg 10 Sobres,flector|50mg|10,flector|50mg|10|bio:unknown|brand:unknown|var:epolamina|form:fluid-oral,flector|50mg|10,,epolamina,fluid-oral,10,,,50mg,Flector,,diclofenaco,name,,,exact,exact,CFM-003957,19390,true,https://comparafarma-api.vercel.app/api/go?slug=cruz-verde&matchKey=flector%7C50mg%7C10&url=https%3A%2F%2Fwww.cruzverde.cl%2Fflector-diclofenaco-epolamina-50-mg-10-sobres%2F262585.html&cfmId=CFM-003957,1
diclofenaco 50mg,diclofenaco-50mg,diclofenaco,50mg,,,18,19,cruz-verde,Dolo Neurobionta Diclofenaco 50 mg 20 Comprimidos Recubiertos,Dolo Neurobionta Diclofenaco 50 mg 20 Comprimidos Recubiertos,dolo|50mg|20,dolo|50mg|20|bio:unknown|brand:unknown|var:neurobionta|form:solid-oral,dolo|50mg|20,,neurobionta,solid-oral,20,,,50mg,Dolo,,diclofenaco,name,,,exact,exact,CFM-001327,22190,true,https://comparafarma-api.vercel.app/api/go?slug=cruz-verde&matchKey=dolo%7C50mg%7C20&url=https%3A%2F%2Fwww.cruzverde.cl%2Fdolo-neurobionta-diclofenaco-50-mg-20-comprimidos-recubiertos%2F11010.html&cfmId=CFM-001327,1
diclofenaco 50mg,diclofenaco-50mg,diclofenaco,50mg,,,19,20,ecofarmacias,Diclofenaco 100 X 8 Cápsulas (Laboratorio Chile),Diclofenaco 100 X 8 Cápsulas (Laboratorio Chile),diclofenaco|8,diclofenaco|8|bio:unknown|brand:unknown|form:solid-oral,diclofenaco|8,,,solid-oral,8,,,,,,diclofenaco,unknown,,,exact,unknown,CFM-009264,950,false,https://comparafarma-api.vercel.app/api/go?slug=ecofarmacias&matchKey=diclofenaco%7C8&url=https%3A%2F%2Fwww.ecofarmacias.cl%2Fproducto%2Fdiclofenaco-100-x-8-capsulas-laboratorio-chile%2F&cfmId=CFM-009264,1
diclofenaco 50mg,diclofenaco-50mg,diclofenaco,50mg,,,20,21,easyfarma,Diclofenaco infantil...,Diclofenaco infantil...,diclofenaco,diclofenaco|bio:unknown|brand:unknown|var:infantil,diclofenaco,,infantil,,,,,,,,diclofenaco,unknown,,,exact,unknown,CFM-002125,990,true,https://comparafarma-api.vercel.app/api/go?slug=easyfarma&matchKey=diclofenaco&url=https%3A%2F%2Fnuevo.easyfarma.cl%2F24622-diclofenaco-inf-125-mg-suposit-x-5.html&cfmId=CFM-002125,1
diclofenaco 50mg,diclofenaco-50mg,diclofenaco,50mg,,,21,22,easyfarma,Diclofenaco Dietilamina Gel...,Diclofenaco Dietilamina Gel...,diclofenaco,diclofenaco|bio:unknown|brand:curaespring|var:dietilamina|form:topical,diclofenaco,,dietilamina,topical,,,,,,,diclofenaco,unknown,,,exact,unknown,CFM-002125,1490,true,https://comparafarma-api.vercel.app/api/go?slug=easyfarma&matchKey=diclofenaco&url=https%3A%2F%2Fnuevo.easyfarma.cl%2F103870-diclofenaco-dietilamina-gel-116-30-gr-curaespring.html&cfmId=CFM-002125,1
diclofenaco 50mg,diclofenaco-50mg,diclofenaco,50mg,,,22,23,easyfarma,Diclofenaco Dietilamina Gel...,Diclofenaco Dietilamina Gel...,diclofenaco,diclofenaco|bio:unknown|brand:unknown|var:dietilamina|form:topical,diclofenaco,,dietilamina,topical,,,,,,,diclofenaco,unknown,,,exact,unknown,CFM-002125,1690,true,https://comparafarma-api.vercel.app/api/go?slug=easyfarma&matchKey=diclofenaco&url=https%3A%2F%2Fnuevo.easyfarma.cl%2F103230-diclofenaco-dietilamina-gel-topico-116.html&cfmId=CFM-002125,1
diclofenaco 50mg,diclofenaco-50mg,diclofenaco,50mg,,,23,24,easyfarma,Diclofenaco Gel Tópico...,Diclofenaco Gel Tópico...,diclofenaco,diclofenaco|bio:unknown|brand:ascend|form:topical,diclofenaco,,,topical,,,,,,,diclofenaco,unknown,,,exact,unknown,CFM-002125,1690,true,https://comparafarma-api.vercel.app/api/go?slug=easyfarma&matchKey=diclofenaco&url=https%3A%2F%2Fnuevo.easyfarma.cl%2F103542-diclofenaco-gel-topico-116-30-gr-ascend.html&cfmId=CFM-002125,1
diclofenaco 50mg,diclofenaco-50mg,diclofenaco,50mg,,,24,25,easyfarma,Diclofenaco adulto...,Diclofenaco adulto...,diclofenaco,diclofenaco|bio:unknown|brand:unknown,diclofenaco,,,,,,,,,,diclofenaco,unknown,,,exact,unknown,CFM-002125,1990,true,https://comparafarma-api.vercel.app/api/go?slug=easyfarma&matchKey=diclofenaco&url=https%3A%2F%2Fnuevo.easyfarma.cl%2F24621-diclofenaco-adul-50-mg-suposit-x-5.html&cfmId=CFM-002125,1
diclofenaco 50mg,diclofenaco-50mg,diclofenaco,50mg,,,25,26,ecofarmacias,Adorlan 25/25 x 10 Comprimidos (Diclofenaco/Tramadol),Adorlan 25/25 x 10 Comprimidos (Diclofenaco/Tramadol),adorlan|10,adorlan|10|bio:unknown|brand:unknown|combo:tramadol|form:solid-oral,adorlan|10,tramadol,,solid-oral,10,,,,,,,unknown,,,exact,unknown,CFM-001581,6980,true,https://comparafarma-api.vercel.app/api/go?slug=ecofarmacias&matchKey=adorlan%7C10&url=https%3A%2F%2Fwww.ecofarmacias.cl%2Fproducto%2Fadorlan-25-25-x-10-comprimidos-diclofenaco-tramadol%2F&cfmId=CFM-001581,1
diclofenaco 50mg,diclofenaco-50mg,diclofenaco,50mg,,,26,27,araucomed,Adorlan x 10 comprimidos.,Adorlan x 10 comprimidos.,adorlan|10,adorlan|10|bio:unknown|brand:grunenthal|form:solid-oral,adorlan|10,,,solid-oral,10,,,,,Grünenthal,,unknown,Grünenthal,,compatible,unknown,CFM-001581,8490,true,https://comparafarma-api.vercel.app/api/go?slug=araucomed&matchKey=adorlan%7C10&url=https%3A%2F%2Ffarmacia.araucomed.com%2Fanalgesicos-y-antinflamatorios%2Fadorlan-x10com&cfmId=CFM-001581,1
diclofenaco 50mg,diclofenaco-50mg,diclofenaco,50mg,,,27,28,cruz-verde,Diclofenaco Sodico/Tramadol Clorhidrato 25-25 Comprimidos,Diclofenaco Sodico/Tramadol Clorhidrato 25-25 Comprimidos,diclofenaco|25,diclofenaco|25|bio:unknown|brand:unknown|combo:tramadol|form:solid-oral,diclofenaco|25,tramadol,,solid-oral,2525,,,,,,,unknown,,,exact,unknown,CFM-001577,9490,false,https://comparafarma-api.vercel.app/api/go?slug=cruz-verde&matchKey=diclofenaco%7C25&url=https%3A%2F%2Fwww.cruzverde.cl%2Fdiclofenaco-sodico-tramadol-clorhidrato-25-25-comprimidos%2F578292.html&cfmId=CFM-001577,1
diclofenaco 50mg,diclofenaco-50mg,diclofenaco,50mg,,,28,29,salcobrand,Dolo-Neurobionta Diclofenaco 10 Comprimidos Recubiertos,Dolo-Neurobionta Diclofenaco 10 Comprimidos Recubiertos,doloneurobionta|10,doloneurobionta|10|bio:unknown|brand:doloneurobionta|form:solid-oral,doloneurobionta|10,,,solid-oral,10,,,,Dolo-Neurobionta,,diclofenaco,structured,Dolo-Neurobionta,,exact,unknown,CFM-003406,10559,true,https://comparafarma-api.vercel.app/api/go?slug=salcobrand&matchKey=doloneurobionta%7C10&url=https%3A%2F%2Fsalcobrand.cl%2Fproducts%2Fdolo-neurobionta-diclofenaco-10-comprimidos-recubiertos%3Fdefault_sku%3D586337&cfmId=CFM-003406,1
diclofenaco 50mg,diclofenaco-50mg,diclofenaco,50mg,,,29,30,salcobrand,Dicasen 25/25 Diclofenaco / Tramadol 10 Comprimidos,Dicasen 25/25 Diclofenaco / Tramadol 10 Comprimidos,dicasen|10,dicasen|10|bio:unknown|brand:dicasen|combo:tramadol|form:solid-oral,dicasen|10,tramadol,,solid-oral,10,,,,Dicasen,,,structured,Dicasen,,exact,unknown,CFM-001588,10647,true,https://comparafarma-api.vercel.app/api/go?slug=salcobrand&matchKey=dicasen%7C10&url=https%3A%2F%2Fsalcobrand.cl%2Fproducts%2Fdicasen-25-25-diclofenaco-tramadol-10-comprimidos%3Fdefault_sku%3D592224&cfmId=CFM-001588,1
diclofenaco 50mg,diclofenaco-50mg,diclofenaco,50mg,,,30,31,salcobrand,Adorlan 25/25 Diclofenaco / Tramadol 10 Comprimidos,Adorlan 25/25 Diclofenaco / Tramadol 10 Comprimidos,adorlan|10,adorlan|10|bio:unknown|brand:adorlan|combo:tramadol|form:solid-oral,adorlan|10,tramadol,,solid-oral,10,,,,Adorlan,,,structured,Adorlan,,exact,unknown,CFM-001581,11175,true,https://comparafarma-api.vercel.app/api/go?slug=salcobrand&matchKey=adorlan%7C10&url=https%3A%2F%2Fsalcobrand.cl%2Fproducts%2Fprincipio-activo-diclofenaco-25mg-tramadol-25mg%3Fdefault_sku%3D578947&cfmId=CFM-001581,1
diclofenaco 50mg,diclofenaco-50mg,diclofenaco,50mg,,,31,32,cruz-verde,Dolo Neurobionta Diclofenaco 10 unidades,Dolo Neurobionta Diclofenaco 10 unidades,dolo|10,dolo|10|bio:unknown|brand:unknown|var:neurobionta,dolo|10,,neurobionta,,10,,,,Dolo,,diclofenaco,name,,,exact,unknown,CFM-001333,13590,true,https://comparafarma-api.vercel.app/api/go?slug=cruz-verde&matchKey=dolo%7C10&url=https%3A%2F%2Fwww.cruzverde.cl%2Fdolo-neurobionta-diclofenaco-10-unidades%2F555437.html&cfmId=CFM-001333,1
diclofenaco 50mg,diclofenaco-50mg,diclofenaco,50mg,,,32,33,ahumada,Dolo Neurobionta Diclofenaco 20 comprimidos recubiertos,Dolo Neurobionta Diclofenaco 20 comprimidos recubiertos,dolo|20,dolo|20|bio:unknown|brand:unknown|var:neurobionta|form:solid-oral,dolo|20,,neurobionta,solid-oral,20,,,,Dolo,,diclofenaco,name,,,exact,unknown,CFM-002542,16642,true,https://comparafarma-api.vercel.app/api/go?slug=ahumada&matchKey=dolo%7C20&url=https%3A%2F%2Fwww.farmaciasahumada.cl%2Fdolo-neurobionta-diclofenaco-20-comprimidos-recubiertos-62650.html&cfmId=CFM-002542,1
diclofenaco 50mg,diclofenaco-50mg,diclofenaco,50mg,,,33,34,salcobrand,Dolo Neurobionta Diclofenaco 20 Comprimidos Recubiertos,Dolo Neurobionta Diclofenaco 20 Comprimidos Recubiertos,dolo|20,dolo|20|bio:unknown|brand:doloneurobionta|var:neurobionta|form:solid-oral,dolo|20,,neurobionta,solid-oral,20,,,,Dolo-Neurobionta,,diclofenaco,structured,Dolo-Neurobionta,,exact,unknown,CFM-002542,19535,true,https://comparafarma-api.vercel.app/api/go?slug=salcobrand&matchKey=dolo%7C20&url=https%3A%2F%2Fsalcobrand.cl%2Fproducts%2Fdolo-neurobionta-diclofenaco-20-comprimidos-recubiertos%3Fdefault_sku%3D2011369&cfmId=CFM-002542,1
diclofenaco 50mg,diclofenaco-50mg,diclofenaco,50mg,,,34,35,ecofarmacias,Diclofenaco Sódico 100mg x 8 Comprimidos (Curaespring),Diclofenaco Sódico 100mg x 8 Comprimidos (Curaespring),diclofenaco|100mg|8,diclofenaco|100mg|8|bio:unknown|brand:unknown|form:solid-oral,diclofenaco|100mg|8,,,solid-oral,8,,,100mg,,,diclofenaco,unknown,,,exact,other,CFM-001093,690,false,https://comparafarma-api.vercel.app/api/go?slug=ecofarmacias&matchKey=diclofenaco%7C100mg%7C8&url=https%3A%2F%2Fwww.ecofarmacias.cl%2Fproducto%2Fdiclofenaco-sodico-100mg-por-8-comprimidos-curaespring%2F&cfmId=CFM-001093,2
diclofenaco 50mg,diclofenaco-50mg,diclofenaco,50mg,,,34,35,cruz-verde,Diclofenaco Sodico 100 mg 8 Cápsulas de Liberación Prolongada,Diclofenaco Sódico 100mg x 8 Comprimidos (Curaespring),diclofenaco|100mg|8,diclofenaco|100mg|8|bio:unknown|brand:unknown|form:solid-oral,diclofenaco|100mg|8,,,solid-oral,8,,,100mg,,,diclofenaco,unknown,,,exact,other,CFM-001093,2400,true,https://comparafarma-api.vercel.app/api/go?slug=cruz-verde&matchKey=diclofenaco%7C100mg%7C8&url=https%3A%2F%2Fwww.cruzverde.cl%2Fdiclofenaco-sodico-100-mg-8-capsulas-de-liberacion-prolongada%2F199345.html&cfmId=CFM-001093,2
diclofenaco 50mg,diclofenaco-50mg,diclofenaco,50mg,,,35,36,ecofarmacias,Diclofenaco Retard 100 mg x 8 cápsulas Opko,Diclofenaco Retard 100 mg x 8 cápsulas Opko,diclofenaco|100mg|8,diclofenaco|100mg|8|bio:unknown|brand:unknown|var:retard|form:solid-oral,diclofenaco|100mg|8,,retard,solid-oral,8,,,100mg,,,diclofenaco,unknown,,,exact,other,CFM-001093,690,false,https://comparafarma-api.vercel.app/api/go?slug=ecofarmacias&matchKey=diclofenaco%7C100mg%7C8&url=https%3A%2F%2Fwww.ecofarmacias.cl%2Fproducto%2Fdiclofenaco-retard-100-mg-x-8-capsulas-opko%2F&cfmId=CFM-001093,1
diclofenaco 50mg,diclofenaco-50mg,diclofenaco,50mg,,,36,37,dr-simi,Diclofenaco 100 mg 8 cápsulas con gránulos recubiertos de liberación prolongada,Diclofenaco 100 mg 8 cápsulas con gránulos recubiertos de liberación prolongada,diclofenaco|100mg|8,diclofenaco|100mg|8|bio:false|brand:andromaco|form:solid-oral,diclofenaco|100mg|8,,,solid-oral,8,,,100mg,,Andrómaco,diclofenaco,unknown,ANDRÓMACO,false,exact,other,CFM-001093,720,true,https://comparafarma-api.vercel.app/api/go?slug=dr-simi&matchKey=diclofenaco%7C100mg%7C8&url=https%3A%2F%2Fwww.drsimi.cl%2Fdiclofenaco-sodico-100-mg-8-capsulas-con-granulos-recubiertos-de-liberacion-prolongada%2Fp&cfmId=CFM-001093,1
diclofenaco 50mg,diclofenaco-50mg,diclofenaco,50mg,,,37,38,araucomed,Diclofenaco Retard 100 mg x 8 comprimidos (CuraeSpring),Diclofenaco Retard 100 mg x 8 comprimidos (CuraeSpring),diclofenaco|100mg|8,diclofenaco|100mg|8|bio:unknown|brand:curaespring|var:retard|form:solid-oral,diclofenaco|100mg|8,,retard,solid-oral,8,,,100mg,,CuraeSpring,diclofenaco,unknown,CuraeSpring,,exact,other,CFM-001093,800,true,https://comparafarma-api.vercel.app/api/go?slug=araucomed&matchKey=diclofenaco%7C100mg%7C8&url=https%3A%2F%2Ffarmacia.araucomed.com%2Fanalgesicos-y-antinflamatorios%2Fdiclofenaco-retard-100mg-x-8-capsulas-curaespring&cfmId=CFM-001093,1
diclofenaco 50mg,diclofenaco-50mg,diclofenaco,50mg,,,38,39,araucomed,"Diclofenaco Gel 1,16% x 30 gramos. (CuraeSpring)","Diclofenaco Gel 1,16% x 30 gramos. (CuraeSpring)",diclofenaco|30,diclofenaco|30|bio:unknown|brand:curaespring|form:topical,diclofenaco|30,,,topical,,,,1.16%,,CuraeSpring,diclofenaco,unknown,CuraeSpring,,exact,other,CFM-007673,800,true,https://comparafarma-api.vercel.app/api/go?slug=araucomed&matchKey=diclofenaco%7C30&url=https%3A%2F%2Ffarmacia.araucomed.com%2Fanalgesicos-y-antinflamatorios%2Fdiclofenaco-gel-116-x-30-gramos-curaespring&cfmId=CFM-007673,1
diclofenaco 50mg,diclofenaco-50mg,diclofenaco,50mg,,,39,40,dr-simi,Diclofenaco sódico 100 mg 8 comprimidos recubiertos de liberación prolongada,Diclofenaco sódico 100 mg 8 comprimidos recubiertos de liberación prolongada,diclofenaco|100mg|8,diclofenaco|100mg|8|bio:true|brand:mdc|form:solid-oral,diclofenaco|100mg|8,,,solid-oral,8,,,100mg,,Mdc,diclofenaco,unknown,MDC,true,exact,other,CFM-001093,810,true,https://comparafarma-api.vercel.app/api/go?slug=dr-simi&matchKey=diclofenaco%7C100mg%7C8&url=https%3A%2F%2Fwww.drsimi.cl%2Fcopy-of-diclofenaco-100-mg-8-capsulas-con-granulos-recubiertos-de-liberacion-prolongada-1%2Fp&cfmId=CFM-001093,1
diclofenaco 50mg,diclofenaco-50mg,diclofenaco,50mg,,,40,41,ahumada,Diclofenaco 12.5 mg x 5 Supositorios Infantil PASTEUR,Diclofenaco 12.5 mg x 5 Supositorios Infantil PASTEUR,diclofenaco|12.5mg|5,diclofenaco|12.5mg|5|bio:unknown|brand:unknown|form:suppository,diclofenaco|12.5mg|5,,,suppository,5,,,12.5mg,,,diclofenaco,unknown,,,exact,other,CFM-001984,839,true,https://comparafarma-api.vercel.app/api/go?slug=ahumada&matchKey=diclofenaco%7C12.5mg%7C5&url=https%3A%2F%2Fwww.farmaciasahumada.cl%2Fdiclofenaco-12.5-mg-x-5-supositorios-infantil-pasteur-86348.html&cfmId=CFM-001984,1
diclofenaco 50mg,diclofenaco-50mg,diclofenaco,50mg,,,41,42,dr-simi,"Diclofenaco 12,5 mg 5 supositorios infantiles","Diclofenaco 12,5 mg 5 supositorios infantiles",diclofenaco|12.5mg,diclofenaco|12.5mg|bio:false|brand:teva|form:suppository,diclofenaco|12.5mg,,,suppository,5,,,12.5mg,,Teva,diclofenaco,unknown,TEVA,false,exact,other,CFM-001545,840,true,https://comparafarma-api.vercel.app/api/go?slug=dr-simi&matchKey=diclofenaco%7C12.5mg&url=https%3A%2F%2Fwww.drsimi.cl%2Fdiclofenaco-sodico-12-5-mg-5-supositorios-infantil%2Fp&cfmId=CFM-001545,1
diclofenaco 50mg,diclofenaco-50mg,diclofenaco,50mg,,,42,43,araucomed,"Diclofenaco Sódico supositorios 12,5 mg x5 (Pasteur)","Diclofenaco Sódico supositorios 12,5 mg x5 (Pasteur)",diclofenaco|12.5mg|5,diclofenaco|12.5mg|5|bio:unknown|brand:pasteur|form:suppository,diclofenaco|12.5mg|5,,,suppository,5,,,12.5mg,,Pasteur,diclofenaco,unknown,Pasteur,,exact,other,CFM-001984,890,true,https://comparafarma-api.vercel.app/api/go?slug=araucomed&matchKey=diclofenaco%7C12.5mg%7C5&url=https%3A%2F%2Ffarmacia.araucomed.com%2Fanalgesicos-y-antinflamatorios%2Fdiclofenaco-sodico-supositorios-125-mg-x5-pasteur&cfmId=CFM-001984,1
diclofenaco 50mg,diclofenaco-50mg,diclofenaco,50mg,,,43,44,araucomed,"Diclofenaco Sódico supositorios 12,5 mg x 5 unidades. (Chile)","Diclofenaco Sódico supositorios 12,5 mg x 5 unidades. (Chile)",diclofenaco|12.5mg|5,diclofenaco|12.5mg|5|bio:unknown|brand:chile|form:suppository,diclofenaco|12.5mg|5,,,suppository,5,,,12.5mg,,Laboratorio Chile,diclofenaco,unknown,Laboratorio Chile,,exact,other,CFM-001984,900,true,https://comparafarma-api.vercel.app/api/go?slug=araucomed&matchKey=diclofenaco%7C12.5mg%7C5&url=https%3A%2F%2Ffarmacia.araucomed.com%2Fanalgesicos-y-antinflamatorios%2Fdiclofenaco-sodico-supositorios-125-mg-x5-chile&cfmId=CFM-001984,1
diclofenaco 50mg,diclofenaco-50mg,diclofenaco,50mg,,,44,45,ecofarmacias,"Diclofenaco Dietilamina 1,16%  30g Gel Tópico (CuraSpring) DESCUENTO",Diclofenaco Dietilamina 1.16% Gel 30g,diclofenaco|30000mg,diclofenaco|30000mg|bio:unknown|brand:unknown|var:dietilamina|form:topical,diclofenaco|30000mg,,dietilamina,topical,,,,1.16%,,,diclofenaco,unknown,Diclofenaco Dietilamina,,exact,other,CFM-002311,990,false,https://comparafarma-api.vercel.app/api/go?slug=ecofarmacias&matchKey=diclofenaco%7C30000mg&url=https%3A%2F%2Fwww.ecofarmacias.cl%2Fproducto%2Fdiclofenaco-dietilamina-116-30g-gel-topico-curaspring-descuento%2F&cfmId=CFM-002311,2
diclofenaco 50mg,diclofenaco-50mg,diclofenaco,50mg,,,44,45,salcobrand,Diclofenaco Dietilamina 1.16% Gel 30g,Diclofenaco Dietilamina 1.16% Gel 30g,diclofenaco|30000mg,diclofenaco|30000mg|bio:unknown|brand:unknown|var:dietilamina|form:topical,diclofenaco|30000mg,,dietilamina,topical,,,,1.16%,,,diclofenaco,unknown,Diclofenaco Dietilamina,,exact,other,CFM-002311,2991,true,https://comparafarma-api.vercel.app/api/go?slug=salcobrand&matchKey=diclofenaco%7C30000mg&url=https%3A%2F%2Fsalcobrand.cl%2Fproducts%2Fdiclofenaco-dietilamina-1-16-gel-30g%3Fdefault_sku%3D1763263&cfmId=CFM-002311,2
diclofenaco 50mg,diclofenaco-50mg,diclofenaco,50mg,,,45,46,araucomed,"Diclofenaco Gel 1,16% x 30 gramos. (Opko)","Diclofenaco Gel 1,16% x 30 gramos. (Opko)",diclofenaco|30,diclofenaco|30|bio:unknown|brand:opko|form:topical,diclofenaco|30,,,topical,,,,1.16%,,Opko,diclofenaco,unknown,Opko,,exact,other,CFM-007673,990,true,https://comparafarma-api.vercel.app/api/go?slug=araucomed&matchKey=diclofenaco%7C30&url=https%3A%2F%2Ffarmacia.araucomed.com%2Fanalgesicos-y-antinflamatorios%2Fdiclofenaco-gel-116-x-30-gramos-opko&cfmId=CFM-007673,1
diclofenaco 50mg,diclofenaco-50mg,diclofenaco,50mg,,,46,47,farmex,"Diclofenaco Dietilamina gel tópico 1,16% x 30 gramos","Diclofenaco Dietilamina gel tópico 1,16% x 30 gramos",diclofenaco|30,diclofenaco|30|bio:unknown|brand:curaespring|var:dietilamina|form:topical,diclofenaco|30,,dietilamina,topical,,,,1.16%,,Curae Spring,diclofenaco,unknown,Curae Spring,,exact,other,CFM-007673,990,true,https://comparafarma-api.vercel.app/api/go?slug=farmex&matchKey=diclofenaco%7C30&url=https%3A%2F%2Ffarmex.cl%2Fproducts%2Fdiclofenaco-dietilamina-gel-topico-1-16-x-30-gramos%3F_pos%3D9%26_psq%3Ddiclofenaco%26_psid%3D8b8977a37%26_ss%3De&cfmId=CFM-007673,1
diclofenaco 50mg,diclofenaco-50mg,diclofenaco,50mg,,,47,48,easyfarma,Diclofenaco Sodico 100 Mg 8...,Diclofenaco Sodico 100 Mg 8...,diclofenaco|100mg,diclofenaco|100mg|bio:unknown|brand:andromaco,diclofenaco|100mg,,,,,,,100mg,,,diclofenaco,unknown,,,exact,other,CFM-002544,990,true,https://comparafarma-api.vercel.app/api/go?slug=easyfarma&matchKey=diclofenaco%7C100mg&url=https%3A%2F%2Fnuevo.easyfarma.cl%2F104894-diclofenaco-sodico-100-mg-8-capsulas-andromaco.html&cfmId=CFM-002544,1
diclofenaco 50mg,diclofenaco-50mg,diclofenaco,50mg,,,48,49,easyfarma,Diclofenaco Sodico 100 Mg 8...,Diclofenaco Sodico 100 Mg 8...,diclofenaco|100mg,diclofenaco|100mg|bio:unknown|brand:curaespring,diclofenaco|100mg,,,,,,,100mg,,,diclofenaco,unknown,,,exact,other,CFM-002544,990,true,https://comparafarma-api.vercel.app/api/go?slug=easyfarma&matchKey=diclofenaco%7C100mg&url=https%3A%2F%2Fnuevo.easyfarma.cl%2F104645-diclofenaco-sodico-100-mg-8-comp-curaespring.html&cfmId=CFM-002544,1
diclofenaco 50mg,diclofenaco-50mg,diclofenaco,50mg,,,49,50,easyfarma,Diclofenaco Sódico 100 mg x...,Diclofenaco Sódico 100 mg x...,diclofenaco|100mg,diclofenaco|100mg|bio:unknown|brand:unknown,diclofenaco|100mg,,,,,,,100mg,,,diclofenaco,unknown,,,exact,other,CFM-002544,990,true,https://comparafarma-api.vercel.app/api/go?slug=easyfarma&matchKey=diclofenaco%7C100mg&url=https%3A%2F%2Fnuevo.easyfarma.cl%2F104635-diclofenaco-sodico-100-mg-x-8-cap.html&cfmId=CFM-002544,1
diclofenaco 50mg,diclofenaco-50mg,diclofenaco,50mg,,,50,51,ecofarmacias,Diclofenaco Gel 30g (Ascend),Diclofenaco Gel 30g (Ascend),diclofenaco|30000mg,diclofenaco|30000mg|bio:unknown|brand:unknown|form:topical,diclofenaco|30000mg,,,topical,,,,30g,,,diclofenaco,unknown,,,exact,other,CFM-002311,1090,false,https://comparafarma-api.vercel.app/api/go?slug=ecofarmacias&matchKey=diclofenaco%7C30000mg&url=https%3A%2F%2Fwww.ecofarmacias.cl%2Fproducto%2Fdiclofenaco-gel-30g-ascend%2F&cfmId=CFM-002311,1
diclofenaco 50mg,diclofenaco-50mg,diclofenaco,50mg,,,51,52,dr-simi,"Diclofenaco dietilamina 1,16 % gel tópico 30 g","Diclofenaco dietilamina 1,16 % gel tópico 30 g",diclofenaco|30000mg,diclofenaco|30000mg|bio:false|brand:prater|var:dietilamina|form:topical,diclofenaco|30000mg,,dietilamina,topical,,,,1.16%,,Prater,diclofenaco,unknown,PRATER,false,exact,other,CFM-002311,1140,true,https://comparafarma-api.vercel.app/api/go?slug=dr-simi&matchKey=diclofenaco%7C30000mg&url=https%3A%2F%2Fwww.drsimi.cl%2Fdiclofenaco-dietilamina-gel-topico-1-30-gr-ch0292%2Fp&cfmId=CFM-002311,1
diclofenaco 50mg,diclofenaco-50mg,diclofenaco,50mg,,,52,53,farmex,Diclofenaco Sódico 100 mg x 8 cápsulas Liberación Prolongada,Diclofenaco Sódico 100 mg x 8 cápsulas Liberación Prolongada,diclofenaco|100mg|8,diclofenaco|100mg|8|bio:unknown|brand:andromaco|form:solid-oral,diclofenaco|100mg|8,,,solid-oral,8,,,100mg,,Andromaco,diclofenaco,unknown,ANDROMACO,,exact,other,CFM-001093,1190,true,https://comparafarma-api.vercel.app/api/go?slug=farmex&matchKey=diclofenaco%7C100mg%7C8&url=https%3A%2F%2Ffarmex.cl%2Fproducts%2Fdiclofenaco-sodico-100-mg-x-8-capsulas-liberacion-prolongada%3F_pos%3D2%26_psq%3Ddiclofenaco%26_psid%3D8b8977a37%26_ss%3De&cfmId=CFM-001093,1
diclofenaco 50mg,diclofenaco-50mg,diclofenaco,50mg,,,53,54,farmex,"Diclotaren (Diclofenaco) gel tópico 1,16% x 30 g","Diclotaren (Diclofenaco) gel tópico 1,16% x 30 g",diclotaren|30000mg|30,diclotaren|30000mg|30|bio:unknown|brand:unknown|form:topical,diclotaren|30000mg|30,,,topical,,,,1.16%,Diclotaren,,diclofenaco,name,Farmoquímica del Pacífico,,exact,other,CFM-009272,1195,true,https://comparafarma-api.vercel.app/api/go?slug=farmex&matchKey=diclotaren%7C30000mg%7C30&url=https%3A%2F%2Ffarmex.cl%2Fproducts%2Fdiclotaren-gel-topico-1-16-x-30-g%3F_pos%3D3%26_psq%3Ddiclofenaco%26_psid%3D8b8977a37%26_ss%3De&cfmId=CFM-009272,1
diclofenaco 50mg,diclofenaco-50mg,diclofenaco,50mg,,,54,55,easyfarma,Diclofenaco 100 mg x 8...,Diclofenaco 100 mg x 8...,diclofenaco|100mg|8,diclofenaco|100mg|8|bio:unknown|brand:unknown,diclofenaco|100mg|8,,,,8,,,100mg,,,diclofenaco,unknown,,,exact,other,CFM-001093,1200,true,https://comparafarma-api.vercel.app/api/go?slug=easyfarma&matchKey=diclofenaco%7C100mg%7C8&url=https%3A%2F%2Fnuevo.easyfarma.cl%2F24623-diclofenaco-100-mg-x-8.html&cfmId=CFM-001093,1
diclofenaco 50mg,diclofenaco-50mg,diclofenaco,50mg,,,55,56,dr-simi,Diclofenaco solucion inyectable 50 mg / mL ampollas,Diclofenaco solucion inyectable 50 mg / mL ampollas,diclofenaco|50mg,diclofenaco|50mg|bio:false|brand:drsimi|form:injectable,diclofenaco|50mg,,,injectable,,50mg/1ml,ratio,50mg/1ml,,Dr. Simi,diclofenaco,unknown,DR. SIMI,false,exact,other,CFM-001985,1290,false,https://comparafarma-api.vercel.app/api/go?slug=dr-simi&matchKey=diclofenaco%7C50mg&url=https%3A%2F%2Fwww.drsimi.cl%2Fdiclofenaco-solucion-inyectable-50-mg-ml-5-ampollas%2Fp&cfmId=CFM-001985,1
diclofenaco 50mg,diclofenaco-50mg,diclofenaco,50mg,,,56,57,farmex,Diclofenaco Sódico Gel Tópico 1% x 30 g,Diclofenaco Sódico Gel Tópico 1% x 30 g,diclofenaco|30000mg|30,diclofenaco|30000mg|30|bio:unknown|brand:pasteur|form:topical,diclofenaco|30000mg|30,,,topical,,,,1%,,Pasteur,diclofenaco,unknown,PASTEUR,,exact,other,CFM-003114,1490,true,https://comparafarma-api.vercel.app/api/go?slug=farmex&matchKey=diclofenaco%7C30000mg%7C30&url=https%3A%2F%2Ffarmex.cl%2Fproducts%2Fdiclofenaco-sodico-gel-topico-1-x-30-g%3F_pos%3D4%26_psq%3Ddiclofenaco%26_psid%3D8b8977a37%26_ss%3De&cfmId=CFM-003114,1
diclofenaco 50mg,diclofenaco-50mg,diclofenaco,50mg,,,57,58,salcobrand,Diclofenaco (B) 100mg 8 Comprimidos Prolongados,Diclofenaco (B) 100mg 8 Comprimidos Prolongados,diclofenaco|100mg|8,diclofenaco|100mg|8|bio:unknown|brand:diclofenaco|form:solid-oral,diclofenaco|100mg|8,,,solid-oral,8,,,100mg,,,diclofenaco,unknown,Diclofenaco,,exact,other,CFM-001093,1847,true,https://comparafarma-api.vercel.app/api/go?slug=salcobrand&matchKey=diclofenaco%7C100mg%7C8&url=https%3A%2F%2Fsalcobrand.cl%2Fproducts%2Fdiclofenaco-b-100mg-8-comprimidos-prolongados%3Fdefault_sku%3D594583&cfmId=CFM-001093,1
diclofenaco 50mg,diclofenaco-50mg,diclofenaco,50mg,,,58,59,farmex,"Dicogel 1,16% x 30 g","Dicogel 1,16% x 30 g",dicogel|30000mg|30,dicogel|30000mg|30|bio:unknown|brand:mintlab,dicogel|30000mg|30,,,,,,,1.16%,,Mintlab,,unknown,MINTLAB,,compatible,other,CFM-013854,1890,true,https://comparafarma-api.vercel.app/api/go?slug=farmex&matchKey=dicogel%7C30000mg%7C30&url=https%3A%2F%2Ffarmex.cl%2Fproducts%2Fdicogel-1-16-x-30-g%3F_pos%3D6%26_psq%3Ddiclofenaco%26_psid%3D8b8977a37%26_ss%3De&cfmId=CFM-013854,1
diclofenaco 50mg,diclofenaco-50mg,diclofenaco,50mg,,,59,60,salcobrand,Diclofenaco Infantil 12.5mg 5 Supositorios,Diclofenaco Infantil 12.5mg 5 Supositorios,diclofenaco|12.5mg,diclofenaco|12.5mg|bio:unknown|brand:diclofenaco|var:infantil|form:suppository,diclofenaco|12.5mg,,infantil,suppository,5,,,12.5mg,,,diclofenaco,unknown,Diclofenaco,,exact,other,CFM-001545,1935,true,https://comparafarma-api.vercel.app/api/go?slug=salcobrand&matchKey=diclofenaco%7C12.5mg&url=https%3A%2F%2Fsalcobrand.cl%2Fproducts%2Fdiclofenaco-infantil-12-5mg-5-supositorios%3Fdefault_sku%3D437142&cfmId=CFM-001545,1
diclofenaco 50mg,diclofenaco-50mg,diclofenaco,50mg,,,60,61,cruz-verde,"Diclofenaco Diclofenaco Sodico 12,5 mg 5 Supositorios","Diclofenaco Diclofenaco Sodico 12,5 mg 5 Supositorios",diclofenaco|12.5mg,diclofenaco|12.5mg|bio:unknown|brand:unknown|form:suppository,diclofenaco|12.5mg,,,suppository,5,,,12.5mg,,,diclofenaco,unknown,,,exact,other,CFM-001545,1960,true,https://comparafarma-api.vercel.app/api/go?slug=cruz-verde&matchKey=diclofenaco%7C12.5mg&url=https%3A%2F%2Fwww.cruzverde.cl%2Fdiclofenaco-diclofenaco-sodico-12-5-mg-5-supositorios%2F199191.html&cfmId=CFM-001545,1
diclofenaco 50mg,diclofenaco-50mg,diclofenaco,50mg,,,61,62,ecofarmacias,"Diclofenaco Dietilamina 1,16% gel x 60g Hospifarma","Diclofenaco Dietilamina 1,16% gel x 60g Hospifarma",diclofenaco|60000mg|60,diclofenaco|60000mg|60|bio:unknown|brand:unknown|var:dietilamina|form:topical,diclofenaco|60000mg|60,,dietilamina,topical,,,,1.16%,,,diclofenaco,unknown,,,exact,other,CFM-009267,2120,false,https://comparafarma-api.vercel.app/api/go?slug=ecofarmacias&matchKey=diclofenaco%7C60000mg%7C60&url=https%3A%2F%2Fwww.ecofarmacias.cl%2Fproducto%2Fdiclofenaco-dietilamina-60g-hospifarma%2F&cfmId=CFM-009267,1
diclofenaco 50mg,diclofenaco-50mg,diclofenaco,50mg,,,62,63,farmex,"Diclofenaco Sódico Suspensión Gotas 1,5% x 20 mL","Diclofenaco Sódico Suspensión Gotas 1,5% x 20 mL",diclofenaco|20ml|20,diclofenaco|20ml|20|bio:unknown|brand:chile|form:fluid-oral,diclofenaco|20ml|20,,,fluid-oral,,,,1.5%,,Lab. Chile,diclofenaco,unknown,LAB. CHILE,,exact,other,CFM-002821,2190,true,https://comparafarma-api.vercel.app/api/go?slug=farmex&matchKey=diclofenaco%7C20ml%7C20&url=https%3A%2F%2Ffarmex.cl%2Fproducts%2Fdiclofenaco-sodico-1-5-x-20-ml%3F_pos%3D7%26_psq%3Ddiclofenaco%26_psid%3D8b8977a37%26_ss%3De&cfmId=CFM-002821,1
diclofenaco 50mg,diclofenaco-50mg,diclofenaco,50mg,,,63,64,ecofarmacias,Diclofenaco 75 mg/3 ml por 5 Ampollas Biosano DESCUENTO,Diclofenaco 75 mg Inyectable x 5 Ampollas 3 ml BIOSANO,diclofenaco|3ml|5,diclofenaco|3ml|5|bio:unknown|brand:unknown|form:injectable,diclofenaco|3ml|5,,,injectable,5,75mg/3ml,ratio,75mg/3ml,,,diclofenaco,unknown,,,exact,other,CFM-002525,2200,false,https://comparafarma-api.vercel.app/api/go?slug=ecofarmacias&matchKey=diclofenaco%7C3ml%7C5&url=https%3A%2F%2Fwww.ecofarmacias.cl%2Fproducto%2Fdiclofenaco-75-mg-3-ml-por-5-ampollas-biosano-descuento%2F&cfmId=CFM-002525,2
diclofenaco 50mg,diclofenaco-50mg,diclofenaco,50mg,,,63,64,ahumada,Diclofenaco 75 mg Inyectable x 5 Ampollas 3 ml BIOSANO,Diclofenaco 75 mg Inyectable x 5 Ampollas 3 ml BIOSANO,diclofenaco|3ml|5,diclofenaco|3ml|5|bio:unknown|brand:unknown|form:injectable,diclofenaco|3ml|5,,,injectable,5,75mg,absolute,75mg,,,diclofenaco,unknown,,,exact,other,CFM-002525,7126,true,https://comparafarma-api.vercel.app/api/go?slug=ahumada&matchKey=diclofenaco%7C3ml%7C5&url=https%3A%2F%2Fwww.farmaciasahumada.cl%2Fdiclofenaco-75-mg-inyectable-x-5-ampollas-3-ml-biosano-87730.html&cfmId=CFM-002525,2
diclofenaco 50mg,diclofenaco-50mg,diclofenaco,50mg,,,64,65,easyfarma,Diclofenaco gotas 1.5% 20 ml,Diclofenaco gotas 1.5% 20 ml,diclofenaco|20ml,diclofenaco|20ml|bio:unknown|brand:unknown|form:fluid-oral,diclofenaco|20ml,,,fluid-oral,,,,1.5%,,,diclofenaco,unknown,,,exact,other,CFM-002827,2490,true,https://comparafarma-api.vercel.app/api/go?slug=easyfarma&matchKey=diclofenaco%7C20ml&url=https%3A%2F%2Fnuevo.easyfarma.cl%2F103238-diclofenaco-gotas-15-20-ml.html&cfmId=CFM-002827,1
diclofenaco 50mg,diclofenaco-50mg,diclofenaco,50mg,,,65,66,cruz-verde,"Diclofenaco Dietilamonio 1,16% Gel Tópico 30 gr","Diclofenaco Dietilamonio 1,16% Gel Tópico 30 gr",diclofenaco,diclofenaco|bio:unknown|brand:unknown|var:dietilamonio|form:topical,diclofenaco,,dietilamonio,topical,,,,1.16%,,,diclofenaco,unknown,,,exact,other,CFM-002125,2640,true,https://comparafarma-api.vercel.app/api/go?slug=cruz-verde&matchKey=diclofenaco&url=https%3A%2F%2Fwww.cruzverde.cl%2Fdiclofenaco-dietilamonio-1-16-gel-topico-30-gr%2F199402.html&cfmId=CFM-002125,1
diclofenaco 50mg,diclofenaco-50mg,diclofenaco,50mg,,,66,67,ecofarmacias,Diclofenaco 75mg Inyectable 5 Ampollas,Diclofenaco 75mg Inyectable 5 Ampollas,diclofenaco|75mg|5,diclofenaco|75mg|5|bio:true|brand:unknown|form:injectable,diclofenaco|75mg|5,,,injectable,5,,,75mg,,,diclofenaco,unknown,,true,exact,other,CFM-002830,2700,false,https://comparafarma-api.vercel.app/api/go?slug=ecofarmacias&matchKey=diclofenaco%7C75mg%7C5&url=https%3A%2F%2Fwww.ecofarmacias.cl%2Fproducto%2Fdiclofenaco-75mg-inyectable-5-ampollas%2F&cfmId=CFM-002830,1
diclofenaco 50mg,diclofenaco-50mg,diclofenaco,50mg,,,67,68,ahumada,Diclofenaco Sodico 1.5 % x 20 ml Suspensión Oral para Gotas CHILE,Diclofenaco Sodico 1.5 % x 20 ml Suspensión Oral para Gotas CHILE,diclofenaco|20ml|20,diclofenaco|20ml|20|bio:unknown|brand:unknown|form:fluid-oral,diclofenaco|20ml|20,,,fluid-oral,,,,1.5%,,,diclofenaco,unknown,,,exact,other,CFM-002821,2759,true,https://comparafarma-api.vercel.app/api/go?slug=ahumada&matchKey=diclofenaco%7C20ml%7C20&url=https%3A%2F%2Fwww.farmaciasahumada.cl%2Fdiclofenaco-sodico-1.5-x-20-ml-suspension-oral-para-gotas-chile-82057.html&cfmId=CFM-002821,1
diclofenaco 50mg,diclofenaco-50mg,diclofenaco,50mg,,,68,69,dr-simi,Merpal diclofenaco 15 mg/mL suspensión para gotas orales 20 mL,Merpal diclofenaco 15 mg/mL suspensión para gotas orales 20 mL,merpal|20ml,merpal|20ml|bio:false|brand:prater|form:fluid-oral,merpal|20ml,,,fluid-oral,,15mg/1ml,ratio,15mg/1ml,Merpal,Prater,diclofenaco,name,PRATER,false,exact,other,CFM-002083,2760,true,https://comparafarma-api.vercel.app/api/go?slug=dr-simi&matchKey=merpal%7C20ml&url=https%3A%2F%2Fwww.drsimi.cl%2Fdiclofenaco-1-5-gotas-20-ml%2Fp&cfmId=CFM-002083,1
diclofenaco 50mg,diclofenaco-50mg,diclofenaco,50mg,,,69,70,salcobrand,Diclofenaco Gel 30g,Diclofenaco Gel 30g,diclofenaco|30000mg,diclofenaco|30000mg|bio:unknown|brand:diclofenaco|form:topical,diclofenaco|30000mg,,,topical,,,,30g,,,diclofenaco,unknown,Diclofenaco,,exact,other,CFM-002311,2815,true,https://comparafarma-api.vercel.app/api/go?slug=salcobrand&matchKey=diclofenaco%7C30000mg&url=https%3A%2F%2Fsalcobrand.cl%2Fproducts%2Fdiclofenaco-gel-30g%3Fdefault_sku%3D1218197&cfmId=CFM-002311,1
diclofenaco 50mg,diclofenaco-50mg,diclofenaco,50mg,,,70,71,ecofarmacias,"Diflam Diclofenaco dietilamina Gel Topico 1,16 60 Gr","Diflam Diclofenaco dietilamina Gel Topico 1,16 60 Gr",diflam,diflam|bio:unknown|brand:unknown|var:dietilamina|form:topical,diflam,,dietilamina,topical,,,,60g,Diflam,,diclofenaco,name,,,exact,other,CFM-009268,2890,false,https://comparafarma-api.vercel.app/api/go?slug=ecofarmacias&matchKey=diflam&url=https%3A%2F%2Fwww.ecofarmacias.cl%2Fproducto%2Fdiflam-diclofenaco-dietilamina-gel-topico-116-60-gr%2F&cfmId=CFM-009268,1
diclofenaco 50mg,diclofenaco-50mg,diclofenaco,50mg,,,71,72,dr-simi,Diclofenaco 75 mg/3 mL 5 ampollas solución inyectable,Diclofenaco 75 mg/3 mL 5 ampollas solución inyectable,diclofenaco|3ml|5,diclofenaco|3ml|5|bio:true|brand:flexpharma|form:injectable,diclofenaco|3ml|5,,,injectable,5,75mg/3ml,ratio,75mg/3ml,,Flexpharma,diclofenaco,unknown,FLEXPHARMA,true,exact,other,CFM-002525,2940,true,https://comparafarma-api.vercel.app/api/go?slug=dr-simi&matchKey=diclofenaco%7C3ml%7C5&url=https%3A%2F%2Fwww.drsimi.cl%2Fdiclofenaco-sodico-75-mg-3ml-solucion-inyectable-5-ampollas%2Fp&cfmId=CFM-002525,1
diclofenaco 50mg,diclofenaco-50mg,diclofenaco,50mg,,,72,73,ahumada,Promerpal 140 mg x 10 Cápsulas de Liberación Prolongada,Promerpal 140 mg x 10 cápsulas.,promerpal|140mg|10,promerpal|140mg|10|bio:unknown|brand:unknown|form:solid-oral,promerpal|140mg|10,,,solid-oral,10,,,140mg,,,,unknown,,,compatible,other,CFM-002307,3279,true,https://comparafarma-api.vercel.app/api/go?slug=ahumada&matchKey=promerpal%7C140mg%7C10&url=https%3A%2F%2Fwww.farmaciasahumada.cl%2Fpromerpal-140-mg-x-10-capsulas-de-liberacion-prolongada-72039.html&cfmId=CFM-002307,2
diclofenaco 50mg,diclofenaco-50mg,diclofenaco,50mg,,,72,73,araucomed,Promerpal 140 mg x 10 cápsulas.,Promerpal 140 mg x 10 cápsulas.,promerpal|140mg|10,promerpal|140mg|10|bio:unknown|brand:unknown|form:solid-oral,promerpal|140mg|10,,,solid-oral,10,,,140mg,,,,unknown,,,compatible,other,CFM-002307,3490,true,https://comparafarma-api.vercel.app/api/go?slug=araucomed&matchKey=promerpal%7C140mg%7C10&url=https%3A%2F%2Ffarmacia.araucomed.com%2Fanalgesicos-y-antinflamatorios%2Fpromerpal-140mg-x10cap&cfmId=CFM-002307,2
diclofenaco 50mg,diclofenaco-50mg,diclofenaco,50mg,,,73,74,araucomed,Elitiran Gotas 15mg/ml x25ml,Elitiran Gotas 15mg/ml x25ml,elitiran|25ml|25,elitiran|25ml|25|bio:unknown|brand:mintlab|form:fluid-oral,elitiran|25ml|25,,,fluid-oral,,15mg/1ml,ratio,15mg/1ml,,Mintlab,,unknown,Mintlab,,compatible,other,CFM-009478,3290,true,https://comparafarma-api.vercel.app/api/go?slug=araucomed&matchKey=elitiran%7C25ml%7C25&url=https%3A%2F%2Ffarmacia.araucomed.com%2Fanalgesicos-y-antinflamatorios%2Felitiran-gotas-15mg-ml-x25ml&cfmId=CFM-009478,1
diclofenaco 50mg,diclofenaco-50mg,diclofenaco,50mg,,,74,75,dr-simi,ProMerpal diclofenaco 140 mg 10 cápsulas de liberación prolongada,ProMerpal diclofenaco 140 mg 10 cápsulas de liberación prolongada,promerpal|140mg|10,promerpal|140mg|10|bio:false|brand:prater|form:solid-oral,promerpal|140mg|10,,,solid-oral,10,,,140mg,ProMerpal,Prater,diclofenaco,name,PRATER,false,exact,other,CFM-002307,3300,true,https://comparafarma-api.vercel.app/api/go?slug=dr-simi&matchKey=promerpal%7C140mg%7C10&url=https%3A%2F%2Fwww.drsimi.cl%2Fpro-merpal-diclofenaco-colestiramina-140-mg-10-capsulas-liberacion-prolongada%2Fp&cfmId=CFM-002307,1
diclofenaco 50mg,diclofenaco-50mg,diclofenaco,50mg,,,75,76,dr-simi,"Merpal diclofenaco  1,16 % solución tópica spray 110 mL","Merpal diclofenaco  1,16 % solución tópica spray 110 mL",merpal|110ml,merpal|110ml|bio:false|brand:prater|form:fluid-oral,merpal|110ml,,,fluid-oral,,,,1.16%,Merpal,Prater,diclofenaco,name,PRATER,false,exact,other,CFM-002309,3450,true,https://comparafarma-api.vercel.app/api/go?slug=dr-simi&matchKey=merpal%7C110ml&url=https%3A%2F%2Fwww.drsimi.cl%2Fmerpal-diclofenaco-dietilamina-1-16-solucion-topica-spray-110-ml%2Fp&cfmId=CFM-002309,1
diclofenaco 50mg,diclofenaco-50mg,diclofenaco,50mg,,,76,77,farmex,Diclofenaco Sodico 75 mg x 5 Ampollas,Diclofenaco Sodico 75 mg x 5 Ampollas,diclofenaco|75mg|5,diclofenaco|75mg|5|bio:unknown|brand:biosano|form:injectable,diclofenaco|75mg|5,,,injectable,5,,,75mg,,Biosano,diclofenaco,unknown,BIOSANO,,exact,other,CFM-002830,3490,true,https://comparafarma-api.vercel.app/api/go?slug=farmex&matchKey=diclofenaco%7C75mg%7C5&url=https%3A%2F%2Ffarmex.cl%2Fproducts%2Fdiclofenaco-caja-diclofenaco-sodico%3F_pos%3D1%26_psq%3Ddiclofenaco%26_psid%3D8b8977a37%26_ss%3De&cfmId=CFM-002830,1
diclofenaco 50mg,diclofenaco-50mg,diclofenaco,50mg,,,77,78,cruz-verde,"Dicogel Diclofenaco Dietilamonio 1,16% Gel Tópico 30 gr","Dicogel Diclofenaco Dietilamonio 1,16% Gel Tópico 30 gr",dicogel,dicogel|bio:unknown|brand:unknown|var:dietilamonio|form:topical,dicogel,,dietilamonio,topical,,,,1.16%,Dicogel,,diclofenaco,name,,,exact,other,CFM-003958,3990,true,https://comparafarma-api.vercel.app/api/go?slug=cruz-verde&matchKey=dicogel&url=https%3A%2F%2Fwww.cruzverde.cl%2Fdicogel-diclofenaco-dietilamonio-1-16-gel-topico-30-gr%2F193076.html&cfmId=CFM-003958,1
diclofenaco 50mg,diclofenaco-50mg,diclofenaco,50mg,,,78,79,cruz-verde,Diclofenaco  Diclofenaco Sodico 75 mg 5 Ampollas,Diclofenaco  Diclofenaco Sodico 75 mg 5 Ampollas,diclofenaco|75mg|5,diclofenaco|75mg|5|bio:unknown|brand:unknown|form:injectable,diclofenaco|75mg|5,,,injectable,5,,,75mg,,,diclofenaco,unknown,,,exact,other,CFM-002830,4690,true,https://comparafarma-api.vercel.app/api/go?slug=cruz-verde&matchKey=diclofenaco%7C75mg%7C5&url=https%3A%2F%2Fwww.cruzverde.cl%2Fdiclofenaco-diclofenaco-sodico-75-mg-5-ampollas%2F199350.html&cfmId=CFM-002830,1
diclofenaco 50mg,diclofenaco-50mg,diclofenaco,50mg,,,79,80,cruz-verde,Promerpal Diclofenaco Colestiramina 140 mg 10 Cápsulas,Promerpal Diclofenaco Colestiramina 140 mg 10 Cápsulas,promerpal|140mg|10,promerpal|140mg|10|bio:unknown|brand:unknown|var:colestiramina|form:solid-oral,promerpal|140mg|10,,colestiramina,solid-oral,10,,,140mg,Promerpal,,diclofenaco,name,,,exact,other,CFM-002307,5990,true,https://comparafarma-api.vercel.app/api/go?slug=cruz-verde&matchKey=promerpal%7C140mg%7C10&url=https%3A%2F%2Fwww.cruzverde.cl%2Fpromerpal-diclofenaco-colestiramina-140-mg-10-capsulas%2F265086.html&cfmId=CFM-002307,1
diclofenaco 50mg,diclofenaco-50mg,diclofenaco,50mg,,,80,81,farmex,"Merpal Solución Tópica Spray Diclofenaco 1,16% x 110 mL","Merpal Solución Tópica Spray Diclofenaco 1,16% x 110 mL",merpal|110ml|110,merpal|110ml|110|bio:unknown|brand:prater|form:fluid-oral,merpal|110ml|110,,,fluid-oral,,,,1.16%,Merpal,Prater,diclofenaco,name,PRATER,,exact,other,CFM-002308,5990,true,https://comparafarma-api.vercel.app/api/go?slug=farmex&matchKey=merpal%7C110ml%7C110&url=https%3A%2F%2Ffarmex.cl%2Fproducts%2Fmerpal-solucion-topica-spray-1-16-x-110-ml%3F_pos%3D5%26_psq%3Ddiclofenaco%26_psid%3D8b8977a37%26_ss%3De&cfmId=CFM-002308,1
diclofenaco 50mg,diclofenaco-50mg,diclofenaco,50mg,,,81,82,salcobrand,Diclofenaco Sódico 1.5% Oral Gotas 20ml,Diclofenaco Sódico 1.5% Oral Gotas 20ml,diclofenaco|20ml,diclofenaco|20ml|bio:unknown|brand:diclofenaco|form:fluid-oral,diclofenaco|20ml,,,fluid-oral,,,,1.5%,,,diclofenaco,unknown,Diclofenaco,,exact,other,CFM-002827,6335,true,https://comparafarma-api.vercel.app/api/go?slug=salcobrand&matchKey=diclofenaco%7C20ml&url=https%3A%2F%2Fsalcobrand.cl%2Fproducts%2Fdiclofenaco-sodico-1-5-oral-gotas-20ml%3Fdefault_sku%3D430375&cfmId=CFM-002827,1
diclofenaco 50mg,diclofenaco-50mg,diclofenaco,50mg,,,82,83,araucomed,Lertus 15mg/ml Gotas x 25 ml.,Lertus 15mg/ml Gotas x 25 ml.,lertus|25ml|25,lertus|25ml|25|bio:unknown|brand:tecnofarma|form:fluid-oral,lertus|25ml|25,,,fluid-oral,,15mg/1ml,ratio,15mg/1ml,,Tecnofarma,,unknown,Tecnofarma,,compatible,other,CFM-002521,6490,true,https://comparafarma-api.vercel.app/api/go?slug=araucomed&matchKey=lertus%7C25ml%7C25&url=https%3A%2F%2Ffarmacia.araucomed.com%2Fanalgesicos-y-antinflamatorios%2Flertus-gotas-15mg-ml-x25ml&cfmId=CFM-002521,1
diclofenaco 50mg,diclofenaco-50mg,diclofenaco,50mg,,,83,84,dr-simi,Adorlan 25/25 diclofenaco 25 mg tramadol 25 mg 10 comprimidos,Adorlan 25/25 diclofenaco 25 mg tramadol 25 mg 10 comprimidos,adorlan|25mg|10,adorlan|25mg|10|bio:false|brand:grunenthal|form:solid-oral,adorlan|25mg|10,,,solid-oral,10,,,25mg,Adorlan,Grunenthal,diclofenaco,name,GRUNENTHAL,false,exact,other,CFM-001567,6600,true,https://comparafarma-api.vercel.app/api/go?slug=dr-simi&matchKey=adorlan%7C25mg%7C10&url=https%3A%2F%2Fwww.drsimi.cl%2Fadorlan-diclofenaco-tramadol-25-25mg-10comp-ch6087-1%2Fp&cfmId=CFM-001567,1
diclofenaco 50mg,diclofenaco-50mg,diclofenaco,50mg,,,84,85,salcobrand,Promerpal Diclofenaco 140mg 10 Cápsulas Prolongadas,Promerpal Diclofenaco 140mg 10 Cápsulas Prolongadas,promerpal|140mg|10,promerpal|140mg|10|bio:unknown|brand:promerpal|form:solid-oral,promerpal|140mg|10,,,solid-oral,10,,,140mg,Promerpal,,diclofenaco,structured,Promerpal,,exact,other,CFM-002307,6687,true,https://comparafarma-api.vercel.app/api/go?slug=salcobrand&matchKey=promerpal%7C140mg%7C10&url=https%3A%2F%2Fsalcobrand.cl%2Fproducts%2Fpromerpal-diclofenaco-140mg-10-capsulas-prolongadas%3Fdefault_sku%3D900056&cfmId=CFM-002307,1
diclofenaco 50mg,diclofenaco-50mg,diclofenaco,50mg,,,85,86,ecofarmacias,FlexFull Diclofenaco Gel 35Gr,Flexfull Gel 35Gr,flexfull,flexfull|bio:unknown|brand:unknown|form:topical,flexfull,,,topical,,,,35g,,,,unknown,,,exact,other,CFM-007101,6980,true,https://comparafarma-api.vercel.app/api/go?slug=ecofarmacias&matchKey=flexfull&url=https%3A%2F%2Fwww.ecofarmacias.cl%2Fproducto%2Fflexfull-diclofenaco-gel-35gr%2F&cfmId=CFM-007101,2
diclofenaco 50mg,diclofenaco-50mg,diclofenaco,50mg,,,85,86,ahumada,Flexfull Gel 35Gr,Flexfull Gel 35Gr,flexfull,flexfull|bio:unknown|brand:unknown|form:topical,flexfull,,,topical,,,,35g,,,,unknown,,,exact,other,CFM-007101,7274,true,https://comparafarma-api.vercel.app/api/go?slug=ahumada&matchKey=flexfull&url=https%3A%2F%2Fwww.farmaciasahumada.cl%2Fflexfull-gel-35gr-90529.html&cfmId=CFM-007101,2
diclofenaco 50mg,diclofenaco-50mg,diclofenaco,50mg,,,86,87,ahumada,"Diclac 1,16 % x 60 g Gel Tópico","Diclac 1,16 % x 60 g Gel Tópico",diclac|60000mg|60,diclac|60000mg|60|bio:unknown|brand:unknown|form:topical,diclac|60000mg|60,,,topical,,,,1.16%,,,,unknown,,,compatible,other,CFM-006694,6989,true,https://comparafarma-api.vercel.app/api/go?slug=ahumada&matchKey=diclac%7C60000mg%7C60&url=https%3A%2F%2Fwww.farmaciasahumada.cl%2Fdiclac-1-16-x-60-g-gel-topico-65341.html&cfmId=CFM-006694,1
diclofenaco 50mg,diclofenaco-50mg,diclofenaco,50mg,,,87,88,salcobrand,Diclofenaco 75mg Inyectable 5 Ampollas,Diclofenaco 75mg Inyectable 5 Ampollas,diclofenaco|75mg|5,diclofenaco|75mg|5|bio:unknown|brand:turbogesic|form:injectable,diclofenaco|75mg|5,,,injectable,5,,,75mg,Turbogesic,,diclofenaco,structured,Turbogesic,,exact,other,CFM-002830,7127,true,https://comparafarma-api.vercel.app/api/go?slug=salcobrand&matchKey=diclofenaco%7C75mg%7C5&url=https%3A%2F%2Fsalcobrand.cl%2Fproducts%2Fhospifarma-diclofenaco-75mg-inyectable-5-ampollas%3Fdefault_sku%3D2636071&cfmId=CFM-002830,1
diclofenaco 50mg,diclofenaco-50mg,diclofenaco,50mg,,,88,89,ahumada,"Merpal 1,16 % x 110 mL Spray Solucion Topica","Merpal 1,16 % x 110 mL Spray Solucion Topica",merpal|110ml|110,merpal|110ml|110|bio:unknown|brand:unknown|form:fluid-oral,merpal|110ml|110,,,fluid-oral,,,,1.16%,,,,unknown,,,compatible,other,CFM-002308,7267,true,https://comparafarma-api.vercel.app/api/go?slug=ahumada&matchKey=merpal%7C110ml%7C110&url=https%3A%2F%2Fwww.farmaciasahumada.cl%2Fmerpal-1-16-x-110-ml-spray-solucion-topica-60206.html&cfmId=CFM-002308,1
diclofenaco 50mg,diclofenaco-50mg,diclofenaco,50mg,,,89,90,araucomed,Pro Lertus 140 mg x 10 cápsulas.,Pro Lertus 140 mg x 10 cápsulas.,pro|140mg|10,pro|140mg|10|bio:unknown|brand:tecnofarma|var:lertus|form:solid-oral,pro|140mg|10,,lertus,solid-oral,10,,,140mg,,Tecnofarma,,unknown,Tecnofarma,,compatible,other,CFM-002520,7290,true,https://comparafarma-api.vercel.app/api/go?slug=araucomed&matchKey=pro%7C140mg%7C10&url=https%3A%2F%2Ffarmacia.araucomed.com%2Fanalgesicos-y-antinflamatorios%2Fpro-lertus-140mg-x10cap&cfmId=CFM-002520,1
diclofenaco 50mg,diclofenaco-50mg,diclofenaco,50mg,,,90,91,cruz-verde,"Merpal Diclofenaco Dietilamonio 1,16% Spray 110 mL","Merpal Diclofenaco Dietilamonio 1,16% Spray 110 mL",merpal|110ml,merpal|110ml|bio:unknown|brand:unknown|var:dietilamonio,merpal|110ml,,dietilamonio,,,,,1.16%,Merpal,,diclofenaco,name,,,exact,other,CFM-002309,7990,true,https://comparafarma-api.vercel.app/api/go?slug=cruz-verde&matchKey=merpal%7C110ml&url=https%3A%2F%2Fwww.cruzverde.cl%2Fmerpal-diclofenaco-dietilamonio-1-16-spray-110-ml%2F255151.html&cfmId=CFM-002309,1
diclofenaco 50mg,diclofenaco-50mg,diclofenaco,50mg,,,91,92,salcobrand,Diclac Diclofenaco 1.16% Gel Tópico 60g,Diclac Diclofenaco 1.16% Gel Tópico 60g,diclac|60000mg,diclac|60000mg|bio:unknown|brand:diclofenaco|form:topical,diclac|60000mg,,,topical,,,,1.16%,Diclac,,diclofenaco,name,Diclofenaco,,exact,other,CFM-009022,8359,true,https://comparafarma-api.vercel.app/api/go?slug=salcobrand&matchKey=diclac%7C60000mg&url=https%3A%2F%2Fsalcobrand.cl%2Fproducts%2Fdiclac-diclofenaco-1-16-gel-topico-60g%3Fdefault_sku%3D3400134&cfmId=CFM-009022,1
diclofenaco 50mg,diclofenaco-50mg,diclofenaco,50mg,,,92,93,araucomed,"Flector Gel Tópico 1,29 % x 60 gramos","Flector Gel Tópico 1,29 % x 60 gramos",flector|60,flector|60|bio:unknown|brand:itflabomed|form:topical,flector|60,,,topical,,,,1.29%,,ITF-Labomed,,unknown,ITF-Labomed,,compatible,other,CFM-009270,8490,true,https://comparafarma-api.vercel.app/api/go?slug=araucomed&matchKey=flector%7C60&url=https%3A%2F%2Ffarmacia.araucomed.com%2Fanalgesicos-y-antinflamatorios%2Fflector-gel-topico-129-x-60-gramos&cfmId=CFM-009270,1
diclofenaco 50mg,diclofenaco-50mg,diclofenaco,50mg,,,93,94,salcobrand,Merpal Diclofenaco Spray 110ml,Merpal Diclofenaco Spray 110ml,merpal|110ml,merpal|110ml|bio:unknown|brand:merpal,merpal|110ml,,,,,,,110ml,Merpal,,diclofenaco,structured,Merpal,,exact,other,CFM-002309,8711,true,https://comparafarma-api.vercel.app/api/go?slug=salcobrand&matchKey=merpal%7C110ml&url=https%3A%2F%2Fsalcobrand.cl%2Fproducts%2Fmerpal-diclofenaco-spray-110ml%3Fdefault_sku%3D900004&cfmId=CFM-002309,1
diclofenaco 50mg,diclofenaco-50mg,diclofenaco,50mg,,,94,95,cruz-verde,Merpal Diclofenaco Potasico 15 mg/ml Gotas 20 mL,Merpal Diclofenaco Potasico 15 mg/ml Gotas 20 mL,merpal|20ml,merpal|20ml|bio:unknown|brand:unknown|form:fluid-oral,merpal|20ml,,,fluid-oral,,15mg/1ml,ratio,15mg/1ml,Merpal,,diclofenaco,name,,,exact,other,CFM-002083,8990,true,https://comparafarma-api.vercel.app/api/go?slug=cruz-verde&matchKey=merpal%7C20ml&url=https%3A%2F%2Fwww.cruzverde.cl%2Fmerpal-diclofenaco-potasico-15-mg-ml-gotas-20-ml%2F111118.html&cfmId=CFM-002083,1
diclofenaco 50mg,diclofenaco-50mg,diclofenaco,50mg,,,95,96,ecofarmacias,Dolodrin Diclofenaco 25 Mg / Tramadol 25 Mg x 10 Comprimidos,Dolodrin Diclofenaco 25 Mg / Tramadol 25 Mg 10 Comprimidos,dolodrin|25mg|10,dolodrin|25mg|10|bio:unknown|brand:unknown|combo:tramadol|form:solid-oral,dolodrin|25mg|10,tramadol,,solid-oral,10,,,25mg,,,,unknown,,,exact,other,CFM-001575,8990,true,https://comparafarma-api.vercel.app/api/go?slug=ecofarmacias&matchKey=dolodrin%7C25mg%7C10&url=https%3A%2F%2Fwww.ecofarmacias.cl%2Fproducto%2Fdolodrin-diclofenaco-25-mg-tramadol-25-mg-x-10-comprimidos%2F&cfmId=CFM-001575,2
diclofenaco 50mg,diclofenaco-50mg,diclofenaco,50mg,,,95,96,cruz-verde,Dolodrin Diclofenaco 25 Mg / Tramadol 25 Mg 10 Comprimidos,Dolodrin Diclofenaco 25 Mg / Tramadol 25 Mg 10 Comprimidos,dolodrin|25mg|10,dolodrin|25mg|10|bio:unknown|brand:unknown|combo:tramadol|form:solid-oral,dolodrin|25mg|10,tramadol,,solid-oral,10,,,25mg,,,,unknown,,,exact,other,CFM-001575,12240,false,https://comparafarma-api.vercel.app/api/go?slug=cruz-verde&matchKey=dolodrin%7C25mg%7C10&url=https%3A%2F%2Fwww.cruzverde.cl%2Fdolodrin-diclofenaco-25-mg-tramadol-25-mg-10-comprimidos%2F578599.html&cfmId=CFM-001575,2
diclofenaco 50mg,diclofenaco-50mg,diclofenaco,50mg,,,96,97,araucomed,Lertus 25 mg x 20 comprimidos recubiertos.,Lertus 25 mg x 20 comprimidos recubiertos.,lertus|25mg|20,lertus|25mg|20|bio:unknown|brand:tecnofarma|form:solid-oral,lertus|25mg|20,,,solid-oral,20,,,25mg,,Tecnofarma,,unknown,Tecnofarma,,compatible,other,CFM-001297,8990,true,https://comparafarma-api.vercel.app/api/go?slug=araucomed&matchKey=lertus%7C25mg%7C20&url=https%3A%2F%2Ffarmacia.araucomed.com%2Fanalgesicos-y-antinflamatorios%2Flertus-25-mg-x-20-comprimidos-cion-recubrimiento-enterico&cfmId=CFM-001297,1
diclofenaco 50mg,diclofenaco-50mg,diclofenaco,50mg,,,97,98,ahumada,Pro Lertus 140 mg x 10 Cápsulas de Liberación Prolongada,Pro Lertus 140 mg x 10 Cápsulas de Liberación Prolongada,pro|140mg|10,pro|140mg|10|bio:unknown|brand:unknown|var:lertus|form:solid-oral,pro|140mg|10,,lertus,solid-oral,10,,,140mg,,,,unknown,,,compatible,other,CFM-002520,9248,true,https://comparafarma-api.vercel.app/api/go?slug=ahumada&matchKey=pro%7C140mg%7C10&url=https%3A%2F%2Fwww.farmaciasahumada.cl%2Fpro-lertus-140-mg-x-10-capsulas-de-liberacion-prolongada-27120.html&cfmId=CFM-002520,1
diclofenaco 50mg,diclofenaco-50mg,diclofenaco,50mg,,,98,99,cruz-verde,Merpal Diclofenaco Dietilamonio 1% Gel Tópico 60 gr,Merpal Diclofenaco Dietilamonio 1% Gel Tópico 60 gr,merpal,merpal|bio:unknown|brand:unknown|var:dietilamonio|form:topical,merpal,,dietilamonio,topical,,,,1%,Merpal,,diclofenaco,name,,,exact,other,CFM-003807,9490,true,https://comparafarma-api.vercel.app/api/go?slug=cruz-verde&matchKey=merpal&url=https%3A%2F%2Fwww.cruzverde.cl%2Fmerpal-diclofenaco-dietilamonio-1-gel-topico-60-gr%2F111104.html&cfmId=CFM-003807,1
diclofenaco 50mg,diclofenaco-50mg,diclofenaco,50mg,,,99,100,farmex,Lertus Gel 1% x 60 g,Lertus Gel 1% x 60 g,lertus|60000mg|60,lertus|60000mg|60|bio:unknown|brand:tecnofarma|form:topical,lertus|60000mg|60,,,topical,,,,1%,,Tecnofarma,,unknown,TECNOFARMA,,compatible,other,CFM-002523,9490,true,https://comparafarma-api.vercel.app/api/go?slug=farmex&matchKey=lertus%7C60000mg%7C60&url=https%3A%2F%2Ffarmex.cl%2Fproducts%2Flertus-gel-1-x-60-g%3F_pos%3D8%26_psq%3Ddiclofenaco%26_psid%3D8b8977a37%26_ss%3De&cfmId=CFM-002523,1
diclofenaco 50mg,diclofenaco-50mg,diclofenaco,50mg,,,100,101,salcobrand,Dolodrin Diclofenaco 25mg / Tramadol 25mg 10 Comprimidos,Dolodrin Diclofenaco 25mg / Tramadol 25mg 10 Comprimidos,dolodrin|25mg|10,dolodrin|25mg|10|bio:unknown|brand:dolodrin|combo:tramadol|form:solid-oral,dolodrin|25mg|10,tramadol,,solid-oral,10,,,25mg,Dolodrin,,,structured,Dolodrin,,exact,other,CFM-001575,9591,true,https://comparafarma-api.vercel.app/api/go?slug=salcobrand&matchKey=dolodrin%7C25mg%7C10&url=https%3A%2F%2Fsalcobrand.cl%2Fproducts%2Fdolodrin-diclofenaco-25mg-tramadol-25mg-10-comprimidos%3Fdefault_sku%3D592837&cfmId=CFM-001575,1
diclofenaco 50mg,diclofenaco-50mg,diclofenaco,50mg,,,101,102,ahumada,Flectane 500 mg/20 mg x 30 Comprimidos con Recubrimiento Entérico,Flectane 500 mg/20 mg x 30 Comprimidos con Recubrimiento Entérico,flectane|500mg|30,flectane|500mg|30|bio:unknown|brand:unknown|form:solid-oral,flectane|500mg|30,,,solid-oral,30,,,500mg,,,,unknown,,,compatible,other,CFM-001199,9599,true,https://comparafarma-api.vercel.app/api/go?slug=ahumada&matchKey=flectane%7C500mg%7C30&url=https%3A%2F%2Fwww.farmaciasahumada.cl%2Fflectane-500-mg-20-mg-x-30-comprimidos-con-recubrimiento-enterico-85558.html&cfmId=CFM-001199,1
diclofenaco 50mg,diclofenaco-50mg,diclofenaco,50mg,,,102,103,ecofarmacias,LERTUS Diclofenaco Sódico 15 mg/mL 25 ML,LERTUS Diclofenaco Sódico 15 mg/mL 25 ML,lertus|25ml,lertus|25ml|bio:unknown|brand:unknown,lertus|25ml,,,,,15mg/1ml,ratio,15mg/1ml,LERTUS,,diclofenaco,name,,,exact,other,CFM-001792,9980,false,https://comparafarma-api.vercel.app/api/go?slug=ecofarmacias&matchKey=lertus%7C25ml&url=https%3A%2F%2Fwww.ecofarmacias.cl%2Fproducto%2Flertus-diclofenaco-sodico-15-mg-ml-25-ml%2F&cfmId=CFM-001792,1
diclofenaco 50mg,diclofenaco-50mg,diclofenaco,50mg,,,103,104,salcobrand,Merpal Diclofenaco Resinato 15mg/5ml Oral Gotas 20ml,Merpal Diclofenaco Resinato 15mg/5ml Oral Gotas 20ml,merpal|20ml,merpal|20ml|bio:unknown|brand:merpal|var:resinato|form:fluid-oral,merpal|20ml,,resinato,fluid-oral,,15mg/5ml,ratio,15mg/5ml,Merpal,,diclofenaco,structured,Merpal,,exact,other,CFM-002083,10471,true,https://comparafarma-api.vercel.app/api/go?slug=salcobrand&matchKey=merpal%7C20ml&url=https%3A%2F%2Fsalcobrand.cl%2Fproducts%2Fmerpal-diclofenaco-resinato-15mg-5ml-oral-gotas-20ml%3Fdefault_sku%3D900231&cfmId=CFM-002083,1
diclofenaco 50mg,diclofenaco-50mg,diclofenaco,50mg,,,104,105,salcobrand,Pro-Lertus Diclofenaco Colestiramina 140mg 10 Cápsulas Prolongadas,Pro-Lertus Diclofenaco Colestiramina 140mg 10 Cápsulas Prolongadas,prolertus|140mg|10,prolertus|140mg|10|bio:unknown|brand:prolertus|var:colestiramina|form:solid-oral,prolertus|140mg|10,,colestiramina,solid-oral,10,,,140mg,Pro-Lertus,,diclofenaco,structured,Pro-Lertus,,exact,other,CFM-001788,10999,true,https://comparafarma-api.vercel.app/api/go?slug=salcobrand&matchKey=prolertus%7C140mg%7C10&url=https%3A%2F%2Fsalcobrand.cl%2Fproducts%2Fdiclofenaco-sodico-75mg-oral-solido-ccef0e71-2b3b-4ccb-afeb-a3b672ab9e26%3Fdefault_sku%3D3110437&cfmId=CFM-001788,1
diclofenaco 50mg,diclofenaco-50mg,diclofenaco,50mg,,,105,106,ahumada,"DoloDrops 1,5 % x 25 mL Suspensión Oral Para Gotas","DoloDrops 1,5 % x 25 mL Suspensión Oral Para Gotas",dolodrops|25ml|25,dolodrops|25ml|25|bio:unknown|brand:unknown|form:fluid-oral,dolodrops|25ml|25,,,fluid-oral,,,,1.5%,,,,unknown,,,compatible,other,CFM-006695,11410,true,https://comparafarma-api.vercel.app/api/go?slug=ahumada&matchKey=dolodrops%7C25ml%7C25&url=https%3A%2F%2Fwww.farmaciasahumada.cl%2Fdolodrops-1-5-x-25-ml-suspension-oral-para-gotas-74333.html&cfmId=CFM-006695,1
diclofenaco 50mg,diclofenaco-50mg,diclofenaco,50mg,,,106,107,araucomed,Flector Sobres Parche dérmico 180 mg x 2 unidades,Flector Sobres Parche dérmico 180 mg x 2 unidades,flector|180mg|2,flector|180mg|2|bio:unknown|brand:itflabomed|var:dermico|form:patch,flector|180mg|2,,dermico,patch,2,,,180mg,,ITF-Labomed,,unknown,ITF-Labomed,,compatible,other,CFM-007190,11490,true,https://comparafarma-api.vercel.app/api/go?slug=araucomed&matchKey=flector%7C180mg%7C2&url=https%3A%2F%2Ffarmacia.araucomed.com%2Fanalgesicos-y-antinflamatorios%2Fflector-parche-dermico-180-mg-x-2-unidades&cfmId=CFM-007190,1
diclofenaco 50mg,diclofenaco-50mg,diclofenaco,50mg,,,107,108,dr-simi,Lertus diclofenaco 25 mg 20 comprimidos con recubrimiento entérico,Lertus diclofenaco 25 mg 20 comprimidos con recubrimiento entérico,lertus|25mg|20,lertus|25mg|20|bio:false|brand:tecnofarma|form:solid-oral,lertus|25mg|20,,,solid-oral,20,,,25mg,Lertus,Tecnofarma,diclofenaco,name,TECNOFARMA,false,exact,other,CFM-001297,12450,true,https://comparafarma-api.vercel.app/api/go?slug=dr-simi&matchKey=lertus%7C25mg%7C20&url=https%3A%2F%2Fwww.drsimi.cl%2Flertus-diclofenaco-25-mg-20-comprimidos-con-recubrimiento-enterico%2Fp&cfmId=CFM-001297,1
diclofenaco 50mg,diclofenaco-50mg,diclofenaco,50mg,,,108,109,cruz-verde,Pro-Lertus Diclofenaco Colestiramina 140 mg 10 Cápsulas,Pro-Lertus Diclofenaco Colestiramina 140 mg 10 Cápsulas,prolertus|140mg|10,prolertus|140mg|10|bio:unknown|brand:unknown|var:colestiramina|form:solid-oral,prolertus|140mg|10,,colestiramina,solid-oral,10,,,140mg,ProLertus,,diclofenaco,name,,,exact,other,CFM-001788,12490,true,https://comparafarma-api.vercel.app/api/go?slug=cruz-verde&matchKey=prolertus%7C140mg%7C10&url=https%3A%2F%2Fwww.cruzverde.cl%2Fpro-lertus-diclofenaco-colestiramina-140-mg-10-capsulas%2F87160.html&cfmId=CFM-001788,1
diclofenaco 50mg,diclofenaco-50mg,diclofenaco,50mg,,,109,110,ahumada,Lertus 1 % x 60 g Gel Tópico,Lertus 1 % x 60 g Gel Tópico,lertus|60000mg|60,lertus|60000mg|60|bio:unknown|brand:unknown|form:topical,lertus|60000mg|60,,,topical,,,,1%,,,,unknown,,,compatible,other,CFM-002523,12599,true,https://comparafarma-api.vercel.app/api/go?slug=ahumada&matchKey=lertus%7C60000mg%7C60&url=https%3A%2F%2Fwww.farmaciasahumada.cl%2Flertus-1-x-60-g-gel-topico-7253.html&cfmId=CFM-002523,1
diclofenaco 50mg,diclofenaco-50mg,diclofenaco,50mg,,,110,111,ecofarmacias,"Artren Diclofenaco Resinato gotas 1,5 % Suspensión Oral 20 Ml","Artren Diclofenaco Resinato gotas 1,5 % Suspensión Oral 20 Ml",artren|20ml,artren|20ml|bio:unknown|brand:unknown|var:resinato|form:fluid-oral,artren|20ml,,resinato,fluid-oral,,,,1.5%,Artren,,diclofenaco,name,,,exact,other,CFM-009269,12990,false,https://comparafarma-api.vercel.app/api/go?slug=ecofarmacias&matchKey=artren%7C20ml&url=https%3A%2F%2Fwww.ecofarmacias.cl%2Fproducto%2Fartren-diclofenaco-resinato-gotas-15-suspension-oral-20-ml%2F&cfmId=CFM-009269,1
diclofenaco 50mg,diclofenaco-50mg,diclofenaco,50mg,,,111,112,ahumada,Lertus 15 mg/mL x 25 mL Suspensión Oral Para Gotas,Lertus 15 mg/mL x 25 mL Suspensión Oral Para Gotas,lertus|25ml|25,lertus|25ml|25|bio:unknown|brand:unknown|form:fluid-oral,lertus|25ml|25,,,fluid-oral,,15mg/1ml,ratio,15mg/1ml,,,,unknown,,,compatible,other,CFM-002521,13027,true,https://comparafarma-api.vercel.app/api/go?slug=ahumada&matchKey=lertus%7C25ml%7C25&url=https%3A%2F%2Fwww.farmaciasahumada.cl%2Flertus-15-mg-ml-x-25-ml-suspension-oral-para-gotas-7656.html&cfmId=CFM-002521,1
diclofenaco 50mg,diclofenaco-50mg,diclofenaco,50mg,,,112,113,sermecoop,Dolodrops (diclofenaco) Gotas 25ml,Dolodrops (diclofenaco) Gotas 25ml,dolodrops|25ml,dolodrops|25ml|bio:unknown|brand:unknown|form:fluid-oral,dolodrops|25ml,,,fluid-oral,,,,25ml,Dolodrops,,diclofenaco,name,,,exact,other,CFM-009265,13490,true,https://comparafarma-api.vercel.app/api/go?slug=sermecoop&matchKey=dolodrops%7C25ml&url=https%3A%2F%2Fwww.farmaciasermecoop.cl%2Findex.php%2Fonline%2Fdetalleproducto%3Fp_%3D20086%26d_%3D1&cfmId=CFM-009265,1
diclofenaco 50mg,diclofenaco-50mg,diclofenaco,50mg,,,113,114,araucomed,Pro Lertus 140 mg x 20 cápsulas.,Pro Lertus 140 mg x 20 cápsulas.,pro|140mg|20,pro|140mg|20|bio:unknown|brand:tecnofarma|var:lertus|form:solid-oral,pro|140mg|20,,lertus,solid-oral,20,,,140mg,,Tecnofarma,,unknown,Tecnofarma,,compatible,other,CFM-002522,13990,true,https://comparafarma-api.vercel.app/api/go?slug=araucomed&matchKey=pro%7C140mg%7C20&url=https%3A%2F%2Ffarmacia.araucomed.com%2Fanalgesicos-y-antinflamatorios%2Fpro-lertus-140-mg-x-20-capsulas&cfmId=CFM-002522,1
diclofenaco 50mg,diclofenaco-50mg,diclofenaco,50mg,,,114,115,ahumada,Lertus Retard 100 mg x 10 Comprimidos Recubiertos de Liberación Prolongada,Lertus Retard Diclofenaco Sodico 100 mg 10 Comprimidos,lertus|100mg|10,lertus|100mg|10|bio:unknown|brand:unknown|var:retard|form:solid-oral,lertus|100mg|10,,retard,solid-oral,10,,,100mg,Lertus,,diclofenaco,name,,,exact,other,CFM-001789,14092,true,https://comparafarma-api.vercel.app/api/go?slug=ahumada&matchKey=lertus%7C100mg%7C10&url=https%3A%2F%2Fwww.farmaciasahumada.cl%2Flertus-retard-100-mg-x-10-comprimidos-recubiertos-de-liberacion-prolongada-6707.html&cfmId=CFM-001789,2
diclofenaco 50mg,diclofenaco-50mg,diclofenaco,50mg,,,114,115,cruz-verde,Lertus Retard Diclofenaco Sodico 100 mg 10 Comprimidos,Lertus Retard Diclofenaco Sodico 100 mg 10 Comprimidos,lertus|100mg|10,lertus|100mg|10|bio:unknown|brand:unknown|var:retard|form:solid-oral,lertus|100mg|10,,retard,solid-oral,10,,,100mg,Lertus,,diclofenaco,name,,,exact,other,CFM-001789,18790,true,https://comparafarma-api.vercel.app/api/go?slug=cruz-verde&matchKey=lertus%7C100mg%7C10&url=https%3A%2F%2Fwww.cruzverde.cl%2Flertus-retard-diclofenaco-sodico-100-mg-10-comprimidos%2F87022.html&cfmId=CFM-001789,2
diclofenaco 50mg,diclofenaco-50mg,diclofenaco,50mg,,,115,116,salcobrand,Dolo Drops Diclofenaco Resinato 1.5% Oral Gotas 25ml,Dolo Drops Diclofenaco Resinato 1.5% Oral Gotas 25ml,dolo|25ml,dolo|25ml|bio:unknown|brand:dolodrops|var:drops|form:fluid-oral,dolo|25ml,,drops,fluid-oral,,,,1.5%,Dolo-Drops,,diclofenaco,structured,Dolo-Drops,,exact,other,CFM-009266,14255,true,https://comparafarma-api.vercel.app/api/go?slug=salcobrand&matchKey=dolo%7C25ml&url=https%3A%2F%2Fsalcobrand.cl%2Fproducts%2Fdolo-drops-diclofenaco-resinato-1-5-oral-gotas-25ml%3Fdefault_sku%3D2971308&cfmId=CFM-009266,1
diclofenaco 50mg,diclofenaco-50mg,diclofenaco,50mg,,,116,117,ahumada,Coxidol 90 mg x 14 Comprimidos Recubiertos,Coxidol 90 mg x 14 Comprimidos Recubiertos,coxidol|90mg|14,coxidol|90mg|14|bio:true|brand:unknown|form:solid-oral,coxidol|90mg|14,,,solid-oral,14,,,90mg,,,,unknown,,true,compatible,other,CFM-002897,14271,true,https://comparafarma-api.vercel.app/api/go?slug=ahumada&matchKey=coxidol%7C90mg%7C14&url=https%3A%2F%2Fwww.farmaciasahumada.cl%2Fcoxidol-90-mg-x-14-comprimidos-recubiertos-89054.html&cfmId=CFM-002897,1
diclofenaco 50mg,diclofenaco-50mg,diclofenaco,50mg,,,117,118,salcobrand,Lertus Diclofenaco Sódico 15mg/ml Oral Gotas 25ml,Lertus Diclofenaco Sódico 15mg/ml Oral Gotas 25ml,lertus|25ml,lertus|25ml|bio:unknown|brand:lertus|form:fluid-oral,lertus|25ml,,,fluid-oral,,15mg/1ml,ratio,15mg/1ml,Lertus,,diclofenaco,structured,Lertus ,,exact,other,CFM-001792,14871,true,https://comparafarma-api.vercel.app/api/go?slug=salcobrand&matchKey=lertus%7C25ml&url=https%3A%2F%2Fsalcobrand.cl%2Fproducts%2Fdiclofenaco-sodico-15mg-ml-oral-gtas%3Fdefault_sku%3D3110503&cfmId=CFM-001792,1
diclofenaco 50mg,diclofenaco-50mg,diclofenaco,50mg,,,118,119,ahumada,Lertus 25 mg x 20 Comprimidos con Recubrimiento Entérico,Lertus Diclofenaco Sodico 25 mg 20 Comprimidos,lertus|25mg|20,lertus|25mg|20|bio:unknown|brand:unknown|form:solid-oral,lertus|25mg|20,,,solid-oral,20,,,25mg,Lertus,,diclofenaco,name,,,exact,other,CFM-001297,15652,true,https://comparafarma-api.vercel.app/api/go?slug=ahumada&matchKey=lertus%7C25mg%7C20&url=https%3A%2F%2Fwww.farmaciasahumada.cl%2Flertus-25-mg-x-20-comprimidos-con-recubrimiento-enterico-6928.html&cfmId=CFM-001297,2
diclofenaco 50mg,diclofenaco-50mg,diclofenaco,50mg,,,118,119,cruz-verde,Lertus Diclofenaco Sodico 25 mg 20 Comprimidos,Lertus Diclofenaco Sodico 25 mg 20 Comprimidos,lertus|25mg|20,lertus|25mg|20|bio:unknown|brand:unknown|form:solid-oral,lertus|25mg|20,,,solid-oral,20,,,25mg,Lertus,,diclofenaco,name,,,exact,other,CFM-001297,20190,true,https://comparafarma-api.vercel.app/api/go?slug=cruz-verde&matchKey=lertus%7C25mg%7C20&url=https%3A%2F%2Fwww.cruzverde.cl%2Flertus-diclofenaco-sodico-25-mg-20-comprimidos%2F87049.html&cfmId=CFM-001297,2
diclofenaco 50mg,diclofenaco-50mg,diclofenaco,50mg,,,119,120,cruz-verde,Lertus Diclofenaco Sódico 1% Gel Tópico 60 gr,Lertus Diclofenaco Sódico 1% Gel Tópico 60 gr,lertus,lertus|bio:unknown|brand:unknown|form:topical,lertus,,,topical,,,,1%,Lertus,,diclofenaco,name,,,exact,other,CFM-001791,15990,true,https://comparafarma-api.vercel.app/api/go?slug=cruz-verde&matchKey=lertus&url=https%3A%2F%2Fwww.cruzverde.cl%2Flertus-diclofenaco-sodico-1-gel-topico-60-gr%2F87009.html&cfmId=CFM-001791,1
diclofenaco 50mg,diclofenaco-50mg,diclofenaco,50mg,,,120,121,ahumada,Lertus 75 mg/3 mL x 5 Ampollas Solución Inyectable,Lertus 75 mg/3 mL x 5 Ampollas Solución Inyectable,lertus|3ml|5,lertus|3ml|5|bio:true|brand:unknown|form:injectable,lertus|3ml|5,,,injectable,5,75mg/3ml,ratio,75mg/3ml,,,,unknown,,true,compatible,other,CFM-001794,17899,true,https://comparafarma-api.vercel.app/api/go?slug=ahumada&matchKey=lertus%7C3ml%7C5&url=https%3A%2F%2Fwww.farmaciasahumada.cl%2Flertus-75-mg-3-ml-x-5-ampollas-solucion-inyectable-7279.html&cfmId=CFM-001794,1
diclofenaco 50mg,diclofenaco-50mg,diclofenaco,50mg,,,121,122,cruz-verde,Lertus-Sr Diclofenaco Sodico 75 mg 10 Comprimidos,Lertus-Sr Diclofenaco Sodico 75 mg 10 Comprimidos,lertussr|75mg|10,lertussr|75mg|10|bio:unknown|brand:unknown|form:solid-oral,lertussr|75mg|10,,,solid-oral,10,,,75mg,LertusSr,,diclofenaco,name,,,exact,other,CFM-001787,19340,true,https://comparafarma-api.vercel.app/api/go?slug=cruz-verde&matchKey=lertussr%7C75mg%7C10&url=https%3A%2F%2Fwww.cruzverde.cl%2Flertus-sr-diclofenaco-sodico-75-mg-10-comprimidos%2F87074.html&cfmId=CFM-001787,1
diclofenaco 50mg,diclofenaco-50mg,diclofenaco,50mg,,,122,123,ahumada,Oftic 1 mg/mL x 10 mL Solucion Oftalmica,Oftic 1 mg/mL x 10 mL Solucion Oftalmica,oftic|10ml|10,oftic|10ml|10|bio:unknown|brand:unknown|form:ophthalmic,oftic|10ml|10,,,ophthalmic,,1mg/1ml,ratio,1mg/1ml,,,,unknown,,,compatible,other,CFM-002820,20392,true,https://comparafarma-api.vercel.app/api/go?slug=ahumada&matchKey=oftic%7C10ml%7C10&url=https%3A%2F%2Fwww.farmaciasahumada.cl%2Foftic-1-mg-ml-x-10-ml-solucion-oftalmica-9023.html&cfmId=CFM-002820,1
diclofenaco 50mg,diclofenaco-50mg,diclofenaco,50mg,,,123,124,salcobrand,Lertus (B) Diclofenaco Sódico 75mg Inyectable 5 Ampollas,Lertus (B) Diclofenaco Sódico 75mg Inyectable 5 Ampollas,lertus|75mg|5,lertus|75mg|5|bio:unknown|brand:lertus|form:injectable,lertus|75mg|5,,,injectable,5,,,75mg,Lertus,,diclofenaco,structured,Lertus,,exact,other,CFM-002537,21735,true,https://comparafarma-api.vercel.app/api/go?slug=salcobrand&matchKey=lertus%7C75mg%7C5&url=https%3A%2F%2Fsalcobrand.cl%2Fproducts%2Flertus-b-diclofenaco-sodico-75mg-inyectable-5-ampollas%3Fdefault_sku%3D3110600&cfmId=CFM-002537,1
diclofenaco 50mg,diclofenaco-50mg,diclofenaco,50mg,,,124,125,salcobrand,Pro-Lertus Diclofenaco Colestiramina 140mg 20 Cápsulas Prolongadas,Pro-Lertus Diclofenaco Colestiramina 140mg 20 Cápsulas Prolongadas,prolertus|140mg|20,prolertus|140mg|20|bio:unknown|brand:prolertus|var:colestiramina|form:solid-oral,prolertus|140mg|20,,colestiramina,solid-oral,20,,,140mg,Pro-Lertus,,diclofenaco,structured,Pro-Lertus,,exact,other,CFM-001793,22439,true,https://comparafarma-api.vercel.app/api/go?slug=salcobrand&matchKey=prolertus%7C140mg%7C20&url=https%3A%2F%2Fsalcobrand.cl%2Fproducts%2Fdiclofenaco-sodico-75mg-oral-solido-69f651ad-bd0a-45fe-be56-6ba200b1829d%3Fdefault_sku%3D3110438&cfmId=CFM-001793,1
diclofenaco 50mg,diclofenaco-50mg,diclofenaco,50mg,,,125,126,araucomed,Oftic 0.1% solucion oftalmica 10 ml.,Oftic 0.1% solucion oftalmica 10 ml.,oftic|10ml,oftic|10ml|bio:unknown|brand:unknown|form:ophthalmic,oftic|10ml,,,ophthalmic,,,,0.1%,,,,unknown,,,exact,other,CFM-002826,23990,true,https://comparafarma-api.vercel.app/api/go?slug=araucomed&matchKey=oftic%7C10ml&url=https%3A%2F%2Ffarmacia.araucomed.com%2Fcolirios-antiinflamatorios%2Foftic-01-solucion-oftalmica-10-ml&cfmId=CFM-002826,2
diclofenaco 50mg,diclofenaco-50mg,diclofenaco,50mg,,,125,126,cruz-verde,"Oftic Diclofenaco Sodico 0,1% Solución Oftálmica 10 mL",Oftic 0.1% solucion oftalmica 10 ml.,oftic|10ml,oftic|10ml|bio:unknown|brand:unknown|form:ophthalmic,oftic|10ml,,,ophthalmic,,,,0.1%,,,,unknown,,,exact,other,CFM-002826,27890,true,https://comparafarma-api.vercel.app/api/go?slug=cruz-verde&matchKey=oftic%7C10ml&url=https%3A%2F%2Fwww.cruzverde.cl%2Foftic-diclofenaco-sodico-0-1-solucion-oftalmica-10-ml%2F6215.html&cfmId=CFM-002826,2
diclofenaco 50mg,diclofenaco-50mg,diclofenaco,50mg,,,126,127,ecofarmacias,"Oftic Gotas Diclofenaco Sodico 0,1% Solución Oftalmológica  25ml","Oftic Gotas Diclofenaco Sodico 0,1% Solución Oftalmológica  25ml",oftic|25ml,oftic|25ml|bio:unknown|brand:unknown|var:oftalmologica|form:fluid-oral,oftic|25ml,,oftalmologica,fluid-oral,,,,0.1%,Oftic,,diclofenaco,name,,,exact,other,CFM-003113,24190,true,https://comparafarma-api.vercel.app/api/go?slug=ecofarmacias&matchKey=oftic%7C25ml&url=https%3A%2F%2Fwww.ecofarmacias.cl%2Fproducto%2Foftic-gotas-diclofenaco-sodico-01-solucion-oftalmologica-25ml%2F&cfmId=CFM-003113,1
diclofenaco 50mg,diclofenaco-50mg,diclofenaco,50mg,,,127,128,cruz-verde,Lertus Diclofenaco Sodico 75 mg 5 Ampollas de 3 mL,Lertus Diclofenaco Sodico 75 mg 5 Ampollas de 3 mL,lertus|3ml|5,lertus|3ml|5|bio:unknown|brand:unknown|form:injectable,lertus|3ml|5,,,injectable,5,75mg,absolute,75mg,Lertus,,diclofenaco,name,,,exact,other,CFM-001794,24390,true,https://comparafarma-api.vercel.app/api/go?slug=cruz-verde&matchKey=lertus%7C3ml%7C5&url=https%3A%2F%2Fwww.cruzverde.cl%2Flertus-diclofenaco-sodico-75-mg-5-ampollas-de-3-ml%2F87016.html&cfmId=CFM-001794,1
diclofenaco 50mg,diclofenaco-50mg,diclofenaco,50mg,,,128,129,ecofarmacias,"3-A Ofteno (Diclofenaco) 0,1% Sol. Oftalmica 5ml","3-A Ofteno (Diclofenaco) 0,1% Sol. Oftalmica 5ml",ofteno|5ml,ofteno|5ml|bio:unknown|brand:unknown|form:ophthalmic,ofteno|5ml,,,ophthalmic,,,,0.1%,Ofteno,,diclofenaco,name,,,exact,other,CFM-002829,24900,true,https://comparafarma-api.vercel.app/api/go?slug=ecofarmacias&matchKey=ofteno%7C5ml&url=https%3A%2F%2Fwww.ecofarmacias.cl%2Fproducto%2F3-a-ofteno-diclofenaco-01-sol-oftalmica-5ml%2F&cfmId=CFM-002829,2
diclofenaco 50mg,diclofenaco-50mg,diclofenaco,50mg,,,128,129,cruz-verde,"3A Ofteno Diclofenaco Sódico 0,1% Solución Oftálmica 5 mL","3-A Ofteno (Diclofenaco) 0,1% Sol. Oftalmica 5ml",ofteno|5ml,ofteno|5ml|bio:unknown|brand:unknown|form:ophthalmic,ofteno|5ml,,,ophthalmic,,,,0.1%,Ofteno,,diclofenaco,name,,,exact,other,CFM-002829,33690,true,https://comparafarma-api.vercel.app/api/go?slug=cruz-verde&matchKey=ofteno%7C5ml&url=https%3A%2F%2Fwww.cruzverde.cl%2F3a-ofteno-diclofenaco-sodico-0-1-solucion-oftalmica-5-ml%2F53059.html&cfmId=CFM-002829,2
ibuprofeno 400mg,ibuprofeno-400mg,ibuprofeno,400mg,,,0,1,farmex,Ibuprofeno 400 mg x 20 comprimidos.,Ibuprofeno (B) 400mg 20 Comprimidos,ibuprofeno|400mg|20,ibuprofeno|400mg|20|bio:unknown|brand:unknown|form:solid-oral,ibuprofeno|400mg|20,,,solid-oral,20,,,400mg,,,ibuprofeno,unknown,Ibuprofeno,,exact,exact,CFM-000113,642,true,https://comparafarma-api.vercel.app/api/go?slug=farmex&matchKey=ibuprofeno%7C400mg%7C20&url=https%3A%2F%2Ffarmex.cl%2Fproducts%2Fibuprofeno-400-mg-x-20-comprimidos-6%3F_pos%3D9%26_psq%3Dibuprofeno%26_psid%3D7d8ddb33d%26_ss%3De&cfmId=CFM-000113,4
ibuprofeno 400mg,ibuprofeno-400mg,ibuprofeno,400mg,,,0,1,easyfarma,Ibuprofeno 400 mg x 20 comp,Ibuprofeno (B) 400mg 20 Comprimidos,ibuprofeno|400mg|20,ibuprofeno|400mg|20|bio:unknown|brand:unknown|form:solid-oral,ibuprofeno|400mg|20,,,solid-oral,20,,,400mg,,,ibuprofeno,unknown,Ibuprofeno,,exact,exact,CFM-000113,790,true,https://comparafarma-api.vercel.app/api/go?slug=easyfarma&matchKey=ibuprofeno%7C400mg%7C20&url=https%3A%2F%2Fnuevo.easyfarma.cl%2F26105-ibuprofeno-400-mg-x-20-2.html&cfmId=CFM-000113,4
ibuprofeno 400mg,ibuprofeno-400mg,ibuprofeno,400mg,,,0,1,cruz-verde,Ibuprofeno 400 mg 20 Comprimidos,Ibuprofeno (B) 400mg 20 Comprimidos,ibuprofeno|400mg|20,ibuprofeno|400mg|20|bio:unknown|brand:unknown|form:solid-oral,ibuprofeno|400mg|20,,,solid-oral,20,,,400mg,,,ibuprofeno,unknown,Ibuprofeno,,exact,exact,CFM-000113,1590,true,https://comparafarma-api.vercel.app/api/go?slug=cruz-verde&matchKey=ibuprofeno%7C400mg%7C20&url=https%3A%2F%2Fwww.cruzverde.cl%2Fibuprofeno-400-mg-20-comprimidos%2F273441.html&cfmId=CFM-000113,4
ibuprofeno 400mg,ibuprofeno-400mg,ibuprofeno,400mg,,,0,1,salcobrand,Ibuprofeno (B) 400mg 20 Comprimidos,Ibuprofeno (B) 400mg 20 Comprimidos,ibuprofeno|400mg|20,ibuprofeno|400mg|20|bio:unknown|brand:unknown|form:solid-oral,ibuprofeno|400mg|20,,,solid-oral,20,,,400mg,,,ibuprofeno,unknown,Ibuprofeno,,exact,exact,CFM-000113,1847,true,https://comparafarma-api.vercel.app/api/go?slug=salcobrand&matchKey=ibuprofeno%7C400mg%7C20&url=https%3A%2F%2Fsalcobrand.cl%2Fproducts%2Fibuprofeno-b-400mg-20-comprimidos%3Fdefault_sku%3D437127&cfmId=CFM-000113,4
ibuprofeno 400mg,ibuprofeno-400mg,ibuprofeno,400mg,,,1,2,ahumada,Ibuprofeno 400 mg x 20 Comprimidos CHILE,Ibuprofeno 400mg 20 Comprimidos,ibuprofeno|400mg|20,ibuprofeno|400mg|20|bio:true|brand:unknown|form:solid-oral,ibuprofeno|400mg|20,,,solid-oral,20,,,400mg,,,ibuprofeno,unknown,,true,exact,exact,CFM-000113,689,true,https://comparafarma-api.vercel.app/api/go?slug=ahumada&matchKey=ibuprofeno%7C400mg%7C20&url=https%3A%2F%2Fwww.farmaciasahumada.cl%2Fibuprofeno-400-mg-x-20-comprimidos-chile-86596.html&cfmId=CFM-000113,3
ibuprofeno 400mg,ibuprofeno-400mg,ibuprofeno,400mg,,,1,2,ecofarmacias,Ibuprofeno 400 mg x 20 Comprimidos recubiertos,Ibuprofeno 400mg 20 Comprimidos,ibuprofeno|400mg|20,ibuprofeno|400mg|20|bio:true|brand:unknown|form:solid-oral,ibuprofeno|400mg|20,,,solid-oral,20,,,400mg,,,ibuprofeno,unknown,,true,exact,exact,CFM-000113,850,true,https://comparafarma-api.vercel.app/api/go?slug=ecofarmacias&matchKey=ibuprofeno%7C400mg%7C20&url=https%3A%2F%2Fwww.ecofarmacias.cl%2Fproducto%2Fibuprofeno-400-mg-x-20-comprimidos-recubiertos%2F&cfmId=CFM-000113,3
ibuprofeno 400mg,ibuprofeno-400mg,ibuprofeno,400mg,,,1,2,sermecoop,Ibuprofeno 400mg 20 Comprimidos,Ibuprofeno 400mg 20 Comprimidos,ibuprofeno|400mg|20,ibuprofeno|400mg|20|bio:true|brand:unknown|form:solid-oral,ibuprofeno|400mg|20,,,solid-oral,20,,,400mg,,,ibuprofeno,unknown,,true,exact,exact,CFM-000113,990,true,https://comparafarma-api.vercel.app/api/go?slug=sermecoop&matchKey=ibuprofeno%7C400mg%7C20&url=https%3A%2F%2Fwww.farmaciasermecoop.cl%2Findex.php%2Fonline%2Fdetalleproducto%3Fp_%3D19091%26d_%3D1&cfmId=CFM-000113,3
ibuprofeno 400mg,ibuprofeno-400mg,ibuprofeno,400mg,,,2,3,dr-simi,Ibuprofeno 400 mg 20 comprimidos,Ibuprofeno 400 mg 20 comprimidos,ibuprofeno|400mg|20,ibuprofeno|400mg|20|bio:true|brand:teva|form:solid-oral,ibuprofeno|400mg|20,,,solid-oral,20,,,400mg,,Teva,ibuprofeno,unknown,TEVA,true,exact,exact,CFM-000113,690,true,https://comparafarma-api.vercel.app/api/go?slug=dr-simi&matchKey=ibuprofeno%7C400mg%7C20&url=https%3A%2F%2Fwww.drsimi.cl%2Fibuprofeno-400-mg-20-comprimidos-recubiertos%2Fp&cfmId=CFM-000113,1
ibuprofeno 400mg,ibuprofeno-400mg,ibuprofeno,400mg,,,3,4,araucomed,Ibuprofeno 400 mg x 20 comprimidos. (Chile),Ibuprofeno 400 mg x 20 comprimidos. (Chile),ibuprofeno|400mg|20,ibuprofeno|400mg|20|bio:unknown|brand:chile|form:solid-oral,ibuprofeno|400mg|20,,,solid-oral,20,,,400mg,,Laboratorio Chile,ibuprofeno,unknown,Laboratorio Chile,,exact,exact,CFM-000113,790,true,https://comparafarma-api.vercel.app/api/go?slug=araucomed&matchKey=ibuprofeno%7C400mg%7C20&url=https%3A%2F%2Ffarmacia.araucomed.com%2Fanalgesicos-y-antinflamatorios%2Fibuprofeno-400mg-x20com-chile&cfmId=CFM-000113,1
ibuprofeno 400mg,ibuprofeno-400mg,ibuprofeno,400mg,,,4,5,easyfarma,Ibuprofeno 400 mg x 20,Ibuprofeno 400 mg x 20,ibuprofeno|400mg|20,ibuprofeno|400mg|20|bio:unknown|brand:unknown,ibuprofeno|400mg|20,,,,20,,,400mg,,,ibuprofeno,unknown,,,exact,exact,CFM-000113,890,true,https://comparafarma-api.vercel.app/api/go?slug=easyfarma&matchKey=ibuprofeno%7C400mg%7C20&url=https%3A%2F%2Fnuevo.easyfarma.cl%2F24657-ibuprofeno-400-mg-x-20.html&cfmId=CFM-000113,1
ibuprofeno 400mg,ibuprofeno-400mg,ibuprofeno,400mg,,,5,6,farmex,Ibuprofeno 400 mg x 20 comprimidos,Ibuprofeno 400 mg x 20 comprimidos,ibuprofeno|400mg|20,ibuprofeno|400mg|20|bio:unknown|brand:opko|form:solid-oral,ibuprofeno|400mg|20,,,solid-oral,20,,,400mg,,Opko,ibuprofeno,unknown,OPKO,,exact,exact,CFM-000113,990,true,https://comparafarma-api.vercel.app/api/go?slug=farmex&matchKey=ibuprofeno%7C400mg%7C20&url=https%3A%2F%2Ffarmex.cl%2Fproducts%2Fibuprofeno-400-mg-x-20-comprimidos%3F_pos%3D3%26_psq%3Dibuprofeno%26_psid%3D7d8ddb33d%26_ss%3De&cfmId=CFM-000113,1
ibuprofeno 400mg,ibuprofeno-400mg,ibuprofeno,400mg,,,6,7,araucomed,Ibucalm 400 mg x 10 cápsulas blandas.,Ibucalm 400 mg x 10 cápsulas blandas.,ibucalm|400mg|10,ibucalm|400mg|10|bio:unknown|brand:opko|form:solid-oral,ibucalm|400mg|10,,,solid-oral,10,,,400mg,,Opko,,unknown,Opko,,compatible,exact,CFM-000111,1490,true,https://comparafarma-api.vercel.app/api/go?slug=araucomed&matchKey=ibucalm%7C400mg%7C10&url=https%3A%2F%2Ffarmacia.araucomed.com%2Fanalgesicos-y-antinflamatorios%2Fibucalm-400mg-x20cap&cfmId=CFM-000111,1
ibuprofeno 400mg,ibuprofeno-400mg,ibuprofeno,400mg,,,7,8,araucomed,Ibupirac LC 400 mg x 10 cápsulas blandas.,Ibupirac LC 400 mg x 10 cápsulas blandas.,ibupirac|400mg|10,ibupirac|400mg|10|bio:unknown|brand:chemopharma|var:lc|form:solid-oral,ibupirac|400mg|10,,lc,solid-oral,10,,,400mg,,Chemopharma,,unknown,Chemopharma,,compatible,exact,CFM-000313,1690,true,https://comparafarma-api.vercel.app/api/go?slug=araucomed&matchKey=ibupirac%7C400mg%7C10&url=https%3A%2F%2Ffarmacia.araucomed.com%2Fanalgesicos-y-antinflamatorios%2Fibupirac-lc-400-mg-x-10-capsulas-blandas&cfmId=CFM-000313,1
ibuprofeno 400mg,ibuprofeno-400mg,ibuprofeno,400mg,,,8,9,araucomed,Ibucalm 400 mg x 20 cápsulas blandas.,Ibucalm 400 mg x 20 cápsulas blandas.,ibucalm|400mg|20,ibucalm|400mg|20|bio:unknown|brand:opko|form:solid-oral,ibucalm|400mg|20,,,solid-oral,20,,,400mg,,Opko,,unknown,Opko,,compatible,exact,CFM-000146,1990,true,https://comparafarma-api.vercel.app/api/go?slug=araucomed&matchKey=ibucalm%7C400mg%7C20&url=https%3A%2F%2Ffarmacia.araucomed.com%2Fanalgesicos-y-antinflamatorios%2Fibucalm-400-mg-x-20-capsulas&cfmId=CFM-000146,1
ibuprofeno 400mg,ibuprofeno-400mg,ibuprofeno,400mg,,,9,10,cruz-verde,Pyriped Ibuprofeno 400Mg 10 Cápsulas Blandas,Pyriped Ibuprofeno 400Mg 10 Cápsulas Blandas,pyriped|400mg|10,pyriped|400mg|10|bio:unknown|brand:unknown|form:solid-oral,pyriped|400mg|10,,,solid-oral,10,,,400mg,Pyriped,,ibuprofeno,name,,,exact,exact,CFM-000145,2290,false,https://comparafarma-api.vercel.app/api/go?slug=cruz-verde&matchKey=pyriped%7C400mg%7C10&url=https%3A%2F%2Fwww.cruzverde.cl%2Fpyriped-ibuprofeno-400mg-10-capsulas-blandas%2F575224.html&cfmId=CFM-000145,1
ibuprofeno 400mg,ibuprofeno-400mg,ibuprofeno,400mg,,,10,11,ahumada,Ibucalm Ibuprofeno 400 Mg 10 Cap Blandas,Ibucalm Ibuprofeno 400 Mg 10 Cap Blandas,ibucalm|400mg|10,ibucalm|400mg|10|bio:true|brand:unknown|form:solid-oral,ibucalm|400mg|10,,,solid-oral,10,,,400mg,Ibucalm,,ibuprofeno,name,,true,exact,exact,CFM-000111,2387,true,https://comparafarma-api.vercel.app/api/go?slug=ahumada&matchKey=ibucalm%7C400mg%7C10&url=https%3A%2F%2Fwww.farmaciasahumada.cl%2Fibucalm-ibuprofeno-400-mg-10-cap-blandas-96109.html&cfmId=CFM-000111,2
ibuprofeno 400mg,ibuprofeno-400mg,ibuprofeno,400mg,,,10,11,ecofarmacias,Ibucalm Ibuprofeno 400 Mg X 10 Capsulas blandas (Opko),Ibucalm Ibuprofeno 400 Mg 10 Cap Blandas,ibucalm|400mg|10,ibucalm|400mg|10|bio:true|brand:unknown|form:solid-oral,ibucalm|400mg|10,,,solid-oral,10,,,400mg,Ibucalm,,ibuprofeno,name,,true,exact,exact,CFM-000111,2980,false,https://comparafarma-api.vercel.app/api/go?slug=ecofarmacias&matchKey=ibucalm%7C400mg%7C10&url=https%3A%2F%2Fwww.ecofarmacias.cl%2Fproducto%2Fibucalm-ibuprofeno-400mg-x-10-capsulas-blandas-opko%2F&cfmId=CFM-000111,2
ibuprofeno 400mg,ibuprofeno-400mg,ibuprofeno,400mg,,,11,12,salcobrand,Actron (R) Ibuprofeno 400mg 10 Cápsulas Blandas,Actron (R) Ibuprofeno 400mg 10 Cápsulas Blandas,actron|400mg|10,actron|400mg|10|bio:unknown|brand:actron|form:solid-oral,actron|400mg|10,,,solid-oral,10,,,400mg,Actron,,ibuprofeno,structured,Actron,,exact,exact,CFM-000114,2771,true,https://comparafarma-api.vercel.app/api/go?slug=salcobrand&matchKey=actron%7C400mg%7C10&url=https%3A%2F%2Fsalcobrand.cl%2Fproducts%2Factron-r-ibuprofeno-400mg-10-capsulas-blandas%3Fdefault_sku%3D151609&cfmId=CFM-000114,1
ibuprofeno 400mg,ibuprofeno-400mg,ibuprofeno,400mg,,,12,13,ahumada,Ibupirac LC 400 mg x 20 Cápsulas Blandas,Ibupirac LC 400 mg x 20 Cápsulas Blandas,ibupirac|400mg|20,ibupirac|400mg|20|bio:true|brand:unknown|var:lc|form:solid-oral,ibupirac|400mg|20,,lc,solid-oral,20,,,400mg,,,,unknown,,true,compatible,exact,CFM-000125,2949,true,https://comparafarma-api.vercel.app/api/go?slug=ahumada&matchKey=ibupirac%7C400mg%7C20&url=https%3A%2F%2Fwww.farmaciasahumada.cl%2Fibupirac-lc-400-mg-x-20-capsulas-blandas-62367.html&cfmId=CFM-000125,1
ibuprofeno 400mg,ibuprofeno-400mg,ibuprofeno,400mg,,,13,14,dr-simi,Ibupirac LC ibuprofeno 400 mg 20 cápsulas blandas,Ibupirac LC ibuprofeno 400 mg 20 cápsulas blandas,ibupirac|400mg|20,ibupirac|400mg|20|bio:true|brand:chemopharma|var:lc|form:solid-oral,ibupirac|400mg|20,,lc,solid-oral,20,,,400mg,Ibupirac,Chemopharma,ibuprofeno,name,CHEMOPHARMA,true,exact,exact,CFM-000125,2970,true,https://comparafarma-api.vercel.app/api/go?slug=dr-simi&matchKey=ibupirac%7C400mg%7C20&url=https%3A%2F%2Fwww.drsimi.cl%2Fdoraliv-ibuprofeno-400-mg-20-capsulas%2Fp&cfmId=CFM-000125,1
ibuprofeno 400mg,ibuprofeno-400mg,ibuprofeno,400mg,,,14,15,araucomed,Ibupirac LC 400 mg x 20 cápsulas blandas.,Ibupirac LC 400 mg x 20 cápsulas blandas.,ibupirac|400mg|20,ibupirac|400mg|20|bio:unknown|brand:chemopharma|var:lc|form:solid-oral,ibupirac|400mg|20,,lc,solid-oral,20,,,400mg,,Chemopharma,,unknown,Chemopharma,,compatible,exact,CFM-000125,2990,true,https://comparafarma-api.vercel.app/api/go?slug=araucomed&matchKey=ibupirac%7C400mg%7C20&url=https%3A%2F%2Ffarmacia.araucomed.com%2Fbioequivalentes%2Fibupirac-lc-400mg-x20cap&cfmId=CFM-000125,1
ibuprofeno 400mg,ibuprofeno-400mg,ibuprofeno,400mg,,,15,16,farmex,Pyriped 400 mg x 20 cápsulas,Pyriped 400 mg x 20 cápsulas,pyriped|400mg|20,pyriped|400mg|20|bio:unknown|brand:mintlab|form:solid-oral,pyriped|400mg|20,,,solid-oral,20,,,400mg,,Mintlab,,unknown,MINTLAB,,compatible,exact,CFM-000148,2990,true,https://comparafarma-api.vercel.app/api/go?slug=farmex&matchKey=pyriped%7C400mg%7C20&url=https%3A%2F%2Ffarmex.cl%2Fproducts%2Fpyriped-400-mg-x-20-capsulas%3F_pos%3D4%26_psq%3Dibuprofeno%26_psid%3D7d8ddb33d%26_ss%3De&cfmId=CFM-000148,1
ibuprofeno 400mg,ibuprofeno-400mg,ibuprofeno,400mg,,,16,17,ahumada,Actron 400 mg x 10 Cápsulas Blandas,Actron 400 mg x 10 cápsulas...,actron|400mg|10,actron|400mg|10|bio:unknown|brand:unknown|form:solid-oral,actron|400mg|10,,,solid-oral,10,,,400mg,,,,unknown,,,exact,exact,CFM-000114,3059,true,https://comparafarma-api.vercel.app/api/go?slug=ahumada&matchKey=actron%7C400mg%7C10&url=https%3A%2F%2Fwww.farmaciasahumada.cl%2Factron-400-mg-x-10-capsulas-blandas-44354.html&cfmId=CFM-000114,3
ibuprofeno 400mg,ibuprofeno-400mg,ibuprofeno,400mg,,,16,17,easyfarma,Actron 400 mg x 10 cápsulas...,Actron 400 mg x 10 cápsulas...,actron|400mg|10,actron|400mg|10|bio:unknown|brand:unknown|form:solid-oral,actron|400mg|10,,,solid-oral,10,,,400mg,,,,unknown,,,exact,exact,CFM-000114,3490,true,https://comparafarma-api.vercel.app/api/go?slug=easyfarma&matchKey=actron%7C400mg%7C10&url=https%3A%2F%2Fnuevo.easyfarma.cl%2F25051-actron-400mg-x-10.html&cfmId=CFM-000114,3
ibuprofeno 400mg,ibuprofeno-400mg,ibuprofeno,400mg,,,16,17,cruz-verde,Actron 400 Ibuprofeno 400 mg 10 Cápsulas Blandas,Actron 400 mg x 10 cápsulas...,actron|400mg|10,actron|400mg|10|bio:unknown|brand:unknown|form:solid-oral,actron|400mg|10,,,solid-oral,10,,,400mg,,,,unknown,,,exact,exact,CFM-000114,3990,true,https://comparafarma-api.vercel.app/api/go?slug=cruz-verde&matchKey=actron%7C400mg%7C10&url=https%3A%2F%2Fwww.cruzverde.cl%2Factron-400-ibuprofeno-400-mg-10-capsulas-blandas%2F250281.html&cfmId=CFM-000114,3
ibuprofeno 400mg,ibuprofeno-400mg,ibuprofeno,400mg,,,17,18,salcobrand,DorAliv (B) Ibuprofeno 400mg 10 Cápsulas Blandas,DorAliv (B) Ibuprofeno 400mg 10 Cápsulas Blandas,doraliv|400mg|10,doraliv|400mg|10|bio:unknown|brand:notts|form:solid-oral,doraliv|400mg|10,,,solid-oral,10,,,400mg,Notts,,ibuprofeno,structured,Notts,,exact,exact,CFM-000097,3079,true,https://comparafarma-api.vercel.app/api/go?slug=salcobrand&matchKey=doraliv%7C400mg%7C10&url=https%3A%2F%2Fsalcobrand.cl%2Fproducts%2Fdoraliv-b-ibuprofeno-400mg-10-capsulas-blandas%3Fdefault_sku%3D582596&cfmId=CFM-000097,1
ibuprofeno 400mg,ibuprofeno-400mg,ibuprofeno,400mg,,,18,19,cruz-verde,Ibucalm Ibuprofeno 400 mg 10 Cápsulas blandas,Ibucalm Ibuprofeno 400 mg 10 Cápsulas blandas,ibucalm|400mg|10,ibucalm|400mg|10|bio:unknown|brand:unknown|form:solid-oral,ibucalm|400mg|10,,,solid-oral,10,,,400mg,Ibucalm,,ibuprofeno,name,,,exact,exact,CFM-000111,4240,true,https://comparafarma-api.vercel.app/api/go?slug=cruz-verde&matchKey=ibucalm%7C400mg%7C10&url=https%3A%2F%2Fwww.cruzverde.cl%2Fibucalm-ibuprofeno-400-mg-10-capsulas-blandas%2F545276.html&cfmId=CFM-000111,1
ibuprofeno 400mg,ibuprofeno-400mg,ibuprofeno,400mg,,,19,20,cruz-verde,Pyriped Ibuprofeno 400 mg 20 Cápsulas Blandas,Pyriped Ibuprofeno 400 mg 20 Cápsulas Blandas,pyriped|400mg|20,pyriped|400mg|20|bio:unknown|brand:unknown|form:solid-oral,pyriped|400mg|20,,,solid-oral,20,,,400mg,Pyriped,,ibuprofeno,name,,,exact,exact,CFM-000148,4490,true,https://comparafarma-api.vercel.app/api/go?slug=cruz-verde&matchKey=pyriped%7C400mg%7C20&url=https%3A%2F%2Fwww.cruzverde.cl%2Fpyriped-ibuprofeno-400-mg-20-capsulas-blandas%2F263909.html&cfmId=CFM-000148,1
ibuprofeno 400mg,ibuprofeno-400mg,ibuprofeno,400mg,,,20,21,salcobrand,DorAliv (B) Ibuprofeno 400mg 20 Cápsulas Blandas,DorAliv (B) Ibuprofeno 400mg 20 Cápsulas Blandas,doraliv|400mg|20,doraliv|400mg|20|bio:unknown|brand:notts|form:solid-oral,doraliv|400mg|20,,,solid-oral,20,,,400mg,Notts,,ibuprofeno,structured,Notts,,exact,exact,CFM-000121,5103,true,https://comparafarma-api.vercel.app/api/go?slug=salcobrand&matchKey=doraliv%7C400mg%7C20&url=https%3A%2F%2Fsalcobrand.cl%2Fproducts%2Fdoraliv-b-ibuprofeno-400mg-20-capsulas-blandas%3Fdefault_sku%3D585398&cfmId=CFM-000121,1
ibuprofeno 400mg,ibuprofeno-400mg,ibuprofeno,400mg,,,21,22,ahumada,Actron 400mg X 20 Capsulas Blandas,Actron 400mg X 20 Capsulas Blandas,actron|400mg|20,actron|400mg|20|bio:unknown|brand:unknown|form:solid-oral,actron|400mg|20,,,solid-oral,20,,,400mg,,,,unknown,,,exact,exact,CFM-000133,5819,true,https://comparafarma-api.vercel.app/api/go?slug=ahumada&matchKey=actron%7C400mg%7C20&url=https%3A%2F%2Fwww.farmaciasahumada.cl%2Factron-400mg-x-20-capsulas-blandas-89764.html&cfmId=CFM-000133,2
ibuprofeno 400mg,ibuprofeno-400mg,ibuprofeno,400mg,,,21,22,cruz-verde,Actron Ibuprofeno 400 mg 20 Cápsulas Blandas,Actron 400mg X 20 Capsulas Blandas,actron|400mg|20,actron|400mg|20|bio:unknown|brand:unknown|form:solid-oral,actron|400mg|20,,,solid-oral,20,,,400mg,,,,unknown,,,exact,exact,CFM-000133,7728,true,https://comparafarma-api.vercel.app/api/go?slug=cruz-verde&matchKey=actron%7C400mg%7C20&url=https%3A%2F%2Fwww.cruzverde.cl%2Factron-ibuprofeno-400-mg-20-capsulas-blandas%2F393607.html&cfmId=CFM-000133,2
ibuprofeno 400mg,ibuprofeno-400mg,ibuprofeno,400mg,,,22,23,salcobrand,Actron (R) Ibuprofeno 400mg 20 Cápsulas Blandas,Actron (R) Ibuprofeno 400mg 20 Cápsulas Blandas,actron|400mg|20,actron|400mg|20|bio:unknown|brand:actron|form:solid-oral,actron|400mg|20,,,solid-oral,20,,,400mg,Actron,,ibuprofeno,structured,Actron,,exact,exact,CFM-000133,6383,true,https://comparafarma-api.vercel.app/api/go?slug=salcobrand&matchKey=actron%7C400mg%7C20&url=https%3A%2F%2Fsalcobrand.cl%2Fproducts%2Factron-r-ibuprofeno-400mg-20-capsulas-blandas%3Fdefault_sku%3D578998&cfmId=CFM-000133,1
ibuprofeno 400mg,ibuprofeno-400mg,ibuprofeno,400mg,,,23,24,cruz-verde,Ibupirac LC Ibuprofeno 400 mg 20 Cápsulas Blandas,Ibupirac LC Ibuprofeno 400 mg 20 Cápsulas Blandas,ibupirac|400mg|20,ibupirac|400mg|20|bio:unknown|brand:unknown|var:lc|form:solid-oral,ibupirac|400mg|20,,lc,solid-oral,20,,,400mg,Ibupirac,,ibuprofeno,name,,,exact,exact,CFM-000125,6590,true,https://comparafarma-api.vercel.app/api/go?slug=cruz-verde&matchKey=ibupirac%7C400mg%7C20&url=https%3A%2F%2Fwww.cruzverde.cl%2Fibupirac-lc-ibuprofeno-400-mg-20-capsulas-blandas%2F257271.html&cfmId=CFM-000125,1
ibuprofeno 400mg,ibuprofeno-400mg,ibuprofeno,400mg,,,24,25,cruz-verde,Ibucalm Ibuprofeno 400 mg 20 Cápsulas blandas,Ibucalm Ibuprofeno 400 mg 20 Cápsulas blandas,ibucalm|400mg|20,ibucalm|400mg|20|bio:unknown|brand:unknown|form:solid-oral,ibucalm|400mg|20,,,solid-oral,20,,,400mg,Ibucalm,,ibuprofeno,name,,,exact,exact,CFM-000146,6940,true,https://comparafarma-api.vercel.app/api/go?slug=cruz-verde&matchKey=ibucalm%7C400mg%7C20&url=https%3A%2F%2Fwww.cruzverde.cl%2Fibucalm-ibuprofeno-400-mg-20-capsulas-blandas%2F552317.html&cfmId=CFM-000146,1
ibuprofeno 400mg,ibuprofeno-400mg,ibuprofeno,400mg,,,25,26,cruz-verde,Pironal Flu Forte Ibuprofeno 400 mg 12 Comprimidos Recubiertos,Pironal Flu Forte Ibuprofeno 400 mg 12 Comprimidos Recubiertos,pironal|400mg|12,pironal|400mg|12|bio:unknown|brand:unknown|var:flu|form:solid-oral,pironal|400mg|12,,flu,solid-oral,12,,,400mg,Pironal,,ibuprofeno,name,,,exact,exact,CFM-000729,15290,true,https://comparafarma-api.vercel.app/api/go?slug=cruz-verde&matchKey=pironal%7C400mg%7C12&url=https%3A%2F%2Fwww.cruzverde.cl%2Fpironal-flu-forte-ibuprofeno-400-mg-12-comprimidos-recubiertos%2F257146.html&cfmId=CFM-000729,1
ibuprofeno 400mg,ibuprofeno-400mg,ibuprofeno,400mg,,,26,27,cruz-verde,Tapsin Duo Paracetamol Ibuprofeno 12 Comprimidos Recubiertos,Tapsin Duo Paracetamol Ibuprofeno 12 Comprimidos Recubiertos,tapsin|12,tapsin|12|bio:unknown|brand:unknown|var:duo|form:solid-oral,tapsin|12,,duo,solid-oral,12,,,,Tapsin,,paracetamol,name,,,exact,unknown,CFM-000109,2290,true,https://comparafarma-api.vercel.app/api/go?slug=cruz-verde&matchKey=tapsin%7C12&url=https%3A%2F%2Fwww.cruzverde.cl%2Ftapsin-duo-paracetamol-ibuprofeno-12-comprimidos-recubiertos%2F550757.html&cfmId=CFM-000109,1
ibuprofeno 400mg,ibuprofeno-400mg,ibuprofeno,400mg,,,27,28,araucomed,Kitadol Duo x 10 comprimidos,Kitadol Duo x 10 comprimidos,kitadol|10,kitadol|10|bio:unknown|brand:chile|var:duo|form:solid-oral,kitadol|10,,duo,solid-oral,10,,,,,Laboratorio Chile,,unknown,Laboratorio Chile,,compatible,unknown,CFM-000040,2490,true,https://comparafarma-api.vercel.app/api/go?slug=araucomed&matchKey=kitadol%7C10&url=https%3A%2F%2Ffarmacia.araucomed.com%2Fanalgesicos-y-antinflamatorios%2Fkitadol-duo-x10com&cfmId=CFM-000040,1
ibuprofeno 400mg,ibuprofeno-400mg,ibuprofeno,400mg,,,28,29,salcobrand,Tapsin Duo (B) Paracetamol / Ibuprofeno 12 Comprimidos Recubiertos,Tapsin Duo (B) Paracetamol / Ibuprofeno 12 Comprimidos Recubiertos,tapsin|12,tapsin|12|bio:unknown|brand:tapsin|combo:ibuprofeno|form:solid-oral,tapsin|12,ibuprofeno,,solid-oral,12,,,,Tapsin,,,structured,Tapsin,,exact,unknown,CFM-000109,2612,true,https://comparafarma-api.vercel.app/api/go?slug=salcobrand&matchKey=tapsin%7C12&url=https%3A%2F%2Fsalcobrand.cl%2Fproducts%2Ftapsin-duo-b-paracetamol-ibuprofeno-12-comprimidos-recubiertos%3Fdefault_sku%3D586353&cfmId=CFM-000109,1
ibuprofeno 400mg,ibuprofeno-400mg,ibuprofeno,400mg,,,29,30,araucomed,Tapsin Duo x 12 comprimidos,Tapsin Duo x 12 comprimidos,tapsin|12,tapsin|12|bio:unknown|brand:maver|var:duo|form:solid-oral,tapsin|12,,duo,solid-oral,12,,,,,Maver,,unknown,Maver,,compatible,unknown,CFM-000109,2990,true,https://comparafarma-api.vercel.app/api/go?slug=araucomed&matchKey=tapsin%7C12&url=https%3A%2F%2Ffarmacia.araucomed.com%2Fanalgesicos-y-antinflamatorios%2Ftapsin-duo-x-12-comprimidos&cfmId=CFM-000109,1
ibuprofeno 400mg,ibuprofeno-400mg,ibuprofeno,400mg,,,30,31,easyfarma,Finagrip 10 Comp. Recubiertos,Finagrip 10 Comp. Recubiertos,finagrip|10,finagrip|10|bio:unknown|brand:unknown|form:solid-oral,finagrip|10,,,solid-oral,10,,,,,,,unknown,,,compatible,unknown,CFM-001063,2990,true,https://comparafarma-api.vercel.app/api/go?slug=easyfarma&matchKey=finagrip%7C10&url=https%3A%2F%2Fnuevo.easyfarma.cl%2F105297-finagrip-10-comp-recubiertos.html&cfmId=CFM-001063,1
ibuprofeno 400mg,ibuprofeno-400mg,ibuprofeno,400mg,,,31,32,salcobrand,Kitadol Duo Ibuprofeno / Paracetamol 10 Comprimidos Recubiertos,Kitadol Duo Ibuprofeno / Paracetamol 10 Comprimidos Recubiertos,kitadol|10,kitadol|10|bio:unknown|brand:kitadolduo|combo:paracetamol|form:solid-oral,kitadol|10,paracetamol,,solid-oral,10,,,,Kitadol Duo,,,structured,Kitadol Duo,,exact,unknown,CFM-000040,3674,true,https://comparafarma-api.vercel.app/api/go?slug=salcobrand&matchKey=kitadol%7C10&url=https%3A%2F%2Fsalcobrand.cl%2Fproducts%2Fkitadol-duo-ibuprofeno-paracetamol-10-comprimidos-recubiertos%3Fdefault_sku%3D579036&cfmId=CFM-000040,1
ibuprofeno 400mg,ibuprofeno-400mg,ibuprofeno,400mg,,,32,33,ecofarmacias,Ibuprofeno Ibupirac Flu Forte suspensión DESCUENTO caja dañada,Ibuprofeno Ibupirac Flu Forte suspensión DESCUENTO caja dañada,ibuprofeno,ibuprofeno|bio:unknown|brand:unknown|var:ibupirac|form:fluid-oral,ibuprofeno,,ibupirac,fluid-oral,,,,,,,ibuprofeno,unknown,,,exact,unknown,CFM-000134,3980,false,https://comparafarma-api.vercel.app/api/go?slug=ecofarmacias&matchKey=ibuprofeno&url=https%3A%2F%2Fwww.ecofarmacias.cl%2Fproducto%2Fibupirac-flu-forte-suspension-descuento-caja-danada%2F&cfmId=CFM-000134,1
ibuprofeno 400mg,ibuprofeno-400mg,ibuprofeno,400mg,,,33,34,araucomed,Pironal Flu Forte x 12 comprimidos.,Pironal Flu Forte x 12 comprimidos.,pironal|12,pironal|12|bio:unknown|brand:bago|var:flu|form:solid-oral,pironal|12,,flu,solid-oral,12,,,,,Bagó,,unknown,Bagó,,compatible,unknown,CFM-000117,5990,true,https://comparafarma-api.vercel.app/api/go?slug=araucomed&matchKey=pironal%7C12&url=https%3A%2F%2Ffarmacia.araucomed.com%2Fdescongestionantes%2Fpironal-flu-forte-x12com&cfmId=CFM-000117,1
ibuprofeno 400mg,ibuprofeno-400mg,ibuprofeno,400mg,,,34,35,ahumada,Ibuprofeno 600 mg x 20 Comprimidos CHILE,Ibuprofeno 600 mg x 20 Comprimidos CHILE,ibuprofeno|600mg|20,ibuprofeno|600mg|20|bio:true|brand:unknown|form:solid-oral,ibuprofeno|600mg|20,,,solid-oral,20,,,600mg,,,ibuprofeno,unknown,,true,exact,other,CFM-000141,849,true,https://comparafarma-api.vercel.app/api/go?slug=ahumada&matchKey=ibuprofeno%7C600mg%7C20&url=https%3A%2F%2Fwww.farmaciasahumada.cl%2Fibuprofeno-600-mg-x-20-comprimidos-chile-84396.html&cfmId=CFM-000141,1
ibuprofeno 400mg,ibuprofeno-400mg,ibuprofeno,400mg,,,35,36,ahumada,Ibuprofeno 200 mg x 20 Comprimidos Recubiertos,Ibuprofeno 200 mg X 20 comprimidos (Ascend),ibuprofeno|200mg|20,ibuprofeno|200mg|20|bio:true|brand:unknown|form:solid-oral,ibuprofeno|200mg|20,,,solid-oral,20,,,200mg,,,ibuprofeno,unknown,,true,exact,other,CFM-000123,899,true,https://comparafarma-api.vercel.app/api/go?slug=ahumada&matchKey=ibuprofeno%7C200mg%7C20&url=https%3A%2F%2Fwww.farmaciasahumada.cl%2Fibuprofeno-200-mg-x-20-comprimidos-recubiertos-86357.html&cfmId=CFM-000123,2
ibuprofeno 400mg,ibuprofeno-400mg,ibuprofeno,400mg,,,35,36,ecofarmacias,Ibuprofeno 200 mg X 20 comprimidos (Ascend),Ibuprofeno 200 mg X 20 comprimidos (Ascend),ibuprofeno|200mg|20,ibuprofeno|200mg|20|bio:true|brand:unknown|form:solid-oral,ibuprofeno|200mg|20,,,solid-oral,20,,,200mg,,,ibuprofeno,unknown,,true,exact,other,CFM-000123,1890,false,https://comparafarma-api.vercel.app/api/go?slug=ecofarmacias&matchKey=ibuprofeno%7C200mg%7C20&url=https%3A%2F%2Fwww.ecofarmacias.cl%2Fproducto%2Fibuprofeno-200-mg-x-20-comprimidos-ascend%2F&cfmId=CFM-000123,2
ibuprofeno 400mg,ibuprofeno-400mg,ibuprofeno,400mg,,,36,37,dr-simi,Ibuprofeno 200 mg 20 comprimidos recubiertos,Ibuprofeno 200 mg 20 comprimidos recubiertos,ibuprofeno|200mg|20,ibuprofeno|200mg|20|bio:true|brand:ascend|form:solid-oral,ibuprofeno|200mg|20,,,solid-oral,20,,,200mg,,Ascend,ibuprofeno,unknown,ASCEND,true,exact,other,CFM-000123,900,true,https://comparafarma-api.vercel.app/api/go?slug=dr-simi&matchKey=ibuprofeno%7C200mg%7C20&url=https%3A%2F%2Fwww.drsimi.cl%2Fibuprofeno-200-mg-20-comprimidos%2Fp&cfmId=CFM-000123,1
ibuprofeno 400mg,ibuprofeno-400mg,ibuprofeno,400mg,,,37,38,dr-simi,Ibuprofeno 600 mg 20 comprimidos recubiertos,Ibuprofeno 600 mg 20 comprimidos recubiertos,ibuprofeno|600mg|20,ibuprofeno|600mg|20|bio:true|brand:opko|form:solid-oral,ibuprofeno|600mg|20,,,solid-oral,20,,,600mg,,Opko,ibuprofeno,unknown,OPKO,true,exact,other,CFM-000141,900,true,https://comparafarma-api.vercel.app/api/go?slug=dr-simi&matchKey=ibuprofeno%7C600mg%7C20&url=https%3A%2F%2Fwww.drsimi.cl%2Fibuprofeno-600-mg-20-comprimidos-recubiertos%2Fp&cfmId=CFM-000141,1
ibuprofeno 400mg,ibuprofeno-400mg,ibuprofeno,400mg,,,38,39,easyfarma,Ibuprofeno 600 Mg 20 Comp....,Ibuprofeno 600 Mg 20 Comp....,ibuprofeno|600mg|20,ibuprofeno|600mg|20|bio:unknown|brand:opko|form:solid-oral,ibuprofeno|600mg|20,,,solid-oral,20,,,600mg,,,ibuprofeno,unknown,,,exact,other,CFM-000141,1190,true,https://comparafarma-api.vercel.app/api/go?slug=easyfarma&matchKey=ibuprofeno%7C600mg%7C20&url=https%3A%2F%2Fnuevo.easyfarma.cl%2F105341-ibuprofeno-600-mg-20-comp-recubiertos-lab-opko.html&cfmId=CFM-000141,1
ibuprofeno 400mg,ibuprofeno-400mg,ibuprofeno,400mg,,,39,40,farmex,Ibuprofeno 600 mg Lab chile - 20 Comprimidos,Ibuprofeno 600 mg Lab chile - 20 Comprimidos,ibuprofeno|600mg|20,ibuprofeno|600mg|20|bio:unknown|brand:chile|form:solid-oral,ibuprofeno|600mg|20,,,solid-oral,20,,,600mg,,Laboratorio Chile,ibuprofeno,unknown,LABORATORIO CHILE,,exact,other,CFM-000141,1290,true,https://comparafarma-api.vercel.app/api/go?slug=farmex&matchKey=ibuprofeno%7C600mg%7C20&url=https%3A%2F%2Ffarmex.cl%2Fproducts%2Fibuprofeno-600-mg-x-20-comprimidos%3F_pos%3D1%26_psq%3Dibuprofeno%26_psid%3D7d8ddb33d%26_ss%3De&cfmId=CFM-000141,1
ibuprofeno 400mg,ibuprofeno-400mg,ibuprofeno,400mg,,,40,41,farmex,Ibuprofeno 600 mg 20 Comprimidos Laboratorio Chile,Ibuprofeno 600 mg 20 Comprimidos Laboratorio Chile,ibuprofeno|600mg|20,ibuprofeno|600mg|20|bio:unknown|brand:ascend|form:solid-oral,ibuprofeno|600mg|20,,,solid-oral,20,,,600mg,,Ascend,ibuprofeno,unknown,ASCEND,,exact,other,CFM-000141,1290,true,https://comparafarma-api.vercel.app/api/go?slug=farmex&matchKey=ibuprofeno%7C600mg%7C20&url=https%3A%2F%2Ffarmex.cl%2Fproducts%2Fibuprofeno-600-mg-x-20-comprimidos-16%3F_pos%3D2%26_psq%3Dibuprofeno%26_psid%3D7d8ddb33d%26_ss%3De&cfmId=CFM-000141,1
ibuprofeno 400mg,ibuprofeno-400mg,ibuprofeno,400mg,,,41,42,farmex,Ibuprofeno 200 mg x 20 comprimidos,Ibuprofeno 200 mg x 20 comprimidos,ibuprofeno|200mg|20,ibuprofeno|200mg|20|bio:unknown|brand:ascend|form:solid-oral,ibuprofeno|200mg|20,,,solid-oral,20,,,200mg,,Genericos-Ascend,ibuprofeno,unknown,GENERICOS-ASCEND,,exact,other,CFM-000123,1290,true,https://comparafarma-api.vercel.app/api/go?slug=farmex&matchKey=ibuprofeno%7C200mg%7C20&url=https%3A%2F%2Ffarmex.cl%2Fproducts%2Fibuprofeno-200-mg-x-20-comp%3F_pos%3D6%26_psq%3Dibuprofeno%26_psid%3D7d8ddb33d%26_ss%3De&cfmId=CFM-000123,1
ibuprofeno 400mg,ibuprofeno-400mg,ibuprofeno,400mg,,,42,43,easyfarma,Ibuprofeno 600 mg  x 20,Ibuprofeno 600 mg  x 20,ibuprofeno|600mg|20,ibuprofeno|600mg|20|bio:unknown|brand:unknown,ibuprofeno|600mg|20,,,,20,,,600mg,,,ibuprofeno,unknown,,,exact,other,CFM-000141,1290,true,https://comparafarma-api.vercel.app/api/go?slug=easyfarma&matchKey=ibuprofeno%7C600mg%7C20&url=https%3A%2F%2Fnuevo.easyfarma.cl%2F24658-ibuprofeno-600-mg-x-20.html&cfmId=CFM-000141,1
ibuprofeno 400mg,ibuprofeno-400mg,ibuprofeno,400mg,,,43,44,ahumada,Ibuprofeno 100 mg/5 mL x 100 mL Suspensión Oral ETHON PHARMACEUTICALS S.P.A,Ibuprofeno Suspensión 100 mg/5ml x 100 ml (cenabast),ibuprofeno|100ml|100,ibuprofeno|100ml|100|bio:unknown|brand:unknown|form:fluid-oral,ibuprofeno|100ml|100,,,fluid-oral,,100mg/5ml,ratio,100mg/5ml,,,ibuprofeno,unknown,,,exact,other,CFM-000112,1349,true,https://comparafarma-api.vercel.app/api/go?slug=ahumada&matchKey=ibuprofeno%7C100ml%7C100&url=https%3A%2F%2Fwww.farmaciasahumada.cl%2Fibuprofeno-100-mg-5-ml-x-100-ml-suspension-oral-ethon-pharmaceuticals-s.p.a-91536.html&cfmId=CFM-000112,2
ibuprofeno 400mg,ibuprofeno-400mg,ibuprofeno,400mg,,,43,44,ecofarmacias,Ibuprofeno Suspensión 100 mg/5ml x 100 ml (cenabast),Ibuprofeno Suspensión 100 mg/5ml x 100 ml (cenabast),ibuprofeno|100ml|100,ibuprofeno|100ml|100|bio:unknown|brand:unknown|form:fluid-oral,ibuprofeno|100ml|100,,,fluid-oral,,100mg/5ml,ratio,100mg/5ml,,,ibuprofeno,unknown,,,exact,other,CFM-000112,1890,true,https://comparafarma-api.vercel.app/api/go?slug=ecofarmacias&matchKey=ibuprofeno%7C100ml%7C100&url=https%3A%2F%2Fwww.ecofarmacias.cl%2Fproducto%2Fibuprofeno-suspension-100-mg-5ml-x-100-ml-cenabast%2F&cfmId=CFM-000112,2
ibuprofeno 400mg,ibuprofeno-400mg,ibuprofeno,400mg,,,44,45,dr-simi,Ibuprofeno 100 mg/5 mL suspensión oral 100 mL,Ibuprofeno 100 mg/5 mL suspensión oral 100 mL,ibuprofeno|100ml,ibuprofeno|100ml|bio:false|brand:opko|form:fluid-oral,ibuprofeno|100ml,,,fluid-oral,,100mg/5ml,ratio,100mg/5ml,,Opko,ibuprofeno,unknown,OPKO,false,exact,other,CFM-000135,1350,true,https://comparafarma-api.vercel.app/api/go?slug=dr-simi&matchKey=ibuprofeno%7C100ml&url=https%3A%2F%2Fwww.drsimi.cl%2Fibuprofeno-100-mg-5ml-suspension-oral-100-ml%2Fp&cfmId=CFM-000135,1
ibuprofeno 400mg,ibuprofeno-400mg,ibuprofeno,400mg,,,45,46,araucomed,Ibuprofeno Forte suspensión  Oral 200mg/5ml 100ml (Opko),Ibuprofeno Forte suspensión  Oral 200mg/5ml 100ml (Opko),ibuprofeno|100ml,ibuprofeno|100ml|bio:unknown|brand:opko|var:forte|form:fluid-oral,ibuprofeno|100ml,,forte,fluid-oral,,200mg/5ml,ratio,200mg/5ml,,Opko,ibuprofeno,unknown,Opko,,exact,other,CFM-000135,1490,true,https://comparafarma-api.vercel.app/api/go?slug=araucomed&matchKey=ibuprofeno%7C100ml&url=https%3A%2F%2Ffarmacia.araucomed.com%2Fanalgesicos-y-antinflamatorios%2Fibuprofeno-forte-suspension-oral-200mg-5ml-100ml-o&cfmId=CFM-000135,1
ibuprofeno 400mg,ibuprofeno-400mg,ibuprofeno,400mg,,,46,47,ecofarmacias,Ibuprofeno Suspensión Oral 200mg/5ml 100ml Ascend,Ibuprofeno 200mg/5ml Jarabe 100ml,ibuprofeno|100ml,ibuprofeno|100ml|bio:unknown|brand:unknown|form:fluid-oral,ibuprofeno|100ml,,,fluid-oral,,200mg/5ml,ratio,200mg/5ml,,,ibuprofeno,unknown,Ibuprofeno,,exact,other,CFM-000135,1890,true,https://comparafarma-api.vercel.app/api/go?slug=ecofarmacias&matchKey=ibuprofeno%7C100ml&url=https%3A%2F%2Fwww.ecofarmacias.cl%2Fproducto%2Fibuprofeno-suspension-oral-200mg-5ml-100ml-ascend%2F&cfmId=CFM-000135,3
ibuprofeno 400mg,ibuprofeno-400mg,ibuprofeno,400mg,,,46,47,sermecoop,Ibuprofeno 200mg/5ml Jarabe 100ml,Ibuprofeno 200mg/5ml Jarabe 100ml,ibuprofeno|100ml,ibuprofeno|100ml|bio:unknown|brand:unknown|form:fluid-oral,ibuprofeno|100ml,,,fluid-oral,,200mg/5ml,ratio,200mg/5ml,,,ibuprofeno,unknown,Ibuprofeno,,exact,other,CFM-000135,2790,true,https://comparafarma-api.vercel.app/api/go?slug=sermecoop&matchKey=ibuprofeno%7C100ml&url=https%3A%2F%2Fwww.farmaciasermecoop.cl%2Findex.php%2Fonline%2Fdetalleproducto%3Fp_%3D8634%26d_%3D1&cfmId=CFM-000135,3
ibuprofeno 400mg,ibuprofeno-400mg,ibuprofeno,400mg,,,46,47,salcobrand,Ibuprofeno 200mg/5ml Jarabe 100ml,Ibuprofeno 200mg/5ml Jarabe 100ml,ibuprofeno|100ml,ibuprofeno|100ml|bio:unknown|brand:unknown|form:fluid-oral,ibuprofeno|100ml,,,fluid-oral,,200mg/5ml,ratio,200mg/5ml,,,ibuprofeno,unknown,Ibuprofeno,,exact,other,CFM-000135,4599,true,https://comparafarma-api.vercel.app/api/go?slug=salcobrand&matchKey=ibuprofeno%7C100ml&url=https%3A%2F%2Fsalcobrand.cl%2Fproducts%2Fibuprofeno-200mg-5ml-jarabe-100ml%3Fdefault_sku%3D590129&cfmId=CFM-000135,3
ibuprofeno 400mg,ibuprofeno-400mg,ibuprofeno,400mg,,,47,48,ecofarmacias,Dolad Ibuprofeno suspensión oral 200mg/5ml 120ml Ascend Cenabast DESCUENTO,Dolad Ibuprofeno suspensión oral 200mg/5ml 120ml Ascend Cenabast DESCUENTO,dolad|120ml,dolad|120ml|bio:unknown|brand:unknown|form:fluid-oral,dolad|120ml,,,fluid-oral,,200mg/5ml,ratio,200mg/5ml,Dolad,,ibuprofeno,name,,,exact,other,CFM-000100,1990,false,https://comparafarma-api.vercel.app/api/go?slug=ecofarmacias&matchKey=dolad%7C120ml&url=https%3A%2F%2Fwww.ecofarmacias.cl%2Fproducto%2Fdolad-ibuprofeno-suspension-oral-200mg-5ml-120ml-ascend-cenabast-descuento%2F&cfmId=CFM-000100,1
ibuprofeno 400mg,ibuprofeno-400mg,ibuprofeno,400mg,,,48,49,cruz-verde,Ibuprofeno 600 mg 20 Comprimidos,Ibuprofeno (B) 600mg 20 Comprimidos,ibuprofeno|600mg|20,ibuprofeno|600mg|20|bio:unknown|brand:unknown|form:solid-oral,ibuprofeno|600mg|20,,,solid-oral,20,,,600mg,,,ibuprofeno,unknown,Ibuprofeno,,exact,other,CFM-000141,2090,true,https://comparafarma-api.vercel.app/api/go?slug=cruz-verde&matchKey=ibuprofeno%7C600mg%7C20&url=https%3A%2F%2Fwww.cruzverde.cl%2Fibuprofeno-600-mg-20-comprimidos%2F273362.html&cfmId=CFM-000141,2
ibuprofeno 400mg,ibuprofeno-400mg,ibuprofeno,400mg,,,48,49,salcobrand,Ibuprofeno (B) 600mg 20 Comprimidos,Ibuprofeno (B) 600mg 20 Comprimidos,ibuprofeno|600mg|20,ibuprofeno|600mg|20|bio:unknown|brand:unknown|form:solid-oral,ibuprofeno|600mg|20,,,solid-oral,20,,,600mg,,,ibuprofeno,unknown,Ibuprofeno,,exact,other,CFM-000141,2815,true,https://comparafarma-api.vercel.app/api/go?slug=salcobrand&matchKey=ibuprofeno%7C600mg%7C20&url=https%3A%2F%2Fsalcobrand.cl%2Fproducts%2Fopko-ibuprofeno-b-600mg-20-comprimidos%3Fdefault_sku%3D1768333&cfmId=CFM-000141,2
ibuprofeno 400mg,ibuprofeno-400mg,ibuprofeno,400mg,,,49,50,cruz-verde,Ibuprofeno 200 mg 20 Comprimidos,Ibuprofeno (B) 200mg 20 Comprimidos Recubiertos,ibuprofeno|200mg|20,ibuprofeno|200mg|20|bio:unknown|brand:unknown|form:solid-oral,ibuprofeno|200mg|20,,,solid-oral,20,,,200mg,,,ibuprofeno,unknown,Ibuprofeno,,exact,other,CFM-000123,2090,true,https://comparafarma-api.vercel.app/api/go?slug=cruz-verde&matchKey=ibuprofeno%7C200mg%7C20&url=https%3A%2F%2Fwww.cruzverde.cl%2Fibuprofeno-200-mg-20-comprimidos%2F199297.html&cfmId=CFM-000123,2
ibuprofeno 400mg,ibuprofeno-400mg,ibuprofeno,400mg,,,49,50,salcobrand,Ibuprofeno (B) 200mg 20 Comprimidos Recubiertos,Ibuprofeno (B) 200mg 20 Comprimidos Recubiertos,ibuprofeno|200mg|20,ibuprofeno|200mg|20|bio:unknown|brand:unknown|form:solid-oral,ibuprofeno|200mg|20,,,solid-oral,20,,,200mg,,,ibuprofeno,unknown,Ibuprofeno,,exact,other,CFM-000123,3519,true,https://comparafarma-api.vercel.app/api/go?slug=salcobrand&matchKey=ibuprofeno%7C200mg%7C20&url=https%3A%2F%2Fsalcobrand.cl%2Fproducts%2Fascend-ibuprofeno-b-200mg-20-comprimidos-recubiertos%3Fdefault_sku%3D1218005&cfmId=CFM-000123,2
ibuprofeno 400mg,ibuprofeno-400mg,ibuprofeno,400mg,,,50,51,farmex,Ibuprofeno Suspensión Oral 200 mg / 5 mL x 100 mL,Ibuprofeno Suspensión Oral 200 mg / 5 mL x 100 mL,ibuprofeno|100ml|100,ibuprofeno|100ml|100|bio:unknown|brand:opko|form:fluid-oral,ibuprofeno|100ml|100,,,fluid-oral,,200mg/5ml,ratio,200mg/5ml,,Opko,ibuprofeno,unknown,Opko,,exact,other,CFM-000112,2090,true,https://comparafarma-api.vercel.app/api/go?slug=farmex&matchKey=ibuprofeno%7C100ml%7C100&url=https%3A%2F%2Ffarmex.cl%2Fproducts%2Fibuprofeno-suspension-ibuprofeno%3F_pos%3D8%26_psq%3Dibuprofeno%26_psid%3D7d8ddb33d%26_ss%3De&cfmId=CFM-000112,1
ibuprofeno 400mg,ibuprofeno-400mg,ibuprofeno,400mg,,,51,52,araucomed,Ibufren Forte 200mg/5ml Suspensión Oral 100ml,Ibufren Forte 200mg/5ml Suspensión Oral 100ml,ibufren|100ml,ibufren|100ml|bio:unknown|brand:hospifarma|var:forte|form:fluid-oral,ibufren|100ml,,forte,fluid-oral,,200mg/5ml,ratio,200mg/5ml,,Hospifarma,,unknown,Hospifarma,,compatible,other,CFM-000137,2290,true,https://comparafarma-api.vercel.app/api/go?slug=araucomed&matchKey=ibufren%7C100ml&url=https%3A%2F%2Ffarmacia.araucomed.com%2Fanalgesicos-y-antinflamatorios%2Fibufren-forte-200mg-5ml-suspension-oral-100ml&cfmId=CFM-000137,1
ibuprofeno 400mg,ibuprofeno-400mg,ibuprofeno,400mg,,,52,53,ecofarmacias,Ibuprofeno Dolad suspensión oral 200mg/5ml 120ml (Ascend Cenabast),Ibuprofeno Dolad suspensión oral 200mg/5ml 120ml (Ascend Cenabast),ibuprofeno|120ml,ibuprofeno|120ml|bio:unknown|brand:unknown|var:dolad|form:fluid-oral,ibuprofeno|120ml,,dolad,fluid-oral,,200mg/5ml,ratio,200mg/5ml,,,ibuprofeno,unknown,,,exact,other,CFM-000110,2430,false,https://comparafarma-api.vercel.app/api/go?slug=ecofarmacias&matchKey=ibuprofeno%7C120ml&url=https%3A%2F%2Fwww.ecofarmacias.cl%2Fproducto%2Fibuprofeno-dolad-suspension-oral-200mg-5ml-120ml-ascend-cenabast%2F&cfmId=CFM-000110,1
ibuprofeno 400mg,ibuprofeno-400mg,ibuprofeno,400mg,,,53,54,araucomed,Ibucalm 600 mg x 10 cápsulas blandas.,Ibucalm 600 mg x 10 cápsulas blandas.,ibucalm|600mg|10,ibucalm|600mg|10|bio:unknown|brand:opko|form:solid-oral,ibucalm|600mg|10,,,solid-oral,10,,,600mg,,Opko,,unknown,Opko,,compatible,other,CFM-000129,2490,true,https://comparafarma-api.vercel.app/api/go?slug=araucomed&matchKey=ibucalm%7C600mg%7C10&url=https%3A%2F%2Ffarmacia.araucomed.com%2Fanalgesicos-y-antinflamatorios%2Fibucalm-600mg-x10cap&cfmId=CFM-000129,1
ibuprofeno 400mg,ibuprofeno-400mg,ibuprofeno,400mg,,,54,55,araucomed,Bediatil Forte suspensión Oral 200 mg/5ml x 100 ml.,Bediatil Forte suspensión Oral 200 mg/5ml x 100 ml.,bediatil|100ml|100,bediatil|100ml|100|bio:unknown|brand:pasteur|var:forte|form:fluid-oral,bediatil|100ml|100,,forte,fluid-oral,,200mg/5ml,ratio,200mg/5ml,,Pasteur,,unknown,Pasteur,,compatible,other,CFM-000118,2490,true,https://comparafarma-api.vercel.app/api/go?slug=araucomed&matchKey=bediatil%7C100ml%7C100&url=https%3A%2F%2Ffarmacia.araucomed.com%2Fanalgesicos-y-antinflamatorios%2Fbediatil-forte-suspension-oral-200mg-5ml-x100ml&cfmId=CFM-000118,1
ibuprofeno 400mg,ibuprofeno-400mg,ibuprofeno,400mg,,,55,56,dr-simi,IbuAliv niños ibuprofeno 100 mg/5 mL suspensión oral 100 mL,IbuAliv niños ibuprofeno 100 mg/5 mL suspensión oral 100 mL,ibualiv|100ml,ibualiv|100ml|bio:false|brand:vivunt|var:infantil|form:fluid-oral,ibualiv|100ml,,infantil,fluid-oral,,100mg/5ml,ratio,100mg/5ml,IbuAliv,Vivunt,ibuprofeno,name,VIVUNT,false,exact,other,CFM-000155,2550,true,https://comparafarma-api.vercel.app/api/go?slug=dr-simi&matchKey=ibualiv%7C100ml&url=https%3A%2F%2Fwww.drsimi.cl%2Fibuprofeno-100mg-5ml-susp-ped-100ml-ch00531-1%2Fp&cfmId=CFM-000155,1
ibuprofeno 400mg,ibuprofeno-400mg,ibuprofeno,400mg,,,56,57,dr-simi,Dolorub ibuprofeno 5 % crema 45 g,Dolorub ibuprofeno 5 % crema 45 g,dolorub|45000mg,dolorub|45000mg|bio:false|brand:maver|form:topical,dolorub|45000mg,,,topical,,,,5%,Dolorub,Maver,ibuprofeno,name,MAVER,false,exact,other,CFM-000153,2700,true,https://comparafarma-api.vercel.app/api/go?slug=dr-simi&matchKey=dolorub%7C45000mg&url=https%3A%2F%2Fwww.drsimi.cl%2Fdolorub-crema-ibuprofeno-5--crema-topica-tubo-45-gr-ch6156%2Fp&cfmId=CFM-000153,1
ibuprofeno 400mg,ibuprofeno-400mg,ibuprofeno,400mg,,,57,58,dr-simi,Tapsin Duo paracetamol 300 mg ibuprofeno 200 mg 12 comprimidos recubiertos,Tapsin Duo paracetamol 300 mg ibuprofeno 200 mg 12 comprimidos recubiertos,tapsin|300mg|12,tapsin|300mg|12|bio:false|brand:maver|var:duo|form:solid-oral,tapsin|300mg|12,,duo,solid-oral,12,,,300mg,Tapsin,Maver,paracetamol,name,MAVER,false,exact,other,CFM-000041,2700,true,https://comparafarma-api.vercel.app/api/go?slug=dr-simi&matchKey=tapsin%7C300mg%7C12&url=https%3A%2F%2Fwww.drsimi.cl%2Ftapsin-duo-paracetamol-ibuprofeno-300-mg-200-mg-12-comprimidos-recubiertos-ch6158%2Fp&cfmId=CFM-000041,1
ibuprofeno 400mg,ibuprofeno-400mg,ibuprofeno,400mg,,,58,59,ahumada,Actron RA 200 mg x 10 Cápsulas Blandas,Actron RA 200 mg x 10 Cápsulas Blandas,actron|200mg|10,actron|200mg|10|bio:unknown|brand:unknown|var:ra|form:solid-oral,actron|200mg|10,,ra,solid-oral,10,,,200mg,,,,unknown,,,compatible,other,CFM-000099,2774,true,https://comparafarma-api.vercel.app/api/go?slug=ahumada&matchKey=actron%7C200mg%7C10&url=https%3A%2F%2Fwww.farmaciasahumada.cl%2Factron-ra-200-mg-x-10-capsulas-blandas-60079.html&cfmId=CFM-000099,1
ibuprofeno 400mg,ibuprofeno-400mg,ibuprofeno,400mg,,,59,60,sermecoop,Pyriped (ibuprofeno) 100mg/5ml Jarabe 100ml,Pyriped (ibuprofeno) 100mg/5ml Jarabe 100ml,pyriped|100ml,pyriped|100ml|bio:unknown|brand:unknown|form:fluid-oral,pyriped|100ml,,,fluid-oral,,100mg/5ml,ratio,100mg/5ml,Pyriped,,ibuprofeno,name,,,exact,other,CFM-000098,2990,true,https://comparafarma-api.vercel.app/api/go?slug=sermecoop&matchKey=pyriped%7C100ml&url=https%3A%2F%2Fwww.farmaciasermecoop.cl%2Findex.php%2Fonline%2Fdetalleproducto%3Fp_%3D20963%26d_%3D1&cfmId=CFM-000098,2
ibuprofeno 400mg,ibuprofeno-400mg,ibuprofeno,400mg,,,59,60,cruz-verde,Pyriped Ibuprofeno 100 mg/5mL Suspensión 100 mL,Pyriped (ibuprofeno) 100mg/5ml Jarabe 100ml,pyriped|100ml,pyriped|100ml|bio:unknown|brand:unknown|form:fluid-oral,pyriped|100ml,,,fluid-oral,,100mg/5ml,ratio,100mg/5ml,Pyriped,,ibuprofeno,name,,,exact,other,CFM-000098,8040,true,https://comparafarma-api.vercel.app/api/go?slug=cruz-verde&matchKey=pyriped%7C100ml&url=https%3A%2F%2Fwww.cruzverde.cl%2Fpyriped-ibuprofeno-100-mg-5ml-suspension-100-ml%2F193020.html&cfmId=CFM-000098,2
ibuprofeno 400mg,ibuprofeno-400mg,ibuprofeno,400mg,,,60,61,sermecoop,Actron (ibuprofeno) 200mg 10  Cápsulas,Actron (ibuprofeno) 200mg 10  Cápsulas,actron|200mg|10,actron|200mg|10|bio:unknown|brand:unknown|form:solid-oral,actron|200mg|10,,,solid-oral,10,,,200mg,Actron,,ibuprofeno,name,,,exact,other,CFM-000099,2990,false,https://comparafarma-api.vercel.app/api/go?slug=sermecoop&matchKey=actron%7C200mg%7C10&url=https%3A%2F%2Fwww.farmaciasermecoop.cl%2Findex.php%2Fonline%2Fdetalleproducto%3Fp_%3D20761%26d_%3D1&cfmId=CFM-000099,1
ibuprofeno 400mg,ibuprofeno-400mg,ibuprofeno,400mg,,,61,62,easyfarma,Ibuprofeno Jarabe 200 mg /...,Ibuprofeno Jarabe 200 mg /...,ibuprofeno|200mg,ibuprofeno|200mg|bio:unknown|brand:unknown|form:fluid-oral,ibuprofeno|200mg,,,fluid-oral,,,,200mg,,,ibuprofeno,unknown,,,exact,other,CFM-001062,2990,true,https://comparafarma-api.vercel.app/api/go?slug=easyfarma&matchKey=ibuprofeno%7C200mg&url=https%3A%2F%2Fnuevo.easyfarma.cl%2F103076-ibuprofeno-jarabe-200-mg-5-ml.html&cfmId=CFM-001062,1
ibuprofeno 400mg,ibuprofeno-400mg,ibuprofeno,400mg,,,62,63,easyfarma,Actron RA 200 mg. 10...,Actron RA 200 mg. 10...,actron|200mg,actron|200mg|bio:unknown|brand:unknown|var:ra,actron|200mg,,ra,,,,,200mg,,,,unknown,,,compatible,other,CFM-001060,2990,true,https://comparafarma-api.vercel.app/api/go?slug=easyfarma&matchKey=actron%7C200mg&url=https%3A%2F%2Fnuevo.easyfarma.cl%2F30382-actron-ra-200-mg-x-10-capsulas-blandas.html&cfmId=CFM-001060,1
ibuprofeno 400mg,ibuprofeno-400mg,ibuprofeno,400mg,,,63,64,cruz-verde,Ibuprofeno 100 mg/5mL Suspensión 100 mL,Ibuprofeno 100 mg/5mL Suspensión 100 mL,ibuprofeno|100ml,ibuprofeno|100ml|bio:unknown|brand:unknown|form:fluid-oral,ibuprofeno|100ml,,,fluid-oral,,100mg/5ml,ratio,100mg/5ml,,,ibuprofeno,unknown,,,exact,other,CFM-000135,3140,true,https://comparafarma-api.vercel.app/api/go?slug=cruz-verde&matchKey=ibuprofeno%7C100ml&url=https%3A%2F%2Fwww.cruzverde.cl%2Fibuprofeno-100-mg-5ml-suspension-100-ml%2F199392.html&cfmId=CFM-000135,1
ibuprofeno 400mg,ibuprofeno-400mg,ibuprofeno,400mg,,,64,65,salcobrand,Ibuprofeno Actron  200 mg RA (R) 10 Cápsulas Blandas,Ibuprofeno Actron  200 mg RA (R) 10 Cápsulas Blandas,ibuprofeno|200mg|10,ibuprofeno|200mg|10|bio:unknown|brand:actron|var:actron|form:solid-oral,ibuprofeno|200mg|10,,actron,solid-oral,10,,,200mg,Actron,,ibuprofeno,structured,Actron,,exact,other,CFM-000107,3167,true,https://comparafarma-api.vercel.app/api/go?slug=salcobrand&matchKey=ibuprofeno%7C200mg%7C10&url=https%3A%2F%2Fsalcobrand.cl%2Fproducts%2Fibuprofeno-actron-200mg-ra-r-10-capsulas-blandas%3Fdefault_sku%3D151559&cfmId=CFM-000107,1
ibuprofeno 400mg,ibuprofeno-400mg,ibuprofeno,400mg,,,65,66,araucomed,Ibupirac LC 600 mg x 10 cápsulas blandas.,Ibupirac LC 600 mg x 10 cápsulas blandas.,ibupirac|600mg|10,ibupirac|600mg|10|bio:unknown|brand:chemopharma|var:lc|form:solid-oral,ibupirac|600mg|10,,lc,solid-oral,10,,,600mg,,Chemopharma,,unknown,Chemopharma,,compatible,other,CFM-000124,3290,true,https://comparafarma-api.vercel.app/api/go?slug=araucomed&matchKey=ibupirac%7C600mg%7C10&url=https%3A%2F%2Ffarmacia.araucomed.com%2Fbioequivalentes%2Fibupirac-lc-600mg-x10cap&cfmId=CFM-000124,1
ibuprofeno 400mg,ibuprofeno-400mg,ibuprofeno,400mg,,,66,67,ecofarmacias,Actron ibuprofeno 600mg por 10 caps. blandas DESCUENTO,Actron ibuprofeno 600mg por 10 caps. blandas DESCUENTO,actron|600mg,actron|600mg|bio:unknown|brand:unknown|form:solid-oral,actron|600mg,,,solid-oral,10,,,600mg,Actron,,ibuprofeno,name,,,exact,other,CFM-000128,3500,false,https://comparafarma-api.vercel.app/api/go?slug=ecofarmacias&matchKey=actron%7C600mg&url=https%3A%2F%2Fwww.ecofarmacias.cl%2Fproducto%2Factron-ibuprofeno-600mg-por-10-caps-blanda%2F&cfmId=CFM-000128,1
ibuprofeno 400mg,ibuprofeno-400mg,ibuprofeno,400mg,,,67,68,ahumada,Ibufren Fte 200Mg/5Ml Suspención Oral 100Ml Frasco,Ibufren Fte 200Mg/5Ml Suspención Oral 100Ml Frasco,ibufren|100ml,ibufren|100ml|bio:unknown|brand:unknown|var:fte,ibufren|100ml,,fte,,,200mg/5ml,ratio,200mg/5ml,,,,unknown,,,compatible,other,CFM-000137,3596,true,https://comparafarma-api.vercel.app/api/go?slug=ahumada&matchKey=ibufren%7C100ml&url=https%3A%2F%2Fwww.farmaciasahumada.cl%2Fibufren-fte-200mg-5ml-suspencion-oral-100ml-frasco-92941.html&cfmId=CFM-000137,1
ibuprofeno 400mg,ibuprofeno-400mg,ibuprofeno,400mg,,,68,69,dr-simi,DorAliv ibuprofeno 600 mg 10 cápsulas blandas,DorAliv ibuprofeno 600 mg 10 cápsulas blandas,doraliv|600mg|10,doraliv|600mg|10|bio:true|brand:vivunt|form:solid-oral,doraliv|600mg|10,,,solid-oral,10,,,600mg,DorAliv,Vivunt,ibuprofeno,name,VIVUNT,true,exact,other,CFM-000138,3600,true,https://comparafarma-api.vercel.app/api/go?slug=dr-simi&matchKey=doraliv%7C600mg%7C10&url=https%3A%2F%2Fwww.drsimi.cl%2Fdoraliv-ibuprofeno-600-mg-10-capsulas-blandas%2Fp&cfmId=CFM-000138,1
ibuprofeno 400mg,ibuprofeno-400mg,ibuprofeno,400mg,,,69,70,araucomed,Niofen Forte 200mg/5ml suspensión oral 120 ml.,Niofen Forte 200mg/5ml suspensión oral 120 ml.,niofen|120ml,niofen|120ml|bio:unknown|brand:unknown|var:forte|form:fluid-oral,niofen|120ml,,forte,fluid-oral,,200mg/5ml,ratio,200mg/5ml,,,,unknown,,,exact,other,CFM-000115,3690,true,https://comparafarma-api.vercel.app/api/go?slug=araucomed&matchKey=niofen%7C120ml&url=https%3A%2F%2Ffarmacia.araucomed.com%2Fanalgesicos-y-antinflamatorios%2Fniofen-forte-200mg-5ml-suspension-oral-120ml&cfmId=CFM-000115,2
ibuprofeno 400mg,ibuprofeno-400mg,ibuprofeno,400mg,,,69,70,ecofarmacias,Niofen Forte Ibuprofeno 200 Mg /5Ml Jarabe 120ml (DESCUENTO por caja manchada),Niofen Forte 200mg/5ml suspensión oral 120 ml.,niofen|120ml,niofen|120ml|bio:unknown|brand:unknown|var:forte|form:fluid-oral,niofen|120ml,,forte,fluid-oral,,200mg/5ml,ratio,200mg/5ml,,,,unknown,,,exact,other,CFM-000115,3990,false,https://comparafarma-api.vercel.app/api/go?slug=ecofarmacias&matchKey=niofen%7C120ml&url=https%3A%2F%2Fwww.ecofarmacias.cl%2Fproducto%2Fniofen-forte-ibuprofeno-200-mg-5ml-jarabe-120ml-unidades-con-caja-manchada-con-jarabe%2F&cfmId=CFM-000115,2
ibuprofeno 400mg,ibuprofeno-400mg,ibuprofeno,400mg,,,70,71,ahumada,Ibucalm Ibuprofeno 600 Mg 10 Cap Blandas,Ibucalm Ibuprofeno 600 Mg 10 Cap Blandas,ibucalm|600mg|10,ibucalm|600mg|10|bio:true|brand:unknown|form:solid-oral,ibucalm|600mg|10,,,solid-oral,10,,,600mg,Ibucalm,,ibuprofeno,name,,true,exact,other,CFM-000129,3959,true,https://comparafarma-api.vercel.app/api/go?slug=ahumada&matchKey=ibucalm%7C600mg%7C10&url=https%3A%2F%2Fwww.farmaciasahumada.cl%2Fibucalm-ibuprofeno-600-mg-10-cap-blandas-96110.html&cfmId=CFM-000129,2
ibuprofeno 400mg,ibuprofeno-400mg,ibuprofeno,400mg,,,70,71,ecofarmacias,Ibucalm Ibuprofeno 600mg x 10 Cápsulas blandas,Ibucalm Ibuprofeno 600 Mg 10 Cap Blandas,ibucalm|600mg|10,ibucalm|600mg|10|bio:true|brand:unknown|form:solid-oral,ibucalm|600mg|10,,,solid-oral,10,,,600mg,Ibucalm,,ibuprofeno,name,,true,exact,other,CFM-000129,3980,true,https://comparafarma-api.vercel.app/api/go?slug=ecofarmacias&matchKey=ibucalm%7C600mg%7C10&url=https%3A%2F%2Fwww.ecofarmacias.cl%2Fproducto%2Fibucalm-ibuprofeno-600mg-x-10-capsulas-blandas%2F&cfmId=CFM-000129,2
ibuprofeno 400mg,ibuprofeno-400mg,ibuprofeno,400mg,,,71,72,ahumada,Ibupirac LC 600 mg x 10 Cápsulas Blandas,Ibupirac LC 600 mg x 10 Cápsulas Blandas,ibupirac|600mg|10,ibupirac|600mg|10|bio:true|brand:unknown|var:lc|form:solid-oral,ibupirac|600mg|10,,lc,solid-oral,10,,,600mg,,,,unknown,,true,exact,other,CFM-000124,3979,true,https://comparafarma-api.vercel.app/api/go?slug=ahumada&matchKey=ibupirac%7C600mg%7C10&url=https%3A%2F%2Fwww.farmaciasahumada.cl%2Fibupirac-lc-600-mg-x-10-capsulas-blandas-74304.html&cfmId=CFM-000124,2
ibuprofeno 400mg,ibuprofeno-400mg,ibuprofeno,400mg,,,71,72,sermecoop,Ibupirac Lc (ibuprofeno) 600mg 10  Cápsulas Blandas,Ibupirac LC 600 mg x 10 Cápsulas Blandas,ibupirac|600mg|10,ibupirac|600mg|10|bio:true|brand:unknown|var:lc|form:solid-oral,ibupirac|600mg|10,,lc,solid-oral,10,,,600mg,,,,unknown,,true,exact,other,CFM-000124,3990,true,https://comparafarma-api.vercel.app/api/go?slug=sermecoop&matchKey=ibupirac%7C600mg%7C10&url=https%3A%2F%2Fwww.farmaciasermecoop.cl%2Findex.php%2Fonline%2Fdetalleproducto%3Fp_%3D8620%26d_%3D1&cfmId=CFM-000124,2
ibuprofeno 400mg,ibuprofeno-400mg,ibuprofeno,400mg,,,72,73,ecofarmacias,Pyriped Ibuprofeno Suspension Oral 200mg/5ml 100ml,Pyriped Ibuprofeno Suspension Oral 200mg/5ml 100ml,pyriped|100ml,pyriped|100ml|bio:unknown|brand:unknown|form:fluid-oral,pyriped|100ml,,,fluid-oral,,200mg/5ml,ratio,200mg/5ml,Pyriped,,ibuprofeno,name,,,exact,other,CFM-000098,3990,false,https://comparafarma-api.vercel.app/api/go?slug=ecofarmacias&matchKey=pyriped%7C100ml&url=https%3A%2F%2Fwww.ecofarmacias.cl%2Fproducto%2Fibuprofeno-suspension-oral-200mg-5ml-100ml-2%2F&cfmId=CFM-000098,1
ibuprofeno 400mg,ibuprofeno-400mg,ibuprofeno,400mg,,,73,74,araucomed,Dolorub 5% crema 60 g,Dolorub 5% crema 60 g,dolorub|60000mg,dolorub|60000mg|bio:unknown|brand:maver|form:topical,dolorub|60000mg,,,topical,,,,5%,,Maver,,unknown,Maver,,compatible,other,CFM-000126,3990,true,https://comparafarma-api.vercel.app/api/go?slug=araucomed&matchKey=dolorub%7C60000mg&url=https%3A%2F%2Ffarmacia.araucomed.com%2Fanalgesicos-y-antinflamatorios%2Fdolorub-5-crema-60g&cfmId=CFM-000126,1
ibuprofeno 400mg,ibuprofeno-400mg,ibuprofeno,400mg,,,74,75,araucomed,Ibucalm 600 mg x 20 cápsulas blandas.,Ibucalm 600 mg x 20 cápsulas blandas.,ibucalm|600mg|20,ibucalm|600mg|20|bio:unknown|brand:opko|form:solid-oral,ibucalm|600mg|20,,,solid-oral,20,,,600mg,,Opko,,unknown,Opko,,compatible,other,CFM-000147,3990,true,https://comparafarma-api.vercel.app/api/go?slug=araucomed&matchKey=ibucalm%7C600mg%7C20&url=https%3A%2F%2Ffarmacia.araucomed.com%2Fgenito-urinario%2Fibucalm-600-mg-x-20-capsulas-blandas&cfmId=CFM-000147,1
ibuprofeno 400mg,ibuprofeno-400mg,ibuprofeno,400mg,,,75,76,araucomed,Dolorub 5% gel x 60 gramos.,Dolorub 5% gel x 60 gramos.,dolorub|60,dolorub|60|bio:unknown|brand:maver|form:topical,dolorub|60,,,topical,,,,5%,,Maver,,unknown,Maver,,compatible,other,CFM-000132,3990,true,https://comparafarma-api.vercel.app/api/go?slug=araucomed&matchKey=dolorub%7C60&url=https%3A%2F%2Ffarmacia.araucomed.com%2Fanalgesicos-y-antinflamatorios%2Fdolorub-5-gel-60g&cfmId=CFM-000132,1
ibuprofeno 400mg,ibuprofeno-400mg,ibuprofeno,400mg,,,76,77,ecofarmacias,Dolorub Ibuprofeno Gel 60g DESCUENTO,Dolorub Ibuprofeno Gel 60g DESCUENTO,dolorub|60000mg,dolorub|60000mg|bio:unknown|brand:unknown|form:topical,dolorub|60000mg,,,topical,,,,60g,Dolorub,,ibuprofeno,name,,,exact,other,CFM-000126,3990,false,https://comparafarma-api.vercel.app/api/go?slug=ecofarmacias&matchKey=dolorub%7C60000mg&url=https%3A%2F%2Fwww.ecofarmacias.cl%2Fproducto%2Fdolorub-ibuprofeno-gel-60g-descuento%2F&cfmId=CFM-000126,1
ibuprofeno 400mg,ibuprofeno-400mg,ibuprofeno,400mg,,,77,78,farmex,Ibupirac Forte Suspensión Oral 200 mg / 5 mL x 100 mL,Ibupirac Forte Suspensión Oral 200 mg / 5 mL x 100 mL,ibupirac|100ml|100,ibupirac|100ml|100|bio:unknown|brand:chemofarma|var:forte|form:fluid-oral,ibupirac|100ml|100,,forte,fluid-oral,,200mg/5ml,ratio,200mg/5ml,,Chemofarma,,unknown,CHEMOFARMA,,compatible,other,CFM-000140,3990,true,https://comparafarma-api.vercel.app/api/go?slug=farmex&matchKey=ibupirac%7C100ml%7C100&url=https%3A%2F%2Ffarmex.cl%2Fproducts%2Fibupirac-forte-chemo%3F_pos%3D7%26_psq%3Dibuprofeno%26_psid%3D7d8ddb33d%26_ss%3De&cfmId=CFM-000140,1
ibuprofeno 400mg,ibuprofeno-400mg,ibuprofeno,400mg,,,78,79,ahumada,Ibupirac Forte 200 mg/5 mL x 100 mL Suspensión Oral,Ibupirac Forte 200 mg/5 mL x 100 mL Suspensión Oral,ibupirac|100ml|100,ibupirac|100ml|100|bio:unknown|brand:unknown|var:forte|form:fluid-oral,ibupirac|100ml|100,,forte,fluid-oral,,200mg/5ml,ratio,200mg/5ml,,,,unknown,,,compatible,other,CFM-000140,4189,true,https://comparafarma-api.vercel.app/api/go?slug=ahumada&matchKey=ibupirac%7C100ml%7C100&url=https%3A%2F%2Fwww.farmaciasahumada.cl%2Fibupirac-forte-200-mg-5-ml-x-100-ml-suspension-oral-26091.html&cfmId=CFM-000140,1
ibuprofeno 400mg,ibuprofeno-400mg,ibuprofeno,400mg,,,79,80,ahumada,Dolorub 5 % x 45 g Crema Topica,Dolorub 5 % x 45 g Crema Topica,dolorub|45000mg|45,dolorub|45000mg|45|bio:unknown|brand:unknown|form:topical,dolorub|45000mg|45,,,topical,,,,5%,,,,unknown,,,compatible,other,CFM-000144,4349,true,https://comparafarma-api.vercel.app/api/go?slug=ahumada&matchKey=dolorub%7C45000mg%7C45&url=https%3A%2F%2Fwww.farmaciasahumada.cl%2Fdolorub-5-x-45-g-crema-topica-79224.html&cfmId=CFM-000144,1
ibuprofeno 400mg,ibuprofeno-400mg,ibuprofeno,400mg,,,80,81,cruz-verde,Ibupirac LC Ibuprofeno 600 mg 10 Cápsulas Blandas,Ibupirac LC Ibuprofeno 600 mg 10 Cápsulas Blandas,ibupirac|600mg|10,ibupirac|600mg|10|bio:unknown|brand:unknown|var:lc|form:solid-oral,ibupirac|600mg|10,,lc,solid-oral,10,,,600mg,Ibupirac,,ibuprofeno,name,,,exact,other,CFM-000124,4390,true,https://comparafarma-api.vercel.app/api/go?slug=cruz-verde&matchKey=ibupirac%7C600mg%7C10&url=https%3A%2F%2Fwww.cruzverde.cl%2Fibupirac-lc-ibuprofeno-600-mg-10-capsulas-blandas%2F266410.html&cfmId=CFM-000124,1
ibuprofeno 400mg,ibuprofeno-400mg,ibuprofeno,400mg,,,81,82,ecofarmacias,Ibuprofeno Deucodol Forte  200 mg/5 ml x 120 ml,Ibuprofeno Deucodol Forte  200 mg/5 ml x 120 ml,ibuprofeno|120ml|120,ibuprofeno|120ml|120|bio:unknown|brand:unknown|var:deucodol,ibuprofeno|120ml|120,,deucodol,,,200mg/5ml,ratio,200mg/5ml,,,ibuprofeno,unknown,,,exact,other,CFM-000119,4690,false,https://comparafarma-api.vercel.app/api/go?slug=ecofarmacias&matchKey=ibuprofeno%7C120ml%7C120&url=https%3A%2F%2Fwww.ecofarmacias.cl%2Fproducto%2Fibuprofeno-deucodol-forte-200-mg-5-ml-x-120-ml%2F&cfmId=CFM-000119,1
ibuprofeno 400mg,ibuprofeno-400mg,ibuprofeno,400mg,,,82,83,ahumada,Actron 600 mg x 10 Cápsulas Blandas,Actron 600 Mg 10 Cap blandas,actron|600mg|10,actron|600mg|10|bio:unknown|brand:unknown|form:solid-oral,actron|600mg|10,,,solid-oral,10,,,600mg,,,,unknown,,,compatible,other,CFM-000104,4849,true,https://comparafarma-api.vercel.app/api/go?slug=ahumada&matchKey=actron%7C600mg%7C10&url=https%3A%2F%2Fwww.farmaciasahumada.cl%2Factron-600-mg-x-10-capsulas-blandas-48361.html&cfmId=CFM-000104,2
ibuprofeno 400mg,ibuprofeno-400mg,ibuprofeno,400mg,,,82,83,easyfarma,Actron 600 Mg 10 Cap blandas,Actron 600 Mg 10 Cap blandas,actron|600mg|10,actron|600mg|10|bio:unknown|brand:unknown|form:solid-oral,actron|600mg|10,,,solid-oral,10,,,600mg,,,,unknown,,,compatible,other,CFM-000104,6490,true,https://comparafarma-api.vercel.app/api/go?slug=easyfarma&matchKey=actron%7C600mg%7C10&url=https%3A%2F%2Fnuevo.easyfarma.cl%2F25052-actron-600mg-x-10.html&cfmId=CFM-000104,2
ibuprofeno 400mg,ibuprofeno-400mg,ibuprofeno,400mg,,,83,84,easyfarma,Dolorub 5% Crema Topica Con...,Dolorub 5% Crema Topica Con...,dolorub,dolorub|bio:unknown|brand:unknown|form:topical,dolorub,,,topical,,,,5%,,,,unknown,,,exact,other,CFM-000131,4990,true,https://comparafarma-api.vercel.app/api/go?slug=easyfarma&matchKey=dolorub&url=https%3A%2F%2Fnuevo.easyfarma.cl%2F104955-dolorub-5-crema-topica-con-aplicador-60-gr.html&cfmId=CFM-000131,2
ibuprofeno 400mg,ibuprofeno-400mg,ibuprofeno,400mg,,,83,84,cruz-verde,Dolorub Ibuprofeno 5% Crema Tópica 60 gr,Dolorub 5% Crema Topica Con...,dolorub,dolorub|bio:unknown|brand:unknown|form:topical,dolorub,,,topical,,,,5%,,,,unknown,,,exact,other,CFM-000131,7490,true,https://comparafarma-api.vercel.app/api/go?slug=cruz-verde&matchKey=dolorub&url=https%3A%2F%2Fwww.cruzverde.cl%2Fdolorub-ibuprofeno-5-crema-topica-60-gr%2F72106.html&cfmId=CFM-000131,2
ibuprofeno 400mg,ibuprofeno-400mg,ibuprofeno,400mg,,,84,85,ecofarmacias,Ibucalm Ibuprofeno 600 Mg X 20 Capsulas blandas (Opko),Ibucalm Ibuprofeno 600 Mg X 20 Capsulas blandas (Opko),ibucalm|600mg|20,ibucalm|600mg|20|bio:true|brand:unknown|form:solid-oral,ibucalm|600mg|20,,,solid-oral,20,,,600mg,Ibucalm,,ibuprofeno,name,,true,exact,other,CFM-000147,4990,false,https://comparafarma-api.vercel.app/api/go?slug=ecofarmacias&matchKey=ibucalm%7C600mg%7C20&url=https%3A%2F%2Fwww.ecofarmacias.cl%2Fproducto%2Fibucalm-ibuprofeno-600-mg-x-10-capsulas-blandas-opko%2F&cfmId=CFM-000147,1
ibuprofeno 400mg,ibuprofeno-400mg,ibuprofeno,400mg,,,85,86,easyfarma,DorAliv 600 mg x 10...,DorAliv 600 mg x 10...,doraliv|600mg|10,doraliv|600mg|10|bio:unknown|brand:unknown,doraliv|600mg|10,,,,10,,,600mg,,,,unknown,,,compatible,other,CFM-000138,4990,true,https://comparafarma-api.vercel.app/api/go?slug=easyfarma&matchKey=doraliv%7C600mg%7C10&url=https%3A%2F%2Fnuevo.easyfarma.cl%2F104970-doraliv-600-mg-x-10-capsulas-blandas.html&cfmId=CFM-000138,1
ibuprofeno 400mg,ibuprofeno-400mg,ibuprofeno,400mg,,,86,87,ahumada,Deucodol Forte 200 mg/5 mL x 120 mL Suspension Oral,Deucodol Forte 200 mg/5 mL x 120 mL Suspension Oral,deucodol|120ml|120,deucodol|120ml|120|bio:unknown|brand:unknown|var:forte|form:fluid-oral,deucodol|120ml|120,,forte,fluid-oral,,200mg/5ml,ratio,200mg/5ml,,,,unknown,,,compatible,other,CFM-000101,5173,true,https://comparafarma-api.vercel.app/api/go?slug=ahumada&matchKey=deucodol%7C120ml%7C120&url=https%3A%2F%2Fwww.farmaciasahumada.cl%2Fdeucodol-forte-200-mg-5-ml-x-120-ml-suspension-oral-92249.html&cfmId=CFM-000101,1
ibuprofeno 400mg,ibuprofeno-400mg,ibuprofeno,400mg,,,87,88,cruz-verde,Dolorub Analgesica-Antiinflamatoria Ibuprofeno 5% Crema Tópica 45 gr,Dolorub Analgesica-Antiinflamatoria Ibuprofeno 5% Crema Tópica 45 gr,dolorub,dolorub|bio:unknown|brand:unknown|var:analgesicaantiinflamatoria|form:topical,dolorub,,analgesicaantiinflamatoria,topical,,,,5%,Dolorub,,ibuprofeno,name,,,exact,other,CFM-000131,5190,true,https://comparafarma-api.vercel.app/api/go?slug=cruz-verde&matchKey=dolorub&url=https%3A%2F%2Fwww.cruzverde.cl%2Fdolorub-analgesica-antiinflamatoria-ibuprofeno-5-crema-topica-45-gr%2F273313.html&cfmId=CFM-000131,1
ibuprofeno 400mg,ibuprofeno-400mg,ibuprofeno,400mg,,,88,89,cruz-verde,Ibucalm Ibuprofeno 600 mg 10 Cápsulas blandas,Ibucalm Ibuprofeno 600 mg 10 Cápsulas blandas,ibucalm|600mg|10,ibucalm|600mg|10|bio:unknown|brand:unknown|form:solid-oral,ibucalm|600mg|10,,,solid-oral,10,,,600mg,Ibucalm,,ibuprofeno,name,,,exact,other,CFM-000129,5280,true,https://comparafarma-api.vercel.app/api/go?slug=cruz-verde&matchKey=ibucalm%7C600mg%7C10&url=https%3A%2F%2Fwww.cruzverde.cl%2Fibucalm-ibuprofeno-600-mg-10-capsulas-blandas%2F545277.html&cfmId=CFM-000129,1
ibuprofeno 400mg,ibuprofeno-400mg,ibuprofeno,400mg,,,89,90,salcobrand,Ibuprofeno 200mg Jarabe 120ml,Ibuprofeno 200mg Jarabe 120ml,ibuprofeno|120ml,ibuprofeno|120ml|bio:unknown|brand:unknown|form:fluid-oral,ibuprofeno|120ml,,,fluid-oral,,200mg,absolute,200mg,,,ibuprofeno,unknown,Ibuprofeno,,exact,other,CFM-000110,5367,true,https://comparafarma-api.vercel.app/api/go?slug=salcobrand&matchKey=ibuprofeno%7C120ml&url=https%3A%2F%2Fsalcobrand.cl%2Fproducts%2Fibuprofeno-200mg-jarabe-120ml%3Fdefault_sku%3D577406&cfmId=CFM-000110,1
ibuprofeno 400mg,ibuprofeno-400mg,ibuprofeno,400mg,,,90,91,salcobrand,IbuAliv Forte Ibuprofeno 200mg/5ml Jarabe 100ml,IbuAliv Forte Ibuprofeno 200mg/5ml Jarabe 100ml,ibualiv|100ml,ibualiv|100ml|bio:unknown|brand:notts|var:forte|form:fluid-oral,ibualiv|100ml,,forte,fluid-oral,,200mg/5ml,ratio,200mg/5ml,Notts,,ibuprofeno,structured,Notts,,exact,other,CFM-000155,5524,true,https://comparafarma-api.vercel.app/api/go?slug=salcobrand&matchKey=ibualiv%7C100ml&url=https%3A%2F%2Fsalcobrand.cl%2Fproducts%2Fibualiv-forte-ibuprofeno-200mg-5ml-jarabe-100ml%3Fdefault_sku%3D588160&cfmId=CFM-000155,1
ibuprofeno 400mg,ibuprofeno-400mg,ibuprofeno,400mg,,,91,92,salcobrand,Ipson Forte Infantil Ibuprofeno 120ml,Ipson Forte Infantil Ibuprofeno 120ml,ipson|120ml,ipson|120ml|bio:unknown|brand:ipsonfortepediatrico|var:forte,ipson|120ml,,forte,,,,,120ml,Ipson Forte Pediatrico,,ibuprofeno,structured,Ipson Forte Pediatrico,,exact,other,CFM-000103,5576,true,https://comparafarma-api.vercel.app/api/go?slug=salcobrand&matchKey=ipson%7C120ml&url=https%3A%2F%2Fsalcobrand.cl%2Fproducts%2Fipson-forte-infantil-ibuprofeno-jarabe-120ml%3Fdefault_sku%3D2971444&cfmId=CFM-000103,1
ibuprofeno 400mg,ibuprofeno-400mg,ibuprofeno,400mg,,,92,93,salcobrand,Actron Ibuprofeno 600mg 10 Cápsulas Blandas,Actron Ibuprofeno 600mg 10 Cápsulas Blandas,actron|600mg|10,actron|600mg|10|bio:unknown|brand:actron|form:solid-oral,actron|600mg|10,,,solid-oral,10,,,600mg,Actron,,ibuprofeno,structured,Actron,,exact,other,CFM-000104,5620,true,https://comparafarma-api.vercel.app/api/go?slug=salcobrand&matchKey=actron%7C600mg%7C10&url=https%3A%2F%2Fsalcobrand.cl%2Fproducts%2Fbayer-actron-ibuprofeno-600mg-10-capsulas-blandas%3Fdefault_sku%3D151610&cfmId=CFM-000104,1
ibuprofeno 400mg,ibuprofeno-400mg,ibuprofeno,400mg,,,93,94,salcobrand,Ipson Infantil Ibuprofeno 120ml,Ipson Infantil Ibuprofeno 120ml,ipson|120ml,ipson|120ml|bio:unknown|brand:ipson|var:infantil,ipson|120ml,,infantil,,,,,120ml,Ipson,,ibuprofeno,structured,Ipson,,exact,other,CFM-000103,5625,true,https://comparafarma-api.vercel.app/api/go?slug=salcobrand&matchKey=ipson%7C120ml&url=https%3A%2F%2Fsalcobrand.cl%2Fproducts%2Fipson-infantil-ibuprofeno-jarabe-120ml%3Fdefault_sku%3D2971304&cfmId=CFM-000103,1
ibuprofeno 400mg,ibuprofeno-400mg,ibuprofeno,400mg,,,94,95,ahumada,Niofen Forte 200 mg/5 mL x 120 mL Suspensión Oral,Niofen Forte 200 mg/5 mL x 120 mL Suspensión Oral,niofen|120ml|120,niofen|120ml|120|bio:unknown|brand:unknown|var:forte|form:fluid-oral,niofen|120ml|120,,forte,fluid-oral,,200mg/5ml,ratio,200mg/5ml,,,,unknown,,,compatible,other,CFM-000149,5818,true,https://comparafarma-api.vercel.app/api/go?slug=ahumada&matchKey=niofen%7C120ml%7C120&url=https%3A%2F%2Fwww.farmaciasahumada.cl%2Fniofen-forte-200-mg-5-ml-x-120-ml-suspension-oral-11882.html&cfmId=CFM-000149,1
ibuprofeno 400mg,ibuprofeno-400mg,ibuprofeno,400mg,,,95,96,ahumada,Dolorub 5 % x 60 g Crema Tópica,Dolorub 5 % x 60 g Crema Tópica,dolorub|60000mg|60,dolorub|60000mg|60|bio:unknown|brand:unknown|form:topical,dolorub|60000mg|60,,,topical,,,,5%,,,,unknown,,,compatible,other,CFM-000154,5849,true,https://comparafarma-api.vercel.app/api/go?slug=ahumada&matchKey=dolorub%7C60000mg%7C60&url=https%3A%2F%2Fwww.farmaciasahumada.cl%2Fdolorub-5-x-60-g-crema-topica-13227.html&cfmId=CFM-000154,1
ibuprofeno 400mg,ibuprofeno-400mg,ibuprofeno,400mg,,,96,97,salcobrand,Deucodol Forte Ibuprofeno 200mg/5ml Jarabe 120ml,Deucodol Forte Ibuprofeno 200mg/5ml Jarabe 120ml,deucodol|120ml,deucodol|120ml|bio:unknown|brand:deucodol|var:forte|form:fluid-oral,deucodol|120ml,,forte,fluid-oral,,200mg/5ml,ratio,200mg/5ml,Deucodol,,ibuprofeno,structured,Deucodol,,exact,other,CFM-000156,5983,true,https://comparafarma-api.vercel.app/api/go?slug=salcobrand&matchKey=deucodol%7C120ml&url=https%3A%2F%2Fsalcobrand.cl%2Fproducts%2Fdeucodol-forte-ibuprofeno-200mg-5ml-jarabe-120ml%3Fdefault_sku%3D2100051&cfmId=CFM-000156,1
ibuprofeno 400mg,ibuprofeno-400mg,ibuprofeno,400mg,,,97,98,easyfarma,DorAliv 600 Mg 20 Caps....,DorAliv 600 Mg 20 Caps....,doraliv|600mg,doraliv|600mg|bio:unknown|brand:unknown|form:solid-oral,doraliv|600mg,,,solid-oral,20,,,600mg,,,,unknown,,,compatible,other,CFM-001061,5990,true,https://comparafarma-api.vercel.app/api/go?slug=easyfarma&matchKey=doraliv%7C600mg&url=https%3A%2F%2Fnuevo.easyfarma.cl%2F105031-doraliv-600-mg-20-caps-blandas.html&cfmId=CFM-001061,1
ibuprofeno 400mg,ibuprofeno-400mg,ibuprofeno,400mg,,,98,99,salcobrand,DorAliv (B) Ibuprofeno 600mg 10 Cápsulas Blandas,DorAliv (B) Ibuprofeno 600mg 10 Cápsulas Blandas,doraliv|600mg|10,doraliv|600mg|10|bio:unknown|brand:notts|form:solid-oral,doraliv|600mg|10,,,solid-oral,10,,,600mg,Notts,,ibuprofeno,structured,Notts,,exact,other,CFM-000138,6159,true,https://comparafarma-api.vercel.app/api/go?slug=salcobrand&matchKey=doraliv%7C600mg%7C10&url=https%3A%2F%2Fsalcobrand.cl%2Fproducts%2Fdoraliv-b-ibuprofeno-600mg-10-capsulas-blandas%3Fdefault_sku%3D583222&cfmId=CFM-000138,1
ibuprofeno 400mg,ibuprofeno-400mg,ibuprofeno,400mg,,,99,100,ahumada,Ipson 100 mg/5 mL x 120 mL Suspensión Oral,Ipson 100 mg/5 mL x 120 mL Suspensión Oral,ipson|120ml|120,ipson|120ml|120|bio:unknown|brand:unknown|form:fluid-oral,ipson|120ml|120,,,fluid-oral,,100mg/5ml,ratio,100mg/5ml,,,,unknown,,,compatible,other,CFM-000151,6582,true,https://comparafarma-api.vercel.app/api/go?slug=ahumada&matchKey=ipson%7C120ml%7C120&url=https%3A%2F%2Fwww.farmaciasahumada.cl%2Fipson-100-mg-5-ml-x-120-ml-suspension-oral-2531.html&cfmId=CFM-000151,1
ibuprofeno 400mg,ibuprofeno-400mg,ibuprofeno,400mg,,,100,101,salcobrand,Ibupirac LC (B) Ibuprofeno 600mg 10 Cápsulas Blandas,Ibupirac LC (B) Ibuprofeno 600mg 10 Cápsulas Blandas,ibupirac|600mg|10,ibupirac|600mg|10|bio:unknown|brand:ibupirac|var:lc|form:solid-oral,ibupirac|600mg|10,,lc,solid-oral,10,,,600mg,Ibupirac,,ibuprofeno,structured,Ibupirac,,exact,other,CFM-000124,6599,true,https://comparafarma-api.vercel.app/api/go?slug=salcobrand&matchKey=ibupirac%7C600mg%7C10&url=https%3A%2F%2Fsalcobrand.cl%2Fproducts%2Fibupirac-lc-b-ibuprofeno-600mg-10-capsulas-blandas%3Fdefault_sku%3D2981664&cfmId=CFM-000124,1
ibuprofeno 400mg,ibuprofeno-400mg,ibuprofeno,400mg,,,101,102,ahumada,Algiasol Forte 200 mg/5 mL x 100 mL Suspensión Oral,Algiasol Forte 200 mg/5 mL x 100 mL Suspensión Oral,algiasol|100ml|100,algiasol|100ml|100|bio:unknown|brand:unknown|var:forte|form:fluid-oral,algiasol|100ml|100,,forte,fluid-oral,,200mg/5ml,ratio,200mg/5ml,,,,unknown,,,compatible,other,CFM-001336,6746,true,https://comparafarma-api.vercel.app/api/go?slug=ahumada&matchKey=algiasol%7C100ml%7C100&url=https%3A%2F%2Fwww.farmaciasahumada.cl%2Falgiasol-forte-200-mg-5-ml-x-100-ml-suspension-oral-77693.html&cfmId=CFM-001336,1
ibuprofeno 400mg,ibuprofeno-400mg,ibuprofeno,400mg,,,102,103,araucomed,Ipson Forte suspensión oral 200mg/5ml x120ml,Ipson Forte suspensión oral 200mg/5ml x120ml,ipson|120ml|120,ipson|120ml|120|bio:unknown|brand:unknown|var:forte|form:fluid-oral,ipson|120ml|120,,forte,fluid-oral,,200mg/5ml,ratio,200mg/5ml,,,,unknown,,,compatible,other,CFM-000151,6990,true,https://comparafarma-api.vercel.app/api/go?slug=araucomed&matchKey=ipson%7C120ml%7C120&url=https%3A%2F%2Ffarmacia.araucomed.com%2Fanalgesicos-y-antinflamatorios%2Fipson-forte-suspension-oral-200mg-5ml-x120ml&cfmId=CFM-000151,2
ibuprofeno 400mg,ibuprofeno-400mg,ibuprofeno,400mg,,,102,103,ahumada,Ipson Forte 200 mg/5 mL x 120 mL Suspensión Oral,Ipson Forte suspensión oral 200mg/5ml x120ml,ipson|120ml|120,ipson|120ml|120|bio:unknown|brand:unknown|var:forte|form:fluid-oral,ipson|120ml|120,,forte,fluid-oral,,200mg/5ml,ratio,200mg/5ml,,,,unknown,,,compatible,other,CFM-000151,11990,true,https://comparafarma-api.vercel.app/api/go?slug=ahumada&matchKey=ipson%7C120ml%7C120&url=https%3A%2F%2Fwww.farmaciasahumada.cl%2Fipson-forte-200-mg-5-ml-x-120-ml-suspension-oral-28936.html&cfmId=CFM-000151,2
ibuprofeno 400mg,ibuprofeno-400mg,ibuprofeno,400mg,,,103,104,salcobrand,Niofen Forte Ibuprofeno 200mg/5ml Jarabe 120ml,Niofen Forte Ibuprofeno 200mg/5ml Jarabe 120ml,niofen|120ml,niofen|120ml|bio:unknown|brand:niofenforte|var:forte|form:fluid-oral,niofen|120ml,,forte,fluid-oral,,200mg/5ml,ratio,200mg/5ml,Niofen Forte,,ibuprofeno,structured,Niofen Forte,,exact,other,CFM-000115,7215,true,https://comparafarma-api.vercel.app/api/go?slug=salcobrand&matchKey=niofen%7C120ml&url=https%3A%2F%2Fsalcobrand.cl%2Fproducts%2Fniofen-forte-ibuprofeno-200mg-5ml-jarabe-120ml%3Fdefault_sku%3D2835635&cfmId=CFM-000115,1
ibuprofeno 400mg,ibuprofeno-400mg,ibuprofeno,400mg,,,104,105,ecofarmacias,Ipson-D Ibuprofeno Pseudofedrina Clorhidrato 100 mg &#8211; 15 mg / 5 ml 120 Ml,Ipson-D Ibuprofeno Pseudofedrina Clorhidrato 100 mg &#8211; 15 mg / 5 ml 120 Ml,ipsond|120ml,ipsond|120ml|bio:unknown|brand:unknown|var:pseudofedrina,ipsond|120ml,,pseudofedrina,,,15mg/5ml,ratio,100mg,IpsonD,,ibuprofeno,name,,,exact,other,CFM-000106,7430,false,https://comparafarma-api.vercel.app/api/go?slug=ecofarmacias&matchKey=ipsond%7C120ml&url=https%3A%2F%2Fwww.ecofarmacias.cl%2Fproducto%2Fipson-d-ibuprofeno-pseudofedrina-clorhidrato-100-mg-15-mg-5-ml-120-ml%2F&cfmId=CFM-000106,1
ibuprofeno 400mg,ibuprofeno-400mg,ibuprofeno,400mg,,,105,106,cruz-verde,Ibucalm Ibuprofeno 600 mg 20 Cápsulas blandas,Ibucalm Ibuprofeno 600 mg 20 Cápsulas blandas,ibucalm|600mg|20,ibucalm|600mg|20|bio:unknown|brand:unknown|form:solid-oral,ibucalm|600mg|20,,,solid-oral,20,,,600mg,Ibucalm,,ibuprofeno,name,,,exact,other,CFM-000147,7590,true,https://comparafarma-api.vercel.app/api/go?slug=cruz-verde&matchKey=ibucalm%7C600mg%7C20&url=https%3A%2F%2Fwww.cruzverde.cl%2Fibucalm-ibuprofeno-600-mg-20-capsulas-blandas%2F552318.html&cfmId=CFM-000147,1
ibuprofeno 400mg,ibuprofeno-400mg,ibuprofeno,400mg,,,106,107,salcobrand,Actron (R) Ibuprofeno 600mg 20 Cápsulas Blandas,Actron (R) Ibuprofeno 600mg 20 Cápsulas Blandas,actron|600mg|20,actron|600mg|20|bio:unknown|brand:actron600|form:solid-oral,actron|600mg|20,,,solid-oral,20,,,600mg,Actron 600,,ibuprofeno,structured,Actron 600,,exact,other,CFM-000143,8495,true,https://comparafarma-api.vercel.app/api/go?slug=salcobrand&matchKey=actron%7C600mg%7C20&url=https%3A%2F%2Fsalcobrand.cl%2Fproducts%2Factron-r-ibuprofeno-600mg-20-capsulas-blandas%3Fdefault_sku%3D578997&cfmId=CFM-000143,1
ibuprofeno 400mg,ibuprofeno-400mg,ibuprofeno,400mg,,,107,108,salcobrand,Doraliv (B) Ibuprofeno 600mg 20 Cápsulas Blandas,Doraliv (B) Ibuprofeno 600mg 20 Cápsulas Blandas,doraliv|600mg|20,doraliv|600mg|20|bio:unknown|brand:notts|form:solid-oral,doraliv|600mg|20,,,solid-oral,20,,,600mg,Notts,,ibuprofeno,structured,Notts,,exact,other,CFM-000142,9327,true,https://comparafarma-api.vercel.app/api/go?slug=salcobrand&matchKey=doraliv%7C600mg%7C20&url=https%3A%2F%2Fsalcobrand.cl%2Fproducts%2Fdoraliv-b-ibuprofeno-600mg-20-capsulas-blandas%3Fdefault_sku%3D585397&cfmId=CFM-000142,1
ibuprofeno 400mg,ibuprofeno-400mg,ibuprofeno,400mg,,,108,109,cruz-verde,Actron 600 Ibuprofeno 600 mg 20 Cápsulas Blandas,Actron 600 Ibuprofeno 600 mg 20 Cápsulas Blandas,actron|600mg|20,actron|600mg|20|bio:unknown|brand:unknown|form:solid-oral,actron|600mg|20,,,solid-oral,20,,,600mg,Actron,,ibuprofeno,name,,,exact,other,CFM-000143,10690,true,https://comparafarma-api.vercel.app/api/go?slug=cruz-verde&matchKey=actron%7C600mg%7C20&url=https%3A%2F%2Fwww.cruzverde.cl%2Factron-600-ibuprofeno-600-mg-20-capsulas-blandas%2F393608.html&cfmId=CFM-000143,1
ibuprofeno 400mg,ibuprofeno-400mg,ibuprofeno,400mg,,,109,110,araucomed,Pironal Flu Forte Suspensión Oral 100ml,Pironal Flu Forte Suspensión Oral 100ml,pironal|100ml,pironal|100ml|bio:unknown|brand:bago|var:flu|form:fluid-oral,pironal|100ml,,flu,fluid-oral,,,,100ml,,Bagó,,unknown,Bagó,,compatible,other,CFM-000105,10990,true,https://comparafarma-api.vercel.app/api/go?slug=araucomed&matchKey=pironal%7C100ml&url=https%3A%2F%2Ffarmacia.araucomed.com%2Fgripe-y-resfrio%2Fpironal-flu-forte-suspension-oral-100ml&cfmId=CFM-000105,1
ibuprofeno 400mg,ibuprofeno-400mg,ibuprofeno,400mg,,,110,111,cruz-verde,Niofen Cold HBP Ibuprofeno 200 mg 10 Comprimidos,Niofen Cold HBP Ibuprofeno 200 mg 10 Comprimidos,niofen|200mg|10,niofen|200mg|10|bio:unknown|brand:unknown|var:cold|form:solid-oral,niofen|200mg|10,,cold,solid-oral,10,,,200mg,Niofen,,ibuprofeno,name,,,exact,other,CFM-000728,11490,true,https://comparafarma-api.vercel.app/api/go?slug=cruz-verde&matchKey=niofen%7C200mg%7C10&url=https%3A%2F%2Fwww.cruzverde.cl%2Fniofen-cold-hbp-ibuprofeno-200-mg-10-comprimidos%2F258414.html&cfmId=CFM-000728,1
ibuprofeno 400mg,ibuprofeno-400mg,ibuprofeno,400mg,,,111,112,araucomed,Ipson D forte suspension oral 120ml,Ipson D forte suspension oral 120ml,ipson|120ml,ipson|120ml|bio:unknown|brand:unknown|var:d|form:fluid-oral,ipson|120ml,,d,fluid-oral,,,,120ml,,,,unknown,,,compatible,other,CFM-000103,11990,true,https://comparafarma-api.vercel.app/api/go?slug=araucomed&matchKey=ipson%7C120ml&url=https%3A%2F%2Ffarmacia.araucomed.com%2Fanalgesicos-y-antinflamatorios%2Fipson-d-forte-suspension-oral-120ml&cfmId=CFM-000103,1
ibuprofeno 400mg,ibuprofeno-400mg,ibuprofeno,400mg,,,112,113,cruz-verde,Triofeno Ibuprofeno 200 mg 20 Comprimidos,Triofeno Ibuprofeno 200 mg 20 Comprimidos,triofeno|200mg|20,triofeno|200mg|20|bio:unknown|brand:unknown|form:solid-oral,triofeno|200mg|20,,,solid-oral,20,,,200mg,Triofeno,,ibuprofeno,name,,,exact,other,CFM-000152,13090,true,https://comparafarma-api.vercel.app/api/go?slug=cruz-verde&matchKey=triofeno%7C200mg%7C20&url=https%3A%2F%2Fwww.cruzverde.cl%2Ftriofeno-ibuprofeno-200-mg-20-comprimidos%2F263945.html&cfmId=CFM-000152,1
ibuprofeno 400mg,ibuprofeno-400mg,ibuprofeno,400mg,,,113,114,cruz-verde,Pironal Flu Forte Ibuprofeno 200 mg Suspensión 100 mL,Pironal Flu Forte Ibuprofeno 200 mg Suspensión 100 mL,pironal|100ml,pironal|100ml|bio:unknown|brand:unknown|var:flu|form:fluid-oral,pironal|100ml,,flu,fluid-oral,,200mg,absolute,200mg,Pironal,,ibuprofeno,name,,,exact,other,CFM-000105,17390,true,https://comparafarma-api.vercel.app/api/go?slug=cruz-verde&matchKey=pironal%7C100ml&url=https%3A%2F%2Fwww.cruzverde.cl%2Fpironal-flu-forte-ibuprofeno-200-mg-suspension-100-ml%2F257148.html&cfmId=CFM-000105,1
ibuprofeno 400mg,ibuprofeno-400mg,ibuprofeno,400mg,,,114,115,cruz-verde,Pironal Forte Ibuprofeno 200 mg/5mL Suspensión 100 mL,Pironal Forte Ibuprofeno 200 mg/5mL Suspensión 100 mL,pironal|100ml,pironal|100ml|bio:unknown|brand:unknown|var:forte|form:fluid-oral,pironal|100ml,,forte,fluid-oral,,200mg/5ml,ratio,200mg/5ml,Pironal,,ibuprofeno,name,,,exact,other,CFM-000105,19290,true,https://comparafarma-api.vercel.app/api/go?slug=cruz-verde&matchKey=pironal%7C100ml&url=https%3A%2F%2Fwww.cruzverde.cl%2Fpironal-forte-ibuprofeno-200-mg-5ml-suspension-100-ml%2F9185.html&cfmId=CFM-000105,1
ibuprofeno,ibuprofeno,ibuprofeno,,,,0,1,farmex,Ibuprofeno 400 mg x 20 comprimidos.,Ibuprofeno (B) 400mg 20 Comprimidos,ibuprofeno|400mg|20,ibuprofeno|400mg|20|bio:unknown|brand:unknown|form:solid-oral,ibuprofeno|400mg|20,,,solid-oral,20,,,400mg,,,ibuprofeno,unknown,Ibuprofeno,,exact,,CFM-000113,642,true,https://comparafarma-api.vercel.app/api/go?slug=farmex&matchKey=ibuprofeno%7C400mg%7C20&url=https%3A%2F%2Ffarmex.cl%2Fproducts%2Fibuprofeno-400-mg-x-20-comprimidos-6%3F_pos%3D9%26_psq%3Dibuprofeno%26_psid%3D7d8ddb33d%26_ss%3De&cfmId=CFM-000113,4
ibuprofeno,ibuprofeno,ibuprofeno,,,,0,1,easyfarma,Ibuprofeno 400 mg x 20 comp,Ibuprofeno (B) 400mg 20 Comprimidos,ibuprofeno|400mg|20,ibuprofeno|400mg|20|bio:unknown|brand:unknown|form:solid-oral,ibuprofeno|400mg|20,,,solid-oral,20,,,400mg,,,ibuprofeno,unknown,Ibuprofeno,,exact,,CFM-000113,790,true,https://comparafarma-api.vercel.app/api/go?slug=easyfarma&matchKey=ibuprofeno%7C400mg%7C20&url=https%3A%2F%2Fnuevo.easyfarma.cl%2F26105-ibuprofeno-400-mg-x-20-2.html&cfmId=CFM-000113,4
ibuprofeno,ibuprofeno,ibuprofeno,,,,0,1,cruz-verde,Ibuprofeno 400 mg 20 Comprimidos,Ibuprofeno (B) 400mg 20 Comprimidos,ibuprofeno|400mg|20,ibuprofeno|400mg|20|bio:unknown|brand:unknown|form:solid-oral,ibuprofeno|400mg|20,,,solid-oral,20,,,400mg,,,ibuprofeno,unknown,Ibuprofeno,,exact,,CFM-000113,1590,true,https://comparafarma-api.vercel.app/api/go?slug=cruz-verde&matchKey=ibuprofeno%7C400mg%7C20&url=https%3A%2F%2Fwww.cruzverde.cl%2Fibuprofeno-400-mg-20-comprimidos%2F273441.html&cfmId=CFM-000113,4
ibuprofeno,ibuprofeno,ibuprofeno,,,,0,1,salcobrand,Ibuprofeno (B) 400mg 20 Comprimidos,Ibuprofeno (B) 400mg 20 Comprimidos,ibuprofeno|400mg|20,ibuprofeno|400mg|20|bio:unknown|brand:unknown|form:solid-oral,ibuprofeno|400mg|20,,,solid-oral,20,,,400mg,,,ibuprofeno,unknown,Ibuprofeno,,exact,,CFM-000113,1847,true,https://comparafarma-api.vercel.app/api/go?slug=salcobrand&matchKey=ibuprofeno%7C400mg%7C20&url=https%3A%2F%2Fsalcobrand.cl%2Fproducts%2Fibuprofeno-b-400mg-20-comprimidos%3Fdefault_sku%3D437127&cfmId=CFM-000113,4
ibuprofeno,ibuprofeno,ibuprofeno,,,,1,2,ahumada,Ibuprofeno 400 mg x 20 Comprimidos CHILE,Ibuprofeno 400mg 20 Comprimidos,ibuprofeno|400mg|20,ibuprofeno|400mg|20|bio:true|brand:unknown|form:solid-oral,ibuprofeno|400mg|20,,,solid-oral,20,,,400mg,,,ibuprofeno,unknown,,true,exact,,CFM-000113,689,true,https://comparafarma-api.vercel.app/api/go?slug=ahumada&matchKey=ibuprofeno%7C400mg%7C20&url=https%3A%2F%2Fwww.farmaciasahumada.cl%2Fibuprofeno-400-mg-x-20-comprimidos-chile-86596.html&cfmId=CFM-000113,3
ibuprofeno,ibuprofeno,ibuprofeno,,,,1,2,ecofarmacias,Ibuprofeno 400 mg x 20 Comprimidos recubiertos,Ibuprofeno 400mg 20 Comprimidos,ibuprofeno|400mg|20,ibuprofeno|400mg|20|bio:true|brand:unknown|form:solid-oral,ibuprofeno|400mg|20,,,solid-oral,20,,,400mg,,,ibuprofeno,unknown,,true,exact,,CFM-000113,850,true,https://comparafarma-api.vercel.app/api/go?slug=ecofarmacias&matchKey=ibuprofeno%7C400mg%7C20&url=https%3A%2F%2Fwww.ecofarmacias.cl%2Fproducto%2Fibuprofeno-400-mg-x-20-comprimidos-recubiertos%2F&cfmId=CFM-000113,3
ibuprofeno,ibuprofeno,ibuprofeno,,,,1,2,sermecoop,Ibuprofeno 400mg 20 Comprimidos,Ibuprofeno 400mg 20 Comprimidos,ibuprofeno|400mg|20,ibuprofeno|400mg|20|bio:true|brand:unknown|form:solid-oral,ibuprofeno|400mg|20,,,solid-oral,20,,,400mg,,,ibuprofeno,unknown,,true,exact,,CFM-000113,990,true,https://comparafarma-api.vercel.app/api/go?slug=sermecoop&matchKey=ibuprofeno%7C400mg%7C20&url=https%3A%2F%2Fwww.farmaciasermecoop.cl%2Findex.php%2Fonline%2Fdetalleproducto%3Fp_%3D19091%26d_%3D1&cfmId=CFM-000113,3
ibuprofeno,ibuprofeno,ibuprofeno,,,,2,3,dr-simi,Ibuprofeno 400 mg 20 comprimidos,Ibuprofeno 400 mg 20 comprimidos,ibuprofeno|400mg|20,ibuprofeno|400mg|20|bio:true|brand:teva|form:solid-oral,ibuprofeno|400mg|20,,,solid-oral,20,,,400mg,,Teva,ibuprofeno,unknown,TEVA,true,exact,,CFM-000113,690,true,https://comparafarma-api.vercel.app/api/go?slug=dr-simi&matchKey=ibuprofeno%7C400mg%7C20&url=https%3A%2F%2Fwww.drsimi.cl%2Fibuprofeno-400-mg-20-comprimidos-recubiertos%2Fp&cfmId=CFM-000113,1
ibuprofeno,ibuprofeno,ibuprofeno,,,,3,4,araucomed,Ibuprofeno 400 mg x 20 comprimidos. (Chile),Ibuprofeno 400 mg x 20 comprimidos. (Chile),ibuprofeno|400mg|20,ibuprofeno|400mg|20|bio:unknown|brand:chile|form:solid-oral,ibuprofeno|400mg|20,,,solid-oral,20,,,400mg,,Laboratorio Chile,ibuprofeno,unknown,Laboratorio Chile,,exact,,CFM-000113,790,true,https://comparafarma-api.vercel.app/api/go?slug=araucomed&matchKey=ibuprofeno%7C400mg%7C20&url=https%3A%2F%2Ffarmacia.araucomed.com%2Fanalgesicos-y-antinflamatorios%2Fibuprofeno-400mg-x20com-chile&cfmId=CFM-000113,1
ibuprofeno,ibuprofeno,ibuprofeno,,,,4,5,ahumada,Ibuprofeno 600 mg x 20 Comprimidos CHILE,Ibuprofeno 600 mg x 20 Comprimidos CHILE,ibuprofeno|600mg|20,ibuprofeno|600mg|20|bio:true|brand:unknown|form:solid-oral,ibuprofeno|600mg|20,,,solid-oral,20,,,600mg,,,ibuprofeno,unknown,,true,exact,,CFM-000141,849,true,https://comparafarma-api.vercel.app/api/go?slug=ahumada&matchKey=ibuprofeno%7C600mg%7C20&url=https%3A%2F%2Fwww.farmaciasahumada.cl%2Fibuprofeno-600-mg-x-20-comprimidos-chile-84396.html&cfmId=CFM-000141,1
ibuprofeno,ibuprofeno,ibuprofeno,,,,5,6,easyfarma,Ibuprofeno 400 mg x 20,Ibuprofeno 400 mg x 20,ibuprofeno|400mg|20,ibuprofeno|400mg|20|bio:unknown|brand:unknown,ibuprofeno|400mg|20,,,,20,,,400mg,,,ibuprofeno,unknown,,,exact,,CFM-000113,890,true,https://comparafarma-api.vercel.app/api/go?slug=easyfarma&matchKey=ibuprofeno%7C400mg%7C20&url=https%3A%2F%2Fnuevo.easyfarma.cl%2F24657-ibuprofeno-400-mg-x-20.html&cfmId=CFM-000113,1
ibuprofeno,ibuprofeno,ibuprofeno,,,,6,7,ahumada,Ibuprofeno 200 mg x 20 Comprimidos Recubiertos,Ibuprofeno 200 mg X 20 comprimidos (Ascend),ibuprofeno|200mg|20,ibuprofeno|200mg|20|bio:true|brand:unknown|form:solid-oral,ibuprofeno|200mg|20,,,solid-oral,20,,,200mg,,,ibuprofeno,unknown,,true,exact,,CFM-000123,899,true,https://comparafarma-api.vercel.app/api/go?slug=ahumada&matchKey=ibuprofeno%7C200mg%7C20&url=https%3A%2F%2Fwww.farmaciasahumada.cl%2Fibuprofeno-200-mg-x-20-comprimidos-recubiertos-86357.html&cfmId=CFM-000123,2
ibuprofeno,ibuprofeno,ibuprofeno,,,,6,7,ecofarmacias,Ibuprofeno 200 mg X 20 comprimidos (Ascend),Ibuprofeno 200 mg X 20 comprimidos (Ascend),ibuprofeno|200mg|20,ibuprofeno|200mg|20|bio:true|brand:unknown|form:solid-oral,ibuprofeno|200mg|20,,,solid-oral,20,,,200mg,,,ibuprofeno,unknown,,true,exact,,CFM-000123,1890,false,https://comparafarma-api.vercel.app/api/go?slug=ecofarmacias&matchKey=ibuprofeno%7C200mg%7C20&url=https%3A%2F%2Fwww.ecofarmacias.cl%2Fproducto%2Fibuprofeno-200-mg-x-20-comprimidos-ascend%2F&cfmId=CFM-000123,2
ibuprofeno,ibuprofeno,ibuprofeno,,,,7,8,dr-simi,Ibuprofeno 200 mg 20 comprimidos recubiertos,Ibuprofeno 200 mg 20 comprimidos recubiertos,ibuprofeno|200mg|20,ibuprofeno|200mg|20|bio:true|brand:ascend|form:solid-oral,ibuprofeno|200mg|20,,,solid-oral,20,,,200mg,,Ascend,ibuprofeno,unknown,ASCEND,true,exact,,CFM-000123,900,true,https://comparafarma-api.vercel.app/api/go?slug=dr-simi&matchKey=ibuprofeno%7C200mg%7C20&url=https%3A%2F%2Fwww.drsimi.cl%2Fibuprofeno-200-mg-20-comprimidos%2Fp&cfmId=CFM-000123,1
ibuprofeno,ibuprofeno,ibuprofeno,,,,8,9,dr-simi,Ibuprofeno 600 mg 20 comprimidos recubiertos,Ibuprofeno 600 mg 20 comprimidos recubiertos,ibuprofeno|600mg|20,ibuprofeno|600mg|20|bio:true|brand:opko|form:solid-oral,ibuprofeno|600mg|20,,,solid-oral,20,,,600mg,,Opko,ibuprofeno,unknown,OPKO,true,exact,,CFM-000141,900,true,https://comparafarma-api.vercel.app/api/go?slug=dr-simi&matchKey=ibuprofeno%7C600mg%7C20&url=https%3A%2F%2Fwww.drsimi.cl%2Fibuprofeno-600-mg-20-comprimidos-recubiertos%2Fp&cfmId=CFM-000141,1
ibuprofeno,ibuprofeno,ibuprofeno,,,,9,10,farmex,Ibuprofeno 400 mg x 20 comprimidos,Ibuprofeno 400 mg x 20 comprimidos,ibuprofeno|400mg|20,ibuprofeno|400mg|20|bio:unknown|brand:opko|form:solid-oral,ibuprofeno|400mg|20,,,solid-oral,20,,,400mg,,Opko,ibuprofeno,unknown,OPKO,,exact,,CFM-000113,990,true,https://comparafarma-api.vercel.app/api/go?slug=farmex&matchKey=ibuprofeno%7C400mg%7C20&url=https%3A%2F%2Ffarmex.cl%2Fproducts%2Fibuprofeno-400-mg-x-20-comprimidos%3F_pos%3D3%26_psq%3Dibuprofeno%26_psid%3D7d8ddb33d%26_ss%3De&cfmId=CFM-000113,1
ibuprofeno,ibuprofeno,ibuprofeno,,,,10,11,easyfarma,Ibuprofeno 600 Mg 20 Comp....,Ibuprofeno 600 Mg 20 Comp....,ibuprofeno|600mg|20,ibuprofeno|600mg|20|bio:unknown|brand:opko|form:solid-oral,ibuprofeno|600mg|20,,,solid-oral,20,,,600mg,,,ibuprofeno,unknown,,,exact,,CFM-000141,1190,true,https://comparafarma-api.vercel.app/api/go?slug=easyfarma&matchKey=ibuprofeno%7C600mg%7C20&url=https%3A%2F%2Fnuevo.easyfarma.cl%2F105341-ibuprofeno-600-mg-20-comp-recubiertos-lab-opko.html&cfmId=CFM-000141,1
ibuprofeno,ibuprofeno,ibuprofeno,,,,11,12,farmex,Ibuprofeno 600 mg Lab chile - 20 Comprimidos,Ibuprofeno 600 mg Lab chile - 20 Comprimidos,ibuprofeno|600mg|20,ibuprofeno|600mg|20|bio:unknown|brand:chile|form:solid-oral,ibuprofeno|600mg|20,,,solid-oral,20,,,600mg,,Laboratorio Chile,ibuprofeno,unknown,LABORATORIO CHILE,,exact,,CFM-000141,1290,true,https://comparafarma-api.vercel.app/api/go?slug=farmex&matchKey=ibuprofeno%7C600mg%7C20&url=https%3A%2F%2Ffarmex.cl%2Fproducts%2Fibuprofeno-600-mg-x-20-comprimidos%3F_pos%3D1%26_psq%3Dibuprofeno%26_psid%3D7d8ddb33d%26_ss%3De&cfmId=CFM-000141,1
ibuprofeno,ibuprofeno,ibuprofeno,,,,12,13,farmex,Ibuprofeno 600 mg 20 Comprimidos Laboratorio Chile,Ibuprofeno 600 mg 20 Comprimidos Laboratorio Chile,ibuprofeno|600mg|20,ibuprofeno|600mg|20|bio:unknown|brand:ascend|form:solid-oral,ibuprofeno|600mg|20,,,solid-oral,20,,,600mg,,Ascend,ibuprofeno,unknown,ASCEND,,exact,,CFM-000141,1290,true,https://comparafarma-api.vercel.app/api/go?slug=farmex&matchKey=ibuprofeno%7C600mg%7C20&url=https%3A%2F%2Ffarmex.cl%2Fproducts%2Fibuprofeno-600-mg-x-20-comprimidos-16%3F_pos%3D2%26_psq%3Dibuprofeno%26_psid%3D7d8ddb33d%26_ss%3De&cfmId=CFM-000141,1
ibuprofeno,ibuprofeno,ibuprofeno,,,,13,14,farmex,Ibuprofeno 200 mg x 20 comprimidos,Ibuprofeno 200 mg x 20 comprimidos,ibuprofeno|200mg|20,ibuprofeno|200mg|20|bio:unknown|brand:ascend|form:solid-oral,ibuprofeno|200mg|20,,,solid-oral,20,,,200mg,,Genericos-Ascend,ibuprofeno,unknown,GENERICOS-ASCEND,,exact,,CFM-000123,1290,true,https://comparafarma-api.vercel.app/api/go?slug=farmex&matchKey=ibuprofeno%7C200mg%7C20&url=https%3A%2F%2Ffarmex.cl%2Fproducts%2Fibuprofeno-200-mg-x-20-comp%3F_pos%3D6%26_psq%3Dibuprofeno%26_psid%3D7d8ddb33d%26_ss%3De&cfmId=CFM-000123,1
ibuprofeno,ibuprofeno,ibuprofeno,,,,14,15,easyfarma,Ibuprofeno 600 mg  x 20,Ibuprofeno 600 mg  x 20,ibuprofeno|600mg|20,ibuprofeno|600mg|20|bio:unknown|brand:unknown,ibuprofeno|600mg|20,,,,20,,,600mg,,,ibuprofeno,unknown,,,exact,,CFM-000141,1290,true,https://comparafarma-api.vercel.app/api/go?slug=easyfarma&matchKey=ibuprofeno%7C600mg%7C20&url=https%3A%2F%2Fnuevo.easyfarma.cl%2F24658-ibuprofeno-600-mg-x-20.html&cfmId=CFM-000141,1
ibuprofeno,ibuprofeno,ibuprofeno,,,,15,16,ahumada,Ibuprofeno 100 mg/5 mL x 100 mL Suspensión Oral ETHON PHARMACEUTICALS S.P.A,Ibuprofeno Suspensión 100 mg/5ml x 100 ml (cenabast),ibuprofeno|100ml|100,ibuprofeno|100ml|100|bio:unknown|brand:unknown|form:fluid-oral,ibuprofeno|100ml|100,,,fluid-oral,,100mg/5ml,ratio,100mg/5ml,,,ibuprofeno,unknown,,,exact,,CFM-000112,1349,true,https://comparafarma-api.vercel.app/api/go?slug=ahumada&matchKey=ibuprofeno%7C100ml%7C100&url=https%3A%2F%2Fwww.farmaciasahumada.cl%2Fibuprofeno-100-mg-5-ml-x-100-ml-suspension-oral-ethon-pharmaceuticals-s.p.a-91536.html&cfmId=CFM-000112,2
ibuprofeno,ibuprofeno,ibuprofeno,,,,15,16,ecofarmacias,Ibuprofeno Suspensión 100 mg/5ml x 100 ml (cenabast),Ibuprofeno Suspensión 100 mg/5ml x 100 ml (cenabast),ibuprofeno|100ml|100,ibuprofeno|100ml|100|bio:unknown|brand:unknown|form:fluid-oral,ibuprofeno|100ml|100,,,fluid-oral,,100mg/5ml,ratio,100mg/5ml,,,ibuprofeno,unknown,,,exact,,CFM-000112,1890,true,https://comparafarma-api.vercel.app/api/go?slug=ecofarmacias&matchKey=ibuprofeno%7C100ml%7C100&url=https%3A%2F%2Fwww.ecofarmacias.cl%2Fproducto%2Fibuprofeno-suspension-100-mg-5ml-x-100-ml-cenabast%2F&cfmId=CFM-000112,2
ibuprofeno,ibuprofeno,ibuprofeno,,,,16,17,dr-simi,Ibuprofeno 100 mg/5 mL suspensión oral 100 mL,Ibuprofeno 100 mg/5 mL suspensión oral 100 mL,ibuprofeno|100ml,ibuprofeno|100ml|bio:false|brand:opko|form:fluid-oral,ibuprofeno|100ml,,,fluid-oral,,100mg/5ml,ratio,100mg/5ml,,Opko,ibuprofeno,unknown,OPKO,false,exact,,CFM-000135,1350,true,https://comparafarma-api.vercel.app/api/go?slug=dr-simi&matchKey=ibuprofeno%7C100ml&url=https%3A%2F%2Fwww.drsimi.cl%2Fibuprofeno-100-mg-5ml-suspension-oral-100-ml%2Fp&cfmId=CFM-000135,1
ibuprofeno,ibuprofeno,ibuprofeno,,,,17,18,araucomed,Ibucalm 400 mg x 10 cápsulas blandas.,Ibucalm 400 mg x 10 cápsulas blandas.,ibucalm|400mg|10,ibucalm|400mg|10|bio:unknown|brand:opko|form:solid-oral,ibucalm|400mg|10,,,solid-oral,10,,,400mg,,Opko,,unknown,Opko,,compatible,,CFM-000111,1490,true,https://comparafarma-api.vercel.app/api/go?slug=araucomed&matchKey=ibucalm%7C400mg%7C10&url=https%3A%2F%2Ffarmacia.araucomed.com%2Fanalgesicos-y-antinflamatorios%2Fibucalm-400mg-x20cap&cfmId=CFM-000111,1
ibuprofeno,ibuprofeno,ibuprofeno,,,,18,19,araucomed,Ibuprofeno Forte suspensión  Oral 200mg/5ml 100ml (Opko),Ibuprofeno Forte suspensión  Oral 200mg/5ml 100ml (Opko),ibuprofeno|100ml,ibuprofeno|100ml|bio:unknown|brand:opko|var:forte|form:fluid-oral,ibuprofeno|100ml,,forte,fluid-oral,,200mg/5ml,ratio,200mg/5ml,,Opko,ibuprofeno,unknown,Opko,,exact,,CFM-000135,1490,true,https://comparafarma-api.vercel.app/api/go?slug=araucomed&matchKey=ibuprofeno%7C100ml&url=https%3A%2F%2Ffarmacia.araucomed.com%2Fanalgesicos-y-antinflamatorios%2Fibuprofeno-forte-suspension-oral-200mg-5ml-100ml-o&cfmId=CFM-000135,1
ibuprofeno,ibuprofeno,ibuprofeno,,,,19,20,araucomed,Ibupirac LC 400 mg x 10 cápsulas blandas.,Ibupirac LC 400 mg x 10 cápsulas blandas.,ibupirac|400mg|10,ibupirac|400mg|10|bio:unknown|brand:chemopharma|var:lc|form:solid-oral,ibupirac|400mg|10,,lc,solid-oral,10,,,400mg,,Chemopharma,,unknown,Chemopharma,,compatible,,CFM-000313,1690,true,https://comparafarma-api.vercel.app/api/go?slug=araucomed&matchKey=ibupirac%7C400mg%7C10&url=https%3A%2F%2Ffarmacia.araucomed.com%2Fanalgesicos-y-antinflamatorios%2Fibupirac-lc-400-mg-x-10-capsulas-blandas&cfmId=CFM-000313,1
ibuprofeno,ibuprofeno,ibuprofeno,,,,20,21,ecofarmacias,Ibuprofeno Suspensión Oral 200mg/5ml 100ml Ascend,Ibuprofeno 200mg/5ml Jarabe 100ml,ibuprofeno|100ml,ibuprofeno|100ml|bio:unknown|brand:unknown|form:fluid-oral,ibuprofeno|100ml,,,fluid-oral,,200mg/5ml,ratio,200mg/5ml,,,ibuprofeno,unknown,Ibuprofeno,,exact,,CFM-000135,1890,true,https://comparafarma-api.vercel.app/api/go?slug=ecofarmacias&matchKey=ibuprofeno%7C100ml&url=https%3A%2F%2Fwww.ecofarmacias.cl%2Fproducto%2Fibuprofeno-suspension-oral-200mg-5ml-100ml-ascend%2F&cfmId=CFM-000135,3
ibuprofeno,ibuprofeno,ibuprofeno,,,,20,21,sermecoop,Ibuprofeno 200mg/5ml Jarabe 100ml,Ibuprofeno 200mg/5ml Jarabe 100ml,ibuprofeno|100ml,ibuprofeno|100ml|bio:unknown|brand:unknown|form:fluid-oral,ibuprofeno|100ml,,,fluid-oral,,200mg/5ml,ratio,200mg/5ml,,,ibuprofeno,unknown,Ibuprofeno,,exact,,CFM-000135,2790,true,https://comparafarma-api.vercel.app/api/go?slug=sermecoop&matchKey=ibuprofeno%7C100ml&url=https%3A%2F%2Fwww.farmaciasermecoop.cl%2Findex.php%2Fonline%2Fdetalleproducto%3Fp_%3D8634%26d_%3D1&cfmId=CFM-000135,3
ibuprofeno,ibuprofeno,ibuprofeno,,,,20,21,salcobrand,Ibuprofeno 200mg/5ml Jarabe 100ml,Ibuprofeno 200mg/5ml Jarabe 100ml,ibuprofeno|100ml,ibuprofeno|100ml|bio:unknown|brand:unknown|form:fluid-oral,ibuprofeno|100ml,,,fluid-oral,,200mg/5ml,ratio,200mg/5ml,,,ibuprofeno,unknown,Ibuprofeno,,exact,,CFM-000135,4599,true,https://comparafarma-api.vercel.app/api/go?slug=salcobrand&matchKey=ibuprofeno%7C100ml&url=https%3A%2F%2Fsalcobrand.cl%2Fproducts%2Fibuprofeno-200mg-5ml-jarabe-100ml%3Fdefault_sku%3D590129&cfmId=CFM-000135,3
ibuprofeno,ibuprofeno,ibuprofeno,,,,21,22,araucomed,Ibucalm 400 mg x 20 cápsulas blandas.,Ibucalm 400 mg x 20 cápsulas blandas.,ibucalm|400mg|20,ibucalm|400mg|20|bio:unknown|brand:opko|form:solid-oral,ibucalm|400mg|20,,,solid-oral,20,,,400mg,,Opko,,unknown,Opko,,compatible,,CFM-000146,1990,true,https://comparafarma-api.vercel.app/api/go?slug=araucomed&matchKey=ibucalm%7C400mg%7C20&url=https%3A%2F%2Ffarmacia.araucomed.com%2Fanalgesicos-y-antinflamatorios%2Fibucalm-400-mg-x-20-capsulas&cfmId=CFM-000146,1
ibuprofeno,ibuprofeno,ibuprofeno,,,,22,23,ecofarmacias,Dolad Ibuprofeno suspensión oral 200mg/5ml 120ml Ascend Cenabast DESCUENTO,Dolad Ibuprofeno suspensión oral 200mg/5ml 120ml Ascend Cenabast DESCUENTO,dolad|120ml,dolad|120ml|bio:unknown|brand:unknown|form:fluid-oral,dolad|120ml,,,fluid-oral,,200mg/5ml,ratio,200mg/5ml,Dolad,,ibuprofeno,name,,,exact,,CFM-000100,1990,false,https://comparafarma-api.vercel.app/api/go?slug=ecofarmacias&matchKey=dolad%7C120ml&url=https%3A%2F%2Fwww.ecofarmacias.cl%2Fproducto%2Fdolad-ibuprofeno-suspension-oral-200mg-5ml-120ml-ascend-cenabast-descuento%2F&cfmId=CFM-000100,1
ibuprofeno,ibuprofeno,ibuprofeno,,,,23,24,cruz-verde,Ibuprofeno 600 mg 20 Comprimidos,Ibuprofeno (B) 600mg 20 Comprimidos,ibuprofeno|600mg|20,ibuprofeno|600mg|20|bio:unknown|brand:unknown|form:solid-oral,ibuprofeno|600mg|20,,,solid-oral,20,,,600mg,,,ibuprofeno,unknown,Ibuprofeno,,exact,,CFM-000141,2090,true,https://comparafarma-api.vercel.app/api/go?slug=cruz-verde&matchKey=ibuprofeno%7C600mg%7C20&url=https%3A%2F%2Fwww.cruzverde.cl%2Fibuprofeno-600-mg-20-comprimidos%2F273362.html&cfmId=CFM-000141,2
ibuprofeno,ibuprofeno,ibuprofeno,,,,23,24,salcobrand,Ibuprofeno (B) 600mg 20 Comprimidos,Ibuprofeno (B) 600mg 20 Comprimidos,ibuprofeno|600mg|20,ibuprofeno|600mg|20|bio:unknown|brand:unknown|form:solid-oral,ibuprofeno|600mg|20,,,solid-oral,20,,,600mg,,,ibuprofeno,unknown,Ibuprofeno,,exact,,CFM-000141,2815,true,https://comparafarma-api.vercel.app/api/go?slug=salcobrand&matchKey=ibuprofeno%7C600mg%7C20&url=https%3A%2F%2Fsalcobrand.cl%2Fproducts%2Fopko-ibuprofeno-b-600mg-20-comprimidos%3Fdefault_sku%3D1768333&cfmId=CFM-000141,2
ibuprofeno,ibuprofeno,ibuprofeno,,,,24,25,cruz-verde,Ibuprofeno 200 mg 20 Comprimidos,Ibuprofeno (B) 200mg 20 Comprimidos Recubiertos,ibuprofeno|200mg|20,ibuprofeno|200mg|20|bio:unknown|brand:unknown|form:solid-oral,ibuprofeno|200mg|20,,,solid-oral,20,,,200mg,,,ibuprofeno,unknown,Ibuprofeno,,exact,,CFM-000123,2090,true,https://comparafarma-api.vercel.app/api/go?slug=cruz-verde&matchKey=ibuprofeno%7C200mg%7C20&url=https%3A%2F%2Fwww.cruzverde.cl%2Fibuprofeno-200-mg-20-comprimidos%2F199297.html&cfmId=CFM-000123,2
ibuprofeno,ibuprofeno,ibuprofeno,,,,24,25,salcobrand,Ibuprofeno (B) 200mg 20 Comprimidos Recubiertos,Ibuprofeno (B) 200mg 20 Comprimidos Recubiertos,ibuprofeno|200mg|20,ibuprofeno|200mg|20|bio:unknown|brand:unknown|form:solid-oral,ibuprofeno|200mg|20,,,solid-oral,20,,,200mg,,,ibuprofeno,unknown,Ibuprofeno,,exact,,CFM-000123,3519,true,https://comparafarma-api.vercel.app/api/go?slug=salcobrand&matchKey=ibuprofeno%7C200mg%7C20&url=https%3A%2F%2Fsalcobrand.cl%2Fproducts%2Fascend-ibuprofeno-b-200mg-20-comprimidos-recubiertos%3Fdefault_sku%3D1218005&cfmId=CFM-000123,2
ibuprofeno,ibuprofeno,ibuprofeno,,,,25,26,farmex,Ibuprofeno Suspensión Oral 200 mg / 5 mL x 100 mL,Ibuprofeno Suspensión Oral 200 mg / 5 mL x 100 mL,ibuprofeno|100ml|100,ibuprofeno|100ml|100|bio:unknown|brand:opko|form:fluid-oral,ibuprofeno|100ml|100,,,fluid-oral,,200mg/5ml,ratio,200mg/5ml,,Opko,ibuprofeno,unknown,Opko,,exact,,CFM-000112,2090,true,https://comparafarma-api.vercel.app/api/go?slug=farmex&matchKey=ibuprofeno%7C100ml%7C100&url=https%3A%2F%2Ffarmex.cl%2Fproducts%2Fibuprofeno-suspension-ibuprofeno%3F_pos%3D8%26_psq%3Dibuprofeno%26_psid%3D7d8ddb33d%26_ss%3De&cfmId=CFM-000112,1
ibuprofeno,ibuprofeno,ibuprofeno,,,,26,27,cruz-verde,Pyriped Ibuprofeno 400Mg 10 Cápsulas Blandas,Pyriped Ibuprofeno 400Mg 10 Cápsulas Blandas,pyriped|400mg|10,pyriped|400mg|10|bio:unknown|brand:unknown|form:solid-oral,pyriped|400mg|10,,,solid-oral,10,,,400mg,Pyriped,,ibuprofeno,name,,,exact,,CFM-000145,2290,false,https://comparafarma-api.vercel.app/api/go?slug=cruz-verde&matchKey=pyriped%7C400mg%7C10&url=https%3A%2F%2Fwww.cruzverde.cl%2Fpyriped-ibuprofeno-400mg-10-capsulas-blandas%2F575224.html&cfmId=CFM-000145,1
ibuprofeno,ibuprofeno,ibuprofeno,,,,27,28,cruz-verde,Tapsin Duo Paracetamol Ibuprofeno 12 Comprimidos Recubiertos,Tapsin Duo Paracetamol Ibuprofeno 12 Comprimidos Recubiertos,tapsin|12,tapsin|12|bio:unknown|brand:unknown|var:duo|form:solid-oral,tapsin|12,,duo,solid-oral,12,,,,Tapsin,,paracetamol,name,,,exact,,CFM-000109,2290,true,https://comparafarma-api.vercel.app/api/go?slug=cruz-verde&matchKey=tapsin%7C12&url=https%3A%2F%2Fwww.cruzverde.cl%2Ftapsin-duo-paracetamol-ibuprofeno-12-comprimidos-recubiertos%2F550757.html&cfmId=CFM-000109,1
ibuprofeno,ibuprofeno,ibuprofeno,,,,28,29,araucomed,Ibufren Forte 200mg/5ml Suspensión Oral 100ml,Ibufren Forte 200mg/5ml Suspensión Oral 100ml,ibufren|100ml,ibufren|100ml|bio:unknown|brand:hospifarma|var:forte|form:fluid-oral,ibufren|100ml,,forte,fluid-oral,,200mg/5ml,ratio,200mg/5ml,,Hospifarma,,unknown,Hospifarma,,compatible,,CFM-000137,2290,true,https://comparafarma-api.vercel.app/api/go?slug=araucomed&matchKey=ibufren%7C100ml&url=https%3A%2F%2Ffarmacia.araucomed.com%2Fanalgesicos-y-antinflamatorios%2Fibufren-forte-200mg-5ml-suspension-oral-100ml&cfmId=CFM-000137,1
ibuprofeno,ibuprofeno,ibuprofeno,,,,29,30,ahumada,Ibucalm Ibuprofeno 400 Mg 10 Cap Blandas,Ibucalm Ibuprofeno 400 Mg 10 Cap Blandas,ibucalm|400mg|10,ibucalm|400mg|10|bio:true|brand:unknown|form:solid-oral,ibucalm|400mg|10,,,solid-oral,10,,,400mg,Ibucalm,,ibuprofeno,name,,true,exact,,CFM-000111,2387,true,https://comparafarma-api.vercel.app/api/go?slug=ahumada&matchKey=ibucalm%7C400mg%7C10&url=https%3A%2F%2Fwww.farmaciasahumada.cl%2Fibucalm-ibuprofeno-400-mg-10-cap-blandas-96109.html&cfmId=CFM-000111,2
ibuprofeno,ibuprofeno,ibuprofeno,,,,29,30,ecofarmacias,Ibucalm Ibuprofeno 400 Mg X 10 Capsulas blandas (Opko),Ibucalm Ibuprofeno 400 Mg 10 Cap Blandas,ibucalm|400mg|10,ibucalm|400mg|10|bio:true|brand:unknown|form:solid-oral,ibucalm|400mg|10,,,solid-oral,10,,,400mg,Ibucalm,,ibuprofeno,name,,true,exact,,CFM-000111,2980,false,https://comparafarma-api.vercel.app/api/go?slug=ecofarmacias&matchKey=ibucalm%7C400mg%7C10&url=https%3A%2F%2Fwww.ecofarmacias.cl%2Fproducto%2Fibucalm-ibuprofeno-400mg-x-10-capsulas-blandas-opko%2F&cfmId=CFM-000111,2
ibuprofeno,ibuprofeno,ibuprofeno,,,,30,31,ecofarmacias,Ibuprofeno Dolad suspensión oral 200mg/5ml 120ml (Ascend Cenabast),Ibuprofeno Dolad suspensión oral 200mg/5ml 120ml (Ascend Cenabast),ibuprofeno|120ml,ibuprofeno|120ml|bio:unknown|brand:unknown|var:dolad|form:fluid-oral,ibuprofeno|120ml,,dolad,fluid-oral,,200mg/5ml,ratio,200mg/5ml,,,ibuprofeno,unknown,,,exact,,CFM-000110,2430,false,https://comparafarma-api.vercel.app/api/go?slug=ecofarmacias&matchKey=ibuprofeno%7C120ml&url=https%3A%2F%2Fwww.ecofarmacias.cl%2Fproducto%2Fibuprofeno-dolad-suspension-oral-200mg-5ml-120ml-ascend-cenabast%2F&cfmId=CFM-000110,1
ibuprofeno,ibuprofeno,ibuprofeno,,,,31,32,araucomed,Kitadol Duo x 10 comprimidos,Kitadol Duo x 10 comprimidos,kitadol|10,kitadol|10|bio:unknown|brand:chile|var:duo|form:solid-oral,kitadol|10,,duo,solid-oral,10,,,,,Laboratorio Chile,,unknown,Laboratorio Chile,,compatible,,CFM-000040,2490,true,https://comparafarma-api.vercel.app/api/go?slug=araucomed&matchKey=kitadol%7C10&url=https%3A%2F%2Ffarmacia.araucomed.com%2Fanalgesicos-y-antinflamatorios%2Fkitadol-duo-x10com&cfmId=CFM-000040,1
ibuprofeno,ibuprofeno,ibuprofeno,,,,32,33,araucomed,Ibucalm 600 mg x 10 cápsulas blandas.,Ibucalm 600 mg x 10 cápsulas blandas.,ibucalm|600mg|10,ibucalm|600mg|10|bio:unknown|brand:opko|form:solid-oral,ibucalm|600mg|10,,,solid-oral,10,,,600mg,,Opko,,unknown,Opko,,compatible,,CFM-000129,2490,true,https://comparafarma-api.vercel.app/api/go?slug=araucomed&matchKey=ibucalm%7C600mg%7C10&url=https%3A%2F%2Ffarmacia.araucomed.com%2Fanalgesicos-y-antinflamatorios%2Fibucalm-600mg-x10cap&cfmId=CFM-000129,1
ibuprofeno,ibuprofeno,ibuprofeno,,,,33,34,araucomed,Bediatil Forte suspensión Oral 200 mg/5ml x 100 ml.,Bediatil Forte suspensión Oral 200 mg/5ml x 100 ml.,bediatil|100ml|100,bediatil|100ml|100|bio:unknown|brand:pasteur|var:forte|form:fluid-oral,bediatil|100ml|100,,forte,fluid-oral,,200mg/5ml,ratio,200mg/5ml,,Pasteur,,unknown,Pasteur,,compatible,,CFM-000118,2490,true,https://comparafarma-api.vercel.app/api/go?slug=araucomed&matchKey=bediatil%7C100ml%7C100&url=https%3A%2F%2Ffarmacia.araucomed.com%2Fanalgesicos-y-antinflamatorios%2Fbediatil-forte-suspension-oral-200mg-5ml-x100ml&cfmId=CFM-000118,1
ibuprofeno,ibuprofeno,ibuprofeno,,,,34,35,dr-simi,IbuAliv niños ibuprofeno 100 mg/5 mL suspensión oral 100 mL,IbuAliv niños ibuprofeno 100 mg/5 mL suspensión oral 100 mL,ibualiv|100ml,ibualiv|100ml|bio:false|brand:vivunt|var:infantil|form:fluid-oral,ibualiv|100ml,,infantil,fluid-oral,,100mg/5ml,ratio,100mg/5ml,IbuAliv,Vivunt,ibuprofeno,name,VIVUNT,false,exact,,CFM-000155,2550,true,https://comparafarma-api.vercel.app/api/go?slug=dr-simi&matchKey=ibualiv%7C100ml&url=https%3A%2F%2Fwww.drsimi.cl%2Fibuprofeno-100mg-5ml-susp-ped-100ml-ch00531-1%2Fp&cfmId=CFM-000155,1
ibuprofeno,ibuprofeno,ibuprofeno,,,,35,36,salcobrand,Tapsin Duo (B) Paracetamol / Ibuprofeno 12 Comprimidos Recubiertos,Tapsin Duo (B) Paracetamol / Ibuprofeno 12 Comprimidos Recubiertos,tapsin|12,tapsin|12|bio:unknown|brand:tapsin|combo:ibuprofeno|form:solid-oral,tapsin|12,ibuprofeno,,solid-oral,12,,,,Tapsin,,,structured,Tapsin,,exact,,CFM-000109,2612,true,https://comparafarma-api.vercel.app/api/go?slug=salcobrand&matchKey=tapsin%7C12&url=https%3A%2F%2Fsalcobrand.cl%2Fproducts%2Ftapsin-duo-b-paracetamol-ibuprofeno-12-comprimidos-recubiertos%3Fdefault_sku%3D586353&cfmId=CFM-000109,1
ibuprofeno,ibuprofeno,ibuprofeno,,,,36,37,dr-simi,Dolorub ibuprofeno 5 % crema 45 g,Dolorub ibuprofeno 5 % crema 45 g,dolorub|45000mg,dolorub|45000mg|bio:false|brand:maver|form:topical,dolorub|45000mg,,,topical,,,,5%,Dolorub,Maver,ibuprofeno,name,MAVER,false,exact,,CFM-000153,2700,true,https://comparafarma-api.vercel.app/api/go?slug=dr-simi&matchKey=dolorub%7C45000mg&url=https%3A%2F%2Fwww.drsimi.cl%2Fdolorub-crema-ibuprofeno-5--crema-topica-tubo-45-gr-ch6156%2Fp&cfmId=CFM-000153,1
ibuprofeno,ibuprofeno,ibuprofeno,,,,37,38,dr-simi,Tapsin Duo paracetamol 300 mg ibuprofeno 200 mg 12 comprimidos recubiertos,Tapsin Duo paracetamol 300 mg ibuprofeno 200 mg 12 comprimidos recubiertos,tapsin|300mg|12,tapsin|300mg|12|bio:false|brand:maver|var:duo|form:solid-oral,tapsin|300mg|12,,duo,solid-oral,12,,,300mg,Tapsin,Maver,paracetamol,name,MAVER,false,exact,,CFM-000041,2700,true,https://comparafarma-api.vercel.app/api/go?slug=dr-simi&matchKey=tapsin%7C300mg%7C12&url=https%3A%2F%2Fwww.drsimi.cl%2Ftapsin-duo-paracetamol-ibuprofeno-300-mg-200-mg-12-comprimidos-recubiertos-ch6158%2Fp&cfmId=CFM-000041,1
ibuprofeno,ibuprofeno,ibuprofeno,,,,38,39,salcobrand,Actron (R) Ibuprofeno 400mg 10 Cápsulas Blandas,Actron (R) Ibuprofeno 400mg 10 Cápsulas Blandas,actron|400mg|10,actron|400mg|10|bio:unknown|brand:actron|form:solid-oral,actron|400mg|10,,,solid-oral,10,,,400mg,Actron,,ibuprofeno,structured,Actron,,exact,,CFM-000114,2771,true,https://comparafarma-api.vercel.app/api/go?slug=salcobrand&matchKey=actron%7C400mg%7C10&url=https%3A%2F%2Fsalcobrand.cl%2Fproducts%2Factron-r-ibuprofeno-400mg-10-capsulas-blandas%3Fdefault_sku%3D151609&cfmId=CFM-000114,1
ibuprofeno,ibuprofeno,ibuprofeno,,,,39,40,ahumada,Actron RA 200 mg x 10 Cápsulas Blandas,Actron RA 200 mg x 10 Cápsulas Blandas,actron|200mg|10,actron|200mg|10|bio:unknown|brand:unknown|var:ra|form:solid-oral,actron|200mg|10,,ra,solid-oral,10,,,200mg,,,,unknown,,,compatible,,CFM-000099,2774,true,https://comparafarma-api.vercel.app/api/go?slug=ahumada&matchKey=actron%7C200mg%7C10&url=https%3A%2F%2Fwww.farmaciasahumada.cl%2Factron-ra-200-mg-x-10-capsulas-blandas-60079.html&cfmId=CFM-000099,1
ibuprofeno,ibuprofeno,ibuprofeno,,,,40,41,ahumada,Ibupirac LC 400 mg x 20 Cápsulas Blandas,Ibupirac LC 400 mg x 20 Cápsulas Blandas,ibupirac|400mg|20,ibupirac|400mg|20|bio:true|brand:unknown|var:lc|form:solid-oral,ibupirac|400mg|20,,lc,solid-oral,20,,,400mg,,,,unknown,,true,compatible,,CFM-000125,2949,true,https://comparafarma-api.vercel.app/api/go?slug=ahumada&matchKey=ibupirac%7C400mg%7C20&url=https%3A%2F%2Fwww.farmaciasahumada.cl%2Fibupirac-lc-400-mg-x-20-capsulas-blandas-62367.html&cfmId=CFM-000125,1
ibuprofeno,ibuprofeno,ibuprofeno,,,,41,42,dr-simi,Ibupirac LC ibuprofeno 400 mg 20 cápsulas blandas,Ibupirac LC ibuprofeno 400 mg 20 cápsulas blandas,ibupirac|400mg|20,ibupirac|400mg|20|bio:true|brand:chemopharma|var:lc|form:solid-oral,ibupirac|400mg|20,,lc,solid-oral,20,,,400mg,Ibupirac,Chemopharma,ibuprofeno,name,CHEMOPHARMA,true,exact,,CFM-000125,2970,true,https://comparafarma-api.vercel.app/api/go?slug=dr-simi&matchKey=ibupirac%7C400mg%7C20&url=https%3A%2F%2Fwww.drsimi.cl%2Fdoraliv-ibuprofeno-400-mg-20-capsulas%2Fp&cfmId=CFM-000125,1
ibuprofeno,ibuprofeno,ibuprofeno,,,,42,43,araucomed,Ibupirac LC 400 mg x 20 cápsulas blandas.,Ibupirac LC 400 mg x 20 cápsulas blandas.,ibupirac|400mg|20,ibupirac|400mg|20|bio:unknown|brand:chemopharma|var:lc|form:solid-oral,ibupirac|400mg|20,,lc,solid-oral,20,,,400mg,,Chemopharma,,unknown,Chemopharma,,compatible,,CFM-000125,2990,true,https://comparafarma-api.vercel.app/api/go?slug=araucomed&matchKey=ibupirac%7C400mg%7C20&url=https%3A%2F%2Ffarmacia.araucomed.com%2Fbioequivalentes%2Fibupirac-lc-400mg-x20cap&cfmId=CFM-000125,1
ibuprofeno,ibuprofeno,ibuprofeno,,,,43,44,farmex,Pyriped 400 mg x 20 cápsulas,Pyriped 400 mg x 20 cápsulas,pyriped|400mg|20,pyriped|400mg|20|bio:unknown|brand:mintlab|form:solid-oral,pyriped|400mg|20,,,solid-oral,20,,,400mg,,Mintlab,,unknown,MINTLAB,,compatible,,CFM-000148,2990,true,https://comparafarma-api.vercel.app/api/go?slug=farmex&matchKey=pyriped%7C400mg%7C20&url=https%3A%2F%2Ffarmex.cl%2Fproducts%2Fpyriped-400-mg-x-20-capsulas%3F_pos%3D4%26_psq%3Dibuprofeno%26_psid%3D7d8ddb33d%26_ss%3De&cfmId=CFM-000148,1
ibuprofeno,ibuprofeno,ibuprofeno,,,,44,45,araucomed,Tapsin Duo x 12 comprimidos,Tapsin Duo x 12 comprimidos,tapsin|12,tapsin|12|bio:unknown|brand:maver|var:duo|form:solid-oral,tapsin|12,,duo,solid-oral,12,,,,,Maver,,unknown,Maver,,compatible,,CFM-000109,2990,true,https://comparafarma-api.vercel.app/api/go?slug=araucomed&matchKey=tapsin%7C12&url=https%3A%2F%2Ffarmacia.araucomed.com%2Fanalgesicos-y-antinflamatorios%2Ftapsin-duo-x-12-comprimidos&cfmId=CFM-000109,1
ibuprofeno,ibuprofeno,ibuprofeno,,,,45,46,easyfarma,Finagrip 10 Comp. Recubiertos,Finagrip 10 Comp. Recubiertos,finagrip|10,finagrip|10|bio:unknown|brand:unknown|form:solid-oral,finagrip|10,,,solid-oral,10,,,,,,,unknown,,,compatible,,CFM-001063,2990,true,https://comparafarma-api.vercel.app/api/go?slug=easyfarma&matchKey=finagrip%7C10&url=https%3A%2F%2Fnuevo.easyfarma.cl%2F105297-finagrip-10-comp-recubiertos.html&cfmId=CFM-001063,1
ibuprofeno,ibuprofeno,ibuprofeno,,,,46,47,sermecoop,Pyriped (ibuprofeno) 100mg/5ml Jarabe 100ml,Pyriped (ibuprofeno) 100mg/5ml Jarabe 100ml,pyriped|100ml,pyriped|100ml|bio:unknown|brand:unknown|form:fluid-oral,pyriped|100ml,,,fluid-oral,,100mg/5ml,ratio,100mg/5ml,Pyriped,,ibuprofeno,name,,,exact,,CFM-000098,2990,true,https://comparafarma-api.vercel.app/api/go?slug=sermecoop&matchKey=pyriped%7C100ml&url=https%3A%2F%2Fwww.farmaciasermecoop.cl%2Findex.php%2Fonline%2Fdetalleproducto%3Fp_%3D20963%26d_%3D1&cfmId=CFM-000098,2
ibuprofeno,ibuprofeno,ibuprofeno,,,,46,47,cruz-verde,Pyriped Ibuprofeno 100 mg/5mL Suspensión 100 mL,Pyriped (ibuprofeno) 100mg/5ml Jarabe 100ml,pyriped|100ml,pyriped|100ml|bio:unknown|brand:unknown|form:fluid-oral,pyriped|100ml,,,fluid-oral,,100mg/5ml,ratio,100mg/5ml,Pyriped,,ibuprofeno,name,,,exact,,CFM-000098,8040,true,https://comparafarma-api.vercel.app/api/go?slug=cruz-verde&matchKey=pyriped%7C100ml&url=https%3A%2F%2Fwww.cruzverde.cl%2Fpyriped-ibuprofeno-100-mg-5ml-suspension-100-ml%2F193020.html&cfmId=CFM-000098,2
ibuprofeno,ibuprofeno,ibuprofeno,,,,47,48,sermecoop,Actron (ibuprofeno) 200mg 10  Cápsulas,Actron (ibuprofeno) 200mg 10  Cápsulas,actron|200mg|10,actron|200mg|10|bio:unknown|brand:unknown|form:solid-oral,actron|200mg|10,,,solid-oral,10,,,200mg,Actron,,ibuprofeno,name,,,exact,,CFM-000099,2990,false,https://comparafarma-api.vercel.app/api/go?slug=sermecoop&matchKey=actron%7C200mg%7C10&url=https%3A%2F%2Fwww.farmaciasermecoop.cl%2Findex.php%2Fonline%2Fdetalleproducto%3Fp_%3D20761%26d_%3D1&cfmId=CFM-000099,1
ibuprofeno,ibuprofeno,ibuprofeno,,,,48,49,easyfarma,Ibuprofeno Jarabe 200 mg /...,Ibuprofeno Jarabe 200 mg /...,ibuprofeno|200mg,ibuprofeno|200mg|bio:unknown|brand:unknown|form:fluid-oral,ibuprofeno|200mg,,,fluid-oral,,,,200mg,,,ibuprofeno,unknown,,,exact,,CFM-001062,2990,true,https://comparafarma-api.vercel.app/api/go?slug=easyfarma&matchKey=ibuprofeno%7C200mg&url=https%3A%2F%2Fnuevo.easyfarma.cl%2F103076-ibuprofeno-jarabe-200-mg-5-ml.html&cfmId=CFM-001062,1
ibuprofeno,ibuprofeno,ibuprofeno,,,,49,50,easyfarma,Actron RA 200 mg. 10...,Actron RA 200 mg. 10...,actron|200mg,actron|200mg|bio:unknown|brand:unknown|var:ra,actron|200mg,,ra,,,,,200mg,,,,unknown,,,compatible,,CFM-001060,2990,true,https://comparafarma-api.vercel.app/api/go?slug=easyfarma&matchKey=actron%7C200mg&url=https%3A%2F%2Fnuevo.easyfarma.cl%2F30382-actron-ra-200-mg-x-10-capsulas-blandas.html&cfmId=CFM-001060,1
ibuprofeno,ibuprofeno,ibuprofeno,,,,50,51,ahumada,Actron 400 mg x 10 Cápsulas Blandas,Actron 400 mg x 10 cápsulas...,actron|400mg|10,actron|400mg|10|bio:unknown|brand:unknown|form:solid-oral,actron|400mg|10,,,solid-oral,10,,,400mg,,,,unknown,,,exact,,CFM-000114,3059,true,https://comparafarma-api.vercel.app/api/go?slug=ahumada&matchKey=actron%7C400mg%7C10&url=https%3A%2F%2Fwww.farmaciasahumada.cl%2Factron-400-mg-x-10-capsulas-blandas-44354.html&cfmId=CFM-000114,3
ibuprofeno,ibuprofeno,ibuprofeno,,,,50,51,easyfarma,Actron 400 mg x 10 cápsulas...,Actron 400 mg x 10 cápsulas...,actron|400mg|10,actron|400mg|10|bio:unknown|brand:unknown|form:solid-oral,actron|400mg|10,,,solid-oral,10,,,400mg,,,,unknown,,,exact,,CFM-000114,3490,true,https://comparafarma-api.vercel.app/api/go?slug=easyfarma&matchKey=actron%7C400mg%7C10&url=https%3A%2F%2Fnuevo.easyfarma.cl%2F25051-actron-400mg-x-10.html&cfmId=CFM-000114,3
ibuprofeno,ibuprofeno,ibuprofeno,,,,50,51,cruz-verde,Actron 400 Ibuprofeno 400 mg 10 Cápsulas Blandas,Actron 400 mg x 10 cápsulas...,actron|400mg|10,actron|400mg|10|bio:unknown|brand:unknown|form:solid-oral,actron|400mg|10,,,solid-oral,10,,,400mg,,,,unknown,,,exact,,CFM-000114,3990,true,https://comparafarma-api.vercel.app/api/go?slug=cruz-verde&matchKey=actron%7C400mg%7C10&url=https%3A%2F%2Fwww.cruzverde.cl%2Factron-400-ibuprofeno-400-mg-10-capsulas-blandas%2F250281.html&cfmId=CFM-000114,3
ibuprofeno,ibuprofeno,ibuprofeno,,,,51,52,salcobrand,DorAliv (B) Ibuprofeno 400mg 10 Cápsulas Blandas,DorAliv (B) Ibuprofeno 400mg 10 Cápsulas Blandas,doraliv|400mg|10,doraliv|400mg|10|bio:unknown|brand:notts|form:solid-oral,doraliv|400mg|10,,,solid-oral,10,,,400mg,Notts,,ibuprofeno,structured,Notts,,exact,,CFM-000097,3079,true,https://comparafarma-api.vercel.app/api/go?slug=salcobrand&matchKey=doraliv%7C400mg%7C10&url=https%3A%2F%2Fsalcobrand.cl%2Fproducts%2Fdoraliv-b-ibuprofeno-400mg-10-capsulas-blandas%3Fdefault_sku%3D582596&cfmId=CFM-000097,1
ibuprofeno,ibuprofeno,ibuprofeno,,,,52,53,cruz-verde,Ibuprofeno 100 mg/5mL Suspensión 100 mL,Ibuprofeno 100 mg/5mL Suspensión 100 mL,ibuprofeno|100ml,ibuprofeno|100ml|bio:unknown|brand:unknown|form:fluid-oral,ibuprofeno|100ml,,,fluid-oral,,100mg/5ml,ratio,100mg/5ml,,,ibuprofeno,unknown,,,exact,,CFM-000135,3140,true,https://comparafarma-api.vercel.app/api/go?slug=cruz-verde&matchKey=ibuprofeno%7C100ml&url=https%3A%2F%2Fwww.cruzverde.cl%2Fibuprofeno-100-mg-5ml-suspension-100-ml%2F199392.html&cfmId=CFM-000135,1
ibuprofeno,ibuprofeno,ibuprofeno,,,,53,54,salcobrand,Ibuprofeno Actron  200 mg RA (R) 10 Cápsulas Blandas,Ibuprofeno Actron  200 mg RA (R) 10 Cápsulas Blandas,ibuprofeno|200mg|10,ibuprofeno|200mg|10|bio:unknown|brand:actron|var:actron|form:solid-oral,ibuprofeno|200mg|10,,actron,solid-oral,10,,,200mg,Actron,,ibuprofeno,structured,Actron,,exact,,CFM-000107,3167,true,https://comparafarma-api.vercel.app/api/go?slug=salcobrand&matchKey=ibuprofeno%7C200mg%7C10&url=https%3A%2F%2Fsalcobrand.cl%2Fproducts%2Fibuprofeno-actron-200mg-ra-r-10-capsulas-blandas%3Fdefault_sku%3D151559&cfmId=CFM-000107,1
ibuprofeno,ibuprofeno,ibuprofeno,,,,54,55,araucomed,Ibupirac LC 600 mg x 10 cápsulas blandas.,Ibupirac LC 600 mg x 10 cápsulas blandas.,ibupirac|600mg|10,ibupirac|600mg|10|bio:unknown|brand:chemopharma|var:lc|form:solid-oral,ibupirac|600mg|10,,lc,solid-oral,10,,,600mg,,Chemopharma,,unknown,Chemopharma,,compatible,,CFM-000124,3290,true,https://comparafarma-api.vercel.app/api/go?slug=araucomed&matchKey=ibupirac%7C600mg%7C10&url=https%3A%2F%2Ffarmacia.araucomed.com%2Fbioequivalentes%2Fibupirac-lc-600mg-x10cap&cfmId=CFM-000124,1
ibuprofeno,ibuprofeno,ibuprofeno,,,,55,56,ecofarmacias,Actron ibuprofeno 600mg por 10 caps. blandas DESCUENTO,Actron ibuprofeno 600mg por 10 caps. blandas DESCUENTO,actron|600mg,actron|600mg|bio:unknown|brand:unknown|form:solid-oral,actron|600mg,,,solid-oral,10,,,600mg,Actron,,ibuprofeno,name,,,exact,,CFM-000128,3500,false,https://comparafarma-api.vercel.app/api/go?slug=ecofarmacias&matchKey=actron%7C600mg&url=https%3A%2F%2Fwww.ecofarmacias.cl%2Fproducto%2Factron-ibuprofeno-600mg-por-10-caps-blanda%2F&cfmId=CFM-000128,1
ibuprofeno,ibuprofeno,ibuprofeno,,,,56,57,ahumada,Ibufren Fte 200Mg/5Ml Suspención Oral 100Ml Frasco,Ibufren Fte 200Mg/5Ml Suspención Oral 100Ml Frasco,ibufren|100ml,ibufren|100ml|bio:unknown|brand:unknown|var:fte,ibufren|100ml,,fte,,,200mg/5ml,ratio,200mg/5ml,,,,unknown,,,compatible,,CFM-000137,3596,true,https://comparafarma-api.vercel.app/api/go?slug=ahumada&matchKey=ibufren%7C100ml&url=https%3A%2F%2Fwww.farmaciasahumada.cl%2Fibufren-fte-200mg-5ml-suspencion-oral-100ml-frasco-92941.html&cfmId=CFM-000137,1
ibuprofeno,ibuprofeno,ibuprofeno,,,,57,58,dr-simi,DorAliv ibuprofeno 600 mg 10 cápsulas blandas,DorAliv ibuprofeno 600 mg 10 cápsulas blandas,doraliv|600mg|10,doraliv|600mg|10|bio:true|brand:vivunt|form:solid-oral,doraliv|600mg|10,,,solid-oral,10,,,600mg,DorAliv,Vivunt,ibuprofeno,name,VIVUNT,true,exact,,CFM-000138,3600,true,https://comparafarma-api.vercel.app/api/go?slug=dr-simi&matchKey=doraliv%7C600mg%7C10&url=https%3A%2F%2Fwww.drsimi.cl%2Fdoraliv-ibuprofeno-600-mg-10-capsulas-blandas%2Fp&cfmId=CFM-000138,1
ibuprofeno,ibuprofeno,ibuprofeno,,,,58,59,salcobrand,Kitadol Duo Ibuprofeno / Paracetamol 10 Comprimidos Recubiertos,Kitadol Duo Ibuprofeno / Paracetamol 10 Comprimidos Recubiertos,kitadol|10,kitadol|10|bio:unknown|brand:kitadolduo|combo:paracetamol|form:solid-oral,kitadol|10,paracetamol,,solid-oral,10,,,,Kitadol Duo,,,structured,Kitadol Duo,,exact,,CFM-000040,3674,true,https://comparafarma-api.vercel.app/api/go?slug=salcobrand&matchKey=kitadol%7C10&url=https%3A%2F%2Fsalcobrand.cl%2Fproducts%2Fkitadol-duo-ibuprofeno-paracetamol-10-comprimidos-recubiertos%3Fdefault_sku%3D579036&cfmId=CFM-000040,1
ibuprofeno,ibuprofeno,ibuprofeno,,,,59,60,araucomed,Niofen Forte 200mg/5ml suspensión oral 120 ml.,Niofen Forte 200mg/5ml suspensión oral 120 ml.,niofen|120ml,niofen|120ml|bio:unknown|brand:unknown|var:forte|form:fluid-oral,niofen|120ml,,forte,fluid-oral,,200mg/5ml,ratio,200mg/5ml,,,,unknown,,,exact,,CFM-000115,3690,true,https://comparafarma-api.vercel.app/api/go?slug=araucomed&matchKey=niofen%7C120ml&url=https%3A%2F%2Ffarmacia.araucomed.com%2Fanalgesicos-y-antinflamatorios%2Fniofen-forte-200mg-5ml-suspension-oral-120ml&cfmId=CFM-000115,2
ibuprofeno,ibuprofeno,ibuprofeno,,,,59,60,ecofarmacias,Niofen Forte Ibuprofeno 200 Mg /5Ml Jarabe 120ml (DESCUENTO por caja manchada),Niofen Forte 200mg/5ml suspensión oral 120 ml.,niofen|120ml,niofen|120ml|bio:unknown|brand:unknown|var:forte|form:fluid-oral,niofen|120ml,,forte,fluid-oral,,200mg/5ml,ratio,200mg/5ml,,,,unknown,,,exact,,CFM-000115,3990,false,https://comparafarma-api.vercel.app/api/go?slug=ecofarmacias&matchKey=niofen%7C120ml&url=https%3A%2F%2Fwww.ecofarmacias.cl%2Fproducto%2Fniofen-forte-ibuprofeno-200-mg-5ml-jarabe-120ml-unidades-con-caja-manchada-con-jarabe%2F&cfmId=CFM-000115,2
ibuprofeno,ibuprofeno,ibuprofeno,,,,60,61,ahumada,Ibucalm Ibuprofeno 600 Mg 10 Cap Blandas,Ibucalm Ibuprofeno 600 Mg 10 Cap Blandas,ibucalm|600mg|10,ibucalm|600mg|10|bio:true|brand:unknown|form:solid-oral,ibucalm|600mg|10,,,solid-oral,10,,,600mg,Ibucalm,,ibuprofeno,name,,true,exact,,CFM-000129,3959,true,https://comparafarma-api.vercel.app/api/go?slug=ahumada&matchKey=ibucalm%7C600mg%7C10&url=https%3A%2F%2Fwww.farmaciasahumada.cl%2Fibucalm-ibuprofeno-600-mg-10-cap-blandas-96110.html&cfmId=CFM-000129,2
ibuprofeno,ibuprofeno,ibuprofeno,,,,60,61,ecofarmacias,Ibucalm Ibuprofeno 600mg x 10 Cápsulas blandas,Ibucalm Ibuprofeno 600 Mg 10 Cap Blandas,ibucalm|600mg|10,ibucalm|600mg|10|bio:true|brand:unknown|form:solid-oral,ibucalm|600mg|10,,,solid-oral,10,,,600mg,Ibucalm,,ibuprofeno,name,,true,exact,,CFM-000129,3980,true,https://comparafarma-api.vercel.app/api/go?slug=ecofarmacias&matchKey=ibucalm%7C600mg%7C10&url=https%3A%2F%2Fwww.ecofarmacias.cl%2Fproducto%2Fibucalm-ibuprofeno-600mg-x-10-capsulas-blandas%2F&cfmId=CFM-000129,2
ibuprofeno,ibuprofeno,ibuprofeno,,,,61,62,ahumada,Ibupirac LC 600 mg x 10 Cápsulas Blandas,Ibupirac LC 600 mg x 10 Cápsulas Blandas,ibupirac|600mg|10,ibupirac|600mg|10|bio:true|brand:unknown|var:lc|form:solid-oral,ibupirac|600mg|10,,lc,solid-oral,10,,,600mg,,,,unknown,,true,exact,,CFM-000124,3979,true,https://comparafarma-api.vercel.app/api/go?slug=ahumada&matchKey=ibupirac%7C600mg%7C10&url=https%3A%2F%2Fwww.farmaciasahumada.cl%2Fibupirac-lc-600-mg-x-10-capsulas-blandas-74304.html&cfmId=CFM-000124,2
ibuprofeno,ibuprofeno,ibuprofeno,,,,61,62,sermecoop,Ibupirac Lc (ibuprofeno) 600mg 10  Cápsulas Blandas,Ibupirac LC 600 mg x 10 Cápsulas Blandas,ibupirac|600mg|10,ibupirac|600mg|10|bio:true|brand:unknown|var:lc|form:solid-oral,ibupirac|600mg|10,,lc,solid-oral,10,,,600mg,,,,unknown,,true,exact,,CFM-000124,3990,true,https://comparafarma-api.vercel.app/api/go?slug=sermecoop&matchKey=ibupirac%7C600mg%7C10&url=https%3A%2F%2Fwww.farmaciasermecoop.cl%2Findex.php%2Fonline%2Fdetalleproducto%3Fp_%3D8620%26d_%3D1&cfmId=CFM-000124,2
ibuprofeno,ibuprofeno,ibuprofeno,,,,62,63,ecofarmacias,Ibuprofeno Ibupirac Flu Forte suspensión DESCUENTO caja dañada,Ibuprofeno Ibupirac Flu Forte suspensión DESCUENTO caja dañada,ibuprofeno,ibuprofeno|bio:unknown|brand:unknown|var:ibupirac|form:fluid-oral,ibuprofeno,,ibupirac,fluid-oral,,,,,,,ibuprofeno,unknown,,,exact,,CFM-000134,3980,false,https://comparafarma-api.vercel.app/api/go?slug=ecofarmacias&matchKey=ibuprofeno&url=https%3A%2F%2Fwww.ecofarmacias.cl%2Fproducto%2Fibupirac-flu-forte-suspension-descuento-caja-danada%2F&cfmId=CFM-000134,1
ibuprofeno,ibuprofeno,ibuprofeno,,,,63,64,ecofarmacias,Pyriped Ibuprofeno Suspension Oral 200mg/5ml 100ml,Pyriped Ibuprofeno Suspension Oral 200mg/5ml 100ml,pyriped|100ml,pyriped|100ml|bio:unknown|brand:unknown|form:fluid-oral,pyriped|100ml,,,fluid-oral,,200mg/5ml,ratio,200mg/5ml,Pyriped,,ibuprofeno,name,,,exact,,CFM-000098,3990,false,https://comparafarma-api.vercel.app/api/go?slug=ecofarmacias&matchKey=pyriped%7C100ml&url=https%3A%2F%2Fwww.ecofarmacias.cl%2Fproducto%2Fibuprofeno-suspension-oral-200mg-5ml-100ml-2%2F&cfmId=CFM-000098,1
ibuprofeno,ibuprofeno,ibuprofeno,,,,64,65,araucomed,Dolorub 5% crema 60 g,Dolorub 5% crema 60 g,dolorub|60000mg,dolorub|60000mg|bio:unknown|brand:maver|form:topical,dolorub|60000mg,,,topical,,,,5%,,Maver,,unknown,Maver,,compatible,,CFM-000126,3990,true,https://comparafarma-api.vercel.app/api/go?slug=araucomed&matchKey=dolorub%7C60000mg&url=https%3A%2F%2Ffarmacia.araucomed.com%2Fanalgesicos-y-antinflamatorios%2Fdolorub-5-crema-60g&cfmId=CFM-000126,1
ibuprofeno,ibuprofeno,ibuprofeno,,,,65,66,araucomed,Ibucalm 600 mg x 20 cápsulas blandas.,Ibucalm 600 mg x 20 cápsulas blandas.,ibucalm|600mg|20,ibucalm|600mg|20|bio:unknown|brand:opko|form:solid-oral,ibucalm|600mg|20,,,solid-oral,20,,,600mg,,Opko,,unknown,Opko,,compatible,,CFM-000147,3990,true,https://comparafarma-api.vercel.app/api/go?slug=araucomed&matchKey=ibucalm%7C600mg%7C20&url=https%3A%2F%2Ffarmacia.araucomed.com%2Fgenito-urinario%2Fibucalm-600-mg-x-20-capsulas-blandas&cfmId=CFM-000147,1
ibuprofeno,ibuprofeno,ibuprofeno,,,,66,67,araucomed,Dolorub 5% gel x 60 gramos.,Dolorub 5% gel x 60 gramos.,dolorub|60,dolorub|60|bio:unknown|brand:maver|form:topical,dolorub|60,,,topical,,,,5%,,Maver,,unknown,Maver,,compatible,,CFM-000132,3990,true,https://comparafarma-api.vercel.app/api/go?slug=araucomed&matchKey=dolorub%7C60&url=https%3A%2F%2Ffarmacia.araucomed.com%2Fanalgesicos-y-antinflamatorios%2Fdolorub-5-gel-60g&cfmId=CFM-000132,1
ibuprofeno,ibuprofeno,ibuprofeno,,,,67,68,ecofarmacias,Dolorub Ibuprofeno Gel 60g DESCUENTO,Dolorub Ibuprofeno Gel 60g DESCUENTO,dolorub|60000mg,dolorub|60000mg|bio:unknown|brand:unknown|form:topical,dolorub|60000mg,,,topical,,,,60g,Dolorub,,ibuprofeno,name,,,exact,,CFM-000126,3990,false,https://comparafarma-api.vercel.app/api/go?slug=ecofarmacias&matchKey=dolorub%7C60000mg&url=https%3A%2F%2Fwww.ecofarmacias.cl%2Fproducto%2Fdolorub-ibuprofeno-gel-60g-descuento%2F&cfmId=CFM-000126,1
ibuprofeno,ibuprofeno,ibuprofeno,,,,68,69,farmex,Ibupirac Forte Suspensión Oral 200 mg / 5 mL x 100 mL,Ibupirac Forte Suspensión Oral 200 mg / 5 mL x 100 mL,ibupirac|100ml|100,ibupirac|100ml|100|bio:unknown|brand:chemofarma|var:forte|form:fluid-oral,ibupirac|100ml|100,,forte,fluid-oral,,200mg/5ml,ratio,200mg/5ml,,Chemofarma,,unknown,CHEMOFARMA,,compatible,,CFM-000140,3990,true,https://comparafarma-api.vercel.app/api/go?slug=farmex&matchKey=ibupirac%7C100ml%7C100&url=https%3A%2F%2Ffarmex.cl%2Fproducts%2Fibupirac-forte-chemo%3F_pos%3D7%26_psq%3Dibuprofeno%26_psid%3D7d8ddb33d%26_ss%3De&cfmId=CFM-000140,1
ibuprofeno,ibuprofeno,ibuprofeno,,,,69,70,ahumada,Ibupirac Forte 200 mg/5 mL x 100 mL Suspensión Oral,Ibupirac Forte 200 mg/5 mL x 100 mL Suspensión Oral,ibupirac|100ml|100,ibupirac|100ml|100|bio:unknown|brand:unknown|var:forte|form:fluid-oral,ibupirac|100ml|100,,forte,fluid-oral,,200mg/5ml,ratio,200mg/5ml,,,,unknown,,,compatible,,CFM-000140,4189,true,https://comparafarma-api.vercel.app/api/go?slug=ahumada&matchKey=ibupirac%7C100ml%7C100&url=https%3A%2F%2Fwww.farmaciasahumada.cl%2Fibupirac-forte-200-mg-5-ml-x-100-ml-suspension-oral-26091.html&cfmId=CFM-000140,1
ibuprofeno,ibuprofeno,ibuprofeno,,,,70,71,cruz-verde,Ibucalm Ibuprofeno 400 mg 10 Cápsulas blandas,Ibucalm Ibuprofeno 400 mg 10 Cápsulas blandas,ibucalm|400mg|10,ibucalm|400mg|10|bio:unknown|brand:unknown|form:solid-oral,ibucalm|400mg|10,,,solid-oral,10,,,400mg,Ibucalm,,ibuprofeno,name,,,exact,,CFM-000111,4240,true,https://comparafarma-api.vercel.app/api/go?slug=cruz-verde&matchKey=ibucalm%7C400mg%7C10&url=https%3A%2F%2Fwww.cruzverde.cl%2Fibucalm-ibuprofeno-400-mg-10-capsulas-blandas%2F545276.html&cfmId=CFM-000111,1
ibuprofeno,ibuprofeno,ibuprofeno,,,,71,72,ahumada,Dolorub 5 % x 45 g Crema Topica,Dolorub 5 % x 45 g Crema Topica,dolorub|45000mg|45,dolorub|45000mg|45|bio:unknown|brand:unknown|form:topical,dolorub|45000mg|45,,,topical,,,,5%,,,,unknown,,,compatible,,CFM-000144,4349,true,https://comparafarma-api.vercel.app/api/go?slug=ahumada&matchKey=dolorub%7C45000mg%7C45&url=https%3A%2F%2Fwww.farmaciasahumada.cl%2Fdolorub-5-x-45-g-crema-topica-79224.html&cfmId=CFM-000144,1
ibuprofeno,ibuprofeno,ibuprofeno,,,,72,73,cruz-verde,Ibupirac LC Ibuprofeno 600 mg 10 Cápsulas Blandas,Ibupirac LC Ibuprofeno 600 mg 10 Cápsulas Blandas,ibupirac|600mg|10,ibupirac|600mg|10|bio:unknown|brand:unknown|var:lc|form:solid-oral,ibupirac|600mg|10,,lc,solid-oral,10,,,600mg,Ibupirac,,ibuprofeno,name,,,exact,,CFM-000124,4390,true,https://comparafarma-api.vercel.app/api/go?slug=cruz-verde&matchKey=ibupirac%7C600mg%7C10&url=https%3A%2F%2Fwww.cruzverde.cl%2Fibupirac-lc-ibuprofeno-600-mg-10-capsulas-blandas%2F266410.html&cfmId=CFM-000124,1
ibuprofeno,ibuprofeno,ibuprofeno,,,,73,74,cruz-verde,Pyriped Ibuprofeno 400 mg 20 Cápsulas Blandas,Pyriped Ibuprofeno 400 mg 20 Cápsulas Blandas,pyriped|400mg|20,pyriped|400mg|20|bio:unknown|brand:unknown|form:solid-oral,pyriped|400mg|20,,,solid-oral,20,,,400mg,Pyriped,,ibuprofeno,name,,,exact,,CFM-000148,4490,true,https://comparafarma-api.vercel.app/api/go?slug=cruz-verde&matchKey=pyriped%7C400mg%7C20&url=https%3A%2F%2Fwww.cruzverde.cl%2Fpyriped-ibuprofeno-400-mg-20-capsulas-blandas%2F263909.html&cfmId=CFM-000148,1
ibuprofeno,ibuprofeno,ibuprofeno,,,,74,75,ecofarmacias,Ibuprofeno Deucodol Forte  200 mg/5 ml x 120 ml,Ibuprofeno Deucodol Forte  200 mg/5 ml x 120 ml,ibuprofeno|120ml|120,ibuprofeno|120ml|120|bio:unknown|brand:unknown|var:deucodol,ibuprofeno|120ml|120,,deucodol,,,200mg/5ml,ratio,200mg/5ml,,,ibuprofeno,unknown,,,exact,,CFM-000119,4690,false,https://comparafarma-api.vercel.app/api/go?slug=ecofarmacias&matchKey=ibuprofeno%7C120ml%7C120&url=https%3A%2F%2Fwww.ecofarmacias.cl%2Fproducto%2Fibuprofeno-deucodol-forte-200-mg-5-ml-x-120-ml%2F&cfmId=CFM-000119,1
ibuprofeno,ibuprofeno,ibuprofeno,,,,75,76,ahumada,Actron 600 mg x 10 Cápsulas Blandas,Actron 600 Mg 10 Cap blandas,actron|600mg|10,actron|600mg|10|bio:unknown|brand:unknown|form:solid-oral,actron|600mg|10,,,solid-oral,10,,,600mg,,,,unknown,,,compatible,,CFM-000104,4849,true,https://comparafarma-api.vercel.app/api/go?slug=ahumada&matchKey=actron%7C600mg%7C10&url=https%3A%2F%2Fwww.farmaciasahumada.cl%2Factron-600-mg-x-10-capsulas-blandas-48361.html&cfmId=CFM-000104,2
ibuprofeno,ibuprofeno,ibuprofeno,,,,75,76,easyfarma,Actron 600 Mg 10 Cap blandas,Actron 600 Mg 10 Cap blandas,actron|600mg|10,actron|600mg|10|bio:unknown|brand:unknown|form:solid-oral,actron|600mg|10,,,solid-oral,10,,,600mg,,,,unknown,,,compatible,,CFM-000104,6490,true,https://comparafarma-api.vercel.app/api/go?slug=easyfarma&matchKey=actron%7C600mg%7C10&url=https%3A%2F%2Fnuevo.easyfarma.cl%2F25052-actron-600mg-x-10.html&cfmId=CFM-000104,2
ibuprofeno,ibuprofeno,ibuprofeno,,,,76,77,easyfarma,Dolorub 5% Crema Topica Con...,Dolorub 5% Crema Topica Con...,dolorub,dolorub|bio:unknown|brand:unknown|form:topical,dolorub,,,topical,,,,5%,,,,unknown,,,exact,,CFM-000131,4990,true,https://comparafarma-api.vercel.app/api/go?slug=easyfarma&matchKey=dolorub&url=https%3A%2F%2Fnuevo.easyfarma.cl%2F104955-dolorub-5-crema-topica-con-aplicador-60-gr.html&cfmId=CFM-000131,2
ibuprofeno,ibuprofeno,ibuprofeno,,,,76,77,cruz-verde,Dolorub Ibuprofeno 5% Crema Tópica 60 gr,Dolorub 5% Crema Topica Con...,dolorub,dolorub|bio:unknown|brand:unknown|form:topical,dolorub,,,topical,,,,5%,,,,unknown,,,exact,,CFM-000131,7490,true,https://comparafarma-api.vercel.app/api/go?slug=cruz-verde&matchKey=dolorub&url=https%3A%2F%2Fwww.cruzverde.cl%2Fdolorub-ibuprofeno-5-crema-topica-60-gr%2F72106.html&cfmId=CFM-000131,2
ibuprofeno,ibuprofeno,ibuprofeno,,,,77,78,ecofarmacias,Ibucalm Ibuprofeno 600 Mg X 20 Capsulas blandas (Opko),Ibucalm Ibuprofeno 600 Mg X 20 Capsulas blandas (Opko),ibucalm|600mg|20,ibucalm|600mg|20|bio:true|brand:unknown|form:solid-oral,ibucalm|600mg|20,,,solid-oral,20,,,600mg,Ibucalm,,ibuprofeno,name,,true,exact,,CFM-000147,4990,false,https://comparafarma-api.vercel.app/api/go?slug=ecofarmacias&matchKey=ibucalm%7C600mg%7C20&url=https%3A%2F%2Fwww.ecofarmacias.cl%2Fproducto%2Fibucalm-ibuprofeno-600-mg-x-10-capsulas-blandas-opko%2F&cfmId=CFM-000147,1
ibuprofeno,ibuprofeno,ibuprofeno,,,,78,79,easyfarma,DorAliv 600 mg x 10...,DorAliv 600 mg x 10...,doraliv|600mg|10,doraliv|600mg|10|bio:unknown|brand:unknown,doraliv|600mg|10,,,,10,,,600mg,,,,unknown,,,compatible,,CFM-000138,4990,true,https://comparafarma-api.vercel.app/api/go?slug=easyfarma&matchKey=doraliv%7C600mg%7C10&url=https%3A%2F%2Fnuevo.easyfarma.cl%2F104970-doraliv-600-mg-x-10-capsulas-blandas.html&cfmId=CFM-000138,1
ibuprofeno,ibuprofeno,ibuprofeno,,,,79,80,salcobrand,DorAliv (B) Ibuprofeno 400mg 20 Cápsulas Blandas,DorAliv (B) Ibuprofeno 400mg 20 Cápsulas Blandas,doraliv|400mg|20,doraliv|400mg|20|bio:unknown|brand:notts|form:solid-oral,doraliv|400mg|20,,,solid-oral,20,,,400mg,Notts,,ibuprofeno,structured,Notts,,exact,,CFM-000121,5103,true,https://comparafarma-api.vercel.app/api/go?slug=salcobrand&matchKey=doraliv%7C400mg%7C20&url=https%3A%2F%2Fsalcobrand.cl%2Fproducts%2Fdoraliv-b-ibuprofeno-400mg-20-capsulas-blandas%3Fdefault_sku%3D585398&cfmId=CFM-000121,1
ibuprofeno,ibuprofeno,ibuprofeno,,,,80,81,ahumada,Deucodol Forte 200 mg/5 mL x 120 mL Suspension Oral,Deucodol Forte 200 mg/5 mL x 120 mL Suspension Oral,deucodol|120ml|120,deucodol|120ml|120|bio:unknown|brand:unknown|var:forte|form:fluid-oral,deucodol|120ml|120,,forte,fluid-oral,,200mg/5ml,ratio,200mg/5ml,,,,unknown,,,compatible,,CFM-000101,5173,true,https://comparafarma-api.vercel.app/api/go?slug=ahumada&matchKey=deucodol%7C120ml%7C120&url=https%3A%2F%2Fwww.farmaciasahumada.cl%2Fdeucodol-forte-200-mg-5-ml-x-120-ml-suspension-oral-92249.html&cfmId=CFM-000101,1
ibuprofeno,ibuprofeno,ibuprofeno,,,,81,82,cruz-verde,Dolorub Analgesica-Antiinflamatoria Ibuprofeno 5% Crema Tópica 45 gr,Dolorub Analgesica-Antiinflamatoria Ibuprofeno 5% Crema Tópica 45 gr,dolorub,dolorub|bio:unknown|brand:unknown|var:analgesicaantiinflamatoria|form:topical,dolorub,,analgesicaantiinflamatoria,topical,,,,5%,Dolorub,,ibuprofeno,name,,,exact,,CFM-000131,5190,true,https://comparafarma-api.vercel.app/api/go?slug=cruz-verde&matchKey=dolorub&url=https%3A%2F%2Fwww.cruzverde.cl%2Fdolorub-analgesica-antiinflamatoria-ibuprofeno-5-crema-topica-45-gr%2F273313.html&cfmId=CFM-000131,1
ibuprofeno,ibuprofeno,ibuprofeno,,,,82,83,cruz-verde,Ibucalm Ibuprofeno 600 mg 10 Cápsulas blandas,Ibucalm Ibuprofeno 600 mg 10 Cápsulas blandas,ibucalm|600mg|10,ibucalm|600mg|10|bio:unknown|brand:unknown|form:solid-oral,ibucalm|600mg|10,,,solid-oral,10,,,600mg,Ibucalm,,ibuprofeno,name,,,exact,,CFM-000129,5280,true,https://comparafarma-api.vercel.app/api/go?slug=cruz-verde&matchKey=ibucalm%7C600mg%7C10&url=https%3A%2F%2Fwww.cruzverde.cl%2Fibucalm-ibuprofeno-600-mg-10-capsulas-blandas%2F545277.html&cfmId=CFM-000129,1
ibuprofeno,ibuprofeno,ibuprofeno,,,,83,84,salcobrand,Ibuprofeno 200mg Jarabe 120ml,Ibuprofeno 200mg Jarabe 120ml,ibuprofeno|120ml,ibuprofeno|120ml|bio:unknown|brand:unknown|form:fluid-oral,ibuprofeno|120ml,,,fluid-oral,,200mg,absolute,200mg,,,ibuprofeno,unknown,Ibuprofeno,,exact,,CFM-000110,5367,true,https://comparafarma-api.vercel.app/api/go?slug=salcobrand&matchKey=ibuprofeno%7C120ml&url=https%3A%2F%2Fsalcobrand.cl%2Fproducts%2Fibuprofeno-200mg-jarabe-120ml%3Fdefault_sku%3D577406&cfmId=CFM-000110,1
ibuprofeno,ibuprofeno,ibuprofeno,,,,84,85,salcobrand,IbuAliv Forte Ibuprofeno 200mg/5ml Jarabe 100ml,IbuAliv Forte Ibuprofeno 200mg/5ml Jarabe 100ml,ibualiv|100ml,ibualiv|100ml|bio:unknown|brand:notts|var:forte|form:fluid-oral,ibualiv|100ml,,forte,fluid-oral,,200mg/5ml,ratio,200mg/5ml,Notts,,ibuprofeno,structured,Notts,,exact,,CFM-000155,5524,true,https://comparafarma-api.vercel.app/api/go?slug=salcobrand&matchKey=ibualiv%7C100ml&url=https%3A%2F%2Fsalcobrand.cl%2Fproducts%2Fibualiv-forte-ibuprofeno-200mg-5ml-jarabe-100ml%3Fdefault_sku%3D588160&cfmId=CFM-000155,1
ibuprofeno,ibuprofeno,ibuprofeno,,,,85,86,salcobrand,Ipson Forte Infantil Ibuprofeno 120ml,Ipson Forte Infantil Ibuprofeno 120ml,ipson|120ml,ipson|120ml|bio:unknown|brand:ipsonfortepediatrico|var:forte,ipson|120ml,,forte,,,,,120ml,Ipson Forte Pediatrico,,ibuprofeno,structured,Ipson Forte Pediatrico,,exact,,CFM-000103,5576,true,https://comparafarma-api.vercel.app/api/go?slug=salcobrand&matchKey=ipson%7C120ml&url=https%3A%2F%2Fsalcobrand.cl%2Fproducts%2Fipson-forte-infantil-ibuprofeno-jarabe-120ml%3Fdefault_sku%3D2971444&cfmId=CFM-000103,1
ibuprofeno,ibuprofeno,ibuprofeno,,,,86,87,salcobrand,Actron Ibuprofeno 600mg 10 Cápsulas Blandas,Actron Ibuprofeno 600mg 10 Cápsulas Blandas,actron|600mg|10,actron|600mg|10|bio:unknown|brand:actron|form:solid-oral,actron|600mg|10,,,solid-oral,10,,,600mg,Actron,,ibuprofeno,structured,Actron,,exact,,CFM-000104,5620,true,https://comparafarma-api.vercel.app/api/go?slug=salcobrand&matchKey=actron%7C600mg%7C10&url=https%3A%2F%2Fsalcobrand.cl%2Fproducts%2Fbayer-actron-ibuprofeno-600mg-10-capsulas-blandas%3Fdefault_sku%3D151610&cfmId=CFM-000104,1
ibuprofeno,ibuprofeno,ibuprofeno,,,,87,88,salcobrand,Ipson Infantil Ibuprofeno 120ml,Ipson Infantil Ibuprofeno 120ml,ipson|120ml,ipson|120ml|bio:unknown|brand:ipson|var:infantil,ipson|120ml,,infantil,,,,,120ml,Ipson,,ibuprofeno,structured,Ipson,,exact,,CFM-000103,5625,true,https://comparafarma-api.vercel.app/api/go?slug=salcobrand&matchKey=ipson%7C120ml&url=https%3A%2F%2Fsalcobrand.cl%2Fproducts%2Fipson-infantil-ibuprofeno-jarabe-120ml%3Fdefault_sku%3D2971304&cfmId=CFM-000103,1
ibuprofeno,ibuprofeno,ibuprofeno,,,,88,89,ahumada,Niofen Forte 200 mg/5 mL x 120 mL Suspensión Oral,Niofen Forte 200 mg/5 mL x 120 mL Suspensión Oral,niofen|120ml|120,niofen|120ml|120|bio:unknown|brand:unknown|var:forte|form:fluid-oral,niofen|120ml|120,,forte,fluid-oral,,200mg/5ml,ratio,200mg/5ml,,,,unknown,,,compatible,,CFM-000149,5818,true,https://comparafarma-api.vercel.app/api/go?slug=ahumada&matchKey=niofen%7C120ml%7C120&url=https%3A%2F%2Fwww.farmaciasahumada.cl%2Fniofen-forte-200-mg-5-ml-x-120-ml-suspension-oral-11882.html&cfmId=CFM-000149,1
ibuprofeno,ibuprofeno,ibuprofeno,,,,89,90,ahumada,Actron 400mg X 20 Capsulas Blandas,Actron 400mg X 20 Capsulas Blandas,actron|400mg|20,actron|400mg|20|bio:unknown|brand:unknown|form:solid-oral,actron|400mg|20,,,solid-oral,20,,,400mg,,,,unknown,,,exact,,CFM-000133,5819,true,https://comparafarma-api.vercel.app/api/go?slug=ahumada&matchKey=actron%7C400mg%7C20&url=https%3A%2F%2Fwww.farmaciasahumada.cl%2Factron-400mg-x-20-capsulas-blandas-89764.html&cfmId=CFM-000133,2
ibuprofeno,ibuprofeno,ibuprofeno,,,,89,90,cruz-verde,Actron Ibuprofeno 400 mg 20 Cápsulas Blandas,Actron 400mg X 20 Capsulas Blandas,actron|400mg|20,actron|400mg|20|bio:unknown|brand:unknown|form:solid-oral,actron|400mg|20,,,solid-oral,20,,,400mg,,,,unknown,,,exact,,CFM-000133,7728,true,https://comparafarma-api.vercel.app/api/go?slug=cruz-verde&matchKey=actron%7C400mg%7C20&url=https%3A%2F%2Fwww.cruzverde.cl%2Factron-ibuprofeno-400-mg-20-capsulas-blandas%2F393607.html&cfmId=CFM-000133,2
ibuprofeno,ibuprofeno,ibuprofeno,,,,90,91,ahumada,Dolorub 5 % x 60 g Crema Tópica,Dolorub 5 % x 60 g Crema Tópica,dolorub|60000mg|60,dolorub|60000mg|60|bio:unknown|brand:unknown|form:topical,dolorub|60000mg|60,,,topical,,,,5%,,,,unknown,,,compatible,,CFM-000154,5849,true,https://comparafarma-api.vercel.app/api/go?slug=ahumada&matchKey=dolorub%7C60000mg%7C60&url=https%3A%2F%2Fwww.farmaciasahumada.cl%2Fdolorub-5-x-60-g-crema-topica-13227.html&cfmId=CFM-000154,1
ibuprofeno,ibuprofeno,ibuprofeno,,,,91,92,salcobrand,Deucodol Forte Ibuprofeno 200mg/5ml Jarabe 120ml,Deucodol Forte Ibuprofeno 200mg/5ml Jarabe 120ml,deucodol|120ml,deucodol|120ml|bio:unknown|brand:deucodol|var:forte|form:fluid-oral,deucodol|120ml,,forte,fluid-oral,,200mg/5ml,ratio,200mg/5ml,Deucodol,,ibuprofeno,structured,Deucodol,,exact,,CFM-000156,5983,true,https://comparafarma-api.vercel.app/api/go?slug=salcobrand&matchKey=deucodol%7C120ml&url=https%3A%2F%2Fsalcobrand.cl%2Fproducts%2Fdeucodol-forte-ibuprofeno-200mg-5ml-jarabe-120ml%3Fdefault_sku%3D2100051&cfmId=CFM-000156,1
ibuprofeno,ibuprofeno,ibuprofeno,,,,92,93,araucomed,Pironal Flu Forte x 12 comprimidos.,Pironal Flu Forte x 12 comprimidos.,pironal|12,pironal|12|bio:unknown|brand:bago|var:flu|form:solid-oral,pironal|12,,flu,solid-oral,12,,,,,Bagó,,unknown,Bagó,,compatible,,CFM-000117,5990,true,https://comparafarma-api.vercel.app/api/go?slug=araucomed&matchKey=pironal%7C12&url=https%3A%2F%2Ffarmacia.araucomed.com%2Fdescongestionantes%2Fpironal-flu-forte-x12com&cfmId=CFM-000117,1
ibuprofeno,ibuprofeno,ibuprofeno,,,,93,94,easyfarma,DorAliv 600 Mg 20 Caps....,DorAliv 600 Mg 20 Caps....,doraliv|600mg,doraliv|600mg|bio:unknown|brand:unknown|form:solid-oral,doraliv|600mg,,,solid-oral,20,,,600mg,,,,unknown,,,compatible,,CFM-001061,5990,true,https://comparafarma-api.vercel.app/api/go?slug=easyfarma&matchKey=doraliv%7C600mg&url=https%3A%2F%2Fnuevo.easyfarma.cl%2F105031-doraliv-600-mg-20-caps-blandas.html&cfmId=CFM-001061,1
ibuprofeno,ibuprofeno,ibuprofeno,,,,94,95,salcobrand,DorAliv (B) Ibuprofeno 600mg 10 Cápsulas Blandas,DorAliv (B) Ibuprofeno 600mg 10 Cápsulas Blandas,doraliv|600mg|10,doraliv|600mg|10|bio:unknown|brand:notts|form:solid-oral,doraliv|600mg|10,,,solid-oral,10,,,600mg,Notts,,ibuprofeno,structured,Notts,,exact,,CFM-000138,6159,true,https://comparafarma-api.vercel.app/api/go?slug=salcobrand&matchKey=doraliv%7C600mg%7C10&url=https%3A%2F%2Fsalcobrand.cl%2Fproducts%2Fdoraliv-b-ibuprofeno-600mg-10-capsulas-blandas%3Fdefault_sku%3D583222&cfmId=CFM-000138,1
ibuprofeno,ibuprofeno,ibuprofeno,,,,95,96,salcobrand,Actron (R) Ibuprofeno 400mg 20 Cápsulas Blandas,Actron (R) Ibuprofeno 400mg 20 Cápsulas Blandas,actron|400mg|20,actron|400mg|20|bio:unknown|brand:actron|form:solid-oral,actron|400mg|20,,,solid-oral,20,,,400mg,Actron,,ibuprofeno,structured,Actron,,exact,,CFM-000133,6383,true,https://comparafarma-api.vercel.app/api/go?slug=salcobrand&matchKey=actron%7C400mg%7C20&url=https%3A%2F%2Fsalcobrand.cl%2Fproducts%2Factron-r-ibuprofeno-400mg-20-capsulas-blandas%3Fdefault_sku%3D578998&cfmId=CFM-000133,1
ibuprofeno,ibuprofeno,ibuprofeno,,,,96,97,ahumada,Ipson 100 mg/5 mL x 120 mL Suspensión Oral,Ipson 100 mg/5 mL x 120 mL Suspensión Oral,ipson|120ml|120,ipson|120ml|120|bio:unknown|brand:unknown|form:fluid-oral,ipson|120ml|120,,,fluid-oral,,100mg/5ml,ratio,100mg/5ml,,,,unknown,,,compatible,,CFM-000151,6582,true,https://comparafarma-api.vercel.app/api/go?slug=ahumada&matchKey=ipson%7C120ml%7C120&url=https%3A%2F%2Fwww.farmaciasahumada.cl%2Fipson-100-mg-5-ml-x-120-ml-suspension-oral-2531.html&cfmId=CFM-000151,1
ibuprofeno,ibuprofeno,ibuprofeno,,,,97,98,cruz-verde,Ibupirac LC Ibuprofeno 400 mg 20 Cápsulas Blandas,Ibupirac LC Ibuprofeno 400 mg 20 Cápsulas Blandas,ibupirac|400mg|20,ibupirac|400mg|20|bio:unknown|brand:unknown|var:lc|form:solid-oral,ibupirac|400mg|20,,lc,solid-oral,20,,,400mg,Ibupirac,,ibuprofeno,name,,,exact,,CFM-000125,6590,true,https://comparafarma-api.vercel.app/api/go?slug=cruz-verde&matchKey=ibupirac%7C400mg%7C20&url=https%3A%2F%2Fwww.cruzverde.cl%2Fibupirac-lc-ibuprofeno-400-mg-20-capsulas-blandas%2F257271.html&cfmId=CFM-000125,1
ibuprofeno,ibuprofeno,ibuprofeno,,,,98,99,salcobrand,Ibupirac LC (B) Ibuprofeno 600mg 10 Cápsulas Blandas,Ibupirac LC (B) Ibuprofeno 600mg 10 Cápsulas Blandas,ibupirac|600mg|10,ibupirac|600mg|10|bio:unknown|brand:ibupirac|var:lc|form:solid-oral,ibupirac|600mg|10,,lc,solid-oral,10,,,600mg,Ibupirac,,ibuprofeno,structured,Ibupirac,,exact,,CFM-000124,6599,true,https://comparafarma-api.vercel.app/api/go?slug=salcobrand&matchKey=ibupirac%7C600mg%7C10&url=https%3A%2F%2Fsalcobrand.cl%2Fproducts%2Fibupirac-lc-b-ibuprofeno-600mg-10-capsulas-blandas%3Fdefault_sku%3D2981664&cfmId=CFM-000124,1
ibuprofeno,ibuprofeno,ibuprofeno,,,,99,100,ahumada,Algiasol Forte 200 mg/5 mL x 100 mL Suspensión Oral,Algiasol Forte 200 mg/5 mL x 100 mL Suspensión Oral,algiasol|100ml|100,algiasol|100ml|100|bio:unknown|brand:unknown|var:forte|form:fluid-oral,algiasol|100ml|100,,forte,fluid-oral,,200mg/5ml,ratio,200mg/5ml,,,,unknown,,,compatible,,CFM-001336,6746,true,https://comparafarma-api.vercel.app/api/go?slug=ahumada&matchKey=algiasol%7C100ml%7C100&url=https%3A%2F%2Fwww.farmaciasahumada.cl%2Falgiasol-forte-200-mg-5-ml-x-100-ml-suspension-oral-77693.html&cfmId=CFM-001336,1
ibuprofeno,ibuprofeno,ibuprofeno,,,,100,101,cruz-verde,Ibucalm Ibuprofeno 400 mg 20 Cápsulas blandas,Ibucalm Ibuprofeno 400 mg 20 Cápsulas blandas,ibucalm|400mg|20,ibucalm|400mg|20|bio:unknown|brand:unknown|form:solid-oral,ibucalm|400mg|20,,,solid-oral,20,,,400mg,Ibucalm,,ibuprofeno,name,,,exact,,CFM-000146,6940,true,https://comparafarma-api.vercel.app/api/go?slug=cruz-verde&matchKey=ibucalm%7C400mg%7C20&url=https%3A%2F%2Fwww.cruzverde.cl%2Fibucalm-ibuprofeno-400-mg-20-capsulas-blandas%2F552317.html&cfmId=CFM-000146,1
ibuprofeno,ibuprofeno,ibuprofeno,,,,101,102,araucomed,Ipson Forte suspensión oral 200mg/5ml x120ml,Ipson Forte suspensión oral 200mg/5ml x120ml,ipson|120ml|120,ipson|120ml|120|bio:unknown|brand:unknown|var:forte|form:fluid-oral,ipson|120ml|120,,forte,fluid-oral,,200mg/5ml,ratio,200mg/5ml,,,,unknown,,,compatible,,CFM-000151,6990,true,https://comparafarma-api.vercel.app/api/go?slug=araucomed&matchKey=ipson%7C120ml%7C120&url=https%3A%2F%2Ffarmacia.araucomed.com%2Fanalgesicos-y-antinflamatorios%2Fipson-forte-suspension-oral-200mg-5ml-x120ml&cfmId=CFM-000151,2
ibuprofeno,ibuprofeno,ibuprofeno,,,,101,102,ahumada,Ipson Forte 200 mg/5 mL x 120 mL Suspensión Oral,Ipson Forte suspensión oral 200mg/5ml x120ml,ipson|120ml|120,ipson|120ml|120|bio:unknown|brand:unknown|var:forte|form:fluid-oral,ipson|120ml|120,,forte,fluid-oral,,200mg/5ml,ratio,200mg/5ml,,,,unknown,,,compatible,,CFM-000151,11990,true,https://comparafarma-api.vercel.app/api/go?slug=ahumada&matchKey=ipson%7C120ml%7C120&url=https%3A%2F%2Fwww.farmaciasahumada.cl%2Fipson-forte-200-mg-5-ml-x-120-ml-suspension-oral-28936.html&cfmId=CFM-000151,2
ibuprofeno,ibuprofeno,ibuprofeno,,,,102,103,salcobrand,Niofen Forte Ibuprofeno 200mg/5ml Jarabe 120ml,Niofen Forte Ibuprofeno 200mg/5ml Jarabe 120ml,niofen|120ml,niofen|120ml|bio:unknown|brand:niofenforte|var:forte|form:fluid-oral,niofen|120ml,,forte,fluid-oral,,200mg/5ml,ratio,200mg/5ml,Niofen Forte,,ibuprofeno,structured,Niofen Forte,,exact,,CFM-000115,7215,true,https://comparafarma-api.vercel.app/api/go?slug=salcobrand&matchKey=niofen%7C120ml&url=https%3A%2F%2Fsalcobrand.cl%2Fproducts%2Fniofen-forte-ibuprofeno-200mg-5ml-jarabe-120ml%3Fdefault_sku%3D2835635&cfmId=CFM-000115,1
ibuprofeno,ibuprofeno,ibuprofeno,,,,103,104,ecofarmacias,Ipson-D Ibuprofeno Pseudofedrina Clorhidrato 100 mg &#8211; 15 mg / 5 ml 120 Ml,Ipson-D Ibuprofeno Pseudofedrina Clorhidrato 100 mg &#8211; 15 mg / 5 ml 120 Ml,ipsond|120ml,ipsond|120ml|bio:unknown|brand:unknown|var:pseudofedrina,ipsond|120ml,,pseudofedrina,,,15mg/5ml,ratio,100mg,IpsonD,,ibuprofeno,name,,,exact,,CFM-000106,7430,false,https://comparafarma-api.vercel.app/api/go?slug=ecofarmacias&matchKey=ipsond%7C120ml&url=https%3A%2F%2Fwww.ecofarmacias.cl%2Fproducto%2Fipson-d-ibuprofeno-pseudofedrina-clorhidrato-100-mg-15-mg-5-ml-120-ml%2F&cfmId=CFM-000106,1
ibuprofeno,ibuprofeno,ibuprofeno,,,,104,105,cruz-verde,Ibucalm Ibuprofeno 600 mg 20 Cápsulas blandas,Ibucalm Ibuprofeno 600 mg 20 Cápsulas blandas,ibucalm|600mg|20,ibucalm|600mg|20|bio:unknown|brand:unknown|form:solid-oral,ibucalm|600mg|20,,,solid-oral,20,,,600mg,Ibucalm,,ibuprofeno,name,,,exact,,CFM-000147,7590,true,https://comparafarma-api.vercel.app/api/go?slug=cruz-verde&matchKey=ibucalm%7C600mg%7C20&url=https%3A%2F%2Fwww.cruzverde.cl%2Fibucalm-ibuprofeno-600-mg-20-capsulas-blandas%2F552318.html&cfmId=CFM-000147,1
ibuprofeno,ibuprofeno,ibuprofeno,,,,105,106,salcobrand,Actron (R) Ibuprofeno 600mg 20 Cápsulas Blandas,Actron (R) Ibuprofeno 600mg 20 Cápsulas Blandas,actron|600mg|20,actron|600mg|20|bio:unknown|brand:actron600|form:solid-oral,actron|600mg|20,,,solid-oral,20,,,600mg,Actron 600,,ibuprofeno,structured,Actron 600,,exact,,CFM-000143,8495,true,https://comparafarma-api.vercel.app/api/go?slug=salcobrand&matchKey=actron%7C600mg%7C20&url=https%3A%2F%2Fsalcobrand.cl%2Fproducts%2Factron-r-ibuprofeno-600mg-20-capsulas-blandas%3Fdefault_sku%3D578997&cfmId=CFM-000143,1
ibuprofeno,ibuprofeno,ibuprofeno,,,,106,107,salcobrand,Doraliv (B) Ibuprofeno 600mg 20 Cápsulas Blandas,Doraliv (B) Ibuprofeno 600mg 20 Cápsulas Blandas,doraliv|600mg|20,doraliv|600mg|20|bio:unknown|brand:notts|form:solid-oral,doraliv|600mg|20,,,solid-oral,20,,,600mg,Notts,,ibuprofeno,structured,Notts,,exact,,CFM-000142,9327,true,https://comparafarma-api.vercel.app/api/go?slug=salcobrand&matchKey=doraliv%7C600mg%7C20&url=https%3A%2F%2Fsalcobrand.cl%2Fproducts%2Fdoraliv-b-ibuprofeno-600mg-20-capsulas-blandas%3Fdefault_sku%3D585397&cfmId=CFM-000142,1
ibuprofeno,ibuprofeno,ibuprofeno,,,,107,108,cruz-verde,Actron 600 Ibuprofeno 600 mg 20 Cápsulas Blandas,Actron 600 Ibuprofeno 600 mg 20 Cápsulas Blandas,actron|600mg|20,actron|600mg|20|bio:unknown|brand:unknown|form:solid-oral,actron|600mg|20,,,solid-oral,20,,,600mg,Actron,,ibuprofeno,name,,,exact,,CFM-000143,10690,true,https://comparafarma-api.vercel.app/api/go?slug=cruz-verde&matchKey=actron%7C600mg%7C20&url=https%3A%2F%2Fwww.cruzverde.cl%2Factron-600-ibuprofeno-600-mg-20-capsulas-blandas%2F393608.html&cfmId=CFM-000143,1
ibuprofeno,ibuprofeno,ibuprofeno,,,,108,109,araucomed,Pironal Flu Forte Suspensión Oral 100ml,Pironal Flu Forte Suspensión Oral 100ml,pironal|100ml,pironal|100ml|bio:unknown|brand:bago|var:flu|form:fluid-oral,pironal|100ml,,flu,fluid-oral,,,,100ml,,Bagó,,unknown,Bagó,,compatible,,CFM-000105,10990,true,https://comparafarma-api.vercel.app/api/go?slug=araucomed&matchKey=pironal%7C100ml&url=https%3A%2F%2Ffarmacia.araucomed.com%2Fgripe-y-resfrio%2Fpironal-flu-forte-suspension-oral-100ml&cfmId=CFM-000105,1
ibuprofeno,ibuprofeno,ibuprofeno,,,,109,110,cruz-verde,Niofen Cold HBP Ibuprofeno 200 mg 10 Comprimidos,Niofen Cold HBP Ibuprofeno 200 mg 10 Comprimidos,niofen|200mg|10,niofen|200mg|10|bio:unknown|brand:unknown|var:cold|form:solid-oral,niofen|200mg|10,,cold,solid-oral,10,,,200mg,Niofen,,ibuprofeno,name,,,exact,,CFM-000728,11490,true,https://comparafarma-api.vercel.app/api/go?slug=cruz-verde&matchKey=niofen%7C200mg%7C10&url=https%3A%2F%2Fwww.cruzverde.cl%2Fniofen-cold-hbp-ibuprofeno-200-mg-10-comprimidos%2F258414.html&cfmId=CFM-000728,1
ibuprofeno,ibuprofeno,ibuprofeno,,,,110,111,araucomed,Ipson D forte suspension oral 120ml,Ipson D forte suspension oral 120ml,ipson|120ml,ipson|120ml|bio:unknown|brand:unknown|var:d|form:fluid-oral,ipson|120ml,,d,fluid-oral,,,,120ml,,,,unknown,,,compatible,,CFM-000103,11990,true,https://comparafarma-api.vercel.app/api/go?slug=araucomed&matchKey=ipson%7C120ml&url=https%3A%2F%2Ffarmacia.araucomed.com%2Fanalgesicos-y-antinflamatorios%2Fipson-d-forte-suspension-oral-120ml&cfmId=CFM-000103,1
ibuprofeno,ibuprofeno,ibuprofeno,,,,111,112,cruz-verde,Triofeno Ibuprofeno 200 mg 20 Comprimidos,Triofeno Ibuprofeno 200 mg 20 Comprimidos,triofeno|200mg|20,triofeno|200mg|20|bio:unknown|brand:unknown|form:solid-oral,triofeno|200mg|20,,,solid-oral,20,,,200mg,Triofeno,,ibuprofeno,name,,,exact,,CFM-000152,13090,true,https://comparafarma-api.vercel.app/api/go?slug=cruz-verde&matchKey=triofeno%7C200mg%7C20&url=https%3A%2F%2Fwww.cruzverde.cl%2Ftriofeno-ibuprofeno-200-mg-20-comprimidos%2F263945.html&cfmId=CFM-000152,1
ibuprofeno,ibuprofeno,ibuprofeno,,,,112,113,cruz-verde,Pironal Flu Forte Ibuprofeno 400 mg 12 Comprimidos Recubiertos,Pironal Flu Forte Ibuprofeno 400 mg 12 Comprimidos Recubiertos,pironal|400mg|12,pironal|400mg|12|bio:unknown|brand:unknown|var:flu|form:solid-oral,pironal|400mg|12,,flu,solid-oral,12,,,400mg,Pironal,,ibuprofeno,name,,,exact,,CFM-000729,15290,true,https://comparafarma-api.vercel.app/api/go?slug=cruz-verde&matchKey=pironal%7C400mg%7C12&url=https%3A%2F%2Fwww.cruzverde.cl%2Fpironal-flu-forte-ibuprofeno-400-mg-12-comprimidos-recubiertos%2F257146.html&cfmId=CFM-000729,1
ibuprofeno,ibuprofeno,ibuprofeno,,,,113,114,cruz-verde,Pironal Flu Forte Ibuprofeno 200 mg Suspensión 100 mL,Pironal Flu Forte Ibuprofeno 200 mg Suspensión 100 mL,pironal|100ml,pironal|100ml|bio:unknown|brand:unknown|var:flu|form:fluid-oral,pironal|100ml,,flu,fluid-oral,,200mg,absolute,200mg,Pironal,,ibuprofeno,name,,,exact,,CFM-000105,17390,true,https://comparafarma-api.vercel.app/api/go?slug=cruz-verde&matchKey=pironal%7C100ml&url=https%3A%2F%2Fwww.cruzverde.cl%2Fpironal-flu-forte-ibuprofeno-200-mg-suspension-100-ml%2F257148.html&cfmId=CFM-000105,1
ibuprofeno,ibuprofeno,ibuprofeno,,,,114,115,cruz-verde,Pironal Forte Ibuprofeno 200 mg/5mL Suspensión 100 mL,Pironal Forte Ibuprofeno 200 mg/5mL Suspensión 100 mL,pironal|100ml,pironal|100ml|bio:unknown|brand:unknown|var:forte|form:fluid-oral,pironal|100ml,,forte,fluid-oral,,200mg/5ml,ratio,200mg/5ml,Pironal,,ibuprofeno,name,,,exact,,CFM-000105,19290,true,https://comparafarma-api.vercel.app/api/go?slug=cruz-verde&matchKey=pironal%7C100ml&url=https%3A%2F%2Fwww.cruzverde.cl%2Fpironal-forte-ibuprofeno-200-mg-5ml-suspension-100-ml%2F9185.html&cfmId=CFM-000105,1
losartan 50mg,losartan-50mg,losartan,50mg,,,0,1,ecofarmacias,Losartan 50 mg x 30 comprimidos (LCH) DESCUENTO,Losartan 50 mg x 30 comprimidos (LCH) DESCUENTO,losartan|50mg|30,losartan|50mg|30|bio:true|brand:unknown|form:solid-oral,losartan|50mg|30,,,solid-oral,30,,,50mg,,,losartan,unknown,,true,exact,exact,CFM-000801,490,false,https://comparafarma-api.vercel.app/api/go?slug=ecofarmacias&matchKey=losartan%7C50mg%7C30&url=https%3A%2F%2Fwww.ecofarmacias.cl%2Fproducto%2Flosartan-50-mg-x-30-comprimidos-lch-descuento%2F&cfmId=CFM-000801,2
losartan 50mg,losartan-50mg,losartan,50mg,,,0,1,ahumada,Losartan Potasico 50 mg x 30 Comprimidos Recubiertos,Losartan 50 mg x 30 comprimidos (LCH) DESCUENTO,losartan|50mg|30,losartan|50mg|30|bio:true|brand:unknown|form:solid-oral,losartan|50mg|30,,,solid-oral,30,,,50mg,,,losartan,unknown,,true,exact,exact,CFM-000801,1169,true,https://comparafarma-api.vercel.app/api/go?slug=ahumada&matchKey=losartan%7C50mg%7C30&url=https%3A%2F%2Fwww.farmaciasahumada.cl%2Flosartan-potasico-50-mg-x-30-comprimidos-recubiertos-92800.html&cfmId=CFM-000801,2
losartan 50mg,losartan-50mg,losartan,50mg,,,1,2,araucomed,Losartan Potasico 50 mg x30com. (Hospifarma),Losartan Potasico 50 mg x30com. (Hospifarma),losartan|50mg|30,losartan|50mg|30|bio:unknown|brand:hospifarma|form:solid-oral,losartan|50mg|30,,,solid-oral,30,,,50mg,,Hospifarma,losartan,unknown,Hospifarma,,exact,exact,CFM-000801,600,false,https://comparafarma-api.vercel.app/api/go?slug=araucomed&matchKey=losartan%7C50mg%7C30&url=https%3A%2F%2Ffarmacia.araucomed.com%2Fantihipertensivos%2Flosartan-potasico-50-mg-x30com-hospifarma&cfmId=CFM-000801,1
losartan 50mg,losartan-50mg,losartan,50mg,,,2,3,araucomed,Losartan Potasico 50 mg x 30 comprimidos. (Opko),Losartan Potasico 50 mg x 30 comprimidos. (Opko),losartan|50mg|30,losartan|50mg|30|bio:unknown|brand:opko|form:solid-oral,losartan|50mg|30,,,solid-oral,30,,,50mg,,Opko,losartan,unknown,Opko,,exact,exact,CFM-000801,800,false,https://comparafarma-api.vercel.app/api/go?slug=araucomed&matchKey=losartan%7C50mg%7C30&url=https%3A%2F%2Ffarmacia.araucomed.com%2Fantihipertensivos%2Flosartan-potasico-50-mg-x30com-opko&cfmId=CFM-000801,2
losartan 50mg,losartan-50mg,losartan,50mg,,,2,3,farmex,"Losartan Potásico 50 mg x 30 Comprimidos ""Ley Cenabast""",Losartan Potasico 50 mg x 30 comprimidos. (Opko),losartan|50mg|30,losartan|50mg|30|bio:unknown|brand:opko|form:solid-oral,losartan|50mg|30,,,solid-oral,30,,,50mg,,Opko,losartan,unknown,Opko,,exact,exact,CFM-000801,995,true,https://comparafarma-api.vercel.app/api/go?slug=farmex&matchKey=losartan%7C50mg%7C30&url=https%3A%2F%2Ffarmex.cl%2Fproducts%2Flosartan-potasico-50-mg-x-30-comprimidos-ley-cenabast%3F_pos%3D6%26_psq%3Dlosartan%26_psid%3D666c76c79%26_ss%3De&cfmId=CFM-000801,2
losartan 50mg,losartan-50mg,losartan,50mg,,,3,4,araucomed,Losartan Potasico 50 mg x30com. (Mintlab),Losartan Potasico 50 mg x30com. (Mintlab),losartan|50mg|30,losartan|50mg|30|bio:unknown|brand:mintlab|form:solid-oral,losartan|50mg|30,,,solid-oral,30,,,50mg,,Mintlab,losartan,unknown,Mintlab,,exact,exact,CFM-000801,900,false,https://comparafarma-api.vercel.app/api/go?slug=araucomed&matchKey=losartan%7C50mg%7C30&url=https%3A%2F%2Ffarmacia.araucomed.com%2Fantihipertensivos%2Flosartan-potasico-50-mg-x30com-mintlab&cfmId=CFM-000801,1
losartan 50mg,losartan-50mg,losartan,50mg,,,4,5,araucomed,Losartan Potasico 50 mg x 30 comprimidos. (Seven Pharma),Losartan Potasico 50 mg x 30 comprimidos. (Seven Pharma),losartan|50mg|30,losartan|50mg|30|bio:unknown|brand:sevenpharma|form:solid-oral,losartan|50mg|30,,,solid-oral,30,,,50mg,,Seven Pharma,losartan,unknown,Seven Pharma,,exact,exact,CFM-000801,900,false,https://comparafarma-api.vercel.app/api/go?slug=araucomed&matchKey=losartan%7C50mg%7C30&url=https%3A%2F%2Ffarmacia.araucomed.com%2Fantihipertensivos%2Flosartan-potasico-50-mg-x-30-comprimidos-seven-pharma&cfmId=CFM-000801,1
losartan 50mg,losartan-50mg,losartan,50mg,,,5,6,farmex,Losartan Potásico 50 mg x 30 comprimidos,Losartan Potásico 50 mg x 30 comprimidos,losartan|50mg|30,losartan|50mg|30|bio:unknown|brand:chile|form:solid-oral,losartan|50mg|30,,,solid-oral,30,,,50mg,,Chile,losartan,unknown,CHILE,,exact,exact,CFM-000801,990,true,https://comparafarma-api.vercel.app/api/go?slug=farmex&matchKey=losartan%7C50mg%7C30&url=https%3A%2F%2Ffarmex.cl%2Fproducts%2Flosart-bioequivalente-comprimidos-recubiertos-losartan-potasico%3F_pos%3D1%26_psq%3Dlosartan%26_psid%3D666c76c79%26_ss%3De&cfmId=CFM-000801,2
losartan 50mg,losartan-50mg,losartan,50mg,,,5,6,araucomed,Losartan Potasico 50 mg x 30 comprimidos. (Chile),Losartan Potásico 50 mg x 30 comprimidos,losartan|50mg|30,losartan|50mg|30|bio:unknown|brand:chile|form:solid-oral,losartan|50mg|30,,,solid-oral,30,,,50mg,,Chile,losartan,unknown,CHILE,,exact,exact,CFM-000801,1200,true,https://comparafarma-api.vercel.app/api/go?slug=araucomed&matchKey=losartan%7C50mg%7C30&url=https%3A%2F%2Ffarmacia.araucomed.com%2Fantihipertensivos%2Flosartan-potasico-50mg-30com-chile&cfmId=CFM-000801,2
losartan 50mg,losartan-50mg,losartan,50mg,,,6,7,araucomed,Losartan Potasico 50 mg x 30 comprimidos. (Ascend),Losartan Potasico 50 mg x 30 comprimidos. (Ascend),losartan|50mg|30,losartan|50mg|30|bio:unknown|brand:ascend|form:solid-oral,losartan|50mg|30,,,solid-oral,30,,,50mg,,Ascend,losartan,unknown,Ascend,,exact,exact,CFM-000801,990,true,https://comparafarma-api.vercel.app/api/go?slug=araucomed&matchKey=losartan%7C50mg%7C30&url=https%3A%2F%2Ffarmacia.araucomed.com%2Fantihipertensivos%2Flosartan-potasico-50-mg-x30com-ascend&cfmId=CFM-000801,1
losartan 50mg,losartan-50mg,losartan,50mg,,,7,8,araucomed,Losartan Potasico 50 mg x30com. (Eurofarma),Losartan Potasico 50 mg x30com. (Eurofarma),losartan|50mg|30,losartan|50mg|30|bio:unknown|brand:eurofarma|form:solid-oral,losartan|50mg|30,,,solid-oral,30,,,50mg,,Eurofarma,losartan,unknown,Eurofarma,,exact,exact,CFM-000801,990,false,https://comparafarma-api.vercel.app/api/go?slug=araucomed&matchKey=losartan%7C50mg%7C30&url=https%3A%2F%2Ffarmacia.araucomed.com%2Fantihipertensivos%2Flosartan-potasico-50-mg-x30com-eurofarma&cfmId=CFM-000801,1
losartan 50mg,losartan-50mg,losartan,50mg,,,8,9,easyfarma,Losartan 50 mg 30...,Losartan 50 mg 30...,losartan|50mg,losartan|50mg|bio:unknown|brand:unknown,losartan|50mg,,,,,,,50mg,,,losartan,unknown,,,exact,exact,CFM-001412,1490,true,https://comparafarma-api.vercel.app/api/go?slug=easyfarma&matchKey=losartan%7C50mg&url=https%3A%2F%2Fnuevo.easyfarma.cl%2F24682-losartan-50-mg-x-30.html&cfmId=CFM-001412,1
losartan 50mg,losartan-50mg,losartan,50mg,,,9,10,salcobrand,Losartan (B) 50mg 30 Comprimidos Recubiertos,Losartan (B) 50mg 30 Comprimidos Recubiertos,losartan|50mg|30,losartan|50mg|30|bio:unknown|brand:unknown|form:solid-oral,losartan|50mg|30,,,solid-oral,30,,,50mg,,,losartan,unknown,Losartan,,exact,exact,CFM-000801,1495,true,https://comparafarma-api.vercel.app/api/go?slug=salcobrand&matchKey=losartan%7C50mg%7C30&url=https%3A%2F%2Fsalcobrand.cl%2Fproducts%2Flosartan-b-50mg-x-30-comprimidos%3Fdefault_sku%3D1763151&cfmId=CFM-000801,2
losartan 50mg,losartan-50mg,losartan,50mg,,,9,10,cruz-verde,Losartan Potasico 50 mg 30 Comprimidos,Losartan (B) 50mg 30 Comprimidos Recubiertos,losartan|50mg|30,losartan|50mg|30|bio:unknown|brand:unknown|form:solid-oral,losartan|50mg|30,,,solid-oral,30,,,50mg,,,losartan,unknown,Losartan,,exact,exact,CFM-000801,1840,true,https://comparafarma-api.vercel.app/api/go?slug=cruz-verde&matchKey=losartan%7C50mg%7C30&url=https%3A%2F%2Fwww.cruzverde.cl%2Flosartan-potasico-50-mg-30-comprimidos%2F268539.html&cfmId=CFM-000801,2
losartan 50mg,losartan-50mg,losartan,50mg,,,10,11,farmex,Losartan Potásico + Hidroclorotiazida 50 mg / 12.5 mg x 30 comprimidos,Losartan Potásico + Hidroclorotiazida 50 mg / 12.5 mg x 30 comprimidos,losartan|50mg|30,losartan|50mg|30|bio:unknown|brand:ascend|combo:hidroclorotiazida|form:solid-oral,losartan|50mg|30,hidroclorotiazida,,solid-oral,30,,,50mg,,Ascend,,unknown,ASCEND,,exact,exact,CFM-000801,1990,true,https://comparafarma-api.vercel.app/api/go?slug=farmex&matchKey=losartan%7C50mg%7C30&url=https%3A%2F%2Ffarmex.cl%2Fproducts%2Flosartan-potasico-hidroclorotiazida-50-12-5-mg-x-30-comprimidos-1%3F_pos%3D2%26_psq%3Dlosartan%26_psid%3D666c76c79%26_ss%3De&cfmId=CFM-000801,1
losartan 50mg,losartan-50mg,losartan,50mg,,,11,12,ahumada,Losartan/Hidroclorotiazida 50 mg/12.5 mg x 30 Comprimidos Recubiertos ASCEND,Losartan Potásico + Hidroclorotiazida 50 mg/12.5 mg x 30 comp.,losartan|50mg|30,losartan|50mg|30|bio:unknown|brand:unknown|combo:hidroclorotiazida|form:solid-oral,losartan|50mg|30,hidroclorotiazida,,solid-oral,30,,,50mg,,,,unknown,,,exact,exact,CFM-000801,2179,true,https://comparafarma-api.vercel.app/api/go?slug=ahumada&matchKey=losartan%7C50mg%7C30&url=https%3A%2F%2Fwww.farmaciasahumada.cl%2Flosartan-hidroclorotiazida-50-mg-12.5-mg-x-30-comprimidos-recubiertos-ascend-86373.html&cfmId=CFM-000801,2
losartan 50mg,losartan-50mg,losartan,50mg,,,11,12,ecofarmacias,Losartan Potásico + Hidroclorotiazida 50 mg/12.5 mg x 30 comp.,Losartan Potásico + Hidroclorotiazida 50 mg/12.5 mg x 30 comp.,losartan|50mg|30,losartan|50mg|30|bio:unknown|brand:unknown|combo:hidroclorotiazida|form:solid-oral,losartan|50mg|30,hidroclorotiazida,,solid-oral,30,,,50mg,,,,unknown,,,exact,exact,CFM-000801,2180,true,https://comparafarma-api.vercel.app/api/go?slug=ecofarmacias&matchKey=losartan%7C50mg%7C30&url=https%3A%2F%2Fwww.ecofarmacias.cl%2Fproducto%2Flosartan-potasico-hidroclorotiazida-50-mg-12-5-mg-x-30-comp%2F&cfmId=CFM-000801,2
losartan 50mg,losartan-50mg,losartan,50mg,,,12,13,farmex,"Losartán Potásico / Hidroclorotiazida 50 mg / 12,5 mg x 30 comprimidos","Losartán Potásico / Hidroclorotiazida 50 mg / 12,5 mg x 30 comprimidos",losartan|50mg|30,losartan|50mg|30|bio:unknown|brand:opko|combo:hidroclorotiazida|form:solid-oral,losartan|50mg|30,hidroclorotiazida,,solid-oral,30,,,50mg,,Opko,,unknown,OPKO,,exact,exact,CFM-000801,2590,true,https://comparafarma-api.vercel.app/api/go?slug=farmex&matchKey=losartan%7C50mg%7C30&url=https%3A%2F%2Ffarmex.cl%2Fproducts%2Flosartan-potasico-hidroclorotiazida-50-mg-12-5-mg-x-30-comprimidos%3F_pos%3D10%26_psq%3Dlosartan%26_psid%3D666c76c79%26_ss%3De&cfmId=CFM-000801,1
losartan 50mg,losartan-50mg,losartan,50mg,,,13,14,ecofarmacias,Losartan 50 mg / Hidroclorotiazida 12.5 mg x 30 Comp.,Losartan 50 mg / Hidroclorotiazida 12.5 mg x 30 Comp.,losartan|50mg|30,losartan|50mg|30|bio:true|brand:unknown|combo:hidroclorotiazida|form:solid-oral,losartan|50mg|30,hidroclorotiazida,,solid-oral,30,,,50mg,,,,unknown,,true,exact,exact,CFM-000801,2980,false,https://comparafarma-api.vercel.app/api/go?slug=ecofarmacias&matchKey=losartan%7C50mg%7C30&url=https%3A%2F%2Fwww.ecofarmacias.cl%2Fproducto%2Flosartan-50-mg-hidroclorotiazida-12-5-mg-x-30-comp%2F&cfmId=CFM-000801,1
losartan 50mg,losartan-50mg,losartan,50mg,,,14,15,cruz-verde,Lopren Losartan Potasico 50 mg 30 Comprimidos Recubiertos,Lopren Losartan Potasico 50 mg 30 Comprimidos Recubiertos,lopren|50mg|30,lopren|50mg|30|bio:unknown|brand:unknown|form:solid-oral,lopren|50mg|30,,,solid-oral,30,,,50mg,Lopren,,losartan,name,,,exact,exact,CFM-001227,7890,true,https://comparafarma-api.vercel.app/api/go?slug=cruz-verde&matchKey=lopren%7C50mg%7C30&url=https%3A%2F%2Fwww.cruzverde.cl%2Flopren-losartan-potasico-50-mg-30-comprimidos-recubiertos%2F256772.html&cfmId=CFM-001227,1
losartan 50mg,losartan-50mg,losartan,50mg,,,15,16,araucomed,Cozaar 50 mg x30com,Cozaar 50 mg x30com,cozaar|50mg|30,cozaar|50mg|30|bio:unknown|brand:unknown|form:solid-oral,cozaar|50mg|30,,,solid-oral,30,,,50mg,,,,unknown,,,exact,exact,CFM-001229,11890,false,https://comparafarma-api.vercel.app/api/go?slug=araucomed&matchKey=cozaar%7C50mg%7C30&url=https%3A%2F%2Ffarmacia.araucomed.com%2Fantihipertensivos%2Fcozaar-50-mg-x30com&cfmId=CFM-001229,3
losartan 50mg,losartan-50mg,losartan,50mg,,,15,16,ahumada,Cozaar 50 mg x 30 Comprimidos Recubiertos,Cozaar 50 mg x30com,cozaar|50mg|30,cozaar|50mg|30|bio:unknown|brand:unknown|form:solid-oral,cozaar|50mg|30,,,solid-oral,30,,,50mg,,,,unknown,,,exact,exact,CFM-001229,14689,true,https://comparafarma-api.vercel.app/api/go?slug=ahumada&matchKey=cozaar%7C50mg%7C30&url=https%3A%2F%2Fwww.farmaciasahumada.cl%2Fcozaar-50-mg-x-30-comprimidos-recubiertos-12911.html&cfmId=CFM-001229,3
losartan 50mg,losartan-50mg,losartan,50mg,,,15,16,cruz-verde,Cozaar Losartan Potasico 50 mg 30 Comprimidos,Cozaar 50 mg x30com,cozaar|50mg|30,cozaar|50mg|30|bio:unknown|brand:unknown|form:solid-oral,cozaar|50mg|30,,,solid-oral,30,,,50mg,,,,unknown,,,exact,exact,CFM-001229,35640,true,https://comparafarma-api.vercel.app/api/go?slug=cruz-verde&matchKey=cozaar%7C50mg%7C30&url=https%3A%2F%2Fwww.cruzverde.cl%2Fcozaar-losartan-potasico-50-mg-30-comprimidos%2F197022.html&cfmId=CFM-001229,3
losartan 50mg,losartan-50mg,losartan,50mg,,,16,17,ahumada,Hyzaar 50 mg/12.5 mg x 30 Comprimidos Recubiertos,Hyzaar 50 mg/12.5 mg x 30 Comprimidos Recubiertos,hyzaar|50mg|30,hyzaar|50mg|30|bio:unknown|brand:unknown|form:solid-oral,hyzaar|50mg|30,,,solid-oral,30,,,50mg,,,,unknown,,,compatible,exact,CFM-001214,12826,true,https://comparafarma-api.vercel.app/api/go?slug=ahumada&matchKey=hyzaar%7C50mg%7C30&url=https%3A%2F%2Fwww.farmaciasahumada.cl%2Fhyzaar-50-mg-12.5-mg-x-30-comprimidos-recubiertos-13167.html&cfmId=CFM-001214,1
losartan 50mg,losartan-50mg,losartan,50mg,,,17,18,ahumada,Simperten-D 50 mg/12.5 mg x 30 Comprimidos Recubiertos,Simperten-D Losartan 50 mg 30 Comprimidos Recubierto,simpertend|50mg|30,simpertend|50mg|30|bio:unknown|brand:unknown|form:solid-oral,simpertend|50mg|30,,,solid-oral,30,,,50mg,SimpertenD,,losartan,name,,,exact,exact,CFM-001211,16849,true,https://comparafarma-api.vercel.app/api/go?slug=ahumada&matchKey=simpertend%7C50mg%7C30&url=https%3A%2F%2Fwww.farmaciasahumada.cl%2Fsimperten-d-50-mg-12.5-mg-x-30-comprimidos-recubiertos-20238.html&cfmId=CFM-001211,2
losartan 50mg,losartan-50mg,losartan,50mg,,,17,18,cruz-verde,Simperten-D Losartan 50 mg 30 Comprimidos Recubierto,Simperten-D Losartan 50 mg 30 Comprimidos Recubierto,simpertend|50mg|30,simpertend|50mg|30|bio:unknown|brand:unknown|form:solid-oral,simpertend|50mg|30,,,solid-oral,30,,,50mg,SimpertenD,,losartan,name,,,exact,exact,CFM-001211,30690,true,https://comparafarma-api.vercel.app/api/go?slug=cruz-verde&matchKey=simpertend%7C50mg%7C30&url=https%3A%2F%2Fwww.cruzverde.cl%2Fsimperten-d-losartan-50-mg-30-comprimidos-recubierto%2F1417.html&cfmId=CFM-001211,2
losartan 50mg,losartan-50mg,losartan,50mg,,,18,19,ahumada,Corodin 50 mg x 30 Comprimidos Recubiertos,Corodin 50 mg x 30 Comprimidos Recubiertos,corodin|50mg|30,corodin|50mg|30|bio:true|brand:unknown|form:solid-oral,corodin|50mg|30,,,solid-oral,30,,,50mg,,,,unknown,,true,compatible,exact,CFM-001223,19246,true,https://comparafarma-api.vercel.app/api/go?slug=ahumada&matchKey=corodin%7C50mg%7C30&url=https%3A%2F%2Fwww.farmaciasahumada.cl%2Fcorodin-50-mg-x-30-comprimidos-recubiertos-28998.html&cfmId=CFM-001223,1
losartan 50mg,losartan-50mg,losartan,50mg,,,19,20,ahumada,Losapres 50 mg x 30 Comprimidos Recubiertos,Losapres 50 mg x 30 Comprimidos Recubiertos,losapres|50mg|30,losapres|50mg|30|bio:true|brand:unknown|form:solid-oral,losapres|50mg|30,,,solid-oral,30,,,50mg,,,,unknown,,true,compatible,exact,CFM-001213,22462,true,https://comparafarma-api.vercel.app/api/go?slug=ahumada&matchKey=losapres%7C50mg%7C30&url=https%3A%2F%2Fwww.farmaciasahumada.cl%2Flosapres-50-mg-x-30-comprimidos-recubiertos-17995.html&cfmId=CFM-001213,1
losartan 50mg,losartan-50mg,losartan,50mg,,,20,21,ahumada,Losapres-D 50 mg/12.5 mg x 30 Comprimidos Recubiertos,Losapres-D 50 mg/12.5 mg x 30 Comprimidos Recubiertos,losapresd|50mg|30,losapresd|50mg|30|bio:unknown|brand:unknown|form:solid-oral,losapresd|50mg|30,,,solid-oral,30,,,50mg,,,,unknown,,,compatible,exact,CFM-001210,23074,true,https://comparafarma-api.vercel.app/api/go?slug=ahumada&matchKey=losapresd%7C50mg%7C30&url=https%3A%2F%2Fwww.farmaciasahumada.cl%2Flosapres-d-50-mg-12.5-mg-x-30-comprimidos-recubiertos-18296.html&cfmId=CFM-001210,1
losartan 50mg,losartan-50mg,losartan,50mg,,,21,22,salcobrand,Corodin (B) Losartán Potásico 50mg 30 Comprimidos Recubiertos,Corodin (B) Losartán Potásico 50mg 30 Comprimidos Recubiertos,corodin|50mg|30,corodin|50mg|30|bio:unknown|brand:corodin|form:solid-oral,corodin|50mg|30,,,solid-oral,30,,,50mg,Corodin,,losartan,structured,Corodin,,exact,exact,CFM-001223,25343,true,https://comparafarma-api.vercel.app/api/go?slug=salcobrand&matchKey=corodin%7C50mg%7C30&url=https%3A%2F%2Fsalcobrand.cl%2Fproducts%2Fcorodin-b-losartan-potasico-50mg-30-comprimidos-recubiertos%3Fdefault_sku%3D2831619&cfmId=CFM-001223,1
losartan 50mg,losartan-50mg,losartan,50mg,,,22,23,cruz-verde,"Hyzaar Losartan / Hidroclorotiazida 50 mg / 12,5 mg 30 Comprimidos","Hyzaar Losartan / Hidroclorotiazida 50 mg / 12,5 mg 30 Comprimidos",hyzaar|50mg|30,hyzaar|50mg|30|bio:unknown|brand:unknown|combo:hidroclorotiazida|form:solid-oral,hyzaar|50mg|30,hidroclorotiazida,,solid-oral,30,,,50mg,,,,unknown,,,exact,exact,CFM-001214,26640,true,https://comparafarma-api.vercel.app/api/go?slug=cruz-verde&matchKey=hyzaar%7C50mg%7C30&url=https%3A%2F%2Fwww.cruzverde.cl%2Fhyzaar-losartan-hidroclorotiazida-50-mg-12-5-mg-30-comprimidos%2F197018.html&cfmId=CFM-001214,1
losartan 50mg,losartan-50mg,losartan,50mg,,,23,24,salcobrand,Losapres (B) Losartán 50mg 30 Comprimidos Recubiertos,Losapres (B) Losartán 50mg 30 Comprimidos Recubiertos,losapres|50mg|30,losapres|50mg|30|bio:unknown|brand:losapres|form:solid-oral,losapres|50mg|30,,,solid-oral,30,,,50mg,Losapres,,losartan,structured,Losapres ,,exact,exact,CFM-001213,28247,true,https://comparafarma-api.vercel.app/api/go?slug=salcobrand&matchKey=losapres%7C50mg%7C30&url=https%3A%2F%2Fsalcobrand.cl%2Fproducts%2Flosapres-b-losartan-50mg-30-comprimidos-recubiertos%3Fdefault_sku%3D2571192&cfmId=CFM-001213,1
losartan 50mg,losartan-50mg,losartan,50mg,,,24,25,cruz-verde,Corodin Losartan Potasico 50 mg 30 Comprimidos,Corodin Losartan Potasico 50 mg 30 Comprimidos,corodin|50mg|30,corodin|50mg|30|bio:unknown|brand:unknown|form:solid-oral,corodin|50mg|30,,,solid-oral,30,,,50mg,Corodin,,losartan,name,,,exact,exact,CFM-001223,28790,true,https://comparafarma-api.vercel.app/api/go?slug=cruz-verde&matchKey=corodin%7C50mg%7C30&url=https%3A%2F%2Fwww.cruzverde.cl%2Fcorodin-losartan-potasico-50-mg-30-comprimidos%2F4540.html&cfmId=CFM-001223,1
losartan 50mg,losartan-50mg,losartan,50mg,,,25,26,cruz-verde,Losapres Losartán Potásico 50 mg 30 Comprimidos Recubiertos,Losapres Losartán Potásico 50 mg 30 Comprimidos Recubiertos,losapres|50mg|30,losapres|50mg|30|bio:unknown|brand:unknown|form:solid-oral,losapres|50mg|30,,,solid-oral,30,,,50mg,Losapres,,losartan,name,,,exact,exact,CFM-001213,32090,true,https://comparafarma-api.vercel.app/api/go?slug=cruz-verde&matchKey=losapres%7C50mg%7C30&url=https%3A%2F%2Fwww.cruzverde.cl%2Flosapres-losartan-potasico-50-mg-30-comprimidos-recubiertos%2F161122.html&cfmId=CFM-001213,1
losartan 50mg,losartan-50mg,losartan,50mg,,,26,27,salcobrand,Cozaar (R) Losartán 50mg 30 Comprimidos Recubiertos,Cozaar (R) Losartán 50mg 30 Comprimidos Recubiertos,cozaar|50mg|30,cozaar|50mg|30|bio:unknown|brand:cozaar|form:solid-oral,cozaar|50mg|30,,,solid-oral,30,,,50mg,Cozaar,,losartan,structured,Cozaar,,exact,exact,CFM-001229,32559,true,https://comparafarma-api.vercel.app/api/go?slug=salcobrand&matchKey=cozaar%7C50mg%7C30&url=https%3A%2F%2Fsalcobrand.cl%2Fproducts%2Fcozaar-r-losartan-50mg-30-comprimidos-recubiertos%3Fdefault_sku%3D2020301&cfmId=CFM-001229,1
losartan 50mg,losartan-50mg,losartan,50mg,,,27,28,araucomed,"Losartan Hidroclorotiazida 50/12,5 x30com (Eurofarma)","Losartan Hidroclorotiazida 50/12,5 x30com (Eurofarma)",losartan|30,losartan|30|bio:unknown|brand:eurofarma|form:solid-oral,losartan|30,,,solid-oral,30,,,,,Eurofarma,losartan,unknown,Eurofarma,,exact,unknown,CFM-001208,1590,false,https://comparafarma-api.vercel.app/api/go?slug=araucomed&matchKey=losartan%7C30&url=https%3A%2F%2Ffarmacia.araucomed.com%2Fantihipertensivos%2Flosartan-hidroclorotiazida-50-125-x30com-eurofarma&cfmId=CFM-001208,1
losartan 50mg,losartan-50mg,losartan,50mg,,,28,29,easyfarma,Losartan +...,Losartan +...,losartan,losartan|bio:unknown|brand:opko,losartan,,,,,,,,,,losartan,unknown,,,exact,unknown,CFM-001279,2990,true,https://comparafarma-api.vercel.app/api/go?slug=easyfarma&matchKey=losartan&url=https%3A%2F%2Fnuevo.easyfarma.cl%2F103505-losartan-hidroclorotiazida-50-mg-125-mg-x-30-comp-lab-opko.html&cfmId=CFM-001279,1
losartan 50mg,losartan-50mg,losartan,50mg,,,29,30,easyfarma,Losartan +...,Losartan +...,losartan,losartan|bio:unknown|brand:ascend,losartan,,,,,,,,,,losartan,unknown,,,exact,unknown,CFM-001279,3490,true,https://comparafarma-api.vercel.app/api/go?slug=easyfarma&matchKey=losartan&url=https%3A%2F%2Fnuevo.easyfarma.cl%2F64836-losartan-hidroclorotiazida-50-125-x-30-comp-ascend.html&cfmId=CFM-001279,1
losartan 50mg,losartan-50mg,losartan,50mg,,,30,31,ecofarmacias,Losartan + Hidroclorotiazida 100/25 x 30 Comp Eurofarma,Losartan / Hidroclorotiazida (B) 50/12.5 30 Comprimidos Recubiertos,losartan|30,losartan|30|bio:unknown|brand:unknown|combo:hidroclorotiazida|form:solid-oral,losartan|30,hidroclorotiazida,,solid-oral,30,,,,,,,unknown,Losartan / Hidroclorotiazida,,exact,unknown,CFM-001208,3990,false,https://comparafarma-api.vercel.app/api/go?slug=ecofarmacias&matchKey=losartan%7C30&url=https%3A%2F%2Fwww.ecofarmacias.cl%2Fproducto%2Flosartan-potasico-hidroclorotiazida-100-25-x-30-comprimidos-recubiertos-eurofarma%2F&cfmId=CFM-001208,2
losartan 50mg,losartan-50mg,losartan,50mg,,,30,31,salcobrand,Losartan / Hidroclorotiazida (B) 50/12.5 30 Comprimidos Recubiertos,Losartan / Hidroclorotiazida (B) 50/12.5 30 Comprimidos Recubiertos,losartan|30,losartan|30|bio:unknown|brand:unknown|combo:hidroclorotiazida|form:solid-oral,losartan|30,hidroclorotiazida,,solid-oral,30,,,,,,,unknown,Losartan / Hidroclorotiazida,,exact,unknown,CFM-001208,8271,true,https://comparafarma-api.vercel.app/api/go?slug=salcobrand&matchKey=losartan%7C30&url=https%3A%2F%2Fsalcobrand.cl%2Fproducts%2Flosartan-hidroclorotiazida-b-50-12-5-30-comprimidos-recubiertos%3Fdefault_sku%3D580802&cfmId=CFM-001208,2
losartan 50mg,losartan-50mg,losartan,50mg,,,31,32,salcobrand,Lorsartán Potásico / Hidroclorotiazida 50/12.5 30 Comprimidos Recubiertos,Lorsartán Potásico / Hidroclorotiazida 50/12.5 30 Comprimidos Recubiertos,lorsartan|30,lorsartan|30|bio:unknown|brand:unknown|combo:hidroclorotiazida|form:solid-oral,lorsartan|30,hidroclorotiazida,,solid-oral,30,,,,,,,unknown,Lorsartán Potásico/Hidroclorotiazida ,,compatible,unknown,CFM-001216,6247,true,https://comparafarma-api.vercel.app/api/go?slug=salcobrand&matchKey=lorsartan%7C30&url=https%3A%2F%2Fsalcobrand.cl%2Fproducts%2Florsartan-potasico-hidroclorotiazida-50-12-5-30-comprimidos-recubiertos%3Fdefault_sku%3D573676&cfmId=CFM-001216,1
losartan 50mg,losartan-50mg,losartan,50mg,,,32,33,araucomed,Simperten D 50/12.5 x 30 comprimidos recubiertos,Simperten D 50/12.5 x 30 comprimidos recubiertos,simperten|30,simperten|30|bio:unknown|brand:chile|var:d|form:solid-oral,simperten|30,,d,solid-oral,30,,,,,Laboratorio Chile,,unknown,Laboratorio Chile,,compatible,unknown,CFM-001212,12400,true,https://comparafarma-api.vercel.app/api/go?slug=araucomed&matchKey=simperten%7C30&url=https%3A%2F%2Ffarmacia.araucomed.com%2Fantihipertensivos%2Fsimperten-d-50-125-x30com&cfmId=CFM-001212,1
losartan 50mg,losartan-50mg,losartan,50mg,,,33,34,salcobrand,Losapres D 50/12.5 Losartan / Hidroclorotiazida 30 Comprimidos Recubiertos,Losapres D 50/12.5 Losartan / Hidroclorotiazida 30 Comprimidos Recubiertos,losapres|30,losapres|30|bio:unknown|brand:losapresd|combo:hidroclorotiazida|form:solid-oral,losapres|30,hidroclorotiazida,,solid-oral,30,,,,Losapres D,,,structured,Losapres D,,exact,unknown,CFM-001218,25959,true,https://comparafarma-api.vercel.app/api/go?slug=salcobrand&matchKey=losapres%7C30&url=https%3A%2F%2Fsalcobrand.cl%2Fproducts%2Flosapres-d-50-12-5-losartan-hidroclorotiazida-30-comprimidos-recubiertos%3Fdefault_sku%3D2571194&cfmId=CFM-001218,1
losartan 50mg,losartan-50mg,losartan,50mg,,,34,35,salcobrand,Simperten-D 50/12.5 Hidroclorotiazida / Losartan 30 Comprimidos Recubiertos,Simperten-D 50/12.5 Hidroclorotiazida / Losartan 30 Comprimidos Recubiertos,simpertend|30,simpertend|30|bio:unknown|brand:simpertend|combo:losartan|form:solid-oral,simpertend|30,losartan,,solid-oral,30,,,,Simperten-D,,,structured,Simperten-D,,exact,unknown,CFM-001215,26575,true,https://comparafarma-api.vercel.app/api/go?slug=salcobrand&matchKey=simpertend%7C30&url=https%3A%2F%2Fsalcobrand.cl%2Fproducts%2Fsimperten-d-50-12-5-hidroclorotiazida-losartan-30-comprimidos-recubiertos%3Fdefault_sku%3D439441&cfmId=CFM-001215,1
losartan 50mg,losartan-50mg,losartan,50mg,,,35,36,salcobrand,Losapres D 100/25 Losartán / Hidroclorotiazida 30 Comprimidos Recubiertos,Losapres D 100/25 Losartán / Hidroclorotiazida 30 Comprimidos Recubiertos,losapres|30,losapres|30|bio:unknown|brand:losapres|combo:hidroclorotiazida|form:solid-oral,losapres|30,hidroclorotiazida,,solid-oral,30,,,,Losapres,,,structured,Losapres,,exact,unknown,CFM-001218,29391,true,https://comparafarma-api.vercel.app/api/go?slug=salcobrand&matchKey=losapres%7C30&url=https%3A%2F%2Fsalcobrand.cl%2Fproducts%2Flosapres-d-100-25-losartan-hidroclorotiazida-30-comprimidos-recubiertos%3Fdefault_sku%3D2571195&cfmId=CFM-001218,1
losartan 50mg,losartan-50mg,losartan,50mg,,,36,37,salcobrand,Hyzaar Losartán Potásico / Hidroclorotiazida 30 Comprimidos Recubiertos,Hyzaar Losartán Potásico / Hidroclorotiazida 30 Comprimidos Recubiertos,hyzaar|30,hyzaar|30|bio:unknown|brand:hyzaar|combo:hidroclorotiazida|form:solid-oral,hyzaar|30,hidroclorotiazida,,solid-oral,30,,,,Hyzaar,,,structured,Hyzaar,,exact,unknown,CFM-001219,29567,true,https://comparafarma-api.vercel.app/api/go?slug=salcobrand&matchKey=hyzaar%7C30&url=https%3A%2F%2Fsalcobrand.cl%2Fproducts%2Fhyzaar-losartan-potasico-hidroclorotiazida-30-comprimidos-recubiertos%3Fdefault_sku%3D2028040&cfmId=CFM-001219,1
losartan 50mg,losartan-50mg,losartan,50mg,,,37,38,salcobrand,Hyzaar Forte Hidroclorotiazida / Losartán 30 Comprimidos Recubiertos,Hyzaar Forte Hidroclorotiazida / Losartán 30 Comprimidos Recubiertos,hyzaar|30,hyzaar|30|bio:unknown|brand:hyzaar|combo:losartan|form:solid-oral,hyzaar|30,losartan,,solid-oral,30,,,,Hyzaar,,,structured,Hyzaar,,exact,unknown,CFM-001219,30359,true,https://comparafarma-api.vercel.app/api/go?slug=salcobrand&matchKey=hyzaar%7C30&url=https%3A%2F%2Fsalcobrand.cl%2Fproducts%2Fhyzaar-forte-hidroclorotiazida-losartan-30-comprimidos-recubiertos%3Fdefault_sku%3D2025365&cfmId=CFM-001219,1
losartan 50mg,losartan-50mg,losartan,50mg,,,38,39,araucomed,"Losartan Hidroclorotiazida 50/12,5mg x30com (Hospifarma)","Losartan Hidroclorotiazida 50/12,5mg x30com (Hospifarma)",losartan|12.5mg|30,losartan|12.5mg|30|bio:unknown|brand:hospifarma|combo:hidroclorotiazida|form:solid-oral,losartan|12.5mg|30,hidroclorotiazida,,solid-oral,30,,,12.5mg,,Hospifarma,,unknown,Hospifarma,,exact,other,CFM-000794,1690,false,https://comparafarma-api.vercel.app/api/go?slug=araucomed&matchKey=losartan%7C12.5mg%7C30&url=https%3A%2F%2Ffarmacia.araucomed.com%2Fantihipertensivos%2Flosartan-hidroclorotiazida-50-125mg-x30com-hospifa&cfmId=CFM-000794,1
losartan 50mg,losartan-50mg,losartan,50mg,,,39,40,ecofarmacias,Losartan Potasico 100 mg x 30 Comprimidos (cenabast),Losartan Potasico 100 mg x 30 Comprimidos (cenabast),losartan|100mg|30,losartan|100mg|30|bio:true|brand:unknown|form:solid-oral,losartan|100mg|30,,,solid-oral,30,,,100mg,,,losartan,unknown,,true,exact,other,CFM-001013,1820,true,https://comparafarma-api.vercel.app/api/go?slug=ecofarmacias&matchKey=losartan%7C100mg%7C30&url=https%3A%2F%2Fwww.ecofarmacias.cl%2Fproducto%2Flosartan-potasico-100-mg-x-30-comprimidos-cenabast%2F&cfmId=CFM-001013,2
losartan 50mg,losartan-50mg,losartan,50mg,,,39,40,ahumada,Losartan 100 mg x 30 Comprimidos Recubiertos SEVEN PHARMA CHILE SPA,Losartan Potasico 100 mg x 30 Comprimidos (cenabast),losartan|100mg|30,losartan|100mg|30|bio:true|brand:unknown|form:solid-oral,losartan|100mg|30,,,solid-oral,30,,,100mg,,,losartan,unknown,,true,exact,other,CFM-001013,2399,true,https://comparafarma-api.vercel.app/api/go?slug=ahumada&matchKey=losartan%7C100mg%7C30&url=https%3A%2F%2Fwww.farmaciasahumada.cl%2Flosartan-100-mg-x-30-comprimidos-recubiertos-seven-pharma-chile-spa-91504.html&cfmId=CFM-001013,2
losartan 50mg,losartan-50mg,losartan,50mg,,,40,41,araucomed,"Losartan Hidroclorotiazida 50/12,5mg x 30 comprimidos. (Ascend)","Losartan Hidroclorotiazida 50/12,5mg x 30 comprimidos. (Ascend)",losartan|12.5mg|30,losartan|12.5mg|30|bio:unknown|brand:ascend|combo:hidroclorotiazida|form:solid-oral,losartan|12.5mg|30,hidroclorotiazida,,solid-oral,30,,,12.5mg,,Ascend,,unknown,Ascend,,exact,other,CFM-000794,1990,false,https://comparafarma-api.vercel.app/api/go?slug=araucomed&matchKey=losartan%7C12.5mg%7C30&url=https%3A%2F%2Ffarmacia.araucomed.com%2Fantihipertensivos%2Flosartan-hidroclorotiazida-50-125mg-x30com-ascend&cfmId=CFM-000794,1
losartan 50mg,losartan-50mg,losartan,50mg,,,41,42,araucomed,Losartan Potasico 100 mg x 30 comprimidos. (Ascend),Losartan Potasico 100 mg x 30 comprimidos. (Ascend),losartan|100mg|30,losartan|100mg|30|bio:unknown|brand:ascend|form:solid-oral,losartan|100mg|30,,,solid-oral,30,,,100mg,,Ascend,losartan,unknown,Ascend,,exact,other,CFM-001013,1990,false,https://comparafarma-api.vercel.app/api/go?slug=araucomed&matchKey=losartan%7C100mg%7C30&url=https%3A%2F%2Ffarmacia.araucomed.com%2Fantihipertensivos%2Flosartan-potasico-100-mg-x30com-ascend&cfmId=CFM-001013,2
losartan 50mg,losartan-50mg,losartan,50mg,,,41,42,easyfarma,Losartan 100 mg. 30 comp....,Losartan Potasico 100 mg x 30 comprimidos. (Ascend),losartan|100mg|30,losartan|100mg|30|bio:unknown|brand:ascend|form:solid-oral,losartan|100mg|30,,,solid-oral,30,,,100mg,,Ascend,losartan,unknown,Ascend,,exact,other,CFM-001013,4990,true,https://comparafarma-api.vercel.app/api/go?slug=easyfarma&matchKey=losartan%7C100mg%7C30&url=https%3A%2F%2Fnuevo.easyfarma.cl%2F41325-losartan-100-mg-30-comp-lab-ascend.html&cfmId=CFM-001013,2
losartan 50mg,losartan-50mg,losartan,50mg,,,42,43,farmex,"Losartán Potásico 100 mg x 30 comprimidos recubiertos ""Ley Cenabast""","Losartán Potásico 100 mg x 30 comprimidos recubiertos ""Ley Cenabast""",losartan|100mg|30,losartan|100mg|30|bio:unknown|brand:sevenpharma|form:solid-oral,losartan|100mg|30,,,solid-oral,30,,,100mg,,Seven Pharma,losartan,unknown,SEVEN PHARMA,,exact,other,CFM-001013,2290,true,https://comparafarma-api.vercel.app/api/go?slug=farmex&matchKey=losartan%7C100mg%7C30&url=https%3A%2F%2Ffarmex.cl%2Fproducts%2Flosartan-potasico-100-mg-x-30-comprimidos-recubiertos-1%3F_pos%3D5%26_psq%3Dlosartan%26_psid%3D666c76c79%26_ss%3De&cfmId=CFM-001013,1
losartan 50mg,losartan-50mg,losartan,50mg,,,43,44,sermecoop,"Losartán/hidroclorotiazida 50/ 12,5 Mg X 30 Comprimidos","Losartán/hidroclorotiazida 50/ 12,5 Mg X 30 Comprimidos",losartan|12.5mg|30,losartan|12.5mg|30|bio:true|brand:unknown|combo:hidroclorotiazida|form:solid-oral,losartan|12.5mg|30,hidroclorotiazida,,solid-oral,30,,,12.5mg,,,,unknown,,true,exact,other,CFM-000794,2590,true,https://comparafarma-api.vercel.app/api/go?slug=sermecoop&matchKey=losartan%7C12.5mg%7C30&url=https%3A%2F%2Fwww.farmaciasermecoop.cl%2Findex.php%2Fonline%2Fdetalleproducto%3Fp_%3D21621%26d_%3D1&cfmId=CFM-000794,1
losartan 50mg,losartan-50mg,losartan,50mg,,,44,45,araucomed,Losartan Hidroclorotiazida 100/25mg x30com (Eurofarma),Losartan Hidroclorotiazida 100/25mg x30com (Eurofarma),losartan|25mg|30,losartan|25mg|30|bio:unknown|brand:eurofarma|combo:hidroclorotiazida|form:solid-oral,losartan|25mg|30,hidroclorotiazida,,solid-oral,30,,,25mg,,Eurofarma,,unknown,Eurofarma,,exact,other,CFM-001225,2790,false,https://comparafarma-api.vercel.app/api/go?slug=araucomed&matchKey=losartan%7C25mg%7C30&url=https%3A%2F%2Ffarmacia.araucomed.com%2Fantihipertensivos%2Flosartan-hidroclorotiazida-100-25mg-x30com-eurofar&cfmId=CFM-001225,1
losartan 50mg,losartan-50mg,losartan,50mg,,,45,46,easyfarma,Losartan 100 Mg X 30 Comp...,Losartan 100 Mg X 30 Comp...,losartan|100mg|30,losartan|100mg|30|bio:unknown|brand:pharma|form:solid-oral,losartan|100mg|30,,,solid-oral,30,,,100mg,,,losartan,unknown,,,exact,other,CFM-001013,2990,true,https://comparafarma-api.vercel.app/api/go?slug=easyfarma&matchKey=losartan%7C100mg%7C30&url=https%3A%2F%2Fnuevo.easyfarma.cl%2F104435-losartan-100-mg-x-30-comp-seven-pharma.html&cfmId=CFM-001013,1
losartan 50mg,losartan-50mg,losartan,50mg,,,46,47,easyfarma,Losartan Potasico 100 Mg 30...,Losartan Potasico 100 Mg 30...,losartan|100mg,losartan|100mg|bio:unknown|brand:opko,losartan|100mg,,,,,,,100mg,,,losartan,unknown,,,exact,other,CFM-001411,2990,true,https://comparafarma-api.vercel.app/api/go?slug=easyfarma&matchKey=losartan%7C100mg&url=https%3A%2F%2Fnuevo.easyfarma.cl%2F102743-losartan-potasico-100-mg-30-comp-recubiertos-opko.html&cfmId=CFM-001411,1
losartan 50mg,losartan-50mg,losartan,50mg,,,47,48,salcobrand,Losartán (B) 100mg 30 Comprimidos Recubiertos - Cenabast,Losartán (B) 100mg 30 Comprimidos Recubiertos - Cenabast,losartan|100mg|30,losartan|100mg|30|bio:unknown|brand:unknown|form:solid-oral,losartan|100mg|30,,,solid-oral,30,,,100mg,,,losartan,unknown,Losartán,,exact,other,CFM-001013,2999,true,https://comparafarma-api.vercel.app/api/go?slug=salcobrand&matchKey=losartan%7C100mg%7C30&url=https%3A%2F%2Fsalcobrand.cl%2Fproducts%2Flosartan-b-100mg-30-comprimidos-recubiertos%3Fdefault_sku%3D4980272&cfmId=CFM-001013,3
losartan 50mg,losartan-50mg,losartan,50mg,,,47,48,cruz-verde,Losartan Potasico 100 mg 30 Comprimidos,Losartán (B) 100mg 30 Comprimidos Recubiertos - Cenabast,losartan|100mg|30,losartan|100mg|30|bio:unknown|brand:unknown|form:solid-oral,losartan|100mg|30,,,solid-oral,30,,,100mg,,,losartan,unknown,Losartán,,exact,other,CFM-001013,4990,true,https://comparafarma-api.vercel.app/api/go?slug=cruz-verde&matchKey=losartan%7C100mg%7C30&url=https%3A%2F%2Fwww.cruzverde.cl%2Flosartan-potasico-100-mg-30-comprimidos%2F297058.html&cfmId=CFM-001013,3
losartan 50mg,losartan-50mg,losartan,50mg,,,47,48,easyfarma,Losartan 100 mg. 30 comp.,Losartán (B) 100mg 30 Comprimidos Recubiertos - Cenabast,losartan|100mg|30,losartan|100mg|30|bio:unknown|brand:unknown|form:solid-oral,losartan|100mg|30,,,solid-oral,30,,,100mg,,,losartan,unknown,Losartán,,exact,other,CFM-001013,4990,true,https://comparafarma-api.vercel.app/api/go?slug=easyfarma&matchKey=losartan%7C100mg%7C30&url=https%3A%2F%2Fnuevo.easyfarma.cl%2F24683-losartan-100-mg-x-30.html&cfmId=CFM-001013,3
losartan 50mg,losartan-50mg,losartan,50mg,,,48,49,araucomed,Losartan Potasico 100 mg x 30 comprimidos. (Chile),Losartán Potásico 100 mg x 30 comprimidos,losartan|100mg|30,losartan|100mg|30|bio:unknown|brand:chile|form:solid-oral,losartan|100mg|30,,,solid-oral,30,,,100mg,,Chile,losartan,unknown,CHILE,,exact,other,CFM-001013,3490,true,https://comparafarma-api.vercel.app/api/go?slug=araucomed&matchKey=losartan%7C100mg%7C30&url=https%3A%2F%2Ffarmacia.araucomed.com%2Fantihipertensivos%2Flosartan-potasico-100-mg-x30com-chile&cfmId=CFM-001013,2
losartan 50mg,losartan-50mg,losartan,50mg,,,48,49,farmex,Losartán Potásico 100 mg x 30 comprimidos,Losartán Potásico 100 mg x 30 comprimidos,losartan|100mg|30,losartan|100mg|30|bio:unknown|brand:chile|form:solid-oral,losartan|100mg|30,,,solid-oral,30,,,100mg,,Chile,losartan,unknown,CHILE,,exact,other,CFM-001013,3990,true,https://comparafarma-api.vercel.app/api/go?slug=farmex&matchKey=losartan%7C100mg%7C30&url=https%3A%2F%2Ffarmex.cl%2Fproducts%2Flosartan-potasico-100-mg-x-30-comprimidos-recubiertos%3F_pos%3D7%26_psq%3Dlosartan%26_psid%3D666c76c79%26_ss%3De&cfmId=CFM-001013,2
losartan 50mg,losartan-50mg,losartan,50mg,,,49,50,araucomed,Losartan Potasico 100 mg x30com. (Opko),Losartan Potasico 100 mg x30com. (Opko),losartan|100mg|30,losartan|100mg|30|bio:unknown|brand:opko|form:solid-oral,losartan|100mg|30,,,solid-oral,30,,,100mg,,Opko,losartan,unknown,Opko,,exact,other,CFM-001013,3490,false,https://comparafarma-api.vercel.app/api/go?slug=araucomed&matchKey=losartan%7C100mg%7C30&url=https%3A%2F%2Ffarmacia.araucomed.com%2Fantihipertensivos%2Flosartan-potasico-100-mg-x30com-opko&cfmId=CFM-001013,1
losartan 50mg,losartan-50mg,losartan,50mg,,,50,51,dr-simi,Simperten-D 100/25 losartan 100 mg hidroclorotiazida 25 mg 30 comprimidos recubiertos,Simperten-D 100/25 losartan 100 mg hidroclorotiazida 25 mg 30 comprimidos recubiertos,simpertend|100mg|30,simpertend|100mg|30|bio:true|brand:teva|form:solid-oral,simpertend|100mg|30,,,solid-oral,30,,,100mg,SimpertenD,Teva,losartan,name,TEVA,true,exact,other,CFM-001226,6600,true,https://comparafarma-api.vercel.app/api/go?slug=dr-simi&matchKey=simpertend%7C100mg%7C30&url=https%3A%2F%2Fwww.drsimi.cl%2Flosartan-hidroclorotiazida-100-25-mg-30-comprimidos%2Fp&cfmId=CFM-001226,1
losartan 50mg,losartan-50mg,losartan,50mg,,,51,52,araucomed,"Hyzaar 50/12,5mg x30com","Hyzaar 50/12,5mg x30com",hyzaar|12.5mg|30,hyzaar|12.5mg|30|bio:unknown|brand:unknown|form:solid-oral,hyzaar|12.5mg|30,,,solid-oral,30,,,12.5mg,,,,unknown,,,compatible,other,CFM-001220,10490,false,https://comparafarma-api.vercel.app/api/go?slug=araucomed&matchKey=hyzaar%7C12.5mg%7C30&url=https%3A%2F%2Ffarmacia.araucomed.com%2Fantihipertensivos%2Fhyzaar-50-125mg-x30com&cfmId=CFM-001220,1
losartan 50mg,losartan-50mg,losartan,50mg,,,52,53,ahumada,Hyzaar Forte 100 mg/25 mg x 30 Comprimidos Recubiertos,Hyzaar Forte Losartan 100 mg 30 Comprimidos,hyzaar|100mg|30,hyzaar|100mg|30|bio:unknown|brand:unknown|var:forte|form:solid-oral,hyzaar|100mg|30,,forte,solid-oral,30,,,100mg,Hyzaar,,losartan,name,,,exact,other,CFM-001228,13306,true,https://comparafarma-api.vercel.app/api/go?slug=ahumada&matchKey=hyzaar%7C100mg%7C30&url=https%3A%2F%2Fwww.farmaciasahumada.cl%2Fhyzaar-forte-100-mg-25-mg-x-30-comprimidos-recubiertos-25323.html&cfmId=CFM-001228,2
losartan 50mg,losartan-50mg,losartan,50mg,,,52,53,cruz-verde,Hyzaar Forte Losartan 100 mg 30 Comprimidos,Hyzaar Forte Losartan 100 mg 30 Comprimidos,hyzaar|100mg|30,hyzaar|100mg|30|bio:unknown|brand:unknown|var:forte|form:solid-oral,hyzaar|100mg|30,,forte,solid-oral,30,,,100mg,Hyzaar,,losartan,name,,,exact,other,CFM-001228,29940,true,https://comparafarma-api.vercel.app/api/go?slug=cruz-verde&matchKey=hyzaar%7C100mg%7C30&url=https%3A%2F%2Fwww.cruzverde.cl%2Fhyzaar-forte-losartan-100-mg-30-comprimidos%2F197047.html&cfmId=CFM-001228,2
losartan 50mg,losartan-50mg,losartan,50mg,,,53,54,ahumada,Cozaar 100 mg x 30 Comprimidos Recubiertos,Cozaar 100 mg x 30 Comprimidos Recubiertos,cozaar|100mg|30,cozaar|100mg|30|bio:unknown|brand:unknown|form:solid-oral,cozaar|100mg|30,,,solid-oral,30,,,100mg,,,,unknown,,,exact,other,CFM-001217,15383,true,https://comparafarma-api.vercel.app/api/go?slug=ahumada&matchKey=cozaar%7C100mg%7C30&url=https%3A%2F%2Fwww.farmaciasahumada.cl%2Fcozaar-100-mg-x-30-comprimidos-recubiertos-38549.html&cfmId=CFM-001217,2
losartan 50mg,losartan-50mg,losartan,50mg,,,53,54,cruz-verde,Cozaar Losartan Potasico 100 mg 30 Comprimidos,Cozaar 100 mg x 30 Comprimidos Recubiertos,cozaar|100mg|30,cozaar|100mg|30|bio:unknown|brand:unknown|form:solid-oral,cozaar|100mg|30,,,solid-oral,30,,,100mg,,,,unknown,,,exact,other,CFM-001217,34350,true,https://comparafarma-api.vercel.app/api/go?slug=cruz-verde&matchKey=cozaar%7C100mg%7C30&url=https%3A%2F%2Fwww.cruzverde.cl%2Fcozaar-losartan-potasico-100-mg-30-comprimidos%2F197051.html&cfmId=CFM-001217,2
losartan 50mg,losartan-50mg,losartan,50mg,,,54,55,ahumada,Simperten-D 100 mg/25 mg x 30 Comprimidos Recubiertos,Simperten-D 100 mg/25 mg x 30 Comprimidos Recubiertos,simpertend|100mg|30,simpertend|100mg|30|bio:true|brand:unknown|form:solid-oral,simpertend|100mg|30,,,solid-oral,30,,,100mg,,,,unknown,,true,compatible,other,CFM-001226,17789,true,https://comparafarma-api.vercel.app/api/go?slug=ahumada&matchKey=simpertend%7C100mg%7C30&url=https%3A%2F%2Fwww.farmaciasahumada.cl%2Fsimperten-d-100-mg-25-mg-x-30-comprimidos-recubiertos-38062.html&cfmId=CFM-001226,1
losartan 50mg,losartan-50mg,losartan,50mg,,,55,56,farmex,Losapres 100 mg x 30 comprimidos,Losapres 100 mg x 30 comprimidos,losapres|100mg|30,losapres|100mg|30|bio:unknown|brand:pharmainvesti|form:solid-oral,losapres|100mg|30,,,solid-oral,30,,,100mg,,Pharma Investi,,unknown,PHARMA INVESTI,,compatible,other,CFM-001209,17990,true,https://comparafarma-api.vercel.app/api/go?slug=farmex&matchKey=losapres%7C100mg%7C30&url=https%3A%2F%2Ffarmex.cl%2Fproducts%2Flosapres-100-mg-x-30-comprimidos%3F_pos%3D9%26_psq%3Dlosartan%26_psid%3D666c76c79%26_ss%3De&cfmId=CFM-001209,1
losartan 50mg,losartan-50mg,losartan,50mg,,,56,57,easyfarma,Hyzaar Forte 100/25 mg 30...,Hyzaar Forte 100/25 mg 30...,hyzaar|25mg,hyzaar|25mg|bio:unknown|brand:unknown|var:forte,hyzaar|25mg,,forte,,,,,25mg,,,,unknown,,,compatible,other,CFM-001281,17990,true,https://comparafarma-api.vercel.app/api/go?slug=easyfarma&matchKey=hyzaar%7C25mg&url=https%3A%2F%2Fnuevo.easyfarma.cl%2F104325-hyzaar-forte-100-25-mg-30-comprimidos.html&cfmId=CFM-001281,1
losartan 50mg,losartan-50mg,losartan,50mg,,,57,58,ahumada,Losapres 100 mg x 30 Comprimidos Recubiertos,Losapres 100 mg x 30 Comprimidos Recubiertos,losapres|100mg|30,losapres|100mg|30|bio:true|brand:unknown|form:solid-oral,losapres|100mg|30,,,solid-oral,30,,,100mg,,,,unknown,,true,compatible,other,CFM-001209,18262,true,https://comparafarma-api.vercel.app/api/go?slug=ahumada&matchKey=losapres%7C100mg%7C30&url=https%3A%2F%2Fwww.farmaciasahumada.cl%2Flosapres-100-mg-x-30-comprimidos-recubiertos-44597.html&cfmId=CFM-001209,1
losartan 50mg,losartan-50mg,losartan,50mg,,,58,59,farmex,Losapres-D 100 / 25 mg x 30 comprimidos,Losapres-D 100 / 25 mg x 30 comprimidos,losapresd|25mg|30,losapresd|25mg|30|bio:unknown|brand:megalabs|form:solid-oral,losapresd|25mg|30,,,solid-oral,30,,,25mg,,Megalabs,,unknown,Megalabs,,compatible,other,CFM-014939,18290,true,https://comparafarma-api.vercel.app/api/go?slug=farmex&matchKey=losapresd%7C25mg%7C30&url=https%3A%2F%2Ffarmex.cl%2Fproducts%2Flosapres-d-100-25-mg-x-30-comprimidos%3F_pos%3D4%26_psq%3Dlosartan%26_psid%3D666c76c79%26_ss%3De&cfmId=CFM-014939,1
losartan 50mg,losartan-50mg,losartan,50mg,,,59,60,ahumada,Losapres-D 100 mg/25 mg x 30 Comprimidos Recubiertos,Losapres-D 100 mg/25 mg x 30 Comprimidos Recubiertos,losapresd|100mg|30,losapresd|100mg|30|bio:unknown|brand:unknown|form:solid-oral,losapresd|100mg|30,,,solid-oral,30,,,100mg,,,,unknown,,,exact,other,CFM-001221,21079,true,https://comparafarma-api.vercel.app/api/go?slug=ahumada&matchKey=losapresd%7C100mg%7C30&url=https%3A%2F%2Fwww.farmaciasahumada.cl%2Flosapres-d-100-mg-25-mg-x-30-comprimidos-recubiertos-44599.html&cfmId=CFM-001221,2
losartan 50mg,losartan-50mg,losartan,50mg,,,59,60,cruz-verde,Losapres-D 100/25 Losartan 100 mg 30 Comprimidos Recubierto,Losapres-D 100 mg/25 mg x 30 Comprimidos Recubiertos,losapresd|100mg|30,losapresd|100mg|30|bio:unknown|brand:unknown|form:solid-oral,losapresd|100mg|30,,,solid-oral,30,,,100mg,,,,unknown,,,exact,other,CFM-001221,33390,true,https://comparafarma-api.vercel.app/api/go?slug=cruz-verde&matchKey=losapresd%7C100mg%7C30&url=https%3A%2F%2Fwww.cruzverde.cl%2Flosapres-d-100-25-losartan-100-mg-30-comprimidos-recubierto%2F251739.html&cfmId=CFM-001221,2
losartan 50mg,losartan-50mg,losartan,50mg,,,60,61,salcobrand,Corodin (B) Losartán Potásico 100mg 30 Comprimidos Recubiertos,Corodin (B) Losartán Potásico 100mg 30 Comprimidos Recubiertos,corodin|100mg|30,corodin|100mg|30|bio:unknown|brand:corodin|form:solid-oral,corodin|100mg|30,,,solid-oral,30,,,100mg,Corodin,,losartan,structured,Corodin,,exact,other,CFM-001224,21911,true,https://comparafarma-api.vercel.app/api/go?slug=salcobrand&matchKey=corodin%7C100mg%7C30&url=https%3A%2F%2Fsalcobrand.cl%2Fproducts%2Fcorodin-b-losartan-potasico-100mg-30-comprimidos-recubiertos%3Fdefault_sku%3D2835986&cfmId=CFM-001224,1
losartan 50mg,losartan-50mg,losartan,50mg,,,61,62,salcobrand,Losapres (B) Losartán 100mg 30 Comprimidos Recubiertos,Losapres (B) Losartán 100mg 30 Comprimidos Recubiertos,losapres|100mg|30,losapres|100mg|30|bio:unknown|brand:losapres|form:solid-oral,losapres|100mg|30,,,solid-oral,30,,,100mg,Losapres,,losartan,structured,Losapres,,exact,other,CFM-001209,22967,true,https://comparafarma-api.vercel.app/api/go?slug=salcobrand&matchKey=losapres%7C100mg%7C30&url=https%3A%2F%2Fsalcobrand.cl%2Fproducts%2Flosapres-b-losartan-100mg-30-comprimidos-recubiertos%3Fdefault_sku%3D2571193&cfmId=CFM-001209,1
losartan 50mg,losartan-50mg,losartan,50mg,,,62,63,cruz-verde,Corodin Losartan Potasico 100 mg 30 Comprimidos,Corodin Losartan Potasico 100 mg 30 Comprimidos,corodin|100mg|30,corodin|100mg|30|bio:unknown|brand:unknown|form:solid-oral,corodin|100mg|30,,,solid-oral,30,,,100mg,Corodin,,losartan,name,,,exact,other,CFM-001224,24390,true,https://comparafarma-api.vercel.app/api/go?slug=cruz-verde&matchKey=corodin%7C100mg%7C30&url=https%3A%2F%2Fwww.cruzverde.cl%2Fcorodin-losartan-potasico-100-mg-30-comprimidos%2F4671.html&cfmId=CFM-001224,1
losartan 50mg,losartan-50mg,losartan,50mg,,,63,64,ahumada,Tellmi Am 80/10 Mg 30 Comprimidos,Tellmi Am 80/10 Mg 30 Comprimidos,tellmi|10mg|30,tellmi|10mg|30|bio:unknown|brand:unknown|var:am|form:solid-oral,tellmi|10mg|30,,am,solid-oral,30,,,10mg,,,,unknown,,,compatible,other,CFM-001222,24494,true,https://comparafarma-api.vercel.app/api/go?slug=ahumada&matchKey=tellmi%7C10mg%7C30&url=https%3A%2F%2Fwww.farmaciasahumada.cl%2Ftellmi-am-80-10-mg-30-comprimidos-94885.html&cfmId=CFM-001222,1
losartan 50mg,losartan-50mg,losartan,50mg,,,64,65,cruz-verde,Losapres Losartan Potasico 100 mg 30 Comprimidos Recubierto,Losapres Losartan Potasico 100 mg 30 Comprimidos Recubierto,losapres|100mg|30,losapres|100mg|30|bio:unknown|brand:unknown|form:solid-oral,losapres|100mg|30,,,solid-oral,30,,,100mg,Losapres,,losartan,name,,,exact,other,CFM-001209,26090,true,https://comparafarma-api.vercel.app/api/go?slug=cruz-verde&matchKey=losapres%7C100mg%7C30&url=https%3A%2F%2Fwww.cruzverde.cl%2Flosapres-losartan-potasico-100-mg-30-comprimidos-recubierto%2F251737.html&cfmId=CFM-001209,1
losartan 50mg,losartan-50mg,losartan,50mg,,,65,66,easyfarma,Simperten-D 100/25 mg. 30...,Simperten-D 100/25 mg. 30...,simpertend|25mg,simpertend|25mg|bio:unknown|brand:unknown,simpertend|25mg,,,,,,,25mg,,,,unknown,,,compatible,other,CFM-001280,26990,true,https://comparafarma-api.vercel.app/api/go?slug=easyfarma&matchKey=simpertend%7C25mg&url=https%3A%2F%2Fnuevo.easyfarma.cl%2F24731-simperten-d-100-25-x-30.html&cfmId=CFM-001280,1
losartan 50mg,losartan-50mg,losartan,50mg,,,66,67,ahumada,Iltuxam HCT 40/5/25 mg (28 comprimidos),Iltuxam HCT 40/5/25 mg (28 comprimidos),iltuxam|25mg|28,iltuxam|25mg|28|bio:true|brand:unknown|var:hct,iltuxam|25mg|28,,hct,,28,,,25mg,,,,unknown,,true,compatible,other,CFM-000998,28299,true,https://comparafarma-api.vercel.app/api/go?slug=ahumada&matchKey=iltuxam%7C25mg%7C28&url=https%3A%2F%2Fwww.farmaciasahumada.cl%2Filtuxam-hct-40-5-25-mg-%252828-comprimidos%2529-96996.html&cfmId=CFM-000998,1
losartan 50mg,losartan-50mg,losartan,50mg,,,67,68,ahumada,"Iltuxam HCT 20/5/12,5 mg (28 comprimidos)","Iltuxam HCT 20/5/12,5 mg (28 comprimidos)",iltuxam|12.5mg|28,iltuxam|12.5mg|28|bio:true|brand:unknown|var:hct,iltuxam|12.5mg|28,,hct,,28,,,12.5mg,,,,unknown,,true,compatible,other,CFM-000995,28299,true,https://comparafarma-api.vercel.app/api/go?slug=ahumada&matchKey=iltuxam%7C12.5mg%7C28&url=https%3A%2F%2Fwww.farmaciasahumada.cl%2Filtuxam-hct-20-5-12-5-mg-%252828-comprimidos%2529-96997.html&cfmId=CFM-000995,1
losartan 50mg,losartan-50mg,losartan,50mg,,,68,69,cruz-verde,Simperten-D Losartan 100 mg 30 Comprimidos Recubierto,Simperten-D Losartan 100 mg 30 Comprimidos Recubierto,simpertend|100mg|30,simpertend|100mg|30|bio:unknown|brand:unknown|form:solid-oral,simpertend|100mg|30,,,solid-oral,30,,,100mg,SimpertenD,,losartan,name,,,exact,other,CFM-001226,32740,true,https://comparafarma-api.vercel.app/api/go?slug=cruz-verde&matchKey=simpertend%7C100mg%7C30&url=https%3A%2F%2Fwww.cruzverde.cl%2Fsimperten-d-losartan-100-mg-30-comprimidos-recubierto%2F1500.html&cfmId=CFM-001226,1
losartan 50mg,losartan-50mg,losartan,50mg,,,69,70,salcobrand,Cozaar (R) Losartán 100mg 30 Comprimidos Recubiertos,Cozaar (R) Losartán 100mg 30 Comprimidos Recubiertos,cozaar|100mg|30,cozaar|100mg|30|bio:unknown|brand:cozaar|form:solid-oral,cozaar|100mg|30,,,solid-oral,30,,,100mg,Cozaar,,losartan,structured,Cozaar,,exact,other,CFM-001217,33263,true,https://comparafarma-api.vercel.app/api/go?slug=salcobrand&matchKey=cozaar%7C100mg%7C30&url=https%3A%2F%2Fsalcobrand.cl%2Fproducts%2Fcozaar-r-losartan-100mg-30-comprimidos-recubiertos%3Fdefault_sku%3D2020082&cfmId=CFM-001217,1
losartan 50mg,losartan-50mg,losartan,50mg,,,70,71,ahumada,Cordiax AM 80 mg/10 mg x 40 Comprimidos,Cordiax AM 80 mg/10 mg x 40 Comprimidos,cordiax|80mg|40,cordiax|80mg|40|bio:unknown|brand:unknown|var:am|form:solid-oral,cordiax|80mg|40,,am,solid-oral,40,,,80mg,,,,unknown,,,compatible,other,CFM-000971,40099,true,https://comparafarma-api.vercel.app/api/go?slug=ahumada&matchKey=cordiax%7C80mg%7C40&url=https%3A%2F%2Fwww.farmaciasahumada.cl%2Fcordiax-am-80-mg-10-mg-x-40-comprimidos-91008.html&cfmId=CFM-000971,1
losartan,losartan,losartan,,,,0,1,ecofarmacias,Losartan 50 mg x 30 comprimidos (LCH) DESCUENTO,Losartan 50 mg x 30 comprimidos (LCH) DESCUENTO,losartan|50mg|30,losartan|50mg|30|bio:true|brand:unknown|form:solid-oral,losartan|50mg|30,,,solid-oral,30,,,50mg,,,losartan,unknown,,true,exact,,CFM-000801,490,false,https://comparafarma-api.vercel.app/api/go?slug=ecofarmacias&matchKey=losartan%7C50mg%7C30&url=https%3A%2F%2Fwww.ecofarmacias.cl%2Fproducto%2Flosartan-50-mg-x-30-comprimidos-lch-descuento%2F&cfmId=CFM-000801,2
losartan,losartan,losartan,,,,0,1,ahumada,Losartan Potasico 50 mg x 30 Comprimidos Recubiertos,Losartan 50 mg x 30 comprimidos (LCH) DESCUENTO,losartan|50mg|30,losartan|50mg|30|bio:true|brand:unknown|form:solid-oral,losartan|50mg|30,,,solid-oral,30,,,50mg,,,losartan,unknown,,true,exact,,CFM-000801,1169,true,https://comparafarma-api.vercel.app/api/go?slug=ahumada&matchKey=losartan%7C50mg%7C30&url=https%3A%2F%2Fwww.farmaciasahumada.cl%2Flosartan-potasico-50-mg-x-30-comprimidos-recubiertos-92800.html&cfmId=CFM-000801,2
losartan,losartan,losartan,,,,1,2,araucomed,Losartan Potasico 50 mg x30com. (Hospifarma),Losartan Potasico 50 mg x30com. (Hospifarma),losartan|50mg|30,losartan|50mg|30|bio:unknown|brand:hospifarma|form:solid-oral,losartan|50mg|30,,,solid-oral,30,,,50mg,,Hospifarma,losartan,unknown,Hospifarma,,exact,,CFM-000801,600,false,https://comparafarma-api.vercel.app/api/go?slug=araucomed&matchKey=losartan%7C50mg%7C30&url=https%3A%2F%2Ffarmacia.araucomed.com%2Fantihipertensivos%2Flosartan-potasico-50-mg-x30com-hospifarma&cfmId=CFM-000801,1
losartan,losartan,losartan,,,,2,3,araucomed,Losartan Potasico 50 mg x 30 comprimidos. (Opko),Losartan Potasico 50 mg x 30 comprimidos. (Opko),losartan|50mg|30,losartan|50mg|30|bio:unknown|brand:opko|form:solid-oral,losartan|50mg|30,,,solid-oral,30,,,50mg,,Opko,losartan,unknown,Opko,,exact,,CFM-000801,800,false,https://comparafarma-api.vercel.app/api/go?slug=araucomed&matchKey=losartan%7C50mg%7C30&url=https%3A%2F%2Ffarmacia.araucomed.com%2Fantihipertensivos%2Flosartan-potasico-50-mg-x30com-opko&cfmId=CFM-000801,2
losartan,losartan,losartan,,,,2,3,farmex,"Losartan Potásico 50 mg x 30 Comprimidos ""Ley Cenabast""",Losartan Potasico 50 mg x 30 comprimidos. (Opko),losartan|50mg|30,losartan|50mg|30|bio:unknown|brand:opko|form:solid-oral,losartan|50mg|30,,,solid-oral,30,,,50mg,,Opko,losartan,unknown,Opko,,exact,,CFM-000801,995,true,https://comparafarma-api.vercel.app/api/go?slug=farmex&matchKey=losartan%7C50mg%7C30&url=https%3A%2F%2Ffarmex.cl%2Fproducts%2Flosartan-potasico-50-mg-x-30-comprimidos-ley-cenabast%3F_pos%3D6%26_psq%3Dlosartan%26_psid%3D666c76c79%26_ss%3De&cfmId=CFM-000801,2
losartan,losartan,losartan,,,,3,4,araucomed,Losartan Potasico 50 mg x30com. (Mintlab),Losartan Potasico 50 mg x30com. (Mintlab),losartan|50mg|30,losartan|50mg|30|bio:unknown|brand:mintlab|form:solid-oral,losartan|50mg|30,,,solid-oral,30,,,50mg,,Mintlab,losartan,unknown,Mintlab,,exact,,CFM-000801,900,false,https://comparafarma-api.vercel.app/api/go?slug=araucomed&matchKey=losartan%7C50mg%7C30&url=https%3A%2F%2Ffarmacia.araucomed.com%2Fantihipertensivos%2Flosartan-potasico-50-mg-x30com-mintlab&cfmId=CFM-000801,1
losartan,losartan,losartan,,,,4,5,araucomed,Losartan Potasico 50 mg x 30 comprimidos. (Seven Pharma),Losartan Potasico 50 mg x 30 comprimidos. (Seven Pharma),losartan|50mg|30,losartan|50mg|30|bio:unknown|brand:sevenpharma|form:solid-oral,losartan|50mg|30,,,solid-oral,30,,,50mg,,Seven Pharma,losartan,unknown,Seven Pharma,,exact,,CFM-000801,900,false,https://comparafarma-api.vercel.app/api/go?slug=araucomed&matchKey=losartan%7C50mg%7C30&url=https%3A%2F%2Ffarmacia.araucomed.com%2Fantihipertensivos%2Flosartan-potasico-50-mg-x-30-comprimidos-seven-pharma&cfmId=CFM-000801,1
losartan,losartan,losartan,,,,5,6,farmex,Losartan Potásico 50 mg x 30 comprimidos,Losartan Potásico 50 mg x 30 comprimidos,losartan|50mg|30,losartan|50mg|30|bio:unknown|brand:chile|form:solid-oral,losartan|50mg|30,,,solid-oral,30,,,50mg,,Chile,losartan,unknown,CHILE,,exact,,CFM-000801,990,true,https://comparafarma-api.vercel.app/api/go?slug=farmex&matchKey=losartan%7C50mg%7C30&url=https%3A%2F%2Ffarmex.cl%2Fproducts%2Flosart-bioequivalente-comprimidos-recubiertos-losartan-potasico%3F_pos%3D1%26_psq%3Dlosartan%26_psid%3D666c76c79%26_ss%3De&cfmId=CFM-000801,2
losartan,losartan,losartan,,,,5,6,araucomed,Losartan Potasico 50 mg x 30 comprimidos. (Chile),Losartan Potásico 50 mg x 30 comprimidos,losartan|50mg|30,losartan|50mg|30|bio:unknown|brand:chile|form:solid-oral,losartan|50mg|30,,,solid-oral,30,,,50mg,,Chile,losartan,unknown,CHILE,,exact,,CFM-000801,1200,true,https://comparafarma-api.vercel.app/api/go?slug=araucomed&matchKey=losartan%7C50mg%7C30&url=https%3A%2F%2Ffarmacia.araucomed.com%2Fantihipertensivos%2Flosartan-potasico-50mg-30com-chile&cfmId=CFM-000801,2
losartan,losartan,losartan,,,,6,7,araucomed,Losartan Potasico 50 mg x 30 comprimidos. (Ascend),Losartan Potasico 50 mg x 30 comprimidos. (Ascend),losartan|50mg|30,losartan|50mg|30|bio:unknown|brand:ascend|form:solid-oral,losartan|50mg|30,,,solid-oral,30,,,50mg,,Ascend,losartan,unknown,Ascend,,exact,,CFM-000801,990,true,https://comparafarma-api.vercel.app/api/go?slug=araucomed&matchKey=losartan%7C50mg%7C30&url=https%3A%2F%2Ffarmacia.araucomed.com%2Fantihipertensivos%2Flosartan-potasico-50-mg-x30com-ascend&cfmId=CFM-000801,1
losartan,losartan,losartan,,,,7,8,araucomed,Losartan Potasico 50 mg x30com. (Eurofarma),Losartan Potasico 50 mg x30com. (Eurofarma),losartan|50mg|30,losartan|50mg|30|bio:unknown|brand:eurofarma|form:solid-oral,losartan|50mg|30,,,solid-oral,30,,,50mg,,Eurofarma,losartan,unknown,Eurofarma,,exact,,CFM-000801,990,false,https://comparafarma-api.vercel.app/api/go?slug=araucomed&matchKey=losartan%7C50mg%7C30&url=https%3A%2F%2Ffarmacia.araucomed.com%2Fantihipertensivos%2Flosartan-potasico-50-mg-x30com-eurofarma&cfmId=CFM-000801,1
losartan,losartan,losartan,,,,8,9,easyfarma,Losartan 50 mg 30...,Losartan 50 mg 30...,losartan|50mg,losartan|50mg|bio:unknown|brand:unknown,losartan|50mg,,,,,,,50mg,,,losartan,unknown,,,exact,,CFM-001412,1490,true,https://comparafarma-api.vercel.app/api/go?slug=easyfarma&matchKey=losartan%7C50mg&url=https%3A%2F%2Fnuevo.easyfarma.cl%2F24682-losartan-50-mg-x-30.html&cfmId=CFM-001412,1
losartan,losartan,losartan,,,,9,10,salcobrand,Losartan (B) 50mg 30 Comprimidos Recubiertos,Losartan (B) 50mg 30 Comprimidos Recubiertos,losartan|50mg|30,losartan|50mg|30|bio:unknown|brand:unknown|form:solid-oral,losartan|50mg|30,,,solid-oral,30,,,50mg,,,losartan,unknown,Losartan,,exact,,CFM-000801,1495,true,https://comparafarma-api.vercel.app/api/go?slug=salcobrand&matchKey=losartan%7C50mg%7C30&url=https%3A%2F%2Fsalcobrand.cl%2Fproducts%2Flosartan-b-50mg-x-30-comprimidos%3Fdefault_sku%3D1763151&cfmId=CFM-000801,2
losartan,losartan,losartan,,,,9,10,cruz-verde,Losartan Potasico 50 mg 30 Comprimidos,Losartan (B) 50mg 30 Comprimidos Recubiertos,losartan|50mg|30,losartan|50mg|30|bio:unknown|brand:unknown|form:solid-oral,losartan|50mg|30,,,solid-oral,30,,,50mg,,,losartan,unknown,Losartan,,exact,,CFM-000801,1840,true,https://comparafarma-api.vercel.app/api/go?slug=cruz-verde&matchKey=losartan%7C50mg%7C30&url=https%3A%2F%2Fwww.cruzverde.cl%2Flosartan-potasico-50-mg-30-comprimidos%2F268539.html&cfmId=CFM-000801,2
losartan,losartan,losartan,,,,10,11,araucomed,"Losartan Hidroclorotiazida 50/12,5 x30com (Eurofarma)","Losartan Hidroclorotiazida 50/12,5 x30com (Eurofarma)",losartan|30,losartan|30|bio:unknown|brand:eurofarma|form:solid-oral,losartan|30,,,solid-oral,30,,,,,Eurofarma,losartan,unknown,Eurofarma,,exact,,CFM-001208,1590,false,https://comparafarma-api.vercel.app/api/go?slug=araucomed&matchKey=losartan%7C30&url=https%3A%2F%2Ffarmacia.araucomed.com%2Fantihipertensivos%2Flosartan-hidroclorotiazida-50-125-x30com-eurofarma&cfmId=CFM-001208,1
losartan,losartan,losartan,,,,11,12,araucomed,"Losartan Hidroclorotiazida 50/12,5mg x30com (Hospifarma)","Losartan Hidroclorotiazida 50/12,5mg x30com (Hospifarma)",losartan|12.5mg|30,losartan|12.5mg|30|bio:unknown|brand:hospifarma|combo:hidroclorotiazida|form:solid-oral,losartan|12.5mg|30,hidroclorotiazida,,solid-oral,30,,,12.5mg,,Hospifarma,,unknown,Hospifarma,,exact,,CFM-000794,1690,false,https://comparafarma-api.vercel.app/api/go?slug=araucomed&matchKey=losartan%7C12.5mg%7C30&url=https%3A%2F%2Ffarmacia.araucomed.com%2Fantihipertensivos%2Flosartan-hidroclorotiazida-50-125mg-x30com-hospifa&cfmId=CFM-000794,1
losartan,losartan,losartan,,,,12,13,ecofarmacias,Losartan Potasico 100 mg x 30 Comprimidos (cenabast),Losartan Potasico 100 mg x 30 Comprimidos (cenabast),losartan|100mg|30,losartan|100mg|30|bio:true|brand:unknown|form:solid-oral,losartan|100mg|30,,,solid-oral,30,,,100mg,,,losartan,unknown,,true,exact,,CFM-001013,1820,true,https://comparafarma-api.vercel.app/api/go?slug=ecofarmacias&matchKey=losartan%7C100mg%7C30&url=https%3A%2F%2Fwww.ecofarmacias.cl%2Fproducto%2Flosartan-potasico-100-mg-x-30-comprimidos-cenabast%2F&cfmId=CFM-001013,2
losartan,losartan,losartan,,,,12,13,ahumada,Losartan 100 mg x 30 Comprimidos Recubiertos SEVEN PHARMA CHILE SPA,Losartan Potasico 100 mg x 30 Comprimidos (cenabast),losartan|100mg|30,losartan|100mg|30|bio:true|brand:unknown|form:solid-oral,losartan|100mg|30,,,solid-oral,30,,,100mg,,,losartan,unknown,,true,exact,,CFM-001013,2399,true,https://comparafarma-api.vercel.app/api/go?slug=ahumada&matchKey=losartan%7C100mg%7C30&url=https%3A%2F%2Fwww.farmaciasahumada.cl%2Flosartan-100-mg-x-30-comprimidos-recubiertos-seven-pharma-chile-spa-91504.html&cfmId=CFM-001013,2
losartan,losartan,losartan,,,,13,14,farmex,Losartan Potásico + Hidroclorotiazida 50 mg / 12.5 mg x 30 comprimidos,Losartan Potásico + Hidroclorotiazida 50 mg / 12.5 mg x 30 comprimidos,losartan|50mg|30,losartan|50mg|30|bio:unknown|brand:ascend|combo:hidroclorotiazida|form:solid-oral,losartan|50mg|30,hidroclorotiazida,,solid-oral,30,,,50mg,,Ascend,,unknown,ASCEND,,exact,,CFM-000801,1990,true,https://comparafarma-api.vercel.app/api/go?slug=farmex&matchKey=losartan%7C50mg%7C30&url=https%3A%2F%2Ffarmex.cl%2Fproducts%2Flosartan-potasico-hidroclorotiazida-50-12-5-mg-x-30-comprimidos-1%3F_pos%3D2%26_psq%3Dlosartan%26_psid%3D666c76c79%26_ss%3De&cfmId=CFM-000801,1
losartan,losartan,losartan,,,,14,15,araucomed,"Losartan Hidroclorotiazida 50/12,5mg x 30 comprimidos. (Ascend)","Losartan Hidroclorotiazida 50/12,5mg x 30 comprimidos. (Ascend)",losartan|12.5mg|30,losartan|12.5mg|30|bio:unknown|brand:ascend|combo:hidroclorotiazida|form:solid-oral,losartan|12.5mg|30,hidroclorotiazida,,solid-oral,30,,,12.5mg,,Ascend,,unknown,Ascend,,exact,,CFM-000794,1990,false,https://comparafarma-api.vercel.app/api/go?slug=araucomed&matchKey=losartan%7C12.5mg%7C30&url=https%3A%2F%2Ffarmacia.araucomed.com%2Fantihipertensivos%2Flosartan-hidroclorotiazida-50-125mg-x30com-ascend&cfmId=CFM-000794,1
losartan,losartan,losartan,,,,15,16,araucomed,Losartan Potasico 100 mg x 30 comprimidos. (Ascend),Losartan Potasico 100 mg x 30 comprimidos. (Ascend),losartan|100mg|30,losartan|100mg|30|bio:unknown|brand:ascend|form:solid-oral,losartan|100mg|30,,,solid-oral,30,,,100mg,,Ascend,losartan,unknown,Ascend,,exact,,CFM-001013,1990,false,https://comparafarma-api.vercel.app/api/go?slug=araucomed&matchKey=losartan%7C100mg%7C30&url=https%3A%2F%2Ffarmacia.araucomed.com%2Fantihipertensivos%2Flosartan-potasico-100-mg-x30com-ascend&cfmId=CFM-001013,2
losartan,losartan,losartan,,,,15,16,easyfarma,Losartan 100 mg. 30 comp....,Losartan Potasico 100 mg x 30 comprimidos. (Ascend),losartan|100mg|30,losartan|100mg|30|bio:unknown|brand:ascend|form:solid-oral,losartan|100mg|30,,,solid-oral,30,,,100mg,,Ascend,losartan,unknown,Ascend,,exact,,CFM-001013,4990,true,https://comparafarma-api.vercel.app/api/go?slug=easyfarma&matchKey=losartan%7C100mg%7C30&url=https%3A%2F%2Fnuevo.easyfarma.cl%2F41325-losartan-100-mg-30-comp-lab-ascend.html&cfmId=CFM-001013,2
losartan,losartan,losartan,,,,16,17,ahumada,Losartan/Hidroclorotiazida 50 mg/12.5 mg x 30 Comprimidos Recubiertos ASCEND,Losartan Potásico + Hidroclorotiazida 50 mg/12.5 mg x 30 comp.,losartan|50mg|30,losartan|50mg|30|bio:unknown|brand:unknown|combo:hidroclorotiazida|form:solid-oral,losartan|50mg|30,hidroclorotiazida,,solid-oral,30,,,50mg,,,,unknown,,,exact,,CFM-000801,2179,true,https://comparafarma-api.vercel.app/api/go?slug=ahumada&matchKey=losartan%7C50mg%7C30&url=https%3A%2F%2Fwww.farmaciasahumada.cl%2Flosartan-hidroclorotiazida-50-mg-12.5-mg-x-30-comprimidos-recubiertos-ascend-86373.html&cfmId=CFM-000801,2
losartan,losartan,losartan,,,,16,17,ecofarmacias,Losartan Potásico + Hidroclorotiazida 50 mg/12.5 mg x 30 comp.,Losartan Potásico + Hidroclorotiazida 50 mg/12.5 mg x 30 comp.,losartan|50mg|30,losartan|50mg|30|bio:unknown|brand:unknown|combo:hidroclorotiazida|form:solid-oral,losartan|50mg|30,hidroclorotiazida,,solid-oral,30,,,50mg,,,,unknown,,,exact,,CFM-000801,2180,true,https://comparafarma-api.vercel.app/api/go?slug=ecofarmacias&matchKey=losartan%7C50mg%7C30&url=https%3A%2F%2Fwww.ecofarmacias.cl%2Fproducto%2Flosartan-potasico-hidroclorotiazida-50-mg-12-5-mg-x-30-comp%2F&cfmId=CFM-000801,2
losartan,losartan,losartan,,,,17,18,farmex,"Losartán Potásico 100 mg x 30 comprimidos recubiertos ""Ley Cenabast""","Losartán Potásico 100 mg x 30 comprimidos recubiertos ""Ley Cenabast""",losartan|100mg|30,losartan|100mg|30|bio:unknown|brand:sevenpharma|form:solid-oral,losartan|100mg|30,,,solid-oral,30,,,100mg,,Seven Pharma,losartan,unknown,SEVEN PHARMA,,exact,,CFM-001013,2290,true,https://comparafarma-api.vercel.app/api/go?slug=farmex&matchKey=losartan%7C100mg%7C30&url=https%3A%2F%2Ffarmex.cl%2Fproducts%2Flosartan-potasico-100-mg-x-30-comprimidos-recubiertos-1%3F_pos%3D5%26_psq%3Dlosartan%26_psid%3D666c76c79%26_ss%3De&cfmId=CFM-001013,1
losartan,losartan,losartan,,,,18,19,farmex,"Losartán Potásico / Hidroclorotiazida 50 mg / 12,5 mg x 30 comprimidos","Losartán Potásico / Hidroclorotiazida 50 mg / 12,5 mg x 30 comprimidos",losartan|50mg|30,losartan|50mg|30|bio:unknown|brand:opko|combo:hidroclorotiazida|form:solid-oral,losartan|50mg|30,hidroclorotiazida,,solid-oral,30,,,50mg,,Opko,,unknown,OPKO,,exact,,CFM-000801,2590,true,https://comparafarma-api.vercel.app/api/go?slug=farmex&matchKey=losartan%7C50mg%7C30&url=https%3A%2F%2Ffarmex.cl%2Fproducts%2Flosartan-potasico-hidroclorotiazida-50-mg-12-5-mg-x-30-comprimidos%3F_pos%3D10%26_psq%3Dlosartan%26_psid%3D666c76c79%26_ss%3De&cfmId=CFM-000801,1
losartan,losartan,losartan,,,,19,20,sermecoop,"Losartán/hidroclorotiazida 50/ 12,5 Mg X 30 Comprimidos","Losartán/hidroclorotiazida 50/ 12,5 Mg X 30 Comprimidos",losartan|12.5mg|30,losartan|12.5mg|30|bio:true|brand:unknown|combo:hidroclorotiazida|form:solid-oral,losartan|12.5mg|30,hidroclorotiazida,,solid-oral,30,,,12.5mg,,,,unknown,,true,exact,,CFM-000794,2590,true,https://comparafarma-api.vercel.app/api/go?slug=sermecoop&matchKey=losartan%7C12.5mg%7C30&url=https%3A%2F%2Fwww.farmaciasermecoop.cl%2Findex.php%2Fonline%2Fdetalleproducto%3Fp_%3D21621%26d_%3D1&cfmId=CFM-000794,1
losartan,losartan,losartan,,,,20,21,araucomed,Losartan Hidroclorotiazida 100/25mg x30com (Eurofarma),Losartan Hidroclorotiazida 100/25mg x30com (Eurofarma),losartan|25mg|30,losartan|25mg|30|bio:unknown|brand:eurofarma|combo:hidroclorotiazida|form:solid-oral,losartan|25mg|30,hidroclorotiazida,,solid-oral,30,,,25mg,,Eurofarma,,unknown,Eurofarma,,exact,,CFM-001225,2790,false,https://comparafarma-api.vercel.app/api/go?slug=araucomed&matchKey=losartan%7C25mg%7C30&url=https%3A%2F%2Ffarmacia.araucomed.com%2Fantihipertensivos%2Flosartan-hidroclorotiazida-100-25mg-x30com-eurofar&cfmId=CFM-001225,1
losartan,losartan,losartan,,,,21,22,ecofarmacias,Losartan 50 mg / Hidroclorotiazida 12.5 mg x 30 Comp.,Losartan 50 mg / Hidroclorotiazida 12.5 mg x 30 Comp.,losartan|50mg|30,losartan|50mg|30|bio:true|brand:unknown|combo:hidroclorotiazida|form:solid-oral,losartan|50mg|30,hidroclorotiazida,,solid-oral,30,,,50mg,,,,unknown,,true,exact,,CFM-000801,2980,false,https://comparafarma-api.vercel.app/api/go?slug=ecofarmacias&matchKey=losartan%7C50mg%7C30&url=https%3A%2F%2Fwww.ecofarmacias.cl%2Fproducto%2Flosartan-50-mg-hidroclorotiazida-12-5-mg-x-30-comp%2F&cfmId=CFM-000801,1
losartan,losartan,losartan,,,,22,23,easyfarma,Losartan +...,Losartan +...,losartan,losartan|bio:unknown|brand:opko,losartan,,,,,,,,,,losartan,unknown,,,exact,,CFM-001279,2990,true,https://comparafarma-api.vercel.app/api/go?slug=easyfarma&matchKey=losartan&url=https%3A%2F%2Fnuevo.easyfarma.cl%2F103505-losartan-hidroclorotiazida-50-mg-125-mg-x-30-comp-lab-opko.html&cfmId=CFM-001279,1
losartan,losartan,losartan,,,,23,24,easyfarma,Losartan 100 Mg X 30 Comp...,Losartan 100 Mg X 30 Comp...,losartan|100mg|30,losartan|100mg|30|bio:unknown|brand:pharma|form:solid-oral,losartan|100mg|30,,,solid-oral,30,,,100mg,,,losartan,unknown,,,exact,,CFM-001013,2990,true,https://comparafarma-api.vercel.app/api/go?slug=easyfarma&matchKey=losartan%7C100mg%7C30&url=https%3A%2F%2Fnuevo.easyfarma.cl%2F104435-losartan-100-mg-x-30-comp-seven-pharma.html&cfmId=CFM-001013,1
losartan,losartan,losartan,,,,24,25,easyfarma,Losartan Potasico 100 Mg 30...,Losartan Potasico 100 Mg 30...,losartan|100mg,losartan|100mg|bio:unknown|brand:opko,losartan|100mg,,,,,,,100mg,,,losartan,unknown,,,exact,,CFM-001411,2990,true,https://comparafarma-api.vercel.app/api/go?slug=easyfarma&matchKey=losartan%7C100mg&url=https%3A%2F%2Fnuevo.easyfarma.cl%2F102743-losartan-potasico-100-mg-30-comp-recubiertos-opko.html&cfmId=CFM-001411,1
losartan,losartan,losartan,,,,25,26,salcobrand,Losartán (B) 100mg 30 Comprimidos Recubiertos - Cenabast,Losartán (B) 100mg 30 Comprimidos Recubiertos - Cenabast,losartan|100mg|30,losartan|100mg|30|bio:unknown|brand:unknown|form:solid-oral,losartan|100mg|30,,,solid-oral,30,,,100mg,,,losartan,unknown,Losartán,,exact,,CFM-001013,2999,true,https://comparafarma-api.vercel.app/api/go?slug=salcobrand&matchKey=losartan%7C100mg%7C30&url=https%3A%2F%2Fsalcobrand.cl%2Fproducts%2Flosartan-b-100mg-30-comprimidos-recubiertos%3Fdefault_sku%3D4980272&cfmId=CFM-001013,3
losartan,losartan,losartan,,,,25,26,cruz-verde,Losartan Potasico 100 mg 30 Comprimidos,Losartán (B) 100mg 30 Comprimidos Recubiertos - Cenabast,losartan|100mg|30,losartan|100mg|30|bio:unknown|brand:unknown|form:solid-oral,losartan|100mg|30,,,solid-oral,30,,,100mg,,,losartan,unknown,Losartán,,exact,,CFM-001013,4990,true,https://comparafarma-api.vercel.app/api/go?slug=cruz-verde&matchKey=losartan%7C100mg%7C30&url=https%3A%2F%2Fwww.cruzverde.cl%2Flosartan-potasico-100-mg-30-comprimidos%2F297058.html&cfmId=CFM-001013,3
losartan,losartan,losartan,,,,25,26,easyfarma,Losartan 100 mg. 30 comp.,Losartán (B) 100mg 30 Comprimidos Recubiertos - Cenabast,losartan|100mg|30,losartan|100mg|30|bio:unknown|brand:unknown|form:solid-oral,losartan|100mg|30,,,solid-oral,30,,,100mg,,,losartan,unknown,Losartán,,exact,,CFM-001013,4990,true,https://comparafarma-api.vercel.app/api/go?slug=easyfarma&matchKey=losartan%7C100mg%7C30&url=https%3A%2F%2Fnuevo.easyfarma.cl%2F24683-losartan-100-mg-x-30.html&cfmId=CFM-001013,3
losartan,losartan,losartan,,,,26,27,easyfarma,Losartan +...,Losartan +...,losartan,losartan|bio:unknown|brand:ascend,losartan,,,,,,,,,,losartan,unknown,,,exact,,CFM-001279,3490,true,https://comparafarma-api.vercel.app/api/go?slug=easyfarma&matchKey=losartan&url=https%3A%2F%2Fnuevo.easyfarma.cl%2F64836-losartan-hidroclorotiazida-50-125-x-30-comp-ascend.html&cfmId=CFM-001279,1
losartan,losartan,losartan,,,,27,28,araucomed,Losartan Potasico 100 mg x 30 comprimidos. (Chile),Losartán Potásico 100 mg x 30 comprimidos,losartan|100mg|30,losartan|100mg|30|bio:unknown|brand:chile|form:solid-oral,losartan|100mg|30,,,solid-oral,30,,,100mg,,Chile,losartan,unknown,CHILE,,exact,,CFM-001013,3490,true,https://comparafarma-api.vercel.app/api/go?slug=araucomed&matchKey=losartan%7C100mg%7C30&url=https%3A%2F%2Ffarmacia.araucomed.com%2Fantihipertensivos%2Flosartan-potasico-100-mg-x30com-chile&cfmId=CFM-001013,2
losartan,losartan,losartan,,,,27,28,farmex,Losartán Potásico 100 mg x 30 comprimidos,Losartán Potásico 100 mg x 30 comprimidos,losartan|100mg|30,losartan|100mg|30|bio:unknown|brand:chile|form:solid-oral,losartan|100mg|30,,,solid-oral,30,,,100mg,,Chile,losartan,unknown,CHILE,,exact,,CFM-001013,3990,true,https://comparafarma-api.vercel.app/api/go?slug=farmex&matchKey=losartan%7C100mg%7C30&url=https%3A%2F%2Ffarmex.cl%2Fproducts%2Flosartan-potasico-100-mg-x-30-comprimidos-recubiertos%3F_pos%3D7%26_psq%3Dlosartan%26_psid%3D666c76c79%26_ss%3De&cfmId=CFM-001013,2
losartan,losartan,losartan,,,,28,29,araucomed,Losartan Potasico 100 mg x30com. (Opko),Losartan Potasico 100 mg x30com. (Opko),losartan|100mg|30,losartan|100mg|30|bio:unknown|brand:opko|form:solid-oral,losartan|100mg|30,,,solid-oral,30,,,100mg,,Opko,losartan,unknown,Opko,,exact,,CFM-001013,3490,false,https://comparafarma-api.vercel.app/api/go?slug=araucomed&matchKey=losartan%7C100mg%7C30&url=https%3A%2F%2Ffarmacia.araucomed.com%2Fantihipertensivos%2Flosartan-potasico-100-mg-x30com-opko&cfmId=CFM-001013,1
losartan,losartan,losartan,,,,29,30,ecofarmacias,Losartan + Hidroclorotiazida 100/25 x 30 Comp Eurofarma,Losartan / Hidroclorotiazida (B) 50/12.5 30 Comprimidos Recubiertos,losartan|30,losartan|30|bio:unknown|brand:unknown|combo:hidroclorotiazida|form:solid-oral,losartan|30,hidroclorotiazida,,solid-oral,30,,,,,,,unknown,Losartan / Hidroclorotiazida,,exact,,CFM-001208,3990,false,https://comparafarma-api.vercel.app/api/go?slug=ecofarmacias&matchKey=losartan%7C30&url=https%3A%2F%2Fwww.ecofarmacias.cl%2Fproducto%2Flosartan-potasico-hidroclorotiazida-100-25-x-30-comprimidos-recubiertos-eurofarma%2F&cfmId=CFM-001208,2
losartan,losartan,losartan,,,,29,30,salcobrand,Losartan / Hidroclorotiazida (B) 50/12.5 30 Comprimidos Recubiertos,Losartan / Hidroclorotiazida (B) 50/12.5 30 Comprimidos Recubiertos,losartan|30,losartan|30|bio:unknown|brand:unknown|combo:hidroclorotiazida|form:solid-oral,losartan|30,hidroclorotiazida,,solid-oral,30,,,,,,,unknown,Losartan / Hidroclorotiazida,,exact,,CFM-001208,8271,true,https://comparafarma-api.vercel.app/api/go?slug=salcobrand&matchKey=losartan%7C30&url=https%3A%2F%2Fsalcobrand.cl%2Fproducts%2Flosartan-hidroclorotiazida-b-50-12-5-30-comprimidos-recubiertos%3Fdefault_sku%3D580802&cfmId=CFM-001208,2
losartan,losartan,losartan,,,,30,31,salcobrand,Lorsartán Potásico / Hidroclorotiazida 50/12.5 30 Comprimidos Recubiertos,Lorsartán Potásico / Hidroclorotiazida 50/12.5 30 Comprimidos Recubiertos,lorsartan|30,lorsartan|30|bio:unknown|brand:unknown|combo:hidroclorotiazida|form:solid-oral,lorsartan|30,hidroclorotiazida,,solid-oral,30,,,,,,,unknown,Lorsartán Potásico/Hidroclorotiazida ,,compatible,,CFM-001216,6247,true,https://comparafarma-api.vercel.app/api/go?slug=salcobrand&matchKey=lorsartan%7C30&url=https%3A%2F%2Fsalcobrand.cl%2Fproducts%2Florsartan-potasico-hidroclorotiazida-50-12-5-30-comprimidos-recubiertos%3Fdefault_sku%3D573676&cfmId=CFM-001216,1
losartan,losartan,losartan,,,,31,32,dr-simi,Simperten-D 100/25 losartan 100 mg hidroclorotiazida 25 mg 30 comprimidos recubiertos,Simperten-D 100/25 losartan 100 mg hidroclorotiazida 25 mg 30 comprimidos recubiertos,simpertend|100mg|30,simpertend|100mg|30|bio:true|brand:teva|form:solid-oral,simpertend|100mg|30,,,solid-oral,30,,,100mg,SimpertenD,Teva,losartan,name,TEVA,true,exact,,CFM-001226,6600,true,https://comparafarma-api.vercel.app/api/go?slug=dr-simi&matchKey=simpertend%7C100mg%7C30&url=https%3A%2F%2Fwww.drsimi.cl%2Flosartan-hidroclorotiazida-100-25-mg-30-comprimidos%2Fp&cfmId=CFM-001226,1
losartan,losartan,losartan,,,,32,33,cruz-verde,Lopren Losartan Potasico 50 mg 30 Comprimidos Recubiertos,Lopren Losartan Potasico 50 mg 30 Comprimidos Recubiertos,lopren|50mg|30,lopren|50mg|30|bio:unknown|brand:unknown|form:solid-oral,lopren|50mg|30,,,solid-oral,30,,,50mg,Lopren,,losartan,name,,,exact,,CFM-001227,7890,true,https://comparafarma-api.vercel.app/api/go?slug=cruz-verde&matchKey=lopren%7C50mg%7C30&url=https%3A%2F%2Fwww.cruzverde.cl%2Flopren-losartan-potasico-50-mg-30-comprimidos-recubiertos%2F256772.html&cfmId=CFM-001227,1
losartan,losartan,losartan,,,,33,34,araucomed,"Hyzaar 50/12,5mg x30com","Hyzaar 50/12,5mg x30com",hyzaar|12.5mg|30,hyzaar|12.5mg|30|bio:unknown|brand:unknown|form:solid-oral,hyzaar|12.5mg|30,,,solid-oral,30,,,12.5mg,,,,unknown,,,compatible,,CFM-001220,10490,false,https://comparafarma-api.vercel.app/api/go?slug=araucomed&matchKey=hyzaar%7C12.5mg%7C30&url=https%3A%2F%2Ffarmacia.araucomed.com%2Fantihipertensivos%2Fhyzaar-50-125mg-x30com&cfmId=CFM-001220,1
losartan,losartan,losartan,,,,34,35,araucomed,Cozaar 50 mg x30com,Cozaar 50 mg x30com,cozaar|50mg|30,cozaar|50mg|30|bio:unknown|brand:unknown|form:solid-oral,cozaar|50mg|30,,,solid-oral,30,,,50mg,,,,unknown,,,exact,,CFM-001229,11890,false,https://comparafarma-api.vercel.app/api/go?slug=araucomed&matchKey=cozaar%7C50mg%7C30&url=https%3A%2F%2Ffarmacia.araucomed.com%2Fantihipertensivos%2Fcozaar-50-mg-x30com&cfmId=CFM-001229,3
losartan,losartan,losartan,,,,34,35,ahumada,Cozaar 50 mg x 30 Comprimidos Recubiertos,Cozaar 50 mg x30com,cozaar|50mg|30,cozaar|50mg|30|bio:unknown|brand:unknown|form:solid-oral,cozaar|50mg|30,,,solid-oral,30,,,50mg,,,,unknown,,,exact,,CFM-001229,14689,true,https://comparafarma-api.vercel.app/api/go?slug=ahumada&matchKey=cozaar%7C50mg%7C30&url=https%3A%2F%2Fwww.farmaciasahumada.cl%2Fcozaar-50-mg-x-30-comprimidos-recubiertos-12911.html&cfmId=CFM-001229,3
losartan,losartan,losartan,,,,34,35,cruz-verde,Cozaar Losartan Potasico 50 mg 30 Comprimidos,Cozaar 50 mg x30com,cozaar|50mg|30,cozaar|50mg|30|bio:unknown|brand:unknown|form:solid-oral,cozaar|50mg|30,,,solid-oral,30,,,50mg,,,,unknown,,,exact,,CFM-001229,35640,true,https://comparafarma-api.vercel.app/api/go?slug=cruz-verde&matchKey=cozaar%7C50mg%7C30&url=https%3A%2F%2Fwww.cruzverde.cl%2Fcozaar-losartan-potasico-50-mg-30-comprimidos%2F197022.html&cfmId=CFM-001229,3
losartan,losartan,losartan,,,,35,36,araucomed,Simperten D 50/12.5 x 30 comprimidos recubiertos,Simperten D 50/12.5 x 30 comprimidos recubiertos,simperten|30,simperten|30|bio:unknown|brand:chile|var:d|form:solid-oral,simperten|30,,d,solid-oral,30,,,,,Laboratorio Chile,,unknown,Laboratorio Chile,,compatible,,CFM-001212,12400,true,https://comparafarma-api.vercel.app/api/go?slug=araucomed&matchKey=simperten%7C30&url=https%3A%2F%2Ffarmacia.araucomed.com%2Fantihipertensivos%2Fsimperten-d-50-125-x30com&cfmId=CFM-001212,1
losartan,losartan,losartan,,,,36,37,ahumada,Hyzaar 50 mg/12.5 mg x 30 Comprimidos Recubiertos,Hyzaar 50 mg/12.5 mg x 30 Comprimidos Recubiertos,hyzaar|50mg|30,hyzaar|50mg|30|bio:unknown|brand:unknown|form:solid-oral,hyzaar|50mg|30,,,solid-oral,30,,,50mg,,,,unknown,,,compatible,,CFM-001214,12826,true,https://comparafarma-api.vercel.app/api/go?slug=ahumada&matchKey=hyzaar%7C50mg%7C30&url=https%3A%2F%2Fwww.farmaciasahumada.cl%2Fhyzaar-50-mg-12.5-mg-x-30-comprimidos-recubiertos-13167.html&cfmId=CFM-001214,1
losartan,losartan,losartan,,,,37,38,ahumada,Hyzaar Forte 100 mg/25 mg x 30 Comprimidos Recubiertos,Hyzaar Forte Losartan 100 mg 30 Comprimidos,hyzaar|100mg|30,hyzaar|100mg|30|bio:unknown|brand:unknown|var:forte|form:solid-oral,hyzaar|100mg|30,,forte,solid-oral,30,,,100mg,Hyzaar,,losartan,name,,,exact,,CFM-001228,13306,true,https://comparafarma-api.vercel.app/api/go?slug=ahumada&matchKey=hyzaar%7C100mg%7C30&url=https%3A%2F%2Fwww.farmaciasahumada.cl%2Fhyzaar-forte-100-mg-25-mg-x-30-comprimidos-recubiertos-25323.html&cfmId=CFM-001228,2
losartan,losartan,losartan,,,,37,38,cruz-verde,Hyzaar Forte Losartan 100 mg 30 Comprimidos,Hyzaar Forte Losartan 100 mg 30 Comprimidos,hyzaar|100mg|30,hyzaar|100mg|30|bio:unknown|brand:unknown|var:forte|form:solid-oral,hyzaar|100mg|30,,forte,solid-oral,30,,,100mg,Hyzaar,,losartan,name,,,exact,,CFM-001228,29940,true,https://comparafarma-api.vercel.app/api/go?slug=cruz-verde&matchKey=hyzaar%7C100mg%7C30&url=https%3A%2F%2Fwww.cruzverde.cl%2Fhyzaar-forte-losartan-100-mg-30-comprimidos%2F197047.html&cfmId=CFM-001228,2
losartan,losartan,losartan,,,,38,39,ahumada,Cozaar 100 mg x 30 Comprimidos Recubiertos,Cozaar 100 mg x 30 Comprimidos Recubiertos,cozaar|100mg|30,cozaar|100mg|30|bio:unknown|brand:unknown|form:solid-oral,cozaar|100mg|30,,,solid-oral,30,,,100mg,,,,unknown,,,exact,,CFM-001217,15383,true,https://comparafarma-api.vercel.app/api/go?slug=ahumada&matchKey=cozaar%7C100mg%7C30&url=https%3A%2F%2Fwww.farmaciasahumada.cl%2Fcozaar-100-mg-x-30-comprimidos-recubiertos-38549.html&cfmId=CFM-001217,2
losartan,losartan,losartan,,,,38,39,cruz-verde,Cozaar Losartan Potasico 100 mg 30 Comprimidos,Cozaar 100 mg x 30 Comprimidos Recubiertos,cozaar|100mg|30,cozaar|100mg|30|bio:unknown|brand:unknown|form:solid-oral,cozaar|100mg|30,,,solid-oral,30,,,100mg,,,,unknown,,,exact,,CFM-001217,34350,true,https://comparafarma-api.vercel.app/api/go?slug=cruz-verde&matchKey=cozaar%7C100mg%7C30&url=https%3A%2F%2Fwww.cruzverde.cl%2Fcozaar-losartan-potasico-100-mg-30-comprimidos%2F197051.html&cfmId=CFM-001217,2
losartan,losartan,losartan,,,,39,40,ahumada,Simperten-D 50 mg/12.5 mg x 30 Comprimidos Recubiertos,Simperten-D Losartan 50 mg 30 Comprimidos Recubierto,simpertend|50mg|30,simpertend|50mg|30|bio:unknown|brand:unknown|form:solid-oral,simpertend|50mg|30,,,solid-oral,30,,,50mg,SimpertenD,,losartan,name,,,exact,,CFM-001211,16849,true,https://comparafarma-api.vercel.app/api/go?slug=ahumada&matchKey=simpertend%7C50mg%7C30&url=https%3A%2F%2Fwww.farmaciasahumada.cl%2Fsimperten-d-50-mg-12.5-mg-x-30-comprimidos-recubiertos-20238.html&cfmId=CFM-001211,2
losartan,losartan,losartan,,,,39,40,cruz-verde,Simperten-D Losartan 50 mg 30 Comprimidos Recubierto,Simperten-D Losartan 50 mg 30 Comprimidos Recubierto,simpertend|50mg|30,simpertend|50mg|30|bio:unknown|brand:unknown|form:solid-oral,simpertend|50mg|30,,,solid-oral,30,,,50mg,SimpertenD,,losartan,name,,,exact,,CFM-001211,30690,true,https://comparafarma-api.vercel.app/api/go?slug=cruz-verde&matchKey=simpertend%7C50mg%7C30&url=https%3A%2F%2Fwww.cruzverde.cl%2Fsimperten-d-losartan-50-mg-30-comprimidos-recubierto%2F1417.html&cfmId=CFM-001211,2
losartan,losartan,losartan,,,,40,41,ahumada,Simperten-D 100 mg/25 mg x 30 Comprimidos Recubiertos,Simperten-D 100 mg/25 mg x 30 Comprimidos Recubiertos,simpertend|100mg|30,simpertend|100mg|30|bio:true|brand:unknown|form:solid-oral,simpertend|100mg|30,,,solid-oral,30,,,100mg,,,,unknown,,true,compatible,,CFM-001226,17789,true,https://comparafarma-api.vercel.app/api/go?slug=ahumada&matchKey=simpertend%7C100mg%7C30&url=https%3A%2F%2Fwww.farmaciasahumada.cl%2Fsimperten-d-100-mg-25-mg-x-30-comprimidos-recubiertos-38062.html&cfmId=CFM-001226,1
losartan,losartan,losartan,,,,41,42,farmex,Losapres 100 mg x 30 comprimidos,Losapres 100 mg x 30 comprimidos,losapres|100mg|30,losapres|100mg|30|bio:unknown|brand:pharmainvesti|form:solid-oral,losapres|100mg|30,,,solid-oral,30,,,100mg,,Pharma Investi,,unknown,PHARMA INVESTI,,compatible,,CFM-001209,17990,true,https://comparafarma-api.vercel.app/api/go?slug=farmex&matchKey=losapres%7C100mg%7C30&url=https%3A%2F%2Ffarmex.cl%2Fproducts%2Flosapres-100-mg-x-30-comprimidos%3F_pos%3D9%26_psq%3Dlosartan%26_psid%3D666c76c79%26_ss%3De&cfmId=CFM-001209,1
losartan,losartan,losartan,,,,42,43,easyfarma,Hyzaar Forte 100/25 mg 30...,Hyzaar Forte 100/25 mg 30...,hyzaar|25mg,hyzaar|25mg|bio:unknown|brand:unknown|var:forte,hyzaar|25mg,,forte,,,,,25mg,,,,unknown,,,compatible,,CFM-001281,17990,true,https://comparafarma-api.vercel.app/api/go?slug=easyfarma&matchKey=hyzaar%7C25mg&url=https%3A%2F%2Fnuevo.easyfarma.cl%2F104325-hyzaar-forte-100-25-mg-30-comprimidos.html&cfmId=CFM-001281,1
losartan,losartan,losartan,,,,43,44,ahumada,Losapres 100 mg x 30 Comprimidos Recubiertos,Losapres 100 mg x 30 Comprimidos Recubiertos,losapres|100mg|30,losapres|100mg|30|bio:true|brand:unknown|form:solid-oral,losapres|100mg|30,,,solid-oral,30,,,100mg,,,,unknown,,true,compatible,,CFM-001209,18262,true,https://comparafarma-api.vercel.app/api/go?slug=ahumada&matchKey=losapres%7C100mg%7C30&url=https%3A%2F%2Fwww.farmaciasahumada.cl%2Flosapres-100-mg-x-30-comprimidos-recubiertos-44597.html&cfmId=CFM-001209,1
losartan,losartan,losartan,,,,44,45,farmex,Losapres-D 100 / 25 mg x 30 comprimidos,Losapres-D 100 / 25 mg x 30 comprimidos,losapresd|25mg|30,losapresd|25mg|30|bio:unknown|brand:megalabs|form:solid-oral,losapresd|25mg|30,,,solid-oral,30,,,25mg,,Megalabs,,unknown,Megalabs,,compatible,,CFM-014939,18290,true,https://comparafarma-api.vercel.app/api/go?slug=farmex&matchKey=losapresd%7C25mg%7C30&url=https%3A%2F%2Ffarmex.cl%2Fproducts%2Flosapres-d-100-25-mg-x-30-comprimidos%3F_pos%3D4%26_psq%3Dlosartan%26_psid%3D666c76c79%26_ss%3De&cfmId=CFM-014939,1
losartan,losartan,losartan,,,,45,46,ahumada,Corodin 50 mg x 30 Comprimidos Recubiertos,Corodin 50 mg x 30 Comprimidos Recubiertos,corodin|50mg|30,corodin|50mg|30|bio:true|brand:unknown|form:solid-oral,corodin|50mg|30,,,solid-oral,30,,,50mg,,,,unknown,,true,compatible,,CFM-001223,19246,true,https://comparafarma-api.vercel.app/api/go?slug=ahumada&matchKey=corodin%7C50mg%7C30&url=https%3A%2F%2Fwww.farmaciasahumada.cl%2Fcorodin-50-mg-x-30-comprimidos-recubiertos-28998.html&cfmId=CFM-001223,1
losartan,losartan,losartan,,,,46,47,ahumada,Losapres-D 100 mg/25 mg x 30 Comprimidos Recubiertos,Losapres-D 100 mg/25 mg x 30 Comprimidos Recubiertos,losapresd|100mg|30,losapresd|100mg|30|bio:unknown|brand:unknown|form:solid-oral,losapresd|100mg|30,,,solid-oral,30,,,100mg,,,,unknown,,,exact,,CFM-001221,21079,true,https://comparafarma-api.vercel.app/api/go?slug=ahumada&matchKey=losapresd%7C100mg%7C30&url=https%3A%2F%2Fwww.farmaciasahumada.cl%2Flosapres-d-100-mg-25-mg-x-30-comprimidos-recubiertos-44599.html&cfmId=CFM-001221,2
losartan,losartan,losartan,,,,46,47,cruz-verde,Losapres-D 100/25 Losartan 100 mg 30 Comprimidos Recubierto,Losapres-D 100 mg/25 mg x 30 Comprimidos Recubiertos,losapresd|100mg|30,losapresd|100mg|30|bio:unknown|brand:unknown|form:solid-oral,losapresd|100mg|30,,,solid-oral,30,,,100mg,,,,unknown,,,exact,,CFM-001221,33390,true,https://comparafarma-api.vercel.app/api/go?slug=cruz-verde&matchKey=losapresd%7C100mg%7C30&url=https%3A%2F%2Fwww.cruzverde.cl%2Flosapres-d-100-25-losartan-100-mg-30-comprimidos-recubierto%2F251739.html&cfmId=CFM-001221,2
losartan,losartan,losartan,,,,47,48,salcobrand,Corodin (B) Losartán Potásico 100mg 30 Comprimidos Recubiertos,Corodin (B) Losartán Potásico 100mg 30 Comprimidos Recubiertos,corodin|100mg|30,corodin|100mg|30|bio:unknown|brand:corodin|form:solid-oral,corodin|100mg|30,,,solid-oral,30,,,100mg,Corodin,,losartan,structured,Corodin,,exact,,CFM-001224,21911,true,https://comparafarma-api.vercel.app/api/go?slug=salcobrand&matchKey=corodin%7C100mg%7C30&url=https%3A%2F%2Fsalcobrand.cl%2Fproducts%2Fcorodin-b-losartan-potasico-100mg-30-comprimidos-recubiertos%3Fdefault_sku%3D2835986&cfmId=CFM-001224,1
losartan,losartan,losartan,,,,48,49,ahumada,Losapres 50 mg x 30 Comprimidos Recubiertos,Losapres 50 mg x 30 Comprimidos Recubiertos,losapres|50mg|30,losapres|50mg|30|bio:true|brand:unknown|form:solid-oral,losapres|50mg|30,,,solid-oral,30,,,50mg,,,,unknown,,true,compatible,,CFM-001213,22462,true,https://comparafarma-api.vercel.app/api/go?slug=ahumada&matchKey=losapres%7C50mg%7C30&url=https%3A%2F%2Fwww.farmaciasahumada.cl%2Flosapres-50-mg-x-30-comprimidos-recubiertos-17995.html&cfmId=CFM-001213,1
losartan,losartan,losartan,,,,49,50,salcobrand,Losapres (B) Losartán 100mg 30 Comprimidos Recubiertos,Losapres (B) Losartán 100mg 30 Comprimidos Recubiertos,losapres|100mg|30,losapres|100mg|30|bio:unknown|brand:losapres|form:solid-oral,losapres|100mg|30,,,solid-oral,30,,,100mg,Losapres,,losartan,structured,Losapres,,exact,,CFM-001209,22967,true,https://comparafarma-api.vercel.app/api/go?slug=salcobrand&matchKey=losapres%7C100mg%7C30&url=https%3A%2F%2Fsalcobrand.cl%2Fproducts%2Flosapres-b-losartan-100mg-30-comprimidos-recubiertos%3Fdefault_sku%3D2571193&cfmId=CFM-001209,1
losartan,losartan,losartan,,,,50,51,ahumada,Losapres-D 50 mg/12.5 mg x 30 Comprimidos Recubiertos,Losapres-D 50 mg/12.5 mg x 30 Comprimidos Recubiertos,losapresd|50mg|30,losapresd|50mg|30|bio:unknown|brand:unknown|form:solid-oral,losapresd|50mg|30,,,solid-oral,30,,,50mg,,,,unknown,,,compatible,,CFM-001210,23074,true,https://comparafarma-api.vercel.app/api/go?slug=ahumada&matchKey=losapresd%7C50mg%7C30&url=https%3A%2F%2Fwww.farmaciasahumada.cl%2Flosapres-d-50-mg-12.5-mg-x-30-comprimidos-recubiertos-18296.html&cfmId=CFM-001210,1
losartan,losartan,losartan,,,,51,52,cruz-verde,Corodin Losartan Potasico 100 mg 30 Comprimidos,Corodin Losartan Potasico 100 mg 30 Comprimidos,corodin|100mg|30,corodin|100mg|30|bio:unknown|brand:unknown|form:solid-oral,corodin|100mg|30,,,solid-oral,30,,,100mg,Corodin,,losartan,name,,,exact,,CFM-001224,24390,true,https://comparafarma-api.vercel.app/api/go?slug=cruz-verde&matchKey=corodin%7C100mg%7C30&url=https%3A%2F%2Fwww.cruzverde.cl%2Fcorodin-losartan-potasico-100-mg-30-comprimidos%2F4671.html&cfmId=CFM-001224,1
losartan,losartan,losartan,,,,52,53,ahumada,Tellmi Am 80/10 Mg 30 Comprimidos,Tellmi Am 80/10 Mg 30 Comprimidos,tellmi|10mg|30,tellmi|10mg|30|bio:unknown|brand:unknown|var:am|form:solid-oral,tellmi|10mg|30,,am,solid-oral,30,,,10mg,,,,unknown,,,compatible,,CFM-001222,24494,true,https://comparafarma-api.vercel.app/api/go?slug=ahumada&matchKey=tellmi%7C10mg%7C30&url=https%3A%2F%2Fwww.farmaciasahumada.cl%2Ftellmi-am-80-10-mg-30-comprimidos-94885.html&cfmId=CFM-001222,1
losartan,losartan,losartan,,,,53,54,salcobrand,Corodin (B) Losartán Potásico 50mg 30 Comprimidos Recubiertos,Corodin (B) Losartán Potásico 50mg 30 Comprimidos Recubiertos,corodin|50mg|30,corodin|50mg|30|bio:unknown|brand:corodin|form:solid-oral,corodin|50mg|30,,,solid-oral,30,,,50mg,Corodin,,losartan,structured,Corodin,,exact,,CFM-001223,25343,true,https://comparafarma-api.vercel.app/api/go?slug=salcobrand&matchKey=corodin%7C50mg%7C30&url=https%3A%2F%2Fsalcobrand.cl%2Fproducts%2Fcorodin-b-losartan-potasico-50mg-30-comprimidos-recubiertos%3Fdefault_sku%3D2831619&cfmId=CFM-001223,1
losartan,losartan,losartan,,,,54,55,salcobrand,Losapres D 50/12.5 Losartan / Hidroclorotiazida 30 Comprimidos Recubiertos,Losapres D 50/12.5 Losartan / Hidroclorotiazida 30 Comprimidos Recubiertos,losapres|30,losapres|30|bio:unknown|brand:losapresd|combo:hidroclorotiazida|form:solid-oral,losapres|30,hidroclorotiazida,,solid-oral,30,,,,Losapres D,,,structured,Losapres D,,exact,,CFM-001218,25959,true,https://comparafarma-api.vercel.app/api/go?slug=salcobrand&matchKey=losapres%7C30&url=https%3A%2F%2Fsalcobrand.cl%2Fproducts%2Flosapres-d-50-12-5-losartan-hidroclorotiazida-30-comprimidos-recubiertos%3Fdefault_sku%3D2571194&cfmId=CFM-001218,1
losartan,losartan,losartan,,,,55,56,cruz-verde,Losapres Losartan Potasico 100 mg 30 Comprimidos Recubierto,Losapres Losartan Potasico 100 mg 30 Comprimidos Recubierto,losapres|100mg|30,losapres|100mg|30|bio:unknown|brand:unknown|form:solid-oral,losapres|100mg|30,,,solid-oral,30,,,100mg,Losapres,,losartan,name,,,exact,,CFM-001209,26090,true,https://comparafarma-api.vercel.app/api/go?slug=cruz-verde&matchKey=losapres%7C100mg%7C30&url=https%3A%2F%2Fwww.cruzverde.cl%2Flosapres-losartan-potasico-100-mg-30-comprimidos-recubierto%2F251737.html&cfmId=CFM-001209,1
losartan,losartan,losartan,,,,56,57,salcobrand,Simperten-D 50/12.5 Hidroclorotiazida / Losartan 30 Comprimidos Recubiertos,Simperten-D 50/12.5 Hidroclorotiazida / Losartan 30 Comprimidos Recubiertos,simpertend|30,simpertend|30|bio:unknown|brand:simpertend|combo:losartan|form:solid-oral,simpertend|30,losartan,,solid-oral,30,,,,Simperten-D,,,structured,Simperten-D,,exact,,CFM-001215,26575,true,https://comparafarma-api.vercel.app/api/go?slug=salcobrand&matchKey=simpertend%7C30&url=https%3A%2F%2Fsalcobrand.cl%2Fproducts%2Fsimperten-d-50-12-5-hidroclorotiazida-losartan-30-comprimidos-recubiertos%3Fdefault_sku%3D439441&cfmId=CFM-001215,1
losartan,losartan,losartan,,,,57,58,cruz-verde,"Hyzaar Losartan / Hidroclorotiazida 50 mg / 12,5 mg 30 Comprimidos","Hyzaar Losartan / Hidroclorotiazida 50 mg / 12,5 mg 30 Comprimidos",hyzaar|50mg|30,hyzaar|50mg|30|bio:unknown|brand:unknown|combo:hidroclorotiazida|form:solid-oral,hyzaar|50mg|30,hidroclorotiazida,,solid-oral,30,,,50mg,,,,unknown,,,exact,,CFM-001214,26640,true,https://comparafarma-api.vercel.app/api/go?slug=cruz-verde&matchKey=hyzaar%7C50mg%7C30&url=https%3A%2F%2Fwww.cruzverde.cl%2Fhyzaar-losartan-hidroclorotiazida-50-mg-12-5-mg-30-comprimidos%2F197018.html&cfmId=CFM-001214,1
losartan,losartan,losartan,,,,58,59,easyfarma,Simperten-D 100/25 mg. 30...,Simperten-D 100/25 mg. 30...,simpertend|25mg,simpertend|25mg|bio:unknown|brand:unknown,simpertend|25mg,,,,,,,25mg,,,,unknown,,,compatible,,CFM-001280,26990,true,https://comparafarma-api.vercel.app/api/go?slug=easyfarma&matchKey=simpertend%7C25mg&url=https%3A%2F%2Fnuevo.easyfarma.cl%2F24731-simperten-d-100-25-x-30.html&cfmId=CFM-001280,1
losartan,losartan,losartan,,,,59,60,salcobrand,Losapres (B) Losartán 50mg 30 Comprimidos Recubiertos,Losapres (B) Losartán 50mg 30 Comprimidos Recubiertos,losapres|50mg|30,losapres|50mg|30|bio:unknown|brand:losapres|form:solid-oral,losapres|50mg|30,,,solid-oral,30,,,50mg,Losapres,,losartan,structured,Losapres ,,exact,,CFM-001213,28247,true,https://comparafarma-api.vercel.app/api/go?slug=salcobrand&matchKey=losapres%7C50mg%7C30&url=https%3A%2F%2Fsalcobrand.cl%2Fproducts%2Flosapres-b-losartan-50mg-30-comprimidos-recubiertos%3Fdefault_sku%3D2571192&cfmId=CFM-001213,1
losartan,losartan,losartan,,,,60,61,ahumada,Iltuxam HCT 40/5/25 mg (28 comprimidos),Iltuxam HCT 40/5/25 mg (28 comprimidos),iltuxam|25mg|28,iltuxam|25mg|28|bio:true|brand:unknown|var:hct,iltuxam|25mg|28,,hct,,28,,,25mg,,,,unknown,,true,compatible,,CFM-000998,28299,true,https://comparafarma-api.vercel.app/api/go?slug=ahumada&matchKey=iltuxam%7C25mg%7C28&url=https%3A%2F%2Fwww.farmaciasahumada.cl%2Filtuxam-hct-40-5-25-mg-%252828-comprimidos%2529-96996.html&cfmId=CFM-000998,1
losartan,losartan,losartan,,,,61,62,ahumada,"Iltuxam HCT 20/5/12,5 mg (28 comprimidos)","Iltuxam HCT 20/5/12,5 mg (28 comprimidos)",iltuxam|12.5mg|28,iltuxam|12.5mg|28|bio:true|brand:unknown|var:hct,iltuxam|12.5mg|28,,hct,,28,,,12.5mg,,,,unknown,,true,compatible,,CFM-000995,28299,true,https://comparafarma-api.vercel.app/api/go?slug=ahumada&matchKey=iltuxam%7C12.5mg%7C28&url=https%3A%2F%2Fwww.farmaciasahumada.cl%2Filtuxam-hct-20-5-12-5-mg-%252828-comprimidos%2529-96997.html&cfmId=CFM-000995,1
losartan,losartan,losartan,,,,62,63,cruz-verde,Corodin Losartan Potasico 50 mg 30 Comprimidos,Corodin Losartan Potasico 50 mg 30 Comprimidos,corodin|50mg|30,corodin|50mg|30|bio:unknown|brand:unknown|form:solid-oral,corodin|50mg|30,,,solid-oral,30,,,50mg,Corodin,,losartan,name,,,exact,,CFM-001223,28790,true,https://comparafarma-api.vercel.app/api/go?slug=cruz-verde&matchKey=corodin%7C50mg%7C30&url=https%3A%2F%2Fwww.cruzverde.cl%2Fcorodin-losartan-potasico-50-mg-30-comprimidos%2F4540.html&cfmId=CFM-001223,1
losartan,losartan,losartan,,,,63,64,salcobrand,Losapres D 100/25 Losartán / Hidroclorotiazida 30 Comprimidos Recubiertos,Losapres D 100/25 Losartán / Hidroclorotiazida 30 Comprimidos Recubiertos,losapres|30,losapres|30|bio:unknown|brand:losapres|combo:hidroclorotiazida|form:solid-oral,losapres|30,hidroclorotiazida,,solid-oral,30,,,,Losapres,,,structured,Losapres,,exact,,CFM-001218,29391,true,https://comparafarma-api.vercel.app/api/go?slug=salcobrand&matchKey=losapres%7C30&url=https%3A%2F%2Fsalcobrand.cl%2Fproducts%2Flosapres-d-100-25-losartan-hidroclorotiazida-30-comprimidos-recubiertos%3Fdefault_sku%3D2571195&cfmId=CFM-001218,1
losartan,losartan,losartan,,,,64,65,salcobrand,Hyzaar Losartán Potásico / Hidroclorotiazida 30 Comprimidos Recubiertos,Hyzaar Losartán Potásico / Hidroclorotiazida 30 Comprimidos Recubiertos,hyzaar|30,hyzaar|30|bio:unknown|brand:hyzaar|combo:hidroclorotiazida|form:solid-oral,hyzaar|30,hidroclorotiazida,,solid-oral,30,,,,Hyzaar,,,structured,Hyzaar,,exact,,CFM-001219,29567,true,https://comparafarma-api.vercel.app/api/go?slug=salcobrand&matchKey=hyzaar%7C30&url=https%3A%2F%2Fsalcobrand.cl%2Fproducts%2Fhyzaar-losartan-potasico-hidroclorotiazida-30-comprimidos-recubiertos%3Fdefault_sku%3D2028040&cfmId=CFM-001219,1
losartan,losartan,losartan,,,,65,66,salcobrand,Hyzaar Forte Hidroclorotiazida / Losartán 30 Comprimidos Recubiertos,Hyzaar Forte Hidroclorotiazida / Losartán 30 Comprimidos Recubiertos,hyzaar|30,hyzaar|30|bio:unknown|brand:hyzaar|combo:losartan|form:solid-oral,hyzaar|30,losartan,,solid-oral,30,,,,Hyzaar,,,structured,Hyzaar,,exact,,CFM-001219,30359,true,https://comparafarma-api.vercel.app/api/go?slug=salcobrand&matchKey=hyzaar%7C30&url=https%3A%2F%2Fsalcobrand.cl%2Fproducts%2Fhyzaar-forte-hidroclorotiazida-losartan-30-comprimidos-recubiertos%3Fdefault_sku%3D2025365&cfmId=CFM-001219,1
losartan,losartan,losartan,,,,66,67,cruz-verde,Losapres Losartán Potásico 50 mg 30 Comprimidos Recubiertos,Losapres Losartán Potásico 50 mg 30 Comprimidos Recubiertos,losapres|50mg|30,losapres|50mg|30|bio:unknown|brand:unknown|form:solid-oral,losapres|50mg|30,,,solid-oral,30,,,50mg,Losapres,,losartan,name,,,exact,,CFM-001213,32090,true,https://comparafarma-api.vercel.app/api/go?slug=cruz-verde&matchKey=losapres%7C50mg%7C30&url=https%3A%2F%2Fwww.cruzverde.cl%2Flosapres-losartan-potasico-50-mg-30-comprimidos-recubiertos%2F161122.html&cfmId=CFM-001213,1
losartan,losartan,losartan,,,,67,68,salcobrand,Cozaar (R) Losartán 50mg 30 Comprimidos Recubiertos,Cozaar (R) Losartán 50mg 30 Comprimidos Recubiertos,cozaar|50mg|30,cozaar|50mg|30|bio:unknown|brand:cozaar|form:solid-oral,cozaar|50mg|30,,,solid-oral,30,,,50mg,Cozaar,,losartan,structured,Cozaar,,exact,,CFM-001229,32559,true,https://comparafarma-api.vercel.app/api/go?slug=salcobrand&matchKey=cozaar%7C50mg%7C30&url=https%3A%2F%2Fsalcobrand.cl%2Fproducts%2Fcozaar-r-losartan-50mg-30-comprimidos-recubiertos%3Fdefault_sku%3D2020301&cfmId=CFM-001229,1
losartan,losartan,losartan,,,,68,69,cruz-verde,Simperten-D Losartan 100 mg 30 Comprimidos Recubierto,Simperten-D Losartan 100 mg 30 Comprimidos Recubierto,simpertend|100mg|30,simpertend|100mg|30|bio:unknown|brand:unknown|form:solid-oral,simpertend|100mg|30,,,solid-oral,30,,,100mg,SimpertenD,,losartan,name,,,exact,,CFM-001226,32740,true,https://comparafarma-api.vercel.app/api/go?slug=cruz-verde&matchKey=simpertend%7C100mg%7C30&url=https%3A%2F%2Fwww.cruzverde.cl%2Fsimperten-d-losartan-100-mg-30-comprimidos-recubierto%2F1500.html&cfmId=CFM-001226,1
losartan,losartan,losartan,,,,69,70,salcobrand,Cozaar (R) Losartán 100mg 30 Comprimidos Recubiertos,Cozaar (R) Losartán 100mg 30 Comprimidos Recubiertos,cozaar|100mg|30,cozaar|100mg|30|bio:unknown|brand:cozaar|form:solid-oral,cozaar|100mg|30,,,solid-oral,30,,,100mg,Cozaar,,losartan,structured,Cozaar,,exact,,CFM-001217,33263,true,https://comparafarma-api.vercel.app/api/go?slug=salcobrand&matchKey=cozaar%7C100mg%7C30&url=https%3A%2F%2Fsalcobrand.cl%2Fproducts%2Fcozaar-r-losartan-100mg-30-comprimidos-recubiertos%3Fdefault_sku%3D2020082&cfmId=CFM-001217,1
losartan,losartan,losartan,,,,70,71,ahumada,Cordiax AM 80 mg/10 mg x 40 Comprimidos,Cordiax AM 80 mg/10 mg x 40 Comprimidos,cordiax|80mg|40,cordiax|80mg|40|bio:unknown|brand:unknown|var:am|form:solid-oral,cordiax|80mg|40,,am,solid-oral,40,,,80mg,,,,unknown,,,compatible,,CFM-000971,40099,true,https://comparafarma-api.vercel.app/api/go?slug=ahumada&matchKey=cordiax%7C80mg%7C40&url=https%3A%2F%2Fwww.farmaciasahumada.cl%2Fcordiax-am-80-mg-10-mg-x-40-comprimidos-91008.html&cfmId=CFM-000971,1
omeprazol 20mg,omeprazol-20mg,omeprazol,20mg,,,0,1,ecofarmacias,Omeprazol 20 mg x 30 Cápsulas Opko Cenabast DESCUENTO,Omeprazol 20 mg x 30 Cápsulas Opko Cenabast DESCUENTO,omeprazol|20mg|30,omeprazol|20mg|30|bio:true|brand:unknown|form:solid-oral,omeprazol|20mg|30,,,solid-oral,30,,,20mg,,,,unknown,,true,exact,exact,CFM-000836,750,false,https://comparafarma-api.vercel.app/api/go?slug=ecofarmacias&matchKey=omeprazol%7C20mg%7C30&url=https%3A%2F%2Fwww.ecofarmacias.cl%2Fproducto%2Fomeprazol-20-mg-x-30-capsulas-opko-cenabast-descuento%2F&cfmId=CFM-000836,1
omeprazol 20mg,omeprazol-20mg,omeprazol,20mg,,,1,2,araucomed,Omeprazol 20 mg x 30 cápsulas. (Curae Spring),Omeprazol 20 mg x 30 cápsulas. (Curae Spring),omeprazol|20mg|30,omeprazol|20mg|30|bio:unknown|brand:curaespring|form:solid-oral,omeprazol|20mg|30,,,solid-oral,30,,,20mg,,CuraeSpring,,unknown,CuraeSpring,,exact,exact,CFM-000836,990,true,https://comparafarma-api.vercel.app/api/go?slug=araucomed&matchKey=omeprazol%7C20mg%7C30&url=https%3A%2F%2Ffarmacia.araucomed.com%2Fantiulcerosos%2Fomeprazol-20-mg-x-30-capsulas-curae-spring&cfmId=CFM-000836,2
omeprazol 20mg,omeprazol-20mg,omeprazol,20mg,,,1,2,easyfarma,Omeprazol 20 mg x 30 caps...,Omeprazol 20 mg x 30 cápsulas. (Curae Spring),omeprazol|20mg|30,omeprazol|20mg|30|bio:unknown|brand:curaespring|form:solid-oral,omeprazol|20mg|30,,,solid-oral,30,,,20mg,,CuraeSpring,,unknown,CuraeSpring,,exact,exact,CFM-000836,1990,true,https://comparafarma-api.vercel.app/api/go?slug=easyfarma&matchKey=omeprazol%7C20mg%7C30&url=https%3A%2F%2Fnuevo.easyfarma.cl%2F104321-omeprazol-20-mg-x-30-caps-curaspring.html&cfmId=CFM-000836,2
omeprazol 20mg,omeprazol-20mg,omeprazol,20mg,,,2,3,araucomed,Omeprazol 20 mg x 30 comprimidos. (Opko),Omeprazol 20 mg x 30 comprimidos. (Opko),omeprazol|20mg|30,omeprazol|20mg|30|bio:unknown|brand:opko|form:solid-oral,omeprazol|20mg|30,,,solid-oral,30,,,20mg,,Opko,,unknown,Opko,,exact,exact,CFM-000836,990,false,https://comparafarma-api.vercel.app/api/go?slug=araucomed&matchKey=omeprazol%7C20mg%7C30&url=https%3A%2F%2Ffarmacia.araucomed.com%2Fbioequivalentes%2Fomeprazol-20mg-x30com-opko&cfmId=CFM-000836,1
omeprazol 20mg,omeprazol-20mg,omeprazol,20mg,,,3,4,dr-simi,Omeprazol 20 mg 30 cápsulas con gránulos con recubrimiento entérico,Omeprazol 20 mg 30 cápsulas con gránulos con recubrimiento entérico,omeprazol|20mg|30,omeprazol|20mg|30|bio:true|brand:ascend|form:solid-oral,omeprazol|20mg|30,,,solid-oral,30,,,20mg,,Ascend,,unknown,ASCEND,true,exact,exact,CFM-000836,1170,true,https://comparafarma-api.vercel.app/api/go?slug=dr-simi&matchKey=omeprazol%7C20mg%7C30&url=https%3A%2F%2Fwww.drsimi.cl%2Fomeprazol-20-mg-30-capsulas%2Fp&cfmId=CFM-000836,1
omeprazol 20mg,omeprazol-20mg,omeprazol,20mg,,,4,5,araucomed,Omeprazol 20 mg x 30 cápsulas. (Ascend),Omeprazol 20 mg x 30 capsulas,omeprazol|20mg|30,omeprazol|20mg|30|bio:unknown|brand:ascend|form:solid-oral,omeprazol|20mg|30,,,solid-oral,30,,,20mg,,Ascend,,unknown,ASCEND,,exact,exact,CFM-000836,1200,false,https://comparafarma-api.vercel.app/api/go?slug=araucomed&matchKey=omeprazol%7C20mg%7C30&url=https%3A%2F%2Ffarmacia.araucomed.com%2Fantiulcerosos%2Fomeprazol-20-mg-x-30-capsulas-ascend&cfmId=CFM-000836,3
omeprazol 20mg,omeprazol-20mg,omeprazol,20mg,,,4,5,farmex,Omeprazol 20 mg x 30 capsulas,Omeprazol 20 mg x 30 capsulas,omeprazol|20mg|30,omeprazol|20mg|30|bio:unknown|brand:ascend|form:solid-oral,omeprazol|20mg|30,,,solid-oral,30,,,20mg,,Ascend,,unknown,ASCEND,,exact,exact,CFM-000836,1290,true,https://comparafarma-api.vercel.app/api/go?slug=farmex&matchKey=omeprazol%7C20mg%7C30&url=https%3A%2F%2Ffarmex.cl%2Fproducts%2Fomeprazol-20-mg-x-30-comp%3F_pos%3D5%26_psq%3Domeprazol%26_psid%3D2dbaad6a1%26_ss%3De&cfmId=CFM-000836,3
omeprazol 20mg,omeprazol-20mg,omeprazol,20mg,,,4,5,easyfarma,Omeprazol 20 mg x 30 cap...,Omeprazol 20 mg x 30 capsulas,omeprazol|20mg|30,omeprazol|20mg|30|bio:unknown|brand:ascend|form:solid-oral,omeprazol|20mg|30,,,solid-oral,30,,,20mg,,Ascend,,unknown,ASCEND,,exact,exact,CFM-000836,1490,true,https://comparafarma-api.vercel.app/api/go?slug=easyfarma&matchKey=omeprazol%7C20mg%7C30&url=https%3A%2F%2Fnuevo.easyfarma.cl%2F104320-omeprazol-20-mg-x-30-cap-lab-ascend.html&cfmId=CFM-000836,3
omeprazol 20mg,omeprazol-20mg,omeprazol,20mg,,,5,6,araucomed,Omeprazol 20 mg x 30 cápsulas. (Chile),Omeprazol 20 mg x 30 cápsulas,omeprazol|20mg|30,omeprazol|20mg|30|bio:unknown|brand:chile|form:solid-oral,omeprazol|20mg|30,,,solid-oral,30,,,20mg,,Chile,,unknown,CHILE,,exact,exact,CFM-000836,1300,true,https://comparafarma-api.vercel.app/api/go?slug=araucomed&matchKey=omeprazol%7C20mg%7C30&url=https%3A%2F%2Ffarmacia.araucomed.com%2Fbioequivalentes%2Fomeprazol-20mg-x30cap-chile&cfmId=CFM-000836,2
omeprazol 20mg,omeprazol-20mg,omeprazol,20mg,,,5,6,farmex,Omeprazol 20 mg x 30 cápsulas,Omeprazol 20 mg x 30 cápsulas,omeprazol|20mg|30,omeprazol|20mg|30|bio:unknown|brand:chile|form:solid-oral,omeprazol|20mg|30,,,solid-oral,30,,,20mg,,Chile,,unknown,CHILE,,exact,exact,CFM-000836,1490,true,https://comparafarma-api.vercel.app/api/go?slug=farmex&matchKey=omeprazol%7C20mg%7C30&url=https%3A%2F%2Ffarmex.cl%2Fproducts%2Fomeprazol-bioequivalente-capsulas-omeprazol%3F_pos%3D2%26_psq%3Domeprazol%26_psid%3D2dbaad6a1%26_ss%3De&cfmId=CFM-000836,2
omeprazol 20mg,omeprazol-20mg,omeprazol,20mg,,,6,7,farmex,Omeprazol 20 mg x 30 cápsulas.,Omeprazol (B) 20mg 30 Cápsulas,omeprazol|20mg|30,omeprazol|20mg|30|bio:unknown|brand:unknown|form:solid-oral,omeprazol|20mg|30,,,solid-oral,30,,,20mg,Omeprazol,,,structured,Omeprazol,,exact,exact,CFM-000836,1387,true,https://comparafarma-api.vercel.app/api/go?slug=farmex&matchKey=omeprazol%7C20mg%7C30&url=https%3A%2F%2Ffarmex.cl%2Fproducts%2Fomeprazol-20-mg-x-30-capsulas-1%3F_pos%3D6%26_psq%3Domeprazol%26_psid%3D2dbaad6a1%26_ss%3De&cfmId=CFM-000836,4
omeprazol 20mg,omeprazol-20mg,omeprazol,20mg,,,6,7,easyfarma,Omeprazol 20 Mg x 30 Caps....,Omeprazol (B) 20mg 30 Cápsulas,omeprazol|20mg|30,omeprazol|20mg|30|bio:unknown|brand:unknown|form:solid-oral,omeprazol|20mg|30,,,solid-oral,30,,,20mg,Omeprazol,,,structured,Omeprazol,,exact,exact,CFM-000836,1690,true,https://comparafarma-api.vercel.app/api/go?slug=easyfarma&matchKey=omeprazol%7C20mg%7C30&url=https%3A%2F%2Fnuevo.easyfarma.cl%2F105577-omeprazol-20-mg-x-30-caps-lab-chile.html&cfmId=CFM-000836,4
omeprazol 20mg,omeprazol-20mg,omeprazol,20mg,,,6,7,cruz-verde,Omeprazol 20 mg 30 Cápsulas con Gránulos,Omeprazol (B) 20mg 30 Cápsulas,omeprazol|20mg|30,omeprazol|20mg|30|bio:unknown|brand:unknown|form:solid-oral,omeprazol|20mg|30,,,solid-oral,30,,,20mg,Omeprazol,,,structured,Omeprazol,,exact,exact,CFM-000836,2690,true,https://comparafarma-api.vercel.app/api/go?slug=cruz-verde&matchKey=omeprazol%7C20mg%7C30&url=https%3A%2F%2Fwww.cruzverde.cl%2Fomeprazol-20-mg-30-capsulas-con-granulos%2F275886.html&cfmId=CFM-000836,4
omeprazol 20mg,omeprazol-20mg,omeprazol,20mg,,,6,7,salcobrand,Omeprazol (B) 20mg 30 Cápsulas,Omeprazol (B) 20mg 30 Cápsulas,omeprazol|20mg|30,omeprazol|20mg|30|bio:unknown|brand:unknown|form:solid-oral,omeprazol|20mg|30,,,solid-oral,30,,,20mg,Omeprazol,,,structured,Omeprazol,,exact,exact,CFM-000836,2727,true,https://comparafarma-api.vercel.app/api/go?slug=salcobrand&matchKey=omeprazol%7C20mg%7C30&url=https%3A%2F%2Fsalcobrand.cl%2Fproducts%2Fomeprazol-b-20mg-30-capsulas%3Fdefault_sku%3D430270&cfmId=CFM-000836,4
omeprazol 20mg,omeprazol-20mg,omeprazol,20mg,,,7,8,ecofarmacias,Omeprazol 20 mg x 60 cápsulas con gránulos Curaspring DESCUENTO,Omeprazol 20 mg x 60 cápsulas con gránulos Curaspring DESCUENTO,omeprazol|20mg|60,omeprazol|20mg|60|bio:true|brand:unknown|form:solid-oral,omeprazol|20mg|60,,,solid-oral,60,,,20mg,,,,unknown,,true,exact,exact,CFM-001205,1550,false,https://comparafarma-api.vercel.app/api/go?slug=ecofarmacias&matchKey=omeprazol%7C20mg%7C60&url=https%3A%2F%2Fwww.ecofarmacias.cl%2Fproducto%2Fomeprazol-20-mg-x-60-capsulas-con-granulos-curaspring-descuento%2F&cfmId=CFM-001205,1
omeprazol 20mg,omeprazol-20mg,omeprazol,20mg,,,8,9,easyfarma,Omeprazol 20 mg x 30...,Omeprazol 20 mg x 30...,omeprazol|20mg|30,omeprazol|20mg|30|bio:unknown|brand:unknown,omeprazol|20mg|30,,,,30,,,20mg,,,,unknown,,,exact,exact,CFM-000836,1690,true,https://comparafarma-api.vercel.app/api/go?slug=easyfarma&matchKey=omeprazol%7C20mg%7C30&url=https%3A%2F%2Fnuevo.easyfarma.cl%2F26085-omeprazol-20-mg-x-30.html&cfmId=CFM-000836,1
omeprazol 20mg,omeprazol-20mg,omeprazol,20mg,,,9,10,araucomed,Omeprazol 20 mg x 60 cápsulas. (Opko),Omeprazol 20 mg x 60 cápsulas,omeprazol|20mg|60,omeprazol|20mg|60|bio:unknown|brand:opko|form:solid-oral,omeprazol|20mg|60,,,solid-oral,60,,,20mg,,Opko,,unknown,Opko,,exact,exact,CFM-001205,1790,false,https://comparafarma-api.vercel.app/api/go?slug=araucomed&matchKey=omeprazol%7C20mg%7C60&url=https%3A%2F%2Ffarmacia.araucomed.com%2Fbioequivalentes%2Fomeprazol-20mg-x60com-opko&cfmId=CFM-001205,2
omeprazol 20mg,omeprazol-20mg,omeprazol,20mg,,,9,10,farmex,Omeprazol 20 mg x 60 cápsulas,Omeprazol 20 mg x 60 cápsulas,omeprazol|20mg|60,omeprazol|20mg|60|bio:unknown|brand:opko|form:solid-oral,omeprazol|20mg|60,,,solid-oral,60,,,20mg,,Opko,,unknown,Opko,,exact,exact,CFM-001205,2395,true,https://comparafarma-api.vercel.app/api/go?slug=farmex&matchKey=omeprazol%7C20mg%7C60&url=https%3A%2F%2Ffarmex.cl%2Fproducts%2Fomeprazol-20-60-capsulas%3F_pos%3D1%26_psq%3Domeprazol%26_psid%3D2dbaad6a1%26_ss%3De&cfmId=CFM-001205,2
omeprazol 20mg,omeprazol-20mg,omeprazol,20mg,,,10,11,farmex,Omeprazol 20 mg x 60 capsulas,Omeprazol 20 mg x 60 capsulas,omeprazol|20mg|60,omeprazol|20mg|60|bio:unknown|brand:ascend|form:solid-oral,omeprazol|20mg|60,,,solid-oral,60,,,20mg,,Ascend,,unknown,Ascend,,exact,exact,CFM-001205,1890,true,https://comparafarma-api.vercel.app/api/go?slug=farmex&matchKey=omeprazol%7C20mg%7C60&url=https%3A%2F%2Ffarmex.cl%2Fproducts%2Fomeprazol-20-mg-x-60-comp%3F_pos%3D4%26_psq%3Domeprazol%26_psid%3D2dbaad6a1%26_ss%3De&cfmId=CFM-001205,2
omeprazol 20mg,omeprazol-20mg,omeprazol,20mg,,,10,11,araucomed,Omeprazol 20 mg x 60 cápsulas. (Ascend),Omeprazol 20 mg x 60 capsulas,omeprazol|20mg|60,omeprazol|20mg|60|bio:unknown|brand:ascend|form:solid-oral,omeprazol|20mg|60,,,solid-oral,60,,,20mg,,Ascend,,unknown,Ascend,,exact,exact,CFM-001205,1990,false,https://comparafarma-api.vercel.app/api/go?slug=araucomed&matchKey=omeprazol%7C20mg%7C60&url=https%3A%2F%2Ffarmacia.araucomed.com%2Fbioequivalentes%2Fomeprazol-20mg-x60com-ascend&cfmId=CFM-001205,2
omeprazol 20mg,omeprazol-20mg,omeprazol,20mg,,,11,12,araucomed,Omeprazol 20 mg x 60 cápsulas. (Curae Spring),Omeprazol 20 mg x 60 cápsulas. (Curae Spring),omeprazol|20mg|60,omeprazol|20mg|60|bio:unknown|brand:curaespring|form:solid-oral,omeprazol|20mg|60,,,solid-oral,60,,,20mg,,CuraeSpring,,unknown,CuraeSpring,,exact,exact,CFM-001205,1990,false,https://comparafarma-api.vercel.app/api/go?slug=araucomed&matchKey=omeprazol%7C20mg%7C60&url=https%3A%2F%2Ffarmacia.araucomed.com%2Fantiulcerosos%2Fomeprazol-20-mg-x-60-capsulas-curae-spring&cfmId=CFM-001205,1
omeprazol 20mg,omeprazol-20mg,omeprazol,20mg,,,12,13,araucomed,Omeprazol 20mg x60cap. (Chile),Omeprazol 20mg x60cap. (Chile),omeprazol|20mg|60,omeprazol|20mg|60|bio:unknown|brand:chile|form:solid-oral,omeprazol|20mg|60,,,solid-oral,60,,,20mg,,Laboratorio Chile,,unknown,Laboratorio Chile,,exact,exact,CFM-001205,2290,false,https://comparafarma-api.vercel.app/api/go?slug=araucomed&matchKey=omeprazol%7C20mg%7C60&url=https%3A%2F%2Ffarmacia.araucomed.com%2Fbioequivalentes%2Fomeprazol-20mg-x60cap-chile&cfmId=CFM-001205,1
omeprazol 20mg,omeprazol-20mg,omeprazol,20mg,,,13,14,ecofarmacias,Omeprazol 20 mg x 60 Lab Chile,Omeprazol 20 mg x 60 Lab Chile,omeprazol|20mg|60,omeprazol|20mg|60|bio:true|brand:unknown,omeprazol|20mg|60,,,,60,,,20mg,,,,unknown,,true,exact,exact,CFM-001205,2980,false,https://comparafarma-api.vercel.app/api/go?slug=ecofarmacias&matchKey=omeprazol%7C20mg%7C60&url=https%3A%2F%2Fwww.ecofarmacias.cl%2Fproducto%2Fomeprazol-20-mg-x-50-lab-chile%2F&cfmId=CFM-001205,1
omeprazol 20mg,omeprazol-20mg,omeprazol,20mg,,,14,15,easyfarma,Omeprazol 20 mg. x 60 cap....,Omeprazol (B) 20mg 60 Cápsulas,omeprazol|20mg|60,omeprazol|20mg|60|bio:unknown|brand:unknown|form:solid-oral,omeprazol|20mg|60,,,solid-oral,60,,,20mg,Omeprazol,,,structured,Omeprazol,,exact,exact,CFM-001205,2990,true,https://comparafarma-api.vercel.app/api/go?slug=easyfarma&matchKey=omeprazol%7C20mg%7C60&url=https%3A%2F%2Fnuevo.easyfarma.cl%2F31322-omeprazol-20-mg.html&cfmId=CFM-001205,3
omeprazol 20mg,omeprazol-20mg,omeprazol,20mg,,,14,15,salcobrand,Omeprazol (B) 20mg 60 Cápsulas,Omeprazol (B) 20mg 60 Cápsulas,omeprazol|20mg|60,omeprazol|20mg|60|bio:unknown|brand:unknown|form:solid-oral,omeprazol|20mg|60,,,solid-oral,60,,,20mg,Omeprazol,,,structured,Omeprazol,,exact,exact,CFM-001205,3783,true,https://comparafarma-api.vercel.app/api/go?slug=salcobrand&matchKey=omeprazol%7C20mg%7C60&url=https%3A%2F%2Fsalcobrand.cl%2Fproducts%2Fomeprazol-b-20mg-60-capsulas%3Fdefault_sku%3D430271&cfmId=CFM-001205,3
omeprazol 20mg,omeprazol-20mg,omeprazol,20mg,,,14,15,cruz-verde,Omeprazol 20 mg 60 Cápsulas con Gránulos,Omeprazol (B) 20mg 60 Cápsulas,omeprazol|20mg|60,omeprazol|20mg|60|bio:unknown|brand:unknown|form:solid-oral,omeprazol|20mg|60,,,solid-oral,60,,,20mg,Omeprazol,,,structured,Omeprazol,,exact,exact,CFM-001205,4290,true,https://comparafarma-api.vercel.app/api/go?slug=cruz-verde&matchKey=omeprazol%7C20mg%7C60&url=https%3A%2F%2Fwww.cruzverde.cl%2Fomeprazol-20-mg-60-capsulas-con-granulos%2F276485.html&cfmId=CFM-001205,3
omeprazol 20mg,omeprazol-20mg,omeprazol,20mg,,,15,16,easyfarma,Omeprazol 20 mg x 60...,Omeprazol 20 mg x 60...,omeprazol|20mg|60,omeprazol|20mg|60|bio:unknown|brand:curaespring,omeprazol|20mg|60,,,,60,,,20mg,,,,unknown,,,exact,exact,CFM-001205,2990,true,https://comparafarma-api.vercel.app/api/go?slug=easyfarma&matchKey=omeprazol%7C20mg%7C60&url=https%3A%2F%2Fnuevo.easyfarma.cl%2F104458-omeprazol-20-mg-x-60-capsulas-curaspring.html&cfmId=CFM-001205,1
omeprazol 20mg,omeprazol-20mg,omeprazol,20mg,,,16,17,easyfarma,Omeprazol 20 mg x 60...,Omeprazol 20 mg x 60...,omeprazol|20mg|60,omeprazol|20mg|60|bio:unknown|brand:unknown,omeprazol|20mg|60,,,,60,,,20mg,,,,unknown,,,exact,exact,CFM-001205,2990,true,https://comparafarma-api.vercel.app/api/go?slug=easyfarma&matchKey=omeprazol%7C20mg%7C60&url=https%3A%2F%2Fnuevo.easyfarma.cl%2F26086-omeprazol-20mg-x-60.html&cfmId=CFM-001205,1
omeprazol 20mg,omeprazol-20mg,omeprazol,20mg,,,17,18,salcobrand,Lomex (B) Omeprazol 20mg 28 Capsulas Prolongadas,Lomex (B) Omeprazol 20mg 28 Capsulas Prolongadas,lomex|20mg|28,lomex|20mg|28|bio:unknown|brand:lomex|form:solid-oral,lomex|20mg|28,,,solid-oral,28,,,20mg,Lomex,,,structured,Lomex,,exact,exact,CFM-001202,5010,true,https://comparafarma-api.vercel.app/api/go?slug=salcobrand&matchKey=lomex%7C20mg%7C28&url=https%3A%2F%2Fsalcobrand.cl%2Fproducts%2Flomex-b-omeprazol-20mg-28-capsulas-prolongadas%3Fdefault_sku%3D573314&cfmId=CFM-001202,1
omeprazol 20mg,omeprazol-20mg,omeprazol,20mg,,,18,19,ahumada,LOMEX Omeprazol 20 mg 28 cápsulas,LOMEX Omeprazol 20 mg 28 cápsulas,lomex|20mg|28,lomex|20mg|28|bio:true|brand:unknown|form:solid-oral,lomex|20mg|28,,,solid-oral,28,,,20mg,,,,unknown,,true,exact,exact,CFM-001202,5590,true,https://comparafarma-api.vercel.app/api/go?slug=ahumada&matchKey=lomex%7C20mg%7C28&url=https%3A%2F%2Fwww.farmaciasahumada.cl%2Flomex-omeprazol-20-mg-28-capsulas-87769.html&cfmId=CFM-001202,1
omeprazol 20mg,omeprazol-20mg,omeprazol,20mg,,,19,20,araucomed,Zomel 20 mg x 30 comprimidos.,Zomel 20 mg x 30 comprimidos.,zomel|20mg|30,zomel|20mg|30|bio:unknown|brand:unknown|form:solid-oral,zomel|20mg|30,,,solid-oral,30,,,20mg,,,,unknown,,,compatible,exact,CFM-001196,8990,true,https://comparafarma-api.vercel.app/api/go?slug=araucomed&matchKey=zomel%7C20mg%7C30&url=https%3A%2F%2Ffarmacia.araucomed.com%2Fantiulcerosos%2Fzomel-20mg-x35cap&cfmId=CFM-001196,1
omeprazol 20mg,omeprazol-20mg,omeprazol,20mg,,,20,21,cruz-verde,Lomex 20 Mg X 28 Caps,Lomex 20 Mg X 28 Caps,lomex|20mg|28,lomex|20mg|28|bio:unknown|brand:unknown|form:solid-oral,lomex|20mg|28,,,solid-oral,28,,,20mg,,,,unknown,,,compatible,exact,CFM-001202,29990,false,https://comparafarma-api.vercel.app/api/go?slug=cruz-verde&matchKey=lomex%7C20mg%7C28&url=https%3A%2F%2Fwww.cruzverde.cl%2Flomex-20-mg-x-28-caps%2F6294.html&cfmId=CFM-001202,1
omeprazol 20mg,omeprazol-20mg,omeprazol,20mg,,,21,22,araucomed,Omeprazol 40 mg/10 ml. Inyectable x 1 Frasco Ampolla (Hospifarma),Omeprazol 40 mg/10 ml. Inyectable x 1 Frasco Ampolla (Hospifarma),omeprazol|10ml,omeprazol|10ml|bio:unknown|brand:hospifarma|form:injectable,omeprazol|10ml,,,injectable,1,40mg/10ml,ratio,40mg/10ml,,Hospifarma,,unknown,Hospifarma,,exact,other,CFM-001198,1000,false,https://comparafarma-api.vercel.app/api/go?slug=araucomed&matchKey=omeprazol%7C10ml&url=https%3A%2F%2Ffarmacia.araucomed.com%2Fantiulcerosos%2Fomeprazol-40mg-inyectable-x1-frasco-ampolla-hospifarma&cfmId=CFM-001198,1
omeprazol 20mg,omeprazol-20mg,omeprazol,20mg,,,22,23,araucomed,Omeprazol 40 mg Inyectable x 10 Frasco Ampolla (Vitalis),Omeprazol 40 mg Inyectable x 10 Frasco Ampolla (Vitalis),omeprazol|40mg|10,omeprazol|40mg|10|bio:unknown|brand:vitalis|form:injectable,omeprazol|40mg|10,,,injectable,10,,,40mg,,Vitalis,,unknown,Vitalis,,exact,other,CFM-001197,12990,false,https://comparafarma-api.vercel.app/api/go?slug=araucomed&matchKey=omeprazol%7C40mg%7C10&url=https%3A%2F%2Ffarmacia.araucomed.com%2Fantiulcerosos%2Fomeprazol-40mg-inyectable-x1-frasco-ampolla-vitalis&cfmId=CFM-001197,1
omeprazol 20mg,omeprazol-20mg,omeprazol,20mg,,,23,24,araucomed,Zomel 40 mg x 30 comprimidos.,Zomel 40 mg x 30 comprimidos.,zomel|40mg|30,zomel|40mg|30|bio:unknown|brand:unknown|form:solid-oral,zomel|40mg|30,,,solid-oral,30,,,40mg,,,,unknown,,,compatible,other,CFM-001204,13990,true,https://comparafarma-api.vercel.app/api/go?slug=araucomed&matchKey=zomel%7C40mg%7C30&url=https%3A%2F%2Ffarmacia.araucomed.com%2Fantiulcerosos%2Fzomel-40-mg-x-30-comprimidos&cfmId=CFM-001204,1
omeprazol 20mg,omeprazol-20mg,omeprazol,20mg,,,24,25,ahumada,"Obexol 37,7 mg x 30 Cápsulas","Obexol 37,7 mg x 30 Cápsulas",obexol|37.7mg|30,obexol|37.7mg|30|bio:true|brand:unknown|form:solid-oral,obexol|37.7mg|30,,,solid-oral,30,,,37.7mg,,,,unknown,,true,compatible,other,CFM-001206,17142,true,https://comparafarma-api.vercel.app/api/go?slug=ahumada&matchKey=obexol%7C37.7mg%7C30&url=https%3A%2F%2Fwww.farmaciasahumada.cl%2Fobexol-37-7-mg-x-30-capsulas-80565.html&cfmId=CFM-001206,1
omeprazol 20mg,omeprazol-20mg,omeprazol,20mg,,,25,26,ecofarmacias,Esomeprazol 20 mg x 30 Cápsulas gránulos Recubrimiento Entérico,Esomeprazol 20 mg x 30 Cápsulas gránulos Recubrimiento Entérico,esomeprazol|20mg|30,esomeprazol|20mg|30|bio:true|brand:unknown|form:solid-oral,esomeprazol|20mg|30,,,solid-oral,30,,,20mg,,,,unknown,,true,mismatch,exact,CFM-001203,2980,false,https://comparafarma-api.vercel.app/api/go?slug=ecofarmacias&matchKey=esomeprazol%7C20mg%7C30&url=https%3A%2F%2Fwww.ecofarmacias.cl%2Fproducto%2Fesomeprazol-20-mg-x-30-capsulas-granulos-recubrimiento-enterico%2F&cfmId=CFM-001203,1
omeprazol 20mg,omeprazol-20mg,omeprazol,20mg,,,26,27,dr-simi,Esomeprazol 20 mg 30 comprimidos con recubrimiento entérico,Esomeprazol 20 mg 30 comprimidos con recubrimiento entérico,esomeprazol|20mg|30,esomeprazol|20mg|30|bio:true|brand:opko|form:solid-oral,esomeprazol|20mg|30,,,solid-oral,30,,,20mg,,Opko,,unknown,OPKO,true,mismatch,exact,CFM-001203,3390,true,https://comparafarma-api.vercel.app/api/go?slug=dr-simi&matchKey=esomeprazol%7C20mg%7C30&url=https%3A%2F%2Fwww.drsimi.cl%2Fesomeprazol-20-mg-30-comprimidos-recubierto-enterico%2Fp&cfmId=CFM-001203,1
omeprazol 20mg,omeprazol-20mg,omeprazol,20mg,,,27,28,farmex,Esomeprazol 20 mg x 30 comprimidos,Esomeprazol 20 mg x 30 comprimidos,esomeprazol|20mg|30,esomeprazol|20mg|30|bio:unknown|brand:opko|form:solid-oral,esomeprazol|20mg|30,,,solid-oral,30,,,20mg,,Opko,,unknown,OPKO,,mismatch,exact,CFM-001203,3790,true,https://comparafarma-api.vercel.app/api/go?slug=farmex&matchKey=esomeprazol%7C20mg%7C30&url=https%3A%2F%2Ffarmex.cl%2Fproducts%2Fesomeprazol-20-mg-opko%3F_pos%3D3%26_psq%3Domeprazol%26_psid%3D2dbaad6a1%26_ss%3De&cfmId=CFM-001203,1
omeprazol 20mg,omeprazol-20mg,omeprazol,20mg,,,28,29,dr-simi,Esomeprazol 20 mg 30 cápsulas con gránulos con recubrimiento entérico,Esomeprazol 20 mg 30 cápsulas con gránulos con recubrimiento entérico,esomeprazol|20mg|30,esomeprazol|20mg|30|bio:true|brand:ascend|form:solid-oral,esomeprazol|20mg|30,,,solid-oral,30,,,20mg,,Ascend,,unknown,ASCEND,true,mismatch,exact,CFM-001203,3810,true,https://comparafarma-api.vercel.app/api/go?slug=dr-simi&matchKey=esomeprazol%7C20mg%7C30&url=https%3A%2F%2Fwww.drsimi.cl%2Fesomeprazol-20-mg-30-capsulas-granulos-recubrimiento-enterico%2Fp&cfmId=CFM-001203,1
omeprazol 20mg,omeprazol-20mg,omeprazol,20mg,,,29,30,easyfarma,Esomeprazol 20 mg 30...,Esomeprazol 20 mg 30...,esomeprazol|20mg,esomeprazol|20mg|bio:unknown|brand:opko,esomeprazol|20mg,,,,,,,20mg,,,,unknown,,,mismatch,exact,CFM-001200,3990,true,https://comparafarma-api.vercel.app/api/go?slug=easyfarma&matchKey=esomeprazol%7C20mg&url=https%3A%2F%2Fnuevo.easyfarma.cl%2F53312-esomeprazol-20-mg-30-comp-opko.html&cfmId=CFM-001200,1
omeprazol 20mg,omeprazol-20mg,omeprazol,20mg,,,30,31,easyfarma,Esomeprazol  20 mg x 30...,Esomeprazol  20 mg x 30...,esomeprazol|20mg|30,esomeprazol|20mg|30|bio:unknown|brand:hetero,esomeprazol|20mg|30,,,,30,,,20mg,,,,unknown,,,mismatch,exact,CFM-001203,5990,true,https://comparafarma-api.vercel.app/api/go?slug=easyfarma&matchKey=esomeprazol%7C20mg%7C30&url=https%3A%2F%2Fnuevo.easyfarma.cl%2F102263-esomeprazol-20-mg-x-30-capsulas-lab-hetero.html&cfmId=CFM-001203,1
omeprazol 20mg,omeprazol-20mg,omeprazol,20mg,,,31,32,easyfarma,Esomeprazol 20 Mg 30...,Esomeprazol 20 Mg 30...,esomeprazol|20mg,esomeprazol|20mg|bio:unknown|brand:hetero,esomeprazol|20mg,,,,,,,20mg,,,,unknown,,,mismatch,exact,CFM-001200,5990,true,https://comparafarma-api.vercel.app/api/go?slug=easyfarma&matchKey=esomeprazol%7C20mg&url=https%3A%2F%2Fnuevo.easyfarma.cl%2F105275-esomeprazol-20-mg-30-capsulas-lab-hetero.html&cfmId=CFM-001200,1
omeprazol 20mg,omeprazol-20mg,omeprazol,20mg,,,32,33,easyfarma,Esomeprazol 20 mg x 30 caps...,Esomeprazol 20 mg x 30 caps...,esomeprazol|20mg|30,esomeprazol|20mg|30|bio:unknown|brand:ascend|form:solid-oral,esomeprazol|20mg|30,,,solid-oral,30,,,20mg,,,,unknown,,,mismatch,exact,CFM-001203,5990,true,https://comparafarma-api.vercel.app/api/go?slug=easyfarma&matchKey=esomeprazol%7C20mg%7C30&url=https%3A%2F%2Fnuevo.easyfarma.cl%2F104459-esomeprazol-20-mg-x-30-caps-ascend.html&cfmId=CFM-001203,1
omeprazol 20mg,omeprazol-20mg,omeprazol,20mg,,,33,34,ecofarmacias,Esomeprazol 40 mg x 30 comp. recubrimiento entérico DESCUENTO,Esomeprazol 40 mg x 30 comp. recubrimiento entérico DESCUENTO,esomeprazol|40mg|30,esomeprazol|40mg|30|bio:true|brand:unknown|form:solid-oral,esomeprazol|40mg|30,,,solid-oral,30,,,40mg,,,,unknown,,true,mismatch,other,CFM-001201,2520,false,https://comparafarma-api.vercel.app/api/go?slug=ecofarmacias&matchKey=esomeprazol%7C40mg%7C30&url=https%3A%2F%2Fwww.ecofarmacias.cl%2Fproducto%2Fesomeprazol-40-mg-x-30-comp-recubrimiento-enterico-descuento%2F&cfmId=CFM-001201,1
omeprazol 20mg,omeprazol-20mg,omeprazol,20mg,,,34,35,dr-simi,Esomeprazol 40 mg 30 comprimidos con recubrimiento entérico,Esomeprazol 40 mg 30 comprimidos con recubrimiento entérico,esomeprazol|40mg|30,esomeprazol|40mg|30|bio:true|brand:opko|form:solid-oral,esomeprazol|40mg|30,,,solid-oral,30,,,40mg,,Opko,,unknown,OPKO,true,mismatch,other,CFM-001201,4050,true,https://comparafarma-api.vercel.app/api/go?slug=dr-simi&matchKey=esomeprazol%7C40mg%7C30&url=https%3A%2F%2Fwww.drsimi.cl%2Fesomeprazol-40-mg-30-comprimidos-recubierto-enterico%2Fp&cfmId=CFM-001201,1
omeprazol 20mg,omeprazol-20mg,omeprazol,20mg,,,35,36,farmex,Esomeprazol 40 mg x 30 comprimidos,Esomeprazol 40 mg x 30 comprimidos,esomeprazol|40mg|30,esomeprazol|40mg|30|bio:unknown|brand:opko|form:solid-oral,esomeprazol|40mg|30,,,solid-oral,30,,,40mg,,Opko,,unknown,OPKO,,mismatch,other,CFM-001201,4790,true,https://comparafarma-api.vercel.app/api/go?slug=farmex&matchKey=esomeprazol%7C40mg%7C30&url=https%3A%2F%2Ffarmex.cl%2Fproducts%2Fesomeprazol-40-mg-x-30-capsulas-opko%3F_pos%3D7%26_psq%3Domeprazol%26_psid%3D2dbaad6a1%26_ss%3De&cfmId=CFM-001201,1
omeprazol 20mg,omeprazol-20mg,omeprazol,20mg,,,36,37,dr-simi,Esomeprazol 40 mg 30 cápsulas con gránulos con recubrimiento entérico,Esomeprazol 40 mg 30 cápsulas con gránulos con recubrimiento entérico,esomeprazol|40mg|30,esomeprazol|40mg|30|bio:true|brand:ascend|form:solid-oral,esomeprazol|40mg|30,,,solid-oral,30,,,40mg,,Ascend,,unknown,ASCEND,true,mismatch,other,CFM-001201,5100,true,https://comparafarma-api.vercel.app/api/go?slug=dr-simi&matchKey=esomeprazol%7C40mg%7C30&url=https%3A%2F%2Fwww.drsimi.cl%2Fesomeprazol-40-mg-30-capsulas-granulos-recubrimiento-enterico%2Fp&cfmId=CFM-001201,1
omeprazol 20mg,omeprazol-20mg,omeprazol,20mg,,,37,38,dr-simi,Flectane naproxeno 500 mg esomeprazol 20 mg 30 comprimidos con recubrimiento entérico,Flectane naproxeno 500 mg esomeprazol 20 mg 30 comprimidos con recubrimiento entérico,flectane|500mg|30,flectane|500mg|30|bio:false|brand:sanitas|form:solid-oral,flectane|500mg|30,,,solid-oral,30,,,500mg,Flectane,Sanitas,naproxeno,name,SANITAS,false,mismatch,other,CFM-001199,9600,true,https://comparafarma-api.vercel.app/api/go?slug=dr-simi&matchKey=flectane%7C500mg%7C30&url=https%3A%2F%2Fwww.drsimi.cl%2Fflectane-500-20-naproxeno-esomeprazol-500-20mg-30-comp-rec%2Fp&cfmId=CFM-001199,1
omeprazol,omeprazol,omeprazol,,,,0,1,ecofarmacias,Omeprazol 20 mg x 30 Cápsulas Opko Cenabast DESCUENTO,Omeprazol 20 mg x 30 Cápsulas Opko Cenabast DESCUENTO,omeprazol|20mg|30,omeprazol|20mg|30|bio:true|brand:unknown|form:solid-oral,omeprazol|20mg|30,,,solid-oral,30,,,20mg,,,,unknown,,true,exact,,CFM-000836,750,false,https://comparafarma-api.vercel.app/api/go?slug=ecofarmacias&matchKey=omeprazol%7C20mg%7C30&url=https%3A%2F%2Fwww.ecofarmacias.cl%2Fproducto%2Fomeprazol-20-mg-x-30-capsulas-opko-cenabast-descuento%2F&cfmId=CFM-000836,1
omeprazol,omeprazol,omeprazol,,,,1,2,araucomed,Omeprazol 20 mg x 30 cápsulas. (Curae Spring),Omeprazol 20 mg x 30 cápsulas. (Curae Spring),omeprazol|20mg|30,omeprazol|20mg|30|bio:unknown|brand:curaespring|form:solid-oral,omeprazol|20mg|30,,,solid-oral,30,,,20mg,,CuraeSpring,,unknown,CuraeSpring,,exact,,CFM-000836,990,true,https://comparafarma-api.vercel.app/api/go?slug=araucomed&matchKey=omeprazol%7C20mg%7C30&url=https%3A%2F%2Ffarmacia.araucomed.com%2Fantiulcerosos%2Fomeprazol-20-mg-x-30-capsulas-curae-spring&cfmId=CFM-000836,2
omeprazol,omeprazol,omeprazol,,,,1,2,easyfarma,Omeprazol 20 mg x 30 caps...,Omeprazol 20 mg x 30 cápsulas. (Curae Spring),omeprazol|20mg|30,omeprazol|20mg|30|bio:unknown|brand:curaespring|form:solid-oral,omeprazol|20mg|30,,,solid-oral,30,,,20mg,,CuraeSpring,,unknown,CuraeSpring,,exact,,CFM-000836,1990,true,https://comparafarma-api.vercel.app/api/go?slug=easyfarma&matchKey=omeprazol%7C20mg%7C30&url=https%3A%2F%2Fnuevo.easyfarma.cl%2F104321-omeprazol-20-mg-x-30-caps-curaspring.html&cfmId=CFM-000836,2
omeprazol,omeprazol,omeprazol,,,,2,3,araucomed,Omeprazol 20 mg x 30 comprimidos. (Opko),Omeprazol 20 mg x 30 comprimidos. (Opko),omeprazol|20mg|30,omeprazol|20mg|30|bio:unknown|brand:opko|form:solid-oral,omeprazol|20mg|30,,,solid-oral,30,,,20mg,,Opko,,unknown,Opko,,exact,,CFM-000836,990,false,https://comparafarma-api.vercel.app/api/go?slug=araucomed&matchKey=omeprazol%7C20mg%7C30&url=https%3A%2F%2Ffarmacia.araucomed.com%2Fbioequivalentes%2Fomeprazol-20mg-x30com-opko&cfmId=CFM-000836,1
omeprazol,omeprazol,omeprazol,,,,3,4,araucomed,Omeprazol 40 mg/10 ml. Inyectable x 1 Frasco Ampolla (Hospifarma),Omeprazol 40 mg/10 ml. Inyectable x 1 Frasco Ampolla (Hospifarma),omeprazol|10ml,omeprazol|10ml|bio:unknown|brand:hospifarma|form:injectable,omeprazol|10ml,,,injectable,1,40mg/10ml,ratio,40mg/10ml,,Hospifarma,,unknown,Hospifarma,,exact,,CFM-001198,1000,false,https://comparafarma-api.vercel.app/api/go?slug=araucomed&matchKey=omeprazol%7C10ml&url=https%3A%2F%2Ffarmacia.araucomed.com%2Fantiulcerosos%2Fomeprazol-40mg-inyectable-x1-frasco-ampolla-hospifarma&cfmId=CFM-001198,1
omeprazol,omeprazol,omeprazol,,,,4,5,dr-simi,Omeprazol 20 mg 30 cápsulas con gránulos con recubrimiento entérico,Omeprazol 20 mg 30 cápsulas con gránulos con recubrimiento entérico,omeprazol|20mg|30,omeprazol|20mg|30|bio:true|brand:ascend|form:solid-oral,omeprazol|20mg|30,,,solid-oral,30,,,20mg,,Ascend,,unknown,ASCEND,true,exact,,CFM-000836,1170,true,https://comparafarma-api.vercel.app/api/go?slug=dr-simi&matchKey=omeprazol%7C20mg%7C30&url=https%3A%2F%2Fwww.drsimi.cl%2Fomeprazol-20-mg-30-capsulas%2Fp&cfmId=CFM-000836,1
omeprazol,omeprazol,omeprazol,,,,5,6,araucomed,Omeprazol 20 mg x 30 cápsulas. (Ascend),Omeprazol 20 mg x 30 capsulas,omeprazol|20mg|30,omeprazol|20mg|30|bio:unknown|brand:ascend|form:solid-oral,omeprazol|20mg|30,,,solid-oral,30,,,20mg,,Ascend,,unknown,ASCEND,,exact,,CFM-000836,1200,false,https://comparafarma-api.vercel.app/api/go?slug=araucomed&matchKey=omeprazol%7C20mg%7C30&url=https%3A%2F%2Ffarmacia.araucomed.com%2Fantiulcerosos%2Fomeprazol-20-mg-x-30-capsulas-ascend&cfmId=CFM-000836,3
omeprazol,omeprazol,omeprazol,,,,5,6,farmex,Omeprazol 20 mg x 30 capsulas,Omeprazol 20 mg x 30 capsulas,omeprazol|20mg|30,omeprazol|20mg|30|bio:unknown|brand:ascend|form:solid-oral,omeprazol|20mg|30,,,solid-oral,30,,,20mg,,Ascend,,unknown,ASCEND,,exact,,CFM-000836,1290,true,https://comparafarma-api.vercel.app/api/go?slug=farmex&matchKey=omeprazol%7C20mg%7C30&url=https%3A%2F%2Ffarmex.cl%2Fproducts%2Fomeprazol-20-mg-x-30-comp%3F_pos%3D5%26_psq%3Domeprazol%26_psid%3D2dbaad6a1%26_ss%3De&cfmId=CFM-000836,3
omeprazol,omeprazol,omeprazol,,,,5,6,easyfarma,Omeprazol 20 mg x 30 cap...,Omeprazol 20 mg x 30 capsulas,omeprazol|20mg|30,omeprazol|20mg|30|bio:unknown|brand:ascend|form:solid-oral,omeprazol|20mg|30,,,solid-oral,30,,,20mg,,Ascend,,unknown,ASCEND,,exact,,CFM-000836,1490,true,https://comparafarma-api.vercel.app/api/go?slug=easyfarma&matchKey=omeprazol%7C20mg%7C30&url=https%3A%2F%2Fnuevo.easyfarma.cl%2F104320-omeprazol-20-mg-x-30-cap-lab-ascend.html&cfmId=CFM-000836,3
omeprazol,omeprazol,omeprazol,,,,6,7,araucomed,Omeprazol 20 mg x 30 cápsulas. (Chile),Omeprazol 20 mg x 30 cápsulas,omeprazol|20mg|30,omeprazol|20mg|30|bio:unknown|brand:chile|form:solid-oral,omeprazol|20mg|30,,,solid-oral,30,,,20mg,,Chile,,unknown,CHILE,,exact,,CFM-000836,1300,true,https://comparafarma-api.vercel.app/api/go?slug=araucomed&matchKey=omeprazol%7C20mg%7C30&url=https%3A%2F%2Ffarmacia.araucomed.com%2Fbioequivalentes%2Fomeprazol-20mg-x30cap-chile&cfmId=CFM-000836,2
omeprazol,omeprazol,omeprazol,,,,6,7,farmex,Omeprazol 20 mg x 30 cápsulas,Omeprazol 20 mg x 30 cápsulas,omeprazol|20mg|30,omeprazol|20mg|30|bio:unknown|brand:chile|form:solid-oral,omeprazol|20mg|30,,,solid-oral,30,,,20mg,,Chile,,unknown,CHILE,,exact,,CFM-000836,1490,true,https://comparafarma-api.vercel.app/api/go?slug=farmex&matchKey=omeprazol%7C20mg%7C30&url=https%3A%2F%2Ffarmex.cl%2Fproducts%2Fomeprazol-bioequivalente-capsulas-omeprazol%3F_pos%3D2%26_psq%3Domeprazol%26_psid%3D2dbaad6a1%26_ss%3De&cfmId=CFM-000836,2
omeprazol,omeprazol,omeprazol,,,,7,8,farmex,Omeprazol 20 mg x 30 cápsulas.,Omeprazol (B) 20mg 30 Cápsulas,omeprazol|20mg|30,omeprazol|20mg|30|bio:unknown|brand:unknown|form:solid-oral,omeprazol|20mg|30,,,solid-oral,30,,,20mg,Omeprazol,,,structured,Omeprazol,,exact,,CFM-000836,1387,true,https://comparafarma-api.vercel.app/api/go?slug=farmex&matchKey=omeprazol%7C20mg%7C30&url=https%3A%2F%2Ffarmex.cl%2Fproducts%2Fomeprazol-20-mg-x-30-capsulas-1%3F_pos%3D6%26_psq%3Domeprazol%26_psid%3D2dbaad6a1%26_ss%3De&cfmId=CFM-000836,4
omeprazol,omeprazol,omeprazol,,,,7,8,easyfarma,Omeprazol 20 Mg x 30 Caps....,Omeprazol (B) 20mg 30 Cápsulas,omeprazol|20mg|30,omeprazol|20mg|30|bio:unknown|brand:unknown|form:solid-oral,omeprazol|20mg|30,,,solid-oral,30,,,20mg,Omeprazol,,,structured,Omeprazol,,exact,,CFM-000836,1690,true,https://comparafarma-api.vercel.app/api/go?slug=easyfarma&matchKey=omeprazol%7C20mg%7C30&url=https%3A%2F%2Fnuevo.easyfarma.cl%2F105577-omeprazol-20-mg-x-30-caps-lab-chile.html&cfmId=CFM-000836,4
omeprazol,omeprazol,omeprazol,,,,7,8,cruz-verde,Omeprazol 20 mg 30 Cápsulas con Gránulos,Omeprazol (B) 20mg 30 Cápsulas,omeprazol|20mg|30,omeprazol|20mg|30|bio:unknown|brand:unknown|form:solid-oral,omeprazol|20mg|30,,,solid-oral,30,,,20mg,Omeprazol,,,structured,Omeprazol,,exact,,CFM-000836,2690,true,https://comparafarma-api.vercel.app/api/go?slug=cruz-verde&matchKey=omeprazol%7C20mg%7C30&url=https%3A%2F%2Fwww.cruzverde.cl%2Fomeprazol-20-mg-30-capsulas-con-granulos%2F275886.html&cfmId=CFM-000836,4
omeprazol,omeprazol,omeprazol,,,,7,8,salcobrand,Omeprazol (B) 20mg 30 Cápsulas,Omeprazol (B) 20mg 30 Cápsulas,omeprazol|20mg|30,omeprazol|20mg|30|bio:unknown|brand:unknown|form:solid-oral,omeprazol|20mg|30,,,solid-oral,30,,,20mg,Omeprazol,,,structured,Omeprazol,,exact,,CFM-000836,2727,true,https://comparafarma-api.vercel.app/api/go?slug=salcobrand&matchKey=omeprazol%7C20mg%7C30&url=https%3A%2F%2Fsalcobrand.cl%2Fproducts%2Fomeprazol-b-20mg-30-capsulas%3Fdefault_sku%3D430270&cfmId=CFM-000836,4
omeprazol,omeprazol,omeprazol,,,,8,9,ecofarmacias,Omeprazol 20 mg x 60 cápsulas con gránulos Curaspring DESCUENTO,Omeprazol 20 mg x 60 cápsulas con gránulos Curaspring DESCUENTO,omeprazol|20mg|60,omeprazol|20mg|60|bio:true|brand:unknown|form:solid-oral,omeprazol|20mg|60,,,solid-oral,60,,,20mg,,,,unknown,,true,exact,,CFM-001205,1550,false,https://comparafarma-api.vercel.app/api/go?slug=ecofarmacias&matchKey=omeprazol%7C20mg%7C60&url=https%3A%2F%2Fwww.ecofarmacias.cl%2Fproducto%2Fomeprazol-20-mg-x-60-capsulas-con-granulos-curaspring-descuento%2F&cfmId=CFM-001205,1
omeprazol,omeprazol,omeprazol,,,,9,10,easyfarma,Omeprazol 20 mg x 30...,Omeprazol 20 mg x 30...,omeprazol|20mg|30,omeprazol|20mg|30|bio:unknown|brand:unknown,omeprazol|20mg|30,,,,30,,,20mg,,,,unknown,,,exact,,CFM-000836,1690,true,https://comparafarma-api.vercel.app/api/go?slug=easyfarma&matchKey=omeprazol%7C20mg%7C30&url=https%3A%2F%2Fnuevo.easyfarma.cl%2F26085-omeprazol-20-mg-x-30.html&cfmId=CFM-000836,1
omeprazol,omeprazol,omeprazol,,,,10,11,araucomed,Omeprazol 20 mg x 60 cápsulas. (Opko),Omeprazol 20 mg x 60 cápsulas,omeprazol|20mg|60,omeprazol|20mg|60|bio:unknown|brand:opko|form:solid-oral,omeprazol|20mg|60,,,solid-oral,60,,,20mg,,Opko,,unknown,Opko,,exact,,CFM-001205,1790,false,https://comparafarma-api.vercel.app/api/go?slug=araucomed&matchKey=omeprazol%7C20mg%7C60&url=https%3A%2F%2Ffarmacia.araucomed.com%2Fbioequivalentes%2Fomeprazol-20mg-x60com-opko&cfmId=CFM-001205,2
omeprazol,omeprazol,omeprazol,,,,10,11,farmex,Omeprazol 20 mg x 60 cápsulas,Omeprazol 20 mg x 60 cápsulas,omeprazol|20mg|60,omeprazol|20mg|60|bio:unknown|brand:opko|form:solid-oral,omeprazol|20mg|60,,,solid-oral,60,,,20mg,,Opko,,unknown,Opko,,exact,,CFM-001205,2395,true,https://comparafarma-api.vercel.app/api/go?slug=farmex&matchKey=omeprazol%7C20mg%7C60&url=https%3A%2F%2Ffarmex.cl%2Fproducts%2Fomeprazol-20-60-capsulas%3F_pos%3D1%26_psq%3Domeprazol%26_psid%3D2dbaad6a1%26_ss%3De&cfmId=CFM-001205,2
omeprazol,omeprazol,omeprazol,,,,11,12,farmex,Omeprazol 20 mg x 60 capsulas,Omeprazol 20 mg x 60 capsulas,omeprazol|20mg|60,omeprazol|20mg|60|bio:unknown|brand:ascend|form:solid-oral,omeprazol|20mg|60,,,solid-oral,60,,,20mg,,Ascend,,unknown,Ascend,,exact,,CFM-001205,1890,true,https://comparafarma-api.vercel.app/api/go?slug=farmex&matchKey=omeprazol%7C20mg%7C60&url=https%3A%2F%2Ffarmex.cl%2Fproducts%2Fomeprazol-20-mg-x-60-comp%3F_pos%3D4%26_psq%3Domeprazol%26_psid%3D2dbaad6a1%26_ss%3De&cfmId=CFM-001205,2
omeprazol,omeprazol,omeprazol,,,,11,12,araucomed,Omeprazol 20 mg x 60 cápsulas. (Ascend),Omeprazol 20 mg x 60 capsulas,omeprazol|20mg|60,omeprazol|20mg|60|bio:unknown|brand:ascend|form:solid-oral,omeprazol|20mg|60,,,solid-oral,60,,,20mg,,Ascend,,unknown,Ascend,,exact,,CFM-001205,1990,false,https://comparafarma-api.vercel.app/api/go?slug=araucomed&matchKey=omeprazol%7C20mg%7C60&url=https%3A%2F%2Ffarmacia.araucomed.com%2Fbioequivalentes%2Fomeprazol-20mg-x60com-ascend&cfmId=CFM-001205,2
omeprazol,omeprazol,omeprazol,,,,12,13,araucomed,Omeprazol 20 mg x 60 cápsulas. (Curae Spring),Omeprazol 20 mg x 60 cápsulas. (Curae Spring),omeprazol|20mg|60,omeprazol|20mg|60|bio:unknown|brand:curaespring|form:solid-oral,omeprazol|20mg|60,,,solid-oral,60,,,20mg,,CuraeSpring,,unknown,CuraeSpring,,exact,,CFM-001205,1990,false,https://comparafarma-api.vercel.app/api/go?slug=araucomed&matchKey=omeprazol%7C20mg%7C60&url=https%3A%2F%2Ffarmacia.araucomed.com%2Fantiulcerosos%2Fomeprazol-20-mg-x-60-capsulas-curae-spring&cfmId=CFM-001205,1
omeprazol,omeprazol,omeprazol,,,,13,14,araucomed,Omeprazol 20mg x60cap. (Chile),Omeprazol 20mg x60cap. (Chile),omeprazol|20mg|60,omeprazol|20mg|60|bio:unknown|brand:chile|form:solid-oral,omeprazol|20mg|60,,,solid-oral,60,,,20mg,,Laboratorio Chile,,unknown,Laboratorio Chile,,exact,,CFM-001205,2290,false,https://comparafarma-api.vercel.app/api/go?slug=araucomed&matchKey=omeprazol%7C20mg%7C60&url=https%3A%2F%2Ffarmacia.araucomed.com%2Fbioequivalentes%2Fomeprazol-20mg-x60cap-chile&cfmId=CFM-001205,1
omeprazol,omeprazol,omeprazol,,,,14,15,ecofarmacias,Omeprazol 20 mg x 60 Lab Chile,Omeprazol 20 mg x 60 Lab Chile,omeprazol|20mg|60,omeprazol|20mg|60|bio:true|brand:unknown,omeprazol|20mg|60,,,,60,,,20mg,,,,unknown,,true,exact,,CFM-001205,2980,false,https://comparafarma-api.vercel.app/api/go?slug=ecofarmacias&matchKey=omeprazol%7C20mg%7C60&url=https%3A%2F%2Fwww.ecofarmacias.cl%2Fproducto%2Fomeprazol-20-mg-x-50-lab-chile%2F&cfmId=CFM-001205,1
omeprazol,omeprazol,omeprazol,,,,15,16,easyfarma,Omeprazol 20 mg. x 60 cap....,Omeprazol (B) 20mg 60 Cápsulas,omeprazol|20mg|60,omeprazol|20mg|60|bio:unknown|brand:unknown|form:solid-oral,omeprazol|20mg|60,,,solid-oral,60,,,20mg,Omeprazol,,,structured,Omeprazol,,exact,,CFM-001205,2990,true,https://comparafarma-api.vercel.app/api/go?slug=easyfarma&matchKey=omeprazol%7C20mg%7C60&url=https%3A%2F%2Fnuevo.easyfarma.cl%2F31322-omeprazol-20-mg.html&cfmId=CFM-001205,3
omeprazol,omeprazol,omeprazol,,,,15,16,salcobrand,Omeprazol (B) 20mg 60 Cápsulas,Omeprazol (B) 20mg 60 Cápsulas,omeprazol|20mg|60,omeprazol|20mg|60|bio:unknown|brand:unknown|form:solid-oral,omeprazol|20mg|60,,,solid-oral,60,,,20mg,Omeprazol,,,structured,Omeprazol,,exact,,CFM-001205,3783,true,https://comparafarma-api.vercel.app/api/go?slug=salcobrand&matchKey=omeprazol%7C20mg%7C60&url=https%3A%2F%2Fsalcobrand.cl%2Fproducts%2Fomeprazol-b-20mg-60-capsulas%3Fdefault_sku%3D430271&cfmId=CFM-001205,3
omeprazol,omeprazol,omeprazol,,,,15,16,cruz-verde,Omeprazol 20 mg 60 Cápsulas con Gránulos,Omeprazol (B) 20mg 60 Cápsulas,omeprazol|20mg|60,omeprazol|20mg|60|bio:unknown|brand:unknown|form:solid-oral,omeprazol|20mg|60,,,solid-oral,60,,,20mg,Omeprazol,,,structured,Omeprazol,,exact,,CFM-001205,4290,true,https://comparafarma-api.vercel.app/api/go?slug=cruz-verde&matchKey=omeprazol%7C20mg%7C60&url=https%3A%2F%2Fwww.cruzverde.cl%2Fomeprazol-20-mg-60-capsulas-con-granulos%2F276485.html&cfmId=CFM-001205,3
omeprazol,omeprazol,omeprazol,,,,16,17,easyfarma,Omeprazol 20 mg x 60...,Omeprazol 20 mg x 60...,omeprazol|20mg|60,omeprazol|20mg|60|bio:unknown|brand:curaespring,omeprazol|20mg|60,,,,60,,,20mg,,,,unknown,,,exact,,CFM-001205,2990,true,https://comparafarma-api.vercel.app/api/go?slug=easyfarma&matchKey=omeprazol%7C20mg%7C60&url=https%3A%2F%2Fnuevo.easyfarma.cl%2F104458-omeprazol-20-mg-x-60-capsulas-curaspring.html&cfmId=CFM-001205,1
omeprazol,omeprazol,omeprazol,,,,17,18,easyfarma,Omeprazol 20 mg x 60...,Omeprazol 20 mg x 60...,omeprazol|20mg|60,omeprazol|20mg|60|bio:unknown|brand:unknown,omeprazol|20mg|60,,,,60,,,20mg,,,,unknown,,,exact,,CFM-001205,2990,true,https://comparafarma-api.vercel.app/api/go?slug=easyfarma&matchKey=omeprazol%7C20mg%7C60&url=https%3A%2F%2Fnuevo.easyfarma.cl%2F26086-omeprazol-20mg-x-60.html&cfmId=CFM-001205,1
omeprazol,omeprazol,omeprazol,,,,18,19,salcobrand,Lomex (B) Omeprazol 20mg 28 Capsulas Prolongadas,Lomex (B) Omeprazol 20mg 28 Capsulas Prolongadas,lomex|20mg|28,lomex|20mg|28|bio:unknown|brand:lomex|form:solid-oral,lomex|20mg|28,,,solid-oral,28,,,20mg,Lomex,,,structured,Lomex,,exact,,CFM-001202,5010,true,https://comparafarma-api.vercel.app/api/go?slug=salcobrand&matchKey=lomex%7C20mg%7C28&url=https%3A%2F%2Fsalcobrand.cl%2Fproducts%2Flomex-b-omeprazol-20mg-28-capsulas-prolongadas%3Fdefault_sku%3D573314&cfmId=CFM-001202,1
omeprazol,omeprazol,omeprazol,,,,19,20,ahumada,LOMEX Omeprazol 20 mg 28 cápsulas,LOMEX Omeprazol 20 mg 28 cápsulas,lomex|20mg|28,lomex|20mg|28|bio:true|brand:unknown|form:solid-oral,lomex|20mg|28,,,solid-oral,28,,,20mg,,,,unknown,,true,exact,,CFM-001202,5590,true,https://comparafarma-api.vercel.app/api/go?slug=ahumada&matchKey=lomex%7C20mg%7C28&url=https%3A%2F%2Fwww.farmaciasahumada.cl%2Flomex-omeprazol-20-mg-28-capsulas-87769.html&cfmId=CFM-001202,1
omeprazol,omeprazol,omeprazol,,,,20,21,araucomed,Zomel 20 mg x 30 comprimidos.,Zomel 20 mg x 30 comprimidos.,zomel|20mg|30,zomel|20mg|30|bio:unknown|brand:unknown|form:solid-oral,zomel|20mg|30,,,solid-oral,30,,,20mg,,,,unknown,,,compatible,,CFM-001196,8990,true,https://comparafarma-api.vercel.app/api/go?slug=araucomed&matchKey=zomel%7C20mg%7C30&url=https%3A%2F%2Ffarmacia.araucomed.com%2Fantiulcerosos%2Fzomel-20mg-x35cap&cfmId=CFM-001196,1
omeprazol,omeprazol,omeprazol,,,,21,22,araucomed,Omeprazol 40 mg Inyectable x 10 Frasco Ampolla (Vitalis),Omeprazol 40 mg Inyectable x 10 Frasco Ampolla (Vitalis),omeprazol|40mg|10,omeprazol|40mg|10|bio:unknown|brand:vitalis|form:injectable,omeprazol|40mg|10,,,injectable,10,,,40mg,,Vitalis,,unknown,Vitalis,,exact,,CFM-001197,12990,false,https://comparafarma-api.vercel.app/api/go?slug=araucomed&matchKey=omeprazol%7C40mg%7C10&url=https%3A%2F%2Ffarmacia.araucomed.com%2Fantiulcerosos%2Fomeprazol-40mg-inyectable-x1-frasco-ampolla-vitalis&cfmId=CFM-001197,1
omeprazol,omeprazol,omeprazol,,,,22,23,araucomed,Zomel 40 mg x 30 comprimidos.,Zomel 40 mg x 30 comprimidos.,zomel|40mg|30,zomel|40mg|30|bio:unknown|brand:unknown|form:solid-oral,zomel|40mg|30,,,solid-oral,30,,,40mg,,,,unknown,,,compatible,,CFM-001204,13990,true,https://comparafarma-api.vercel.app/api/go?slug=araucomed&matchKey=zomel%7C40mg%7C30&url=https%3A%2F%2Ffarmacia.araucomed.com%2Fantiulcerosos%2Fzomel-40-mg-x-30-comprimidos&cfmId=CFM-001204,1
omeprazol,omeprazol,omeprazol,,,,23,24,ahumada,"Obexol 37,7 mg x 30 Cápsulas","Obexol 37,7 mg x 30 Cápsulas",obexol|37.7mg|30,obexol|37.7mg|30|bio:true|brand:unknown|form:solid-oral,obexol|37.7mg|30,,,solid-oral,30,,,37.7mg,,,,unknown,,true,compatible,,CFM-001206,17142,true,https://comparafarma-api.vercel.app/api/go?slug=ahumada&matchKey=obexol%7C37.7mg%7C30&url=https%3A%2F%2Fwww.farmaciasahumada.cl%2Fobexol-37-7-mg-x-30-capsulas-80565.html&cfmId=CFM-001206,1
omeprazol,omeprazol,omeprazol,,,,24,25,cruz-verde,Lomex 20 Mg X 28 Caps,Lomex 20 Mg X 28 Caps,lomex|20mg|28,lomex|20mg|28|bio:unknown|brand:unknown|form:solid-oral,lomex|20mg|28,,,solid-oral,28,,,20mg,,,,unknown,,,compatible,,CFM-001202,29990,false,https://comparafarma-api.vercel.app/api/go?slug=cruz-verde&matchKey=lomex%7C20mg%7C28&url=https%3A%2F%2Fwww.cruzverde.cl%2Flomex-20-mg-x-28-caps%2F6294.html&cfmId=CFM-001202,1
omeprazol,omeprazol,omeprazol,,,,25,26,ecofarmacias,Esomeprazol 40 mg x 30 comp. recubrimiento entérico DESCUENTO,Esomeprazol 40 mg x 30 comp. recubrimiento entérico DESCUENTO,esomeprazol|40mg|30,esomeprazol|40mg|30|bio:true|brand:unknown|form:solid-oral,esomeprazol|40mg|30,,,solid-oral,30,,,40mg,,,,unknown,,true,mismatch,,CFM-001201,2520,false,https://comparafarma-api.vercel.app/api/go?slug=ecofarmacias&matchKey=esomeprazol%7C40mg%7C30&url=https%3A%2F%2Fwww.ecofarmacias.cl%2Fproducto%2Fesomeprazol-40-mg-x-30-comp-recubrimiento-enterico-descuento%2F&cfmId=CFM-001201,1
omeprazol,omeprazol,omeprazol,,,,26,27,ecofarmacias,Esomeprazol 20 mg x 30 Cápsulas gránulos Recubrimiento Entérico,Esomeprazol 20 mg x 30 Cápsulas gránulos Recubrimiento Entérico,esomeprazol|20mg|30,esomeprazol|20mg|30|bio:true|brand:unknown|form:solid-oral,esomeprazol|20mg|30,,,solid-oral,30,,,20mg,,,,unknown,,true,mismatch,,CFM-001203,2980,false,https://comparafarma-api.vercel.app/api/go?slug=ecofarmacias&matchKey=esomeprazol%7C20mg%7C30&url=https%3A%2F%2Fwww.ecofarmacias.cl%2Fproducto%2Fesomeprazol-20-mg-x-30-capsulas-granulos-recubrimiento-enterico%2F&cfmId=CFM-001203,1
omeprazol,omeprazol,omeprazol,,,,27,28,dr-simi,Esomeprazol 20 mg 30 comprimidos con recubrimiento entérico,Esomeprazol 20 mg 30 comprimidos con recubrimiento entérico,esomeprazol|20mg|30,esomeprazol|20mg|30|bio:true|brand:opko|form:solid-oral,esomeprazol|20mg|30,,,solid-oral,30,,,20mg,,Opko,,unknown,OPKO,true,mismatch,,CFM-001203,3390,true,https://comparafarma-api.vercel.app/api/go?slug=dr-simi&matchKey=esomeprazol%7C20mg%7C30&url=https%3A%2F%2Fwww.drsimi.cl%2Fesomeprazol-20-mg-30-comprimidos-recubierto-enterico%2Fp&cfmId=CFM-001203,1
omeprazol,omeprazol,omeprazol,,,,28,29,farmex,Esomeprazol 20 mg x 30 comprimidos,Esomeprazol 20 mg x 30 comprimidos,esomeprazol|20mg|30,esomeprazol|20mg|30|bio:unknown|brand:opko|form:solid-oral,esomeprazol|20mg|30,,,solid-oral,30,,,20mg,,Opko,,unknown,OPKO,,mismatch,,CFM-001203,3790,true,https://comparafarma-api.vercel.app/api/go?slug=farmex&matchKey=esomeprazol%7C20mg%7C30&url=https%3A%2F%2Ffarmex.cl%2Fproducts%2Fesomeprazol-20-mg-opko%3F_pos%3D3%26_psq%3Domeprazol%26_psid%3D2dbaad6a1%26_ss%3De&cfmId=CFM-001203,1
omeprazol,omeprazol,omeprazol,,,,29,30,dr-simi,Esomeprazol 20 mg 30 cápsulas con gránulos con recubrimiento entérico,Esomeprazol 20 mg 30 cápsulas con gránulos con recubrimiento entérico,esomeprazol|20mg|30,esomeprazol|20mg|30|bio:true|brand:ascend|form:solid-oral,esomeprazol|20mg|30,,,solid-oral,30,,,20mg,,Ascend,,unknown,ASCEND,true,mismatch,,CFM-001203,3810,true,https://comparafarma-api.vercel.app/api/go?slug=dr-simi&matchKey=esomeprazol%7C20mg%7C30&url=https%3A%2F%2Fwww.drsimi.cl%2Fesomeprazol-20-mg-30-capsulas-granulos-recubrimiento-enterico%2Fp&cfmId=CFM-001203,1
omeprazol,omeprazol,omeprazol,,,,30,31,easyfarma,Esomeprazol 20 mg 30...,Esomeprazol 20 mg 30...,esomeprazol|20mg,esomeprazol|20mg|bio:unknown|brand:opko,esomeprazol|20mg,,,,,,,20mg,,,,unknown,,,mismatch,,CFM-001200,3990,true,https://comparafarma-api.vercel.app/api/go?slug=easyfarma&matchKey=esomeprazol%7C20mg&url=https%3A%2F%2Fnuevo.easyfarma.cl%2F53312-esomeprazol-20-mg-30-comp-opko.html&cfmId=CFM-001200,1
omeprazol,omeprazol,omeprazol,,,,31,32,dr-simi,Esomeprazol 40 mg 30 comprimidos con recubrimiento entérico,Esomeprazol 40 mg 30 comprimidos con recubrimiento entérico,esomeprazol|40mg|30,esomeprazol|40mg|30|bio:true|brand:opko|form:solid-oral,esomeprazol|40mg|30,,,solid-oral,30,,,40mg,,Opko,,unknown,OPKO,true,mismatch,,CFM-001201,4050,true,https://comparafarma-api.vercel.app/api/go?slug=dr-simi&matchKey=esomeprazol%7C40mg%7C30&url=https%3A%2F%2Fwww.drsimi.cl%2Fesomeprazol-40-mg-30-comprimidos-recubierto-enterico%2Fp&cfmId=CFM-001201,1
omeprazol,omeprazol,omeprazol,,,,32,33,farmex,Esomeprazol 40 mg x 30 comprimidos,Esomeprazol 40 mg x 30 comprimidos,esomeprazol|40mg|30,esomeprazol|40mg|30|bio:unknown|brand:opko|form:solid-oral,esomeprazol|40mg|30,,,solid-oral,30,,,40mg,,Opko,,unknown,OPKO,,mismatch,,CFM-001201,4790,true,https://comparafarma-api.vercel.app/api/go?slug=farmex&matchKey=esomeprazol%7C40mg%7C30&url=https%3A%2F%2Ffarmex.cl%2Fproducts%2Fesomeprazol-40-mg-x-30-capsulas-opko%3F_pos%3D7%26_psq%3Domeprazol%26_psid%3D2dbaad6a1%26_ss%3De&cfmId=CFM-001201,1
omeprazol,omeprazol,omeprazol,,,,33,34,dr-simi,Esomeprazol 40 mg 30 cápsulas con gránulos con recubrimiento entérico,Esomeprazol 40 mg 30 cápsulas con gránulos con recubrimiento entérico,esomeprazol|40mg|30,esomeprazol|40mg|30|bio:true|brand:ascend|form:solid-oral,esomeprazol|40mg|30,,,solid-oral,30,,,40mg,,Ascend,,unknown,ASCEND,true,mismatch,,CFM-001201,5100,true,https://comparafarma-api.vercel.app/api/go?slug=dr-simi&matchKey=esomeprazol%7C40mg%7C30&url=https%3A%2F%2Fwww.drsimi.cl%2Fesomeprazol-40-mg-30-capsulas-granulos-recubrimiento-enterico%2Fp&cfmId=CFM-001201,1
omeprazol,omeprazol,omeprazol,,,,34,35,easyfarma,Esomeprazol  20 mg x 30...,Esomeprazol  20 mg x 30...,esomeprazol|20mg|30,esomeprazol|20mg|30|bio:unknown|brand:hetero,esomeprazol|20mg|30,,,,30,,,20mg,,,,unknown,,,mismatch,,CFM-001203,5990,true,https://comparafarma-api.vercel.app/api/go?slug=easyfarma&matchKey=esomeprazol%7C20mg%7C30&url=https%3A%2F%2Fnuevo.easyfarma.cl%2F102263-esomeprazol-20-mg-x-30-capsulas-lab-hetero.html&cfmId=CFM-001203,1
omeprazol,omeprazol,omeprazol,,,,35,36,easyfarma,Esomeprazol 20 Mg 30...,Esomeprazol 20 Mg 30...,esomeprazol|20mg,esomeprazol|20mg|bio:unknown|brand:hetero,esomeprazol|20mg,,,,,,,20mg,,,,unknown,,,mismatch,,CFM-001200,5990,true,https://comparafarma-api.vercel.app/api/go?slug=easyfarma&matchKey=esomeprazol%7C20mg&url=https%3A%2F%2Fnuevo.easyfarma.cl%2F105275-esomeprazol-20-mg-30-capsulas-lab-hetero.html&cfmId=CFM-001200,1
omeprazol,omeprazol,omeprazol,,,,36,37,easyfarma,Esomeprazol 20 mg x 30 caps...,Esomeprazol 20 mg x 30 caps...,esomeprazol|20mg|30,esomeprazol|20mg|30|bio:unknown|brand:ascend|form:solid-oral,esomeprazol|20mg|30,,,solid-oral,30,,,20mg,,,,unknown,,,mismatch,,CFM-001203,5990,true,https://comparafarma-api.vercel.app/api/go?slug=easyfarma&matchKey=esomeprazol%7C20mg%7C30&url=https%3A%2F%2Fnuevo.easyfarma.cl%2F104459-esomeprazol-20-mg-x-30-caps-ascend.html&cfmId=CFM-001203,1
omeprazol,omeprazol,omeprazol,,,,37,38,dr-simi,Flectane naproxeno 500 mg esomeprazol 20 mg 30 comprimidos con recubrimiento entérico,Flectane naproxeno 500 mg esomeprazol 20 mg 30 comprimidos con recubrimiento entérico,flectane|500mg|30,flectane|500mg|30|bio:false|brand:sanitas|form:solid-oral,flectane|500mg|30,,,solid-oral,30,,,500mg,Flectane,Sanitas,naproxeno,name,SANITAS,false,mismatch,,CFM-001199,9600,true,https://comparafarma-api.vercel.app/api/go?slug=dr-simi&matchKey=flectane%7C500mg%7C30&url=https%3A%2F%2Fwww.drsimi.cl%2Fflectane-500-20-naproxeno-esomeprazol-500-20mg-30-comp-rec%2Fp&cfmId=CFM-001199,1
paracetamol 500mg,paracetamol-500mg,paracetamol,500mg,,,0,1,ahumada,Paracetamol 500 mg x 16 Comprimidos,Paracetamol 500 mg x 16 Comprimidos,paracetamol|500mg|16,paracetamol|500mg|16|bio:true|brand:unknown|form:solid-oral,paracetamol|500mg|16,,,solid-oral,16,,,500mg,,,paracetamol,unknown,,true,exact,exact,CFM-000019,359,true,https://comparafarma-api.vercel.app/api/go?slug=ahumada&matchKey=paracetamol%7C500mg%7C16&url=https%3A%2F%2Fwww.farmaciasahumada.cl%2Fparacetamol-500-mg-x-16-comprimidos-84574.html&cfmId=CFM-000019,2
paracetamol 500mg,paracetamol-500mg,paracetamol,500mg,,,0,1,ecofarmacias,Paracetamol 500 mg x 16 comprimidos (cenabast),Paracetamol 500 mg x 16 Comprimidos,paracetamol|500mg|16,paracetamol|500mg|16|bio:true|brand:unknown|form:solid-oral,paracetamol|500mg|16,,,solid-oral,16,,,500mg,,,paracetamol,unknown,,true,exact,exact,CFM-000019,490,false,https://comparafarma-api.vercel.app/api/go?slug=ecofarmacias&matchKey=paracetamol%7C500mg%7C16&url=https%3A%2F%2Fwww.ecofarmacias.cl%2Fproducto%2Fparacetamol-500-mg-x-16-comprimidos-cenabast%2F&cfmId=CFM-000019,2
paracetamol 500mg,paracetamol-500mg,paracetamol,500mg,,,1,2,dr-simi,Paracetamol 500 mg 16 comprimidos,Paracetamol 500 mg 16 comprimidos,paracetamol|500mg|16,paracetamol|500mg|16|bio:true|brand:andromaco|form:solid-oral,paracetamol|500mg|16,,,solid-oral,16,,,500mg,,Andrómaco,paracetamol,unknown,ANDRÓMACO,true,exact,exact,CFM-000019,360,true,https://comparafarma-api.vercel.app/api/go?slug=dr-simi&matchKey=paracetamol%7C500mg%7C16&url=https%3A%2F%2Fwww.drsimi.cl%2Fparacetamol-500-mg-16-comprimidos%2Fp&cfmId=CFM-000019,1
paracetamol 500mg,paracetamol-500mg,paracetamol,500mg,,,2,3,araucomed,Paracetamol 500 mg x 16 comprimidos. (Andromaco),Paracetamol 500 mg x 16 comprimidos,paracetamol|500mg|16,paracetamol|500mg|16|bio:unknown|brand:andromaco|form:solid-oral,paracetamol|500mg|16,,,solid-oral,16,,,500mg,,Andromaco,paracetamol,unknown,ANDROMACO,,exact,exact,CFM-000019,450,true,https://comparafarma-api.vercel.app/api/go?slug=araucomed&matchKey=paracetamol%7C500mg%7C16&url=https%3A%2F%2Ffarmacia.araucomed.com%2Fbioequivalentes%2Fparacetamol-500mg-x16com-andromaco&cfmId=CFM-000019,2
paracetamol 500mg,paracetamol-500mg,paracetamol,500mg,,,2,3,farmex,Paracetamol 500 mg x 16 comprimidos,Paracetamol 500 mg x 16 comprimidos,paracetamol|500mg|16,paracetamol|500mg|16|bio:unknown|brand:andromaco|form:solid-oral,paracetamol|500mg|16,,,solid-oral,16,,,500mg,,Andromaco,paracetamol,unknown,ANDROMACO,,exact,exact,CFM-000019,790,true,https://comparafarma-api.vercel.app/api/go?slug=farmex&matchKey=paracetamol%7C500mg%7C16&url=https%3A%2F%2Ffarmex.cl%2Fproducts%2Fparacetamol-500-mg-x-16-comp-andromaco%3F_pos%3D3%26_psq%3Dparacetamol%26_psid%3D5ba8308a0%26_ss%3De&cfmId=CFM-000019,2
paracetamol 500mg,paracetamol-500mg,paracetamol,500mg,,,3,4,araucomed,Paracetamol 500 mg x 16 comprimidos. (Chile),Paracetamol 500 mg x 16 comprimidos. (Chile),paracetamol|500mg|16,paracetamol|500mg|16|bio:unknown|brand:chile|form:solid-oral,paracetamol|500mg|16,,,solid-oral,16,,,500mg,,Laboratorio Chile,paracetamol,unknown,Laboratorio Chile,,exact,exact,CFM-000019,500,true,https://comparafarma-api.vercel.app/api/go?slug=araucomed&matchKey=paracetamol%7C500mg%7C16&url=https%3A%2F%2Ffarmacia.araucomed.com%2Fbioequivalentes%2Fparacetamol-500mg-x16com-chile&cfmId=CFM-000019,1
paracetamol 500mg,paracetamol-500mg,paracetamol,500mg,,,4,5,ecofarmacias,"Kitadol, paracetamol, 500Mg X 24 comp.(LCh) DESCUENTO caja arrugada","Kitadol, paracetamol, 500Mg X 24 comp.(LCh) DESCUENTO caja arrugada",kitadol|500mg|24,kitadol|500mg|24|bio:unknown|brand:unknown|form:solid-oral,kitadol|500mg|24,,,solid-oral,24,,,500mg,Kitadol,,paracetamol,name,,,exact,exact,CFM-000013,650,false,https://comparafarma-api.vercel.app/api/go?slug=ecofarmacias&matchKey=kitadol%7C500mg%7C24&url=https%3A%2F%2Fwww.ecofarmacias.cl%2Fproducto%2Fkitadol-500mg-x-24-comprimidos-lch-descuento-caja-arrugada%2F&cfmId=CFM-000013,1
paracetamol 500mg,paracetamol-500mg,paracetamol,500mg,,,5,6,easyfarma,Paracetamol 500 mg. 16 comp.,Paracetamol 500 mg. 16 comp.,paracetamol|500mg|16,paracetamol|500mg|16|bio:unknown|brand:unknown|form:solid-oral,paracetamol|500mg|16,,,solid-oral,16,,,500mg,,,paracetamol,unknown,,,exact,exact,CFM-000019,690,true,https://comparafarma-api.vercel.app/api/go?slug=easyfarma&matchKey=paracetamol%7C500mg%7C16&url=https%3A%2F%2Fnuevo.easyfarma.cl%2F24713-paracetamol-500-mg-x-16.html&cfmId=CFM-000019,3
paracetamol 500mg,paracetamol-500mg,paracetamol,500mg,,,5,6,farmex,Paracetamol 500 mg x 16 comprimidos.,Paracetamol 500 mg. 16 comp.,paracetamol|500mg|16,paracetamol|500mg|16|bio:unknown|brand:unknown|form:solid-oral,paracetamol|500mg|16,,,solid-oral,16,,,500mg,,,paracetamol,unknown,,,exact,exact,CFM-000019,695,true,https://comparafarma-api.vercel.app/api/go?slug=farmex&matchKey=paracetamol%7C500mg%7C16&url=https%3A%2F%2Ffarmex.cl%2Fproducts%2Fparacetamol-500-mg-x-16-comprimidos-10%3F_pos%3D7%26_psq%3Dparacetamol%26_psid%3D5ba8308a0%26_ss%3De&cfmId=CFM-000019,3
paracetamol 500mg,paracetamol-500mg,paracetamol,500mg,,,5,6,cruz-verde,Paracetamol 500 mg 16 Comprimidos,Paracetamol 500 mg. 16 comp.,paracetamol|500mg|16,paracetamol|500mg|16|bio:unknown|brand:unknown|form:solid-oral,paracetamol|500mg|16,,,solid-oral,16,,,500mg,,,paracetamol,unknown,,,exact,exact,CFM-000019,840,true,https://comparafarma-api.vercel.app/api/go?slug=cruz-verde&matchKey=paracetamol%7C500mg%7C16&url=https%3A%2F%2Fwww.cruzverde.cl%2Fparacetamol-500-mg-16-comprimidos%2F272241.html&cfmId=CFM-000019,3
paracetamol 500mg,paracetamol-500mg,paracetamol,500mg,,,6,7,dr-simi,Tapsin InstaFLU día paracetamol 500 mg pseudoefedrina 60 mg 1 sobre polvo para solución oral 5 g,Tapsin InstaFLU día paracetamol 500 mg pseudoefedrina 60 mg 1 sobre polvo para solución oral 5 g,tapsin|500mg|d,tapsin|500mg|d|bio:false|brand:maver|var:instaflu|form:fluid-oral,tapsin|500mg|d,,instaflu,fluid-oral,1,,,500mg,Tapsin,Maver,paracetamol,name,MAVER,false,exact,exact,CFM-000037,810,true,https://comparafarma-api.vercel.app/api/go?slug=dr-simi&matchKey=tapsin%7C500mg%7Cd&url=https%3A%2F%2Fwww.drsimi.cl%2Ftapsin-instaflu-polvo-dia-ch6155%2Fp&cfmId=CFM-000037,1
paracetamol 500mg,paracetamol-500mg,paracetamol,500mg,,,7,8,dr-simi,Tapsin paracetamol 500 mg 24 comprimidos,Tapsin paracetamol 500 mg 24 comprimidos,tapsin|500mg|24,tapsin|500mg|24|bio:true|brand:maver|form:solid-oral,tapsin|500mg|24,,,solid-oral,24,,,500mg,Tapsin,Maver,paracetamol,name,MAVER,true,exact,exact,CFM-000003,900,true,https://comparafarma-api.vercel.app/api/go?slug=dr-simi&matchKey=tapsin%7C500mg%7C24&url=https%3A%2F%2Fwww.drsimi.cl%2Ftapsin-paracetamol-500-mg-24-comprimidos-ch5296%2Fp&cfmId=CFM-000003,1
paracetamol 500mg,paracetamol-500mg,paracetamol,500mg,,,8,9,ahumada,Paracetamol 500 mg SINFLU x 20 Comprimidos,Paracetamol 500 mg SINFLU x 20 Comprimidos,paracetamol|500mg|20,paracetamol|500mg|20|bio:true|brand:unknown|form:solid-oral,paracetamol|500mg|20,,,solid-oral,20,,,500mg,,,paracetamol,unknown,,true,exact,exact,CFM-000018,990,true,https://comparafarma-api.vercel.app/api/go?slug=ahumada&matchKey=paracetamol%7C500mg%7C20&url=https%3A%2F%2Fwww.farmaciasahumada.cl%2Fparacetamol-500-mg-sinflu-x-20-comprimidos-96710.html&cfmId=CFM-000018,1
paracetamol 500mg,paracetamol-500mg,paracetamol,500mg,,,9,10,araucomed,Tapsin SC puro 500 mg x 24 comprimidos.,Tapsin SC puro 500 mg x 24 comprimidos.,tapsin|500mg|24,tapsin|500mg|24|bio:unknown|brand:maver|var:sc|form:solid-oral,tapsin|500mg|24,,sc,solid-oral,24,,,500mg,,Maver,,unknown,Maver,,compatible,exact,CFM-000003,990,true,https://comparafarma-api.vercel.app/api/go?slug=araucomed&matchKey=tapsin%7C500mg%7C24&url=https%3A%2F%2Ffarmacia.araucomed.com%2Fanalgesicos-y-antinflamatorios%2Ftapsin-sc-puro-500mg-x24com&cfmId=CFM-000003,1
paracetamol 500mg,paracetamol-500mg,paracetamol,500mg,,,10,11,araucomed,Panadol Advance 500mg x12com,Panadol Advance 500mg x12com,panadol|500mg|12,panadol|500mg|12|bio:unknown|brand:gsk|var:advance|form:solid-oral,panadol|500mg|12,,advance,solid-oral,12,,,500mg,,Gsk,,unknown,GSK,,compatible,exact,CFM-000027,990,true,https://comparafarma-api.vercel.app/api/go?slug=araucomed&matchKey=panadol%7C500mg%7C12&url=https%3A%2F%2Ffarmacia.araucomed.com%2Fanalgesicos-y-antinflamatorios%2Fpanadol-advance-500mg-x12com&cfmId=CFM-000027,1
paracetamol 500mg,paracetamol-500mg,paracetamol,500mg,,,11,12,farmex,Kitadol 500 mg x 24 comprimidos,Kitadol 500 mg x 24 comprimidos,kitadol|500mg|24,kitadol|500mg|24|bio:unknown|brand:chile|form:solid-oral,kitadol|500mg|24,,,solid-oral,24,,,500mg,,Laboratorio Chile,,unknown,LABORATORIO CHILE,,compatible,exact,CFM-000013,990,true,https://comparafarma-api.vercel.app/api/go?slug=farmex&matchKey=kitadol%7C500mg%7C24&url=https%3A%2F%2Ffarmex.cl%2Fproducts%2Fkitadol-comprimidos-bioequivalente-paracetamol%3F_pos%3D6%26_psq%3Dparacetamol%26_psid%3D5ba8308a0%26_ss%3De&cfmId=CFM-000013,1
paracetamol 500mg,paracetamol-500mg,paracetamol,500mg,,,12,13,sermecoop,Geniol (paracetamol) 500mg 20 Comprimidos,Geniol (paracetamol) 500mg 20 Comprimidos,geniol|500mg|20,geniol|500mg|20|bio:true|brand:unknown|form:solid-oral,geniol|500mg|20,,,solid-oral,20,,,500mg,Geniol,,paracetamol,name,,true,exact,exact,CFM-000008,990,true,https://comparafarma-api.vercel.app/api/go?slug=sermecoop&matchKey=geniol%7C500mg%7C20&url=https%3A%2F%2Fwww.farmaciasermecoop.cl%2Findex.php%2Fonline%2Fdetalleproducto%3Fp_%3D7542%26d_%3D1&cfmId=CFM-000008,1
paracetamol 500mg,paracetamol-500mg,paracetamol,500mg,,,13,14,salcobrand,Kitadol (B) Paracetamol 500mg 24 Comprimidos,Kitadol (B) Paracetamol 500mg 24 Comprimidos,kitadol|500mg|24,kitadol|500mg|24|bio:unknown|brand:kitadol|form:solid-oral,kitadol|500mg|24,,,solid-oral,24,,,500mg,Kitadol,,paracetamol,structured,Kitadol,,exact,exact,CFM-000013,1004,true,https://comparafarma-api.vercel.app/api/go?slug=salcobrand&matchKey=kitadol%7C500mg%7C24&url=https%3A%2F%2Fsalcobrand.cl%2Fproducts%2Fkitadol-b-paracetamol-500mg-24-comprimidos%3Fdefault_sku%3D430924&cfmId=CFM-000013,1
paracetamol 500mg,paracetamol-500mg,paracetamol,500mg,,,14,15,farmex,Tapsin Puro Paracetamol 500 mg x 16 comprimidos,Tapsin Puro Paracetamol 500 mg x 16 comprimidos,tapsin|500mg|16,tapsin|500mg|16|bio:unknown|brand:maver|var:puro|form:solid-oral,tapsin|500mg|16,,puro,solid-oral,16,,,500mg,Tapsin,Maver,paracetamol,name,MAVER,,exact,exact,CFM-000010,1090,true,https://comparafarma-api.vercel.app/api/go?slug=farmex&matchKey=tapsin%7C500mg%7C16&url=https%3A%2F%2Ffarmex.cl%2Fproducts%2Ftapsin-puro-paracetamol-500-mg-x-16-comprimidos%3F_pos%3D9%26_psq%3Dparacetamol%26_psid%3D5ba8308a0%26_ss%3De&cfmId=CFM-000010,1
paracetamol 500mg,paracetamol-500mg,paracetamol,500mg,,,15,16,ahumada,Kitadol 500 mg x 24 Comprimidos,Kitadol 500 mg x 24 Comprimidos,kitadol|500mg|24,kitadol|500mg|24|bio:true|brand:unknown|form:solid-oral,kitadol|500mg|24,,,solid-oral,24,,,500mg,,,,unknown,,true,compatible,exact,CFM-000013,1190,true,https://comparafarma-api.vercel.app/api/go?slug=ahumada&matchKey=kitadol%7C500mg%7C24&url=https%3A%2F%2Fwww.farmaciasahumada.cl%2Fkitadol-500-mg-x-24-comprimidos-15414.html&cfmId=CFM-000013,1
paracetamol 500mg,paracetamol-500mg,paracetamol,500mg,,,16,17,ecofarmacias,Tapsin Puro Sin Cafeina Paracetamol 500 mg x 16 Comprimidos,Tapsin Puro Sin Cafeina Paracetamol 500 mg x 16 Comprimidos,tapsin|500mg|16,tapsin|500mg|16|bio:true|brand:unknown|var:puro|form:solid-oral,tapsin|500mg|16,,puro,solid-oral,16,,,500mg,Tapsin,,paracetamol,name,,true,exact,exact,CFM-000010,1290,false,https://comparafarma-api.vercel.app/api/go?slug=ecofarmacias&matchKey=tapsin%7C500mg%7C16&url=https%3A%2F%2Fwww.ecofarmacias.cl%2Fproducto%2Ftapsin-puro-sin-cafeina-paracetamol-500-mg-x-16-comprimidos%2F&cfmId=CFM-000010,1
paracetamol 500mg,paracetamol-500mg,paracetamol,500mg,,,17,18,ahumada,Panadol Advance 500mg x 12 Comprimidos,Panadol Advance 500mg x 12 Comprimidos,panadol|500mg|12,panadol|500mg|12|bio:unknown|brand:unknown|var:advance|form:solid-oral,panadol|500mg|12,,advance,solid-oral,12,,,500mg,,,,unknown,,,compatible,exact,CFM-000027,2232,true,https://comparafarma-api.vercel.app/api/go?slug=ahumada&matchKey=panadol%7C500mg%7C12&url=https%3A%2F%2Fwww.farmaciasahumada.cl%2Fpanadol-advance-500mg-x-12-comprimidos-89765.html&cfmId=CFM-000027,1
paracetamol 500mg,paracetamol-500mg,paracetamol,500mg,,,18,19,araucomed,Paracetamol 500 mg x 80 comprimidos. (Chile),Paracetamol 500 mg x 80 comprimidos. (Chile),paracetamol|500mg|80,paracetamol|500mg|80|bio:unknown|brand:chile|form:solid-oral,paracetamol|500mg|80,,,solid-oral,80,,,500mg,,Laboratorio Chile,paracetamol,unknown,Laboratorio Chile,,exact,exact,CFM-000036,2290,true,https://comparafarma-api.vercel.app/api/go?slug=araucomed&matchKey=paracetamol%7C500mg%7C80&url=https%3A%2F%2Ffarmacia.araucomed.com%2Fanalgesicos-y-antinflamatorios%2Fparacetamol-500-mg-x-80-comprimidos-chile&cfmId=CFM-000036,1
paracetamol 500mg,paracetamol-500mg,paracetamol,500mg,,,19,20,salcobrand,Panadol Advance (R) Paracetamol 500mg 12 Comprimidos Recubiertos,Panadol Advance (R) Paracetamol 500mg 12 Comprimidos Recubiertos,panadol|500mg|12,panadol|500mg|12|bio:unknown|brand:panadoladvance|var:advance|form:solid-oral,panadol|500mg|12,,advance,solid-oral,12,,,500mg,Panadol Advance,,paracetamol,structured,Panadol Advance,,exact,exact,CFM-000027,2727,true,https://comparafarma-api.vercel.app/api/go?slug=salcobrand&matchKey=panadol%7C500mg%7C12&url=https%3A%2F%2Fsalcobrand.cl%2Fproducts%2Fpanadol-advance-r-paracetamol-500mg-12-comprimidos-recubiertos%3Fdefault_sku%3D579404&cfmId=CFM-000027,1
paracetamol 500mg,paracetamol-500mg,paracetamol,500mg,,,20,21,salcobrand,Tapsn (B) Paracetamol 500mg 24 Comprimidos,Tapsn (B) Paracetamol 500mg 24 Comprimidos,tapsn|500mg|24,tapsn|500mg|24|bio:unknown|brand:tapsin|form:solid-oral,tapsn|500mg|24,,,solid-oral,24,,,500mg,Tapsin,,paracetamol,structured,Tapsin,,exact,exact,CFM-000047,2815,true,https://comparafarma-api.vercel.app/api/go?slug=salcobrand&matchKey=tapsn%7C500mg%7C24&url=https%3A%2F%2Fsalcobrand.cl%2Fproducts%2Ftapsn-b-paracetamol-500mg-24-comprimidos%3Fdefault_sku%3D1990715&cfmId=CFM-000047,1
paracetamol 500mg,paracetamol-500mg,paracetamol,500mg,,,21,22,ahumada,Bufferin 500Mg X 12 Comprimidos,Bufferin 500Mg X 12 Comprimidos,bufferin|500mg|12,bufferin|500mg|12|bio:true|brand:unknown|form:solid-oral,bufferin|500mg|12,,,solid-oral,12,,,500mg,,,,unknown,,true,compatible,exact,CFM-001473,3074,true,https://comparafarma-api.vercel.app/api/go?slug=ahumada&matchKey=bufferin%7C500mg%7C12&url=https%3A%2F%2Fwww.farmaciasahumada.cl%2Fbufferin-500mg-x-12-comprimidos-92081.html&cfmId=CFM-001473,1
paracetamol 500mg,paracetamol-500mg,paracetamol,500mg,,,22,23,ahumada,Panadol Advance 500mg x 48 Comprimidos,Panadol Advance 500mg x 48 Comprimidos,panadol|500mg|48,panadol|500mg|48|bio:unknown|brand:unknown|var:advance|form:solid-oral,panadol|500mg|48,,advance,solid-oral,48,,,500mg,,,,unknown,,,compatible,exact,CFM-000066,6229,true,https://comparafarma-api.vercel.app/api/go?slug=ahumada&matchKey=panadol%7C500mg%7C48&url=https%3A%2F%2Fwww.farmaciasahumada.cl%2Fpanadol-advance-500mg-x-48-comprimidos-89766.html&cfmId=CFM-000066,1
paracetamol 500mg,paracetamol-500mg,paracetamol,500mg,,,23,24,salcobrand,Panadol Advance (R) Paracetamol 500mg 48 Comprimidos Recubiertos,Panadol Advance (R) Paracetamol 500mg 48 Comprimidos Recubiertos,panadol|500mg|48,panadol|500mg|48|bio:unknown|brand:panadoladvance|var:advance|form:solid-oral,panadol|500mg|48,,advance,solid-oral,48,,,500mg,Panadol Advance,,paracetamol,structured,Panadol Advance,,exact,exact,CFM-000066,7743,true,https://comparafarma-api.vercel.app/api/go?slug=salcobrand&matchKey=panadol%7C500mg%7C48&url=https%3A%2F%2Fsalcobrand.cl%2Fproducts%2Fpanadol-advance-r-paracetamol-500mg-48-comprimidos-recubiertos%3Fdefault_sku%3D579405&cfmId=CFM-000066,1
paracetamol 500mg,paracetamol-500mg,paracetamol,500mg,,,24,25,ecofarmacias,Paracetamol Infantil x 6 supositorios LCh DESCUENTO,Paracetamol inf. suposit. x 6,paracetamol|6,paracetamol|6|bio:unknown|brand:unknown|var:infantil|form:suppository,paracetamol|6,,infantil,suppository,6,,,,,,paracetamol,unknown,,,exact,unknown,CFM-000017,780,false,https://comparafarma-api.vercel.app/api/go?slug=ecofarmacias&matchKey=paracetamol%7C6&url=https%3A%2F%2Fwww.ecofarmacias.cl%2Fproducto%2Fparacetamol-infantil-x-6-supositorios-lch-descuento%2F&cfmId=CFM-000017,2
paracetamol 500mg,paracetamol-500mg,paracetamol,500mg,,,24,25,easyfarma,Paracetamol inf. suposit. x 6,Paracetamol inf. suposit. x 6,paracetamol|6,paracetamol|6|bio:unknown|brand:unknown|var:infantil|form:suppository,paracetamol|6,,infantil,suppository,6,,,,,,paracetamol,unknown,,,exact,unknown,CFM-000017,1190,true,https://comparafarma-api.vercel.app/api/go?slug=easyfarma&matchKey=paracetamol%7C6&url=https%3A%2F%2Fnuevo.easyfarma.cl%2F24714-paracetamol-inf-suposit-x-6.html&cfmId=CFM-000017,2
paracetamol 500mg,paracetamol-500mg,paracetamol,500mg,,,25,26,salcobrand,Paracetamol (B) 16 Comprimidos,Paracetamol (B) 16 Comprimidos,paracetamol|16,paracetamol|16|bio:unknown|brand:unknown|form:solid-oral,paracetamol|16,,,solid-oral,16,,,,,,paracetamol,unknown,Paracetamol,,exact,unknown,CFM-000029,1231,true,https://comparafarma-api.vercel.app/api/go?slug=salcobrand&matchKey=paracetamol%7C16&url=https%3A%2F%2Fsalcobrand.cl%2Fproducts%2Fparacetamol-b-16-comprimidos%3Fdefault_sku%3D432432&cfmId=CFM-000029,1
paracetamol 500mg,paracetamol-500mg,paracetamol,500mg,,,26,27,easyfarma,Paracetamol Infantil Gotas...,Paracetamol Infantil Gotas...,paracetamol,paracetamol|bio:unknown|brand:unknown|var:infantil|form:fluid-oral,paracetamol,,infantil,fluid-oral,,,,,,,paracetamol,unknown,,,exact,unknown,CFM-000591,1390,true,https://comparafarma-api.vercel.app/api/go?slug=easyfarma&matchKey=paracetamol&url=https%3A%2F%2Fnuevo.easyfarma.cl%2F26770-paracetamol-infantil-gotas.html&cfmId=CFM-000591,1
paracetamol 500mg,paracetamol-500mg,paracetamol,500mg,,,27,28,easyfarma,Paracetamol Infantil 100...,Paracetamol Infantil 100...,paracetamol,paracetamol|bio:unknown|brand:unknown|var:infantil,paracetamol,,infantil,,,,,,,,paracetamol,unknown,,,exact,unknown,CFM-000591,1490,true,https://comparafarma-api.vercel.app/api/go?slug=easyfarma&matchKey=paracetamol&url=https%3A%2F%2Fnuevo.easyfarma.cl%2F103813-paracetamol-infantil-100-mg-ml-15-ml-lab-chile.html&cfmId=CFM-000591,1
paracetamol 500mg,paracetamol-500mg,paracetamol,500mg,,,28,29,araucomed,Tramadol Paracetamol 37.5/325 x30com Ascend (Cenabast),Tramadol Paracetamol 37.5/325 x30com Ascend (Cenabast),tramadol|30,tramadol|30|bio:unknown|brand:ascend|form:solid-oral,tramadol|30,,,solid-oral,30,,,,Tramadol,Ascend,paracetamol,name,Ascend,,exact,unknown,CFM-000002,1990,true,https://comparafarma-api.vercel.app/api/go?slug=araucomed&matchKey=tramadol%7C30&url=https%3A%2F%2Ffarmacia.araucomed.com%2Fanalgesicos-y-antinflamatorios%2Ftramadol-paracetamol-375-325-x30com-ascend-cenabast&cfmId=CFM-000002,1
paracetamol 500mg,paracetamol-500mg,paracetamol,500mg,,,29,30,easyfarma,Anacin Max 8 Comp,Anacin Max 8 Comp,anacin|8,anacin|8|bio:unknown|brand:unknown|var:max|form:solid-oral,anacin|8,,max,solid-oral,8,,,,,,,unknown,,,compatible,unknown,CFM-001057,1990,true,https://comparafarma-api.vercel.app/api/go?slug=easyfarma&matchKey=anacin%7C8&url=https%3A%2F%2Fnuevo.easyfarma.cl%2F104495-anacin-max-8-comp.html&cfmId=CFM-001057,1
paracetamol 500mg,paracetamol-500mg,paracetamol,500mg,,,30,31,araucomed,Tramadol Paracetamol 37.5/325 x 30 comprimidos. (Seven Pharma),Tramadol Paracetamol 37.5/325 x 30 comprimidos. (Seven Pharma),tramadol|30,tramadol|30|bio:unknown|brand:sevenpharma|form:solid-oral,tramadol|30,,,solid-oral,30,,,,Tramadol,Seven Pharma,paracetamol,name,Seven Pharma,,exact,unknown,CFM-000002,2200,true,https://comparafarma-api.vercel.app/api/go?slug=araucomed&matchKey=tramadol%7C30&url=https%3A%2F%2Ffarmacia.araucomed.com%2Fanalgesicos-y-antinflamatorios%2Ftramadol-paracetamol-375-325-x-30-comprimidos-seven-pharma&cfmId=CFM-000002,1
paracetamol 500mg,paracetamol-500mg,paracetamol,500mg,,,31,32,salcobrand,Tapsin Duo (B) Paracetamol / Ibuprofeno 12 Comprimidos Recubiertos,Tapsin Duo (B) Paracetamol / Ibuprofeno 12 Comprimidos Recubiertos,tapsin|12,tapsin|12|bio:unknown|brand:tapsin|combo:ibuprofeno|form:solid-oral,tapsin|12,ibuprofeno,,solid-oral,12,,,,Tapsin,,,structured,Tapsin,,exact,unknown,CFM-000109,2612,true,https://comparafarma-api.vercel.app/api/go?slug=salcobrand&matchKey=tapsin%7C12&url=https%3A%2F%2Fsalcobrand.cl%2Fproducts%2Ftapsin-duo-b-paracetamol-ibuprofeno-12-comprimidos-recubiertos%3Fdefault_sku%3D586353&cfmId=CFM-000109,1
paracetamol 500mg,paracetamol-500mg,paracetamol,500mg,,,32,33,salcobrand,Tapsí­n M (B) Paracetamol 10 Comprimidos Recubiertos,Tapsí­n M (B) Paracetamol 10 Comprimidos Recubiertos,tapsi|10,tapsi|10|bio:unknown|brand:tapsinm|var:n|form:solid-oral,tapsi|10,,n,solid-oral,10,,,,Tapsin M,,paracetamol,structured,Tapsin M,,exact,unknown,CFM-000053,2651,true,https://comparafarma-api.vercel.app/api/go?slug=salcobrand&matchKey=tapsi%7C10&url=https%3A%2F%2Fsalcobrand.cl%2Fproducts%2Ftapsi-n-m-b-paracetamol-10-comprimidos-recubiertos%3Fdefault_sku%3D1990016&cfmId=CFM-000053,1
paracetamol 500mg,paracetamol-500mg,paracetamol,500mg,,,33,34,araucomed,Alividol 1 gramo x 20 comprimidos.,Alividol 1 gramo x 20 comprimidos.,alividol|20,alividol|20|bio:unknown|brand:opko|form:solid-oral,alividol|20,,,solid-oral,20,,,,,Opko,,unknown,Opko,,compatible,unknown,CFM-001456,2690,true,https://comparafarma-api.vercel.app/api/go?slug=araucomed&matchKey=alividol%7C20&url=https%3A%2F%2Ffarmacia.araucomed.com%2Fanalgesicos-y-antinflamatorios%2Falividol-1g-x20com&cfmId=CFM-001456,1
paracetamol 500mg,paracetamol-500mg,paracetamol,500mg,,,34,35,salcobrand,Kitadol Parcetamol Infantil 16 Comprimidos Masticables,Kitadol Parcetamol Infantil 16 Comprimidos Masticables,kitadol|16,kitadol|16|bio:unknown|brand:kitadolinfantil|var:parcetamol|form:solid-oral,kitadol|16,,parcetamol,solid-oral,16,,,,Kitadol Infantil,,,structured,Kitadol Infantil,,compatible,unknown,CFM-000032,2799,true,https://comparafarma-api.vercel.app/api/go?slug=salcobrand&matchKey=kitadol%7C16&url=https%3A%2F%2Fsalcobrand.cl%2Fproducts%2Fkitadol-parcetamol-infantil-16-comprimidos-masticables%3Fdefault_sku%3D438063&cfmId=CFM-000032,1
paracetamol 500mg,paracetamol-500mg,paracetamol,500mg,,,35,36,araucomed,Tramadol Paracetamol 37.5/325 x 30 comprimidos. (Laboratorio Chile),Tramadol Paracetamol 37.5/325 x 30 comprimidos. (Laboratorio Chile),tramadol|30,tramadol|30|bio:unknown|brand:chile|form:solid-oral,tramadol|30,,,solid-oral,30,,,,Tramadol,Laboratorio Chile,paracetamol,name,Laboratorio Chile,,exact,unknown,CFM-000002,2990,true,https://comparafarma-api.vercel.app/api/go?slug=araucomed&matchKey=tramadol%7C30&url=https%3A%2F%2Ffarmacia.araucomed.com%2Fanalgesicos-y-antinflamatorios%2Ftramadol-paracetamol-375-325-x-30-comprimidos-laboratorio-chile&cfmId=CFM-000002,1
paracetamol 500mg,paracetamol-500mg,paracetamol,500mg,,,36,37,easyfarma,Cortigrip Dia y Noche 15...,Cortigrip Dia y Noche 15...,cortigrip|n,cortigrip|n|bio:unknown|brand:unknown,cortigrip|n,,,,,,,,,,,unknown,,,compatible,unknown,CFM-001055,3490,true,https://comparafarma-api.vercel.app/api/go?slug=easyfarma&matchKey=cortigrip%7Cn&url=https%3A%2F%2Fnuevo.easyfarma.cl%2F25895-cortigrip-dia-noche-x-15.html&cfmId=CFM-001055,1
paracetamol 500mg,paracetamol-500mg,paracetamol,500mg,,,37,38,salcobrand,Kitadol Duo Ibuprofeno / Paracetamol 10 Comprimidos Recubiertos,Kitadol Duo Ibuprofeno / Paracetamol 10 Comprimidos Recubiertos,kitadol|10,kitadol|10|bio:unknown|brand:kitadolduo|combo:paracetamol|form:solid-oral,kitadol|10,paracetamol,,solid-oral,10,,,,Kitadol Duo,,,structured,Kitadol Duo,,exact,unknown,CFM-000040,3674,true,https://comparafarma-api.vercel.app/api/go?slug=salcobrand&matchKey=kitadol%7C10&url=https%3A%2F%2Fsalcobrand.cl%2Fproducts%2Fkitadol-duo-ibuprofeno-paracetamol-10-comprimidos-recubiertos%3Fdefault_sku%3D579036&cfmId=CFM-000040,1
paracetamol 500mg,paracetamol-500mg,paracetamol,500mg,,,38,39,salcobrand,Tapsin Forte (B) Paracetamol  20 Comprimidos Recubiertos,Tapsin Forte (B) Paracetamol  20 Comprimidos Recubiertos,tapsin|20,tapsin|20|bio:unknown|brand:tapsinforte|var:forte|form:solid-oral,tapsin|20,,forte,solid-oral,20,,,,Tapsin Forte,,paracetamol,structured,Tapsin Forte,,exact,unknown,CFM-000408,3783,true,https://comparafarma-api.vercel.app/api/go?slug=salcobrand&matchKey=tapsin%7C20&url=https%3A%2F%2Fsalcobrand.cl%2Fproducts%2Ftapsin-forte-b-paracetamol-20-comprimidos-recubiertos%3Fdefault_sku%3D1990787&cfmId=CFM-000408,1
paracetamol 500mg,paracetamol-500mg,paracetamol,500mg,,,39,40,easyfarma,Paracetamol/Tramadol...,Paracetamol/Tramadol...,paracetamol,paracetamol|bio:unknown|brand:unknown|combo:tramadol,paracetamol,tramadol,,,,,,,,,,unknown,,,exact,unknown,CFM-000591,4990,true,https://comparafarma-api.vercel.app/api/go?slug=easyfarma&matchKey=paracetamol&url=https%3A%2F%2Fnuevo.easyfarma.cl%2F104846-paracetamol-tramadol-325-375-mg-x-30-comp.html&cfmId=CFM-000591,1
paracetamol 500mg,paracetamol-500mg,paracetamol,500mg,,,40,41,araucomed,Xumadol 1 gramo x 20 comprimidos.,Xumadol 1 gramo x 20 comprimidos.,xumadol|20,xumadol|20|bio:unknown|brand:itflabomed|form:solid-oral,xumadol|20,,,solid-oral,20,,,,,ITF-Labomed,,unknown,ITF-Labomed,,compatible,unknown,CFM-000070,5690,true,https://comparafarma-api.vercel.app/api/go?slug=araucomed&matchKey=xumadol%7C20&url=https%3A%2F%2Ffarmacia.araucomed.com%2Fanalgesicos-y-antinflamatorios%2Fxumadol-1gr-x20com&cfmId=CFM-000070,1
paracetamol 500mg,paracetamol-500mg,paracetamol,500mg,,,41,42,araucomed,Xumadol Polvo Efervescente 1 gramo x 20 sobres.,Xumadol Polvo Efervescente 1 gramo x 20 sobres.,xumadol|20,xumadol|20|bio:unknown|brand:itflabomed|form:fluid-oral,xumadol|20,,,fluid-oral,20,,,,,ITF-Labomed,,unknown,ITF-Labomed,,compatible,unknown,CFM-000070,7990,true,https://comparafarma-api.vercel.app/api/go?slug=araucomed&matchKey=xumadol%7C20&url=https%3A%2F%2Ffarmacia.araucomed.com%2Fanalgesicos-y-antinflamatorios%2Fxumadol-polvo-eferv-1gr-x20sob&cfmId=CFM-000070,1
paracetamol 500mg,paracetamol-500mg,paracetamol,500mg,,,42,43,araucomed,Cronotan Efervescente x 20 comprimidos.,Cronotan Efervescente x 20 comprimidos.,cronotan|20,cronotan|20|bio:unknown|brand:itflabomed|form:solid-oral,cronotan|20,,,solid-oral,20,,,,,ITF-Labomed,,unknown,ITF-Labomed,,compatible,unknown,CFM-000358,9990,true,https://comparafarma-api.vercel.app/api/go?slug=araucomed&matchKey=cronotan%7C20&url=https%3A%2F%2Ffarmacia.araucomed.com%2Fanalgesicos-y-antinflamatorios%2Fcronotan-efervescente-x-20-comprimidos&cfmId=CFM-000358,1
paracetamol 500mg,paracetamol-500mg,paracetamol,500mg,,,43,44,easyfarma,Brevex 20 comprimidos,Brevex 20 comprimidos,brevex|20,brevex|20|bio:unknown|brand:unknown|form:solid-oral,brevex|20,,,solid-oral,20,,,,,,,unknown,,,compatible,unknown,CFM-001056,10990,true,https://comparafarma-api.vercel.app/api/go?slug=easyfarma&matchKey=brevex%7C20&url=https%3A%2F%2Fnuevo.easyfarma.cl%2F25025-brevex-x-20.html&cfmId=CFM-001056,1
paracetamol 500mg,paracetamol-500mg,paracetamol,500mg,,,44,45,salcobrand,Supracalm (B) Paracetamol 20 Comprimidos,Supracalm (B) Paracetamol 20 Comprimidos,supracalm|20,supracalm|20|bio:unknown|brand:supracalm|form:solid-oral,supracalm|20,,,solid-oral,20,,,,Supracalm,,paracetamol,structured,Supracalm,,exact,unknown,CFM-000092,12583,true,https://comparafarma-api.vercel.app/api/go?slug=salcobrand&matchKey=supracalm%7C20&url=https%3A%2F%2Fsalcobrand.cl%2Fproducts%2Fsupracalm-b-paracetamol-20-comprimidos%3Fdefault_sku%3D3110454&cfmId=CFM-000092,1
paracetamol 500mg,paracetamol-500mg,paracetamol,500mg,,,45,46,easyfarma,Cronus x 30 comprimidos,Cronus x 30 comprimidos,cronus|30,cronus|30|bio:unknown|brand:unknown|form:solid-oral,cronus|30,,,solid-oral,30,,,,,,,unknown,,,compatible,unknown,CFM-001054,16990,true,https://comparafarma-api.vercel.app/api/go?slug=easyfarma&matchKey=cronus%7C30&url=https%3A%2F%2Fnuevo.easyfarma.cl%2F104166-cronus-x-30-comprimidos.html&cfmId=CFM-001054,1
paracetamol 500mg,paracetamol-500mg,paracetamol,500mg,,,46,47,cruz-verde,Paracetamol Infantil  80 mg 100 Comprimidos,Paracetamol Infantil  80 mg 100 Comprimidos,paracetamol|80mg|100,paracetamol|80mg|100|bio:unknown|brand:unknown|var:infantil|form:solid-oral,paracetamol|80mg|100,,infantil,solid-oral,100,,,80mg,,,paracetamol,unknown,,,exact,other,CFM-000001,590,true,https://comparafarma-api.vercel.app/api/go?slug=cruz-verde&matchKey=paracetamol%7C80mg%7C100&url=https%3A%2F%2Fwww.cruzverde.cl%2Fparacetamol-infantil-80-mg-100-comprimidos%2F225007.html&cfmId=CFM-000001,1
paracetamol 500mg,paracetamol-500mg,paracetamol,500mg,,,47,48,salcobrand,Tapsín Limonada Noche (B) Paracetamol 5g,Tapsín Limonada Noche (B) Paracetamol 5g,tapsin|5000mg|n,tapsin|5000mg|n|bio:unknown|brand:tapsin|var:limonada,tapsin|5000mg|n,,limonada,,,,,5g,Tapsin,,paracetamol,structured,Tapsin,,exact,other,CFM-000005,791,true,https://comparafarma-api.vercel.app/api/go?slug=salcobrand&matchKey=tapsin%7C5000mg%7Cn&url=https%3A%2F%2Fsalcobrand.cl%2Fproducts%2Ftapsin-limonada-noche-b-paracetamol-5g%3Fdefault_sku%3D1999956&cfmId=CFM-000005,1
paracetamol 500mg,paracetamol-500mg,paracetamol,500mg,,,48,49,salcobrand,Tapsin Limonada (B) Paracetamol Día 5g,Tapsin Limonada (B) Paracetamol Día 5g,tapsin|5000mg|d,tapsin|5000mg|d|bio:unknown|brand:tapsin|var:limonada,tapsin|5000mg|d,,limonada,,,,,5g,Tapsin,,paracetamol,structured,Tapsin,,exact,other,CFM-000009,791,true,https://comparafarma-api.vercel.app/api/go?slug=salcobrand&matchKey=tapsin%7C5000mg%7Cd&url=https%3A%2F%2Fsalcobrand.cl%2Fproducts%2Ftapsin-limonada-b-paracetamol-dia-5g%3Fdefault_sku%3D1991100&cfmId=CFM-000009,1
paracetamol 500mg,paracetamol-500mg,paracetamol,500mg,,,49,50,ahumada,Paracetamol Infantil 125 mg x 6 Supositorios,Paracetamol Infantil 125 mg x 6 Supositorios,paracetamol|125mg|6,paracetamol|125mg|6|bio:unknown|brand:unknown|var:infantil|form:suppository,paracetamol|125mg|6,,infantil,suppository,6,,,125mg,,,paracetamol,unknown,,,exact,other,CFM-000011,979,true,https://comparafarma-api.vercel.app/api/go?slug=ahumada&matchKey=paracetamol%7C125mg%7C6&url=https%3A%2F%2Fwww.farmaciasahumada.cl%2Fparacetamol-infantil-125-mg-x-6-supositorios-2796.html&cfmId=CFM-000011,1
paracetamol 500mg,paracetamol-500mg,paracetamol,500mg,,,50,51,araucomed,Paracetamol Infantil 125mg x 6 supositorios. (Chile),Paracetamol Infantil 125mg x 6 supositorios. (Chile),paracetamol|125mg|6,paracetamol|125mg|6|bio:unknown|brand:chile|var:infantil|form:suppository,paracetamol|125mg|6,,infantil,suppository,6,,,125mg,,Laboratorio Chile,paracetamol,unknown,Laboratorio Chile,,exact,other,CFM-000011,990,true,https://comparafarma-api.vercel.app/api/go?slug=araucomed&matchKey=paracetamol%7C125mg%7C6&url=https%3A%2F%2Ffarmacia.araucomed.com%2Fanalgesicos-y-antinflamatorios%2Fparacetamol-pediatrico-125mg-x6sup-chile&cfmId=CFM-000011,1
paracetamol 500mg,paracetamol-500mg,paracetamol,500mg,,,51,52,araucomed,Paracetamol Gotas 100 mg/ml x15ml (Chile),Paracetamol Gotas 100 mg/ml x15ml (Chile),paracetamol|15ml|15,paracetamol|15ml|15|bio:unknown|brand:chile|form:fluid-oral,paracetamol|15ml|15,,,fluid-oral,,100mg/1ml,ratio,100mg/1ml,,Laboratorio Chile,paracetamol,unknown,Laboratorio Chile,,exact,other,CFM-000024,990,true,https://comparafarma-api.vercel.app/api/go?slug=araucomed&matchKey=paracetamol%7C15ml%7C15&url=https%3A%2F%2Ffarmacia.araucomed.com%2Fanalgesicos-y-antinflamatorios%2Fparacetamol-100-mg-ml-x15ml-chile&cfmId=CFM-000024,1
paracetamol 500mg,paracetamol-500mg,paracetamol,500mg,,,52,53,araucomed,Paracetamol 100 mg/ml x15ml (Valma),Paracetamol 100 mg/ml x15ml (Valma),paracetamol|15ml|15,paracetamol|15ml|15|bio:unknown|brand:valma,paracetamol|15ml|15,,,,,100mg/1ml,ratio,100mg/1ml,,Valma,paracetamol,unknown,Valma,,exact,other,CFM-000024,990,true,https://comparafarma-api.vercel.app/api/go?slug=araucomed&matchKey=paracetamol%7C15ml%7C15&url=https%3A%2F%2Ffarmacia.araucomed.com%2Fanalgesicos-y-antinflamatorios%2Fparacetamol-100-mg-ml-x15ml-valma&cfmId=CFM-000024,1
paracetamol 500mg,paracetamol-500mg,paracetamol,500mg,,,53,54,ahumada,Paracetamol 100 mg/mL x 15 mL Solución Oral Para Gotas,Paracetamol gotas 100mg/ml x 15 mL (Cenabast),paracetamol|15ml|15,paracetamol|15ml|15|bio:unknown|brand:unknown|form:fluid-oral,paracetamol|15ml|15,,,fluid-oral,,100mg/1ml,ratio,100mg/1ml,,,paracetamol,unknown,,,exact,other,CFM-000024,1049,true,https://comparafarma-api.vercel.app/api/go?slug=ahumada&matchKey=paracetamol%7C15ml%7C15&url=https%3A%2F%2Fwww.farmaciasahumada.cl%2Fparacetamol-100-mg-ml-x-15-ml-solucion-oral-para-gotas-2783.html&cfmId=CFM-000024,2
paracetamol 500mg,paracetamol-500mg,paracetamol,500mg,,,53,54,ecofarmacias,Paracetamol gotas 100mg/ml x 15 mL (Cenabast),Paracetamol gotas 100mg/ml x 15 mL (Cenabast),paracetamol|15ml|15,paracetamol|15ml|15|bio:unknown|brand:unknown|form:fluid-oral,paracetamol|15ml|15,,,fluid-oral,,100mg/1ml,ratio,100mg/1ml,,,paracetamol,unknown,,,exact,other,CFM-000024,1190,true,https://comparafarma-api.vercel.app/api/go?slug=ecofarmacias&matchKey=paracetamol%7C15ml%7C15&url=https%3A%2F%2Fwww.ecofarmacias.cl%2Fproducto%2Fparacetamol-gotas-100mg-ml-x-15-ml-cenabast%2F&cfmId=CFM-000024,2
paracetamol 500mg,paracetamol-500mg,paracetamol,500mg,,,54,55,dr-simi,Paracetamol 125 mg 6 supositorios infantiles,Paracetamol 125 mg 6 supositorios infantiles,paracetamol|125mg,paracetamol|125mg|bio:false|brand:teva|form:suppository,paracetamol|125mg,,,suppository,6,,,125mg,,Teva,paracetamol,unknown,TEVA,false,exact,other,CFM-000023,1050,true,https://comparafarma-api.vercel.app/api/go?slug=dr-simi&matchKey=paracetamol%7C125mg&url=https%3A%2F%2Fwww.drsimi.cl%2Fparacetamol-125-mg-6-supositorios-infantil%2Fp&cfmId=CFM-000023,1
paracetamol 500mg,paracetamol-500mg,paracetamol,500mg,,,55,56,dr-simi,Paracetamol 100 mg/mL solución para gotas orales infantil 15 mL,Paracetamol 100 mg/mL solución para gotas orales infantil 15 mL,paracetamol|15ml,paracetamol|15ml|bio:false|brand:teva|form:fluid-oral,paracetamol|15ml,,,fluid-oral,,100mg/1ml,ratio,100mg/1ml,,Teva,paracetamol,unknown,TEVA,false,exact,other,CFM-000039,1050,true,https://comparafarma-api.vercel.app/api/go?slug=dr-simi&matchKey=paracetamol%7C15ml&url=https%3A%2F%2Fwww.drsimi.cl%2Fparacetamol-100-mg-ml-gotas-15-ml%2Fp&cfmId=CFM-000039,1
paracetamol 500mg,paracetamol-500mg,paracetamol,500mg,,,56,57,araucomed,Paracetamol Infantil 80 mg x 16 comprmidos masticables. (Chile),Paracetamol Infantil 80 mg x 16 comprmidos masticables. (Chile),paracetamol|80mg|16,paracetamol|80mg|16|bio:unknown|brand:chile|var:infantil,paracetamol|80mg|16,,infantil,,16,,,80mg,,Laboratorio Chile,paracetamol,unknown,Laboratorio Chile,,exact,other,CFM-000020,1200,true,https://comparafarma-api.vercel.app/api/go?slug=araucomed&matchKey=paracetamol%7C80mg%7C16&url=https%3A%2F%2Ffarmacia.araucomed.com%2Fanalgesicos-y-antinflamatorios%2Fparacetamol-infantil-80mg-x16com-chile&cfmId=CFM-000020,1
paracetamol 500mg,paracetamol-500mg,paracetamol,500mg,,,57,58,ecofarmacias,Paracetamol Infantil 80 mg x 20 Comprimidos Masticables,Paracetamol Infantil 80 mg 20 Comprimidos,paracetamol|80mg|20,paracetamol|80mg|20|bio:unknown|brand:unknown|var:infantil|form:solid-oral,paracetamol|80mg|20,,infantil,solid-oral,20,,,80mg,,,paracetamol,unknown,,,exact,other,CFM-000031,1290,false,https://comparafarma-api.vercel.app/api/go?slug=ecofarmacias&matchKey=paracetamol%7C80mg%7C20&url=https%3A%2F%2Fwww.ecofarmacias.cl%2Fproducto%2Fparacetamol-infantil-80-mg-x-20-comprimidos-masticables%2F&cfmId=CFM-000031,2
paracetamol 500mg,paracetamol-500mg,paracetamol,500mg,,,57,58,cruz-verde,Paracetamol Infantil 80 mg 20 Comprimidos,Paracetamol Infantil 80 mg 20 Comprimidos,paracetamol|80mg|20,paracetamol|80mg|20|bio:unknown|brand:unknown|var:infantil|form:solid-oral,paracetamol|80mg|20,,infantil,solid-oral,20,,,80mg,,,paracetamol,unknown,,,exact,other,CFM-000031,2860,true,https://comparafarma-api.vercel.app/api/go?slug=cruz-verde&matchKey=paracetamol%7C80mg%7C20&url=https%3A%2F%2Fwww.cruzverde.cl%2Fparacetamol-infantil-80-mg-20-comprimidos%2F2247.html&cfmId=CFM-000031,2
paracetamol 500mg,paracetamol-500mg,paracetamol,500mg,,,58,59,ahumada,Paracetamol 80 mg x 20 Comprimidos Masticables,Paracetamol 80 mg x 20 Comprimidos Masticables,paracetamol|80mg|20,paracetamol|80mg|20|bio:unknown|brand:unknown|form:solid-oral,paracetamol|80mg|20,,,solid-oral,20,,,80mg,,,paracetamol,unknown,,,exact,other,CFM-000031,1349,true,https://comparafarma-api.vercel.app/api/go?slug=ahumada&matchKey=paracetamol%7C80mg%7C20&url=https%3A%2F%2Fwww.farmaciasahumada.cl%2Fparacetamol-80-mg-x-20-comprimidos-masticables-90388.html&cfmId=CFM-000031,1
paracetamol 500mg,paracetamol-500mg,paracetamol,500mg,,,59,60,dr-simi,Paracetamol 80 mg 20 comprimidos masticables infantil,Paracetamol 80 mg 20 comprimidos masticables infantil,paracetamol|80mg|20,paracetamol|80mg|20|bio:false|brand:milab|form:solid-oral,paracetamol|80mg|20,,,solid-oral,20,,,80mg,,Milab,paracetamol,unknown,MILAB,false,exact,other,CFM-000031,1350,true,https://comparafarma-api.vercel.app/api/go?slug=dr-simi&matchKey=paracetamol%7C80mg%7C20&url=https%3A%2F%2Fwww.drsimi.cl%2Fparacetamol-80mg-20comp-mast-inf-ch6065-1%2Fp&cfmId=CFM-000031,1
paracetamol 500mg,paracetamol-500mg,paracetamol,500mg,,,60,61,easyfarma,Paracetamol Gotas 100 mg/mL...,Paracetamol Gotas 100 mg/mL...,paracetamol|100mg,paracetamol|100mg|bio:unknown|brand:unknown|form:fluid-oral,paracetamol|100mg,,,fluid-oral,,100mg/1ml,ratio,100mg/1ml,,,paracetamol,unknown,,,exact,other,CFM-001053,1490,true,https://comparafarma-api.vercel.app/api/go?slug=easyfarma&matchKey=paracetamol%7C100mg&url=https%3A%2F%2Fnuevo.easyfarma.cl%2F104817-paracetamol-gotas-100-mg-ml-15-ml.html&cfmId=CFM-001053,1
paracetamol 500mg,paracetamol-500mg,paracetamol,500mg,,,61,62,dr-simi,Paracetamol 80 mg 16 comprimidos masticables,Paracetamol 80 mg 16 comprimidos masticables,paracetamol|80mg|16,paracetamol|80mg|16|bio:false|brand:teva|form:solid-oral,paracetamol|80mg|16,,,solid-oral,16,,,80mg,,Teva,paracetamol,unknown,TEVA,false,exact,other,CFM-000020,1740,true,https://comparafarma-api.vercel.app/api/go?slug=dr-simi&matchKey=paracetamol%7C80mg%7C16&url=https%3A%2F%2Fwww.drsimi.cl%2Fparacetamol-80-mg-16-comprimidos-masticables%2Fp&cfmId=CFM-000020,1
paracetamol 500mg,paracetamol-500mg,paracetamol,500mg,,,62,63,dr-simi,Dolsom paracetamol 100 mg/mL solución oral para gotas 30 mL,Dolsom paracetamol 100 mg/mL solución oral para gotas 30 mL,dolsom|30ml,dolsom|30ml|bio:false|brand:prater|form:fluid-oral,dolsom|30ml,,,fluid-oral,,100mg/1ml,ratio,100mg/1ml,Dolsom,Prater,paracetamol,name,PRATER,false,exact,other,CFM-000038,1800,true,https://comparafarma-api.vercel.app/api/go?slug=dr-simi&matchKey=dolsom%7C30ml&url=https%3A%2F%2Fwww.drsimi.cl%2Fdolsom-paracetamol-100-mg-ml-solucion-gotas-orales-30-ml%2Fp&cfmId=CFM-000038,1
paracetamol 500mg,paracetamol-500mg,paracetamol,500mg,,,63,64,dr-simi,Tapsin infantil paracetamol 160 mg 16 comprimidos masticables infantil,Tapsin infantil paracetamol 160 mg 16 comprimidos masticables infantil,tapsin|160mg|16,tapsin|160mg|16|bio:false|brand:maver|var:infantil|form:solid-oral,tapsin|160mg|16,,infantil,solid-oral,16,,,160mg,Tapsin,Maver,paracetamol,name,MAVER,false,exact,other,CFM-000004,1950,true,https://comparafarma-api.vercel.app/api/go?slug=dr-simi&matchKey=tapsin%7C160mg%7C16&url=https%3A%2F%2Fwww.drsimi.cl%2Ftapsin-panadol-paracetamol-160-mg-16-comprimidos-masticables%2Fp&cfmId=CFM-000004,1
paracetamol 500mg,paracetamol-500mg,paracetamol,500mg,,,64,65,araucomed,Dropol Paracetamol infantil gotas 100 mg/ml x 15 ml (Pasteur),Dropol Paracetamol infantil gotas 100 mg/ml x 15 ml (Pasteur),dropol|15ml|15,dropol|15ml|15|bio:unknown|brand:pasteur|var:infantil|form:fluid-oral,dropol|15ml|15,,infantil,fluid-oral,,100mg/1ml,ratio,100mg/1ml,Dropol,Pasteur,paracetamol,name,Pasteur,,exact,other,CFM-000587,1990,true,https://comparafarma-api.vercel.app/api/go?slug=araucomed&matchKey=dropol%7C15ml%7C15&url=https%3A%2F%2Ffarmacia.araucomed.com%2Fanalgesicos-y-antinflamatorios%2Fdropol-paracetamol-infantil-gotas-100-mg-ml-x-15-ml-pasteur&cfmId=CFM-000587,1
paracetamol 500mg,paracetamol-500mg,paracetamol,500mg,,,65,66,cruz-verde,Paracetamol 125 mg 6 Supositorios,Paracetamol 125 mg 6 Supositorios,paracetamol|125mg,paracetamol|125mg|bio:unknown|brand:unknown|form:suppository,paracetamol|125mg,,,suppository,6,,,125mg,,,paracetamol,unknown,,,exact,other,CFM-000023,2040,true,https://comparafarma-api.vercel.app/api/go?slug=cruz-verde&matchKey=paracetamol%7C125mg&url=https%3A%2F%2Fwww.cruzverde.cl%2Fparacetamol-125-mg-6-supositorios%2F199334.html&cfmId=CFM-000023,1
paracetamol 500mg,paracetamol-500mg,paracetamol,500mg,,,66,67,ahumada,Kitadol 160 mg x 16 Comprimidos Masticables,Kitadol 160 mg x 16 Comprimidos Masticables,kitadol|160mg|16,kitadol|160mg|16|bio:unknown|brand:unknown|form:solid-oral,kitadol|160mg|16,,,solid-oral,16,,,160mg,,,,unknown,,,compatible,other,CFM-000016,2347,true,https://comparafarma-api.vercel.app/api/go?slug=ahumada&matchKey=kitadol%7C160mg%7C16&url=https%3A%2F%2Fwww.farmaciasahumada.cl%2Fkitadol-160-mg-x-16-comprimidos-masticables-61992.html&cfmId=CFM-000016,1
paracetamol 500mg,paracetamol-500mg,paracetamol,500mg,,,67,68,dr-simi,Panadol para niños paracetamol 80 mg 20 comprimidos masticables,Panadol para niños paracetamol 80 mg 20 comprimidos masticables,panadol|80mg|20,panadol|80mg|20|bio:false|brand:haleon|var:infantil|form:solid-oral,panadol|80mg|20,,infantil,solid-oral,20,,,80mg,Panadol,Haleon,paracetamol,name,HALEON,false,exact,other,CFM-000059,2400,true,https://comparafarma-api.vercel.app/api/go?slug=dr-simi&matchKey=panadol%7C80mg%7C20&url=https%3A%2F%2Fwww.drsimi.cl%2Fpanadol-paracetamol-80-mg-20-comprimidos-masticables%2Fp&cfmId=CFM-000059,1
paracetamol 500mg,paracetamol-500mg,paracetamol,500mg,,,68,69,ecofarmacias,Kitadol Paracetamol Infantil gotas 100mg 15ml DESCUENTO,Kitadol Paracetamol Infantil gotas 100mg 15ml DESCUENTO,kitadol|15ml,kitadol|15ml|bio:unknown|brand:unknown|var:infantil|form:fluid-oral,kitadol|15ml,,infantil,fluid-oral,,100mg,absolute,100mg,Kitadol,,paracetamol,name,,,exact,other,CFM-000043,2400,false,https://comparafarma-api.vercel.app/api/go?slug=ecofarmacias&matchKey=kitadol%7C15ml&url=https%3A%2F%2Fwww.ecofarmacias.cl%2Fproducto%2Fkitadol-paracetamol-infantil-gotas-100mg-15ml-descuento%2F&cfmId=CFM-000043,1
paracetamol 500mg,paracetamol-500mg,paracetamol,500mg,,,69,70,cruz-verde,Paracetamol 100 mg Gotas 15 mL,Paracetamol Gotas 15ml,paracetamol|15ml,paracetamol|15ml|bio:unknown|brand:unknown|form:fluid-oral,paracetamol|15ml,,,fluid-oral,,100mg,absolute,100mg,,,paracetamol,unknown,Paracetamol,,exact,other,CFM-000039,2690,true,https://comparafarma-api.vercel.app/api/go?slug=cruz-verde&matchKey=paracetamol%7C15ml&url=https%3A%2F%2Fwww.cruzverde.cl%2Fparacetamol-100-mg-gotas-15-ml%2F199085.html&cfmId=CFM-000039,2
paracetamol 500mg,paracetamol-500mg,paracetamol,500mg,,,69,70,salcobrand,Paracetamol Gotas 15ml,Paracetamol Gotas 15ml,paracetamol|15ml,paracetamol|15ml|bio:unknown|brand:unknown|form:fluid-oral,paracetamol|15ml,,,fluid-oral,,,,15ml,,,paracetamol,unknown,Paracetamol,,exact,other,CFM-000039,3783,true,https://comparafarma-api.vercel.app/api/go?slug=salcobrand&matchKey=paracetamol%7C15ml&url=https%3A%2F%2Fsalcobrand.cl%2Fproducts%2Fparacetamol-gotas-15ml%3Fdefault_sku%3D434052&cfmId=CFM-000039,2
paracetamol 500mg,paracetamol-500mg,paracetamol,500mg,,,70,71,farmex,Alividol 1000 mg x 20 comprimidos,Alividol 1000 mg x 20 comprimidos,alividol|1000mg|20,alividol|1000mg|20|bio:unknown|brand:opko|form:solid-oral,alividol|1000mg|20,,,solid-oral,20,,,1000mg,,Opko,,unknown,OPKO,,compatible,other,CFM-000727,2690,true,https://comparafarma-api.vercel.app/api/go?slug=farmex&matchKey=alividol%7C1000mg%7C20&url=https%3A%2F%2Ffarmex.cl%2Fproducts%2Falividol-1000-mg-x-20-comprimidos%3F_pos%3D4%26_psq%3Dparacetamol%26_psid%3D5ba8308a0%26_ss%3De&cfmId=CFM-000727,1
paracetamol 500mg,paracetamol-500mg,paracetamol,500mg,,,71,72,dr-simi,Tapsin Duo paracetamol 300 mg ibuprofeno 200 mg 12 comprimidos recubiertos,Tapsin Duo paracetamol 300 mg ibuprofeno 200 mg 12 comprimidos recubiertos,tapsin|300mg|12,tapsin|300mg|12|bio:false|brand:maver|var:duo|form:solid-oral,tapsin|300mg|12,,duo,solid-oral,12,,,300mg,Tapsin,Maver,paracetamol,name,MAVER,false,exact,other,CFM-000041,2700,true,https://comparafarma-api.vercel.app/api/go?slug=dr-simi&matchKey=tapsin%7C300mg%7C12&url=https%3A%2F%2Fwww.drsimi.cl%2Ftapsin-duo-paracetamol-ibuprofeno-300-mg-200-mg-12-comprimidos-recubiertos-ch6158%2Fp&cfmId=CFM-000041,1
paracetamol 500mg,paracetamol-500mg,paracetamol,500mg,,,72,73,dr-simi,Algiafin paracetamol 120 mg/5 mL jarabe 60 mL,Algiafin paracetamol 120 mg/5 mL jarabe 60 mL,algiafin|60ml,algiafin|60ml|bio:false|brand:interpharma|form:fluid-oral,algiafin|60ml,,,fluid-oral,,120mg/5ml,ratio,120mg/5ml,Algiafin,Interpharma,paracetamol,name,INTERPHARMA,false,exact,other,CFM-000033,2760,true,https://comparafarma-api.vercel.app/api/go?slug=dr-simi&matchKey=algiafin%7C60ml&url=https%3A%2F%2Fwww.drsimi.cl%2Falgiafin-paracetamol-120-mg-5ml-jarabe-60-ml%2Fp&cfmId=CFM-000033,1
paracetamol 500mg,paracetamol-500mg,paracetamol,500mg,,,73,74,araucomed,Paracetamol Solución para Perfusión 1000mg/100ml x 1 Ampolla (B Braun),Paracetamol Solución para Perfusión 1000mg/100ml x 1 Ampolla (B Braun),paracetamol|100ml,paracetamol|100ml|bio:unknown|brand:bbraun|var:perfusion|form:injectable,paracetamol|100ml,,perfusion,injectable,1,1000mg/100ml,ratio,1000mg/100ml,,B.Braun,paracetamol,unknown,B.Braun,,exact,other,CFM-000045,2990,true,https://comparafarma-api.vercel.app/api/go?slug=araucomed&matchKey=paracetamol%7C100ml&url=https%3A%2F%2Ffarmacia.araucomed.com%2Fanalgesicos-y-antinflamatorios%2Fparacetamol-solucion-para-perfusion-1000mg-100ml-x-1-ampolla-b-braun&cfmId=CFM-000045,1
paracetamol 500mg,paracetamol-500mg,paracetamol,500mg,,,74,75,ahumada,Panadol 80 mg x 20 Comprimidos Masticables,Panadol 80 mg x 20 Comprimidos Masticables,panadol|80mg|20,panadol|80mg|20|bio:unknown|brand:unknown|form:solid-oral,panadol|80mg|20,,,solid-oral,20,,,80mg,,,,unknown,,,compatible,other,CFM-000059,3163,true,https://comparafarma-api.vercel.app/api/go?slug=ahumada&matchKey=panadol%7C80mg%7C20&url=https%3A%2F%2Fwww.farmaciasahumada.cl%2Fpanadol-80-mg-x-20-comprimidos-masticables-88058.html&cfmId=CFM-000059,1
paracetamol 500mg,paracetamol-500mg,paracetamol,500mg,,,75,76,ahumada,Panadol Niños 100mg/Ml Gotas 15ml,Panadol Niños 100mg/Ml Gotas 15ml,panadol|15ml,panadol|15ml|bio:unknown|brand:unknown|var:infantil|form:fluid-oral,panadol|15ml,,infantil,fluid-oral,,100mg/1ml,ratio,100mg/1ml,,,,unknown,,,compatible,other,CFM-000035,3380,true,https://comparafarma-api.vercel.app/api/go?slug=ahumada&matchKey=panadol%7C15ml&url=https%3A%2F%2Fwww.farmaciasahumada.cl%2Fpanadol-ninos-100mg-ml-gotas-15ml-90333.html&cfmId=CFM-000035,1
paracetamol 500mg,paracetamol-500mg,paracetamol,500mg,,,76,77,ecofarmacias,Tapsin Paracetamol 100 mg/ml Gotas x 15 mL,Tapsin Paracetamol 100 mg/ml Gotas x 15 mL,tapsin|15ml|15,tapsin|15ml|15|bio:unknown|brand:unknown|form:fluid-oral,tapsin|15ml|15,,,fluid-oral,,100mg/1ml,ratio,100mg/1ml,Tapsin,,paracetamol,name,,,exact,other,CFM-000050,3480,true,https://comparafarma-api.vercel.app/api/go?slug=ecofarmacias&matchKey=tapsin%7C15ml%7C15&url=https%3A%2F%2Fwww.ecofarmacias.cl%2Fproducto%2Ftapsin-paracetamol-100-mg-ml-gotas-x-15-ml%2F&cfmId=CFM-000050,1
paracetamol 500mg,paracetamol-500mg,paracetamol,500mg,,,77,78,ahumada,Kitadol 100 mg/mL x 15 mL Solución Oral Para Gotas,Kitadol 100 mg/mL x 15 mL Solución Oral Para Gotas,kitadol|15ml|15,kitadol|15ml|15|bio:unknown|brand:unknown|form:fluid-oral,kitadol|15ml|15,,,fluid-oral,,100mg/1ml,ratio,100mg/1ml,,,,unknown,,,compatible,other,CFM-000055,3487,true,https://comparafarma-api.vercel.app/api/go?slug=ahumada&matchKey=kitadol%7C15ml%7C15&url=https%3A%2F%2Fwww.farmaciasahumada.cl%2Fkitadol-100-mg-ml-x-15-ml-solucion-oral-para-gotas-15375.html&cfmId=CFM-000055,1
paracetamol 500mg,paracetamol-500mg,paracetamol,500mg,,,78,79,easyfarma,Algiafin Jarabe x 60 ml,Algiafin Jarabe x 60 ml,algiafin|60ml|60,algiafin|60ml|60|bio:unknown|brand:unknown|form:fluid-oral,algiafin|60ml|60,,,fluid-oral,,,,60ml,,,,unknown,,,compatible,other,CFM-001059,3490,true,https://comparafarma-api.vercel.app/api/go?slug=easyfarma&matchKey=algiafin%7C60ml%7C60&url=https%3A%2F%2Fnuevo.easyfarma.cl%2F25683-algiafin-jarabe-x-60ml.html&cfmId=CFM-001059,1
paracetamol 500mg,paracetamol-500mg,paracetamol,500mg,,,79,80,salcobrand,Gesidol Infantil (B) Paracetamol Gotas 15ml,Gesidol Infantil (B) Paracetamol Gotas 15ml,gesidol|15ml,gesidol|15ml|bio:unknown|brand:gesidol|var:infantil|form:fluid-oral,gesidol|15ml,,infantil,fluid-oral,,,,15ml,Gesidol,,paracetamol,structured,Gesidol,,exact,other,CFM-000028,3519,true,https://comparafarma-api.vercel.app/api/go?slug=salcobrand&matchKey=gesidol%7C15ml&url=https%3A%2F%2Fsalcobrand.cl%2Fproducts%2Fgesidol-infantil-b-paracetamol-gotas-15ml%3Fdefault_sku%3D2350155&cfmId=CFM-000028,1
paracetamol 500mg,paracetamol-500mg,paracetamol,500mg,,,80,81,cruz-verde,Bromhexina 4 mg/5mL Jarabe 100 mL,Bromhexina 4 mg/5mL Jarabe 100 mL,bromhexina|100ml,bromhexina|100ml|bio:unknown|brand:unknown|form:fluid-oral,bromhexina|100ml,,,fluid-oral,,4mg/5ml,ratio,4mg/5ml,,,,unknown,,,compatible,other,CFM-000057,3990,true,https://comparafarma-api.vercel.app/api/go?slug=cruz-verde&matchKey=bromhexina%7C100ml&url=https%3A%2F%2Fwww.cruzverde.cl%2Fbromhexina-4-mg-5ml-jarabe-100-ml%2F2161.html&cfmId=CFM-000057,1
paracetamol 500mg,paracetamol-500mg,paracetamol,500mg,,,81,82,easyfarma,Alividol 1000 mg 20...,Alividol 1000 mg 20...,alividol|1000mg,alividol|1000mg|bio:unknown|brand:unknown,alividol|1000mg,,,,,,,1000mg,,,,unknown,,,compatible,other,CFM-001058,3990,true,https://comparafarma-api.vercel.app/api/go?slug=easyfarma&matchKey=alividol%7C1000mg&url=https%3A%2F%2Fnuevo.easyfarma.cl%2F103867-alividol-1000-mg-20-comprimidos.html&cfmId=CFM-001058,1
paracetamol 500mg,paracetamol-500mg,paracetamol,500mg,,,82,83,salcobrand,Kitadol Parcetamol Infantil Gotas 15ml,Kitadol Parcetamol Infantil Gotas 15ml,kitadol|15ml,kitadol|15ml|bio:unknown|brand:kitadolinfantil|var:parcetamol|form:fluid-oral,kitadol|15ml,,parcetamol,fluid-oral,,,,15ml,Kitadol Infantil,,,structured,Kitadol Infantil,,compatible,other,CFM-000043,4017,true,https://comparafarma-api.vercel.app/api/go?slug=salcobrand&matchKey=kitadol%7C15ml&url=https%3A%2F%2Fsalcobrand.cl%2Fproducts%2Fkitadol-parcetamol-infantil-gotas-15ml%3Fdefault_sku%3D430991&cfmId=CFM-000043,1
paracetamol 500mg,paracetamol-500mg,paracetamol,500mg,,,83,84,salcobrand,Panadol Niños Paracetamol Gotas 15ml,Panadol Niños Paracetamol Gotas 15ml,panadol|15ml,panadol|15ml|bio:unknown|brand:panadol|var:infantil|form:fluid-oral,panadol|15ml,,infantil,fluid-oral,,,,15ml,Panadol,,paracetamol,structured,Panadol,,exact,other,CFM-000035,4135,true,https://comparafarma-api.vercel.app/api/go?slug=salcobrand&matchKey=panadol%7C15ml&url=https%3A%2F%2Fsalcobrand.cl%2Fproducts%2Fpanadol-ninos-paracetamol-gotas-15ml%3Fdefault_sku%3D581365&cfmId=CFM-000035,1
paracetamol 500mg,paracetamol-500mg,paracetamol,500mg,,,84,85,salcobrand,Tapsin Infantil Gotas (B) Paracetamol 15ml,Tapsin Infantil Gotas (B) Paracetamol 15ml,tapsin|15ml,tapsin|15ml|bio:unknown|brand:tapsin|var:infantil|form:fluid-oral,tapsin|15ml,,infantil,fluid-oral,,,,15ml,Tapsin,,paracetamol,structured,Tapsin,,exact,other,CFM-000051,4223,true,https://comparafarma-api.vercel.app/api/go?slug=salcobrand&matchKey=tapsin%7C15ml&url=https%3A%2F%2Fsalcobrand.cl%2Fproducts%2Ftapsin-infantil-gotas-b-paracetamol-15ml%3Fdefault_sku%3D1996968&cfmId=CFM-000051,1
paracetamol 500mg,paracetamol-500mg,paracetamol,500mg,,,85,86,ahumada,Gesidol Infantil 120 mg/5 mL x 100 mL Jarabe,Gesidol Infantil 120 mg/5 mL x 100 mL Jarabe,gesidol|100ml|100,gesidol|100ml|100|bio:unknown|brand:unknown|var:infantil|form:fluid-oral,gesidol|100ml|100,,infantil,fluid-oral,,120mg/5ml,ratio,120mg/5ml,,,,unknown,,,compatible,other,CFM-000594,4469,true,https://comparafarma-api.vercel.app/api/go?slug=ahumada&matchKey=gesidol%7C100ml%7C100&url=https%3A%2F%2Fwww.farmaciasahumada.cl%2Fgesidol-infantil-120-mg-5-ml-x-100-ml-jarabe-88022.html&cfmId=CFM-000594,1
paracetamol 500mg,paracetamol-500mg,paracetamol,500mg,,,86,87,dr-simi,Dropol paracetamol 1 g 20 comprimidos,Dropol paracetamol 1 g 20 comprimidos,dropol|1000mg|20,dropol|1000mg|20|bio:true|brand:pasteur|form:solid-oral,dropol|1000mg|20,,,solid-oral,20,,,1g,Dropol,Pasteur,paracetamol,name,PASTEUR,true,exact,other,CFM-000088,4470,true,https://comparafarma-api.vercel.app/api/go?slug=dr-simi&matchKey=dropol%7C1000mg%7C20&url=https%3A%2F%2Fwww.drsimi.cl%2Fparacetamol-1-g-20-comprimidos-recubiertos-1-g--be0268-1%2Fp&cfmId=CFM-000088,1
paracetamol 500mg,paracetamol-500mg,paracetamol,500mg,,,87,88,dr-simi,Kitadol paracetamol 120 mg/5 mL jarabe infantil 100 mL,Kitadol paracetamol 120 mg/5 mL jarabe infantil 100 mL,kitadol|100ml,kitadol|100ml|bio:false|brand:teva|form:fluid-oral,kitadol|100ml,,,fluid-oral,,120mg/5ml,ratio,120mg/5ml,Kitadol,Teva,paracetamol,name,TEVA,false,exact,other,CFM-000078,4470,true,https://comparafarma-api.vercel.app/api/go?slug=dr-simi&matchKey=kitadol%7C100ml&url=https%3A%2F%2Fwww.drsimi.cl%2Fkitadol-paracetamol-120-mg-5-ml-infantil-jarabe-100-ml%2Fp&cfmId=CFM-000078,1
paracetamol 500mg,paracetamol-500mg,paracetamol,500mg,,,88,89,ecofarmacias,Gesidol infantil paracetamol 120mg/5mL jarabe 100ml DESCUENTO,Gesidol infantil paracetamol 120mg/5mL jarabe 100ml DESCUENTO,gesidol|100ml,gesidol|100ml|bio:unknown|brand:unknown|var:infantil|form:fluid-oral,gesidol|100ml,,infantil,fluid-oral,,120mg/5ml,ratio,120mg/5ml,Gesidol,,paracetamol,name,,,exact,other,CFM-000062,4690,false,https://comparafarma-api.vercel.app/api/go?slug=ecofarmacias&matchKey=gesidol%7C100ml&url=https%3A%2F%2Fwww.ecofarmacias.cl%2Fproducto%2Fgesidol-infantil-paracetamol-120mg-5ml-jarabe-100ml-descuento%2F&cfmId=CFM-000062,1
paracetamol 500mg,paracetamol-500mg,paracetamol,500mg,,,89,90,ecofarmacias,Paracetamol Tramadol 325/37.5mg x 30 Comprimidos Recubiertos,Paracetamol Tramadol 325/37.5mg x 30 Comprimidos Recubiertos,paracetamol|37.5mg|30,paracetamol|37.5mg|30|bio:true|brand:unknown|combo:tramadol|form:solid-oral,paracetamol|37.5mg|30,tramadol,,solid-oral,30,,,37.5mg,,,,unknown,,true,exact,other,CFM-000044,4850,false,https://comparafarma-api.vercel.app/api/go?slug=ecofarmacias&matchKey=paracetamol%7C37.5mg%7C30&url=https%3A%2F%2Fwww.ecofarmacias.cl%2Fproducto%2Fparacetamol-tramadol-325-37-5mg-x-30-comprimidos-recubiertos%2F&cfmId=CFM-000044,1
paracetamol 500mg,paracetamol-500mg,paracetamol,500mg,,,90,91,ecofarmacias,"Tramadol Clorhidrato/Paracetamol 37,5-325mg x 30 Comp. Recubiertos","Tramadol Clorhidrato/Paracetamol 37,5-325mg x 30 Comp. Recubiertos",tramadol|325mg|30,tramadol|325mg|30|bio:true|brand:unknown|combo:paracetamol|form:solid-oral,tramadol|325mg|30,paracetamol,,solid-oral,30,,,325mg,,,,unknown,,true,exact,other,CFM-000060,4850,true,https://comparafarma-api.vercel.app/api/go?slug=ecofarmacias&matchKey=tramadol%7C325mg%7C30&url=https%3A%2F%2Fwww.ecofarmacias.cl%2Fproducto%2Ftramadol-clorhidrato-paracetamol-375-325mg-x-30-comp-recubiertos%2F&cfmId=CFM-000060,1
paracetamol 500mg,paracetamol-500mg,paracetamol,500mg,,,91,92,dr-simi,Desdol paracetamol 300 mg clorzoxazona 250 mg 20 comprimidos recubiertos,Desdol paracetamol 300 mg clorzoxazona 250 mg 20 comprimidos recubiertos,desdol|300mg|20,desdol|300mg|20|bio:false|brand:eurofarma|form:solid-oral,desdol|300mg|20,,,solid-oral,20,,,300mg,Desdol,Eurofarma,paracetamol,name,EUROFARMA,false,exact,other,CFM-000058,4950,true,https://comparafarma-api.vercel.app/api/go?slug=dr-simi&matchKey=desdol%7C300mg%7C20&url=https%3A%2F%2Fwww.drsimi.cl%2Fdesdol-20-comprimidos-recubiertos%2Fp&cfmId=CFM-000058,1
paracetamol 500mg,paracetamol-500mg,paracetamol,500mg,,,92,93,ahumada,Tapsin 1g Efervescente X 20 Sobres,Tapsin 1g Efervescente X 20 Sobres,tapsin|1000mg|20,tapsin|1000mg|20|bio:unknown|brand:unknown|form:fluid-oral,tapsin|1000mg|20,,,fluid-oral,20,,,1g,,,,unknown,,,compatible,other,CFM-000006,4989,true,https://comparafarma-api.vercel.app/api/go?slug=ahumada&matchKey=tapsin%7C1000mg%7C20&url=https%3A%2F%2Fwww.farmaciasahumada.cl%2Ftapsin-1g-efervescente-x-20-sobres-89070.html&cfmId=CFM-000006,1
paracetamol 500mg,paracetamol-500mg,paracetamol,500mg,,,93,94,araucomed,Winasorb Jarabe 150mg/5ml x 60 ml.,Winasorb Jarabe 150mg/5ml x 60 ml.,winasorb|60ml|60,winasorb|60ml|60|bio:unknown|brand:unknown|form:fluid-oral,winasorb|60ml|60,,,fluid-oral,,150mg/5ml,ratio,150mg/5ml,,,,unknown,,,exact,other,CFM-000052,4990,true,https://comparafarma-api.vercel.app/api/go?slug=araucomed&matchKey=winasorb%7C60ml%7C60&url=https%3A%2F%2Ffarmacia.araucomed.com%2Fanalgesicos-y-antinflamatorios%2Fwinasorb-jarabe-150mg-5ml-x60ml&cfmId=CFM-000052,3
paracetamol 500mg,paracetamol-500mg,paracetamol,500mg,,,93,94,ecofarmacias,Winasorb Paracetamol 150 mg/5mL Jarabe x 60 mL,Winasorb Jarabe 150mg/5ml x 60 ml.,winasorb|60ml|60,winasorb|60ml|60|bio:unknown|brand:unknown|form:fluid-oral,winasorb|60ml|60,,,fluid-oral,,150mg/5ml,ratio,150mg/5ml,,,,unknown,,,exact,other,CFM-000052,5980,true,https://comparafarma-api.vercel.app/api/go?slug=ecofarmacias&matchKey=winasorb%7C60ml%7C60&url=https%3A%2F%2Fwww.ecofarmacias.cl%2Fproducto%2Fwinasorb-paracetamol-150-mg-5ml-jarabe-x-60-ml%2F&cfmId=CFM-000052,3
paracetamol 500mg,paracetamol-500mg,paracetamol,500mg,,,93,94,ahumada,Winasorb 150 mg/5 mL x 60 mL Jarabe,Winasorb Jarabe 150mg/5ml x 60 ml.,winasorb|60ml|60,winasorb|60ml|60|bio:unknown|brand:unknown|form:fluid-oral,winasorb|60ml|60,,,fluid-oral,,150mg/5ml,ratio,150mg/5ml,,,,unknown,,,exact,other,CFM-000052,6517,true,https://comparafarma-api.vercel.app/api/go?slug=ahumada&matchKey=winasorb%7C60ml%7C60&url=https%3A%2F%2Fwww.farmaciasahumada.cl%2Fwinasorb-150-mg-5-ml-x-60-ml-jarabe-74375.html&cfmId=CFM-000052,3
paracetamol 500mg,paracetamol-500mg,paracetamol,500mg,,,94,95,salcobrand,Xumadol Paracetamol 1g 20 Sobres Efervescentes,Xumadol Paracetamol 1g 20 Sobres Efervescentes,xumadol|1000mg|20,xumadol|1000mg|20|bio:unknown|brand:xumadol|form:fluid-oral,xumadol|1000mg|20,,,fluid-oral,20,,,1g,Xumadol,,paracetamol,structured,Xumadol,,exact,other,CFM-000075,5159,true,https://comparafarma-api.vercel.app/api/go?slug=salcobrand&matchKey=xumadol%7C1000mg%7C20&url=https%3A%2F%2Fsalcobrand.cl%2Fproducts%2Fxumadol-paracetamol-1-g-20-sobres-efervescentes%3Fdefault_sku%3D340011&cfmId=CFM-000075,1
paracetamol 500mg,paracetamol-500mg,paracetamol,500mg,,,95,96,dr-simi,"Tramadol 37,5 mg paracetamol 325 mg 30 comprimidos recubiertos","Tramadol 37,5 mg paracetamol 325 mg 30 comprimidos recubiertos",tramadol|37.5mg|30,tramadol|37.5mg|30|bio:true|brand:sevenpharma|form:solid-oral,tramadol|37.5mg|30,,,solid-oral,30,,,37.5mg,,Seven Pharma,,unknown,SEVEN PHARMA,true,exact,other,CFM-000063,5190,true,https://comparafarma-api.vercel.app/api/go?slug=dr-simi&matchKey=tramadol%7C37.5mg%7C30&url=https%3A%2F%2Fwww.drsimi.cl%2Ftramadol-paracetamol-be0119%2Fp&cfmId=CFM-000063,1
paracetamol 500mg,paracetamol-500mg,paracetamol,500mg,,,96,97,ecofarmacias,Paracetamol 1gr x 20 Comprimidos (Hospifarma),Paracetamol 1gr x 20 Comprimidos (Hospifarma),paracetamol|20,paracetamol|20|bio:unknown|brand:unknown|form:solid-oral,paracetamol|20,,,solid-oral,20,,,1g,,,paracetamol,unknown,,,exact,other,CFM-000056,5480,false,https://comparafarma-api.vercel.app/api/go?slug=ecofarmacias&matchKey=paracetamol%7C20&url=https%3A%2F%2Fwww.ecofarmacias.cl%2Fproducto%2Fparacetamol-1gr-x-20-comprimidos-hospifarma%2F&cfmId=CFM-000056,1
paracetamol 500mg,paracetamol-500mg,paracetamol,500mg,,,97,98,cruz-verde,Ambroxol 15 mg/5mL Jarabe 100 mL,Ambroxol 15 mg/5mL Jarabe 100 mL,ambroxol|100ml,ambroxol|100ml|bio:unknown|brand:unknown|form:fluid-oral,ambroxol|100ml,,,fluid-oral,,15mg/5ml,ratio,15mg/5ml,,,ambroxol,unknown,,,compatible,other,CFM-000068,5490,true,https://comparafarma-api.vercel.app/api/go?slug=cruz-verde&matchKey=ambroxol%7C100ml&url=https%3A%2F%2Fwww.cruzverde.cl%2Fambroxol-15-mg-5ml-jarabe-100-ml%2F2224.html&cfmId=CFM-000068,1
paracetamol 500mg,paracetamol-500mg,paracetamol,500mg,,,98,99,dr-simi,"Tral P paracetamol 325 mg tramadol 37,5 mg 30 comprimidos recubiertos","Tral P paracetamol 325 mg tramadol 37,5 mg 30 comprimidos recubiertos",tral|325mg|30,tral|325mg|30|bio:true|brand:pasteur|var:p|form:solid-oral,tral|325mg|30,,p,solid-oral,30,,,325mg,Tral,Pasteur,paracetamol,name,PASTEUR,true,exact,other,CFM-000076,5850,true,https://comparafarma-api.vercel.app/api/go?slug=dr-simi&matchKey=tral%7C325mg%7C30&url=https%3A%2F%2Fwww.drsimi.cl%2Ftramadol-paracetamol-37--5-325mg-30comp-ch5037-1%2Fp&cfmId=CFM-000076,1
paracetamol 500mg,paracetamol-500mg,paracetamol,500mg,,,99,100,salcobrand,Kitadol (B) Paracetamol 1g 18 Comprimidos,Kitadol (B) Paracetamol 1g 18 Comprimidos,kitadol|1000mg|18,kitadol|1000mg|18|bio:unknown|brand:kitadol|form:solid-oral,kitadol|1000mg|18,,,solid-oral,18,,,1g,Kitadol,,paracetamol,structured,Kitadol,,exact,other,CFM-000072,5885,true,https://comparafarma-api.vercel.app/api/go?slug=salcobrand&matchKey=kitadol%7C1000mg%7C18&url=https%3A%2F%2Fsalcobrand.cl%2Fproducts%2Fkitadol-b-paracetamol-1g-18-comprimidos%3Fdefault_sku%3D435361&cfmId=CFM-000072,1
paracetamol 500mg,paracetamol-500mg,paracetamol,500mg,,,100,101,dr-simi,Tapsin SC paracetamol 1 g 20 sobres polvo para solución oral efervescente,Tapsin SC paracetamol 1 g 20 sobres polvo para solución oral efervescente,tapsin|1000mg|20,tapsin|1000mg|20|bio:false|brand:maver|var:sc|form:fluid-oral,tapsin|1000mg|20,,sc,fluid-oral,20,,,1g,Tapsin,Maver,paracetamol,name,MAVER,false,exact,other,CFM-000006,5910,true,https://comparafarma-api.vercel.app/api/go?slug=dr-simi&matchKey=tapsin%7C1000mg%7C20&url=https%3A%2F%2Fwww.drsimi.cl%2Ftapsin-sc-paracetamol-1-gr-polvo-para-solucion-oral-efervescente%2Fp&cfmId=CFM-000006,1
paracetamol 500mg,paracetamol-500mg,paracetamol,500mg,,,101,102,dr-simi,Panadol paracetamol 160 mg/5 mL jarabe infantil 90 mL,Panadol paracetamol 160 mg/5 mL jarabe infantil 90 mL,panadol|90ml,panadol|90ml|bio:false|brand:gsk|form:fluid-oral,panadol|90ml,,,fluid-oral,,160mg/5ml,ratio,160mg/5ml,Panadol,Gsk,paracetamol,name,GSK,false,exact,other,CFM-000086,5940,true,https://comparafarma-api.vercel.app/api/go?slug=dr-simi&matchKey=panadol%7C90ml&url=https%3A%2F%2Fwww.drsimi.cl%2Fpanadol-para-ni%C3%B1os-jarabe-para-ni%C3%B1os-90-ml-no-contiene-azucar-ch6134%2Fp&cfmId=CFM-000086,1
paracetamol 500mg,paracetamol-500mg,paracetamol,500mg,,,102,103,ecofarmacias,Dropol Paracetamol 1gr x 20 Comprimidos,Dropol Paracetamol 1gr x 20 Comprimidos,dropol|20,dropol|20|bio:true|brand:unknown|form:solid-oral,dropol|20,,,solid-oral,20,,,1g,Dropol,,paracetamol,name,,true,exact,other,CFM-000071,5940,false,https://comparafarma-api.vercel.app/api/go?slug=ecofarmacias&matchKey=dropol%7C20&url=https%3A%2F%2Fwww.ecofarmacias.cl%2Fproducto%2Fdropol-paracetamol-1gr-x-20-comprimidos%2F&cfmId=CFM-000071,1
paracetamol 500mg,paracetamol-500mg,paracetamol,500mg,,,103,104,cruz-verde,Tramadol Clorhidrato 100 mg / mL Solución para Gotas Orales 20 mL,Tramadol Clorhidrato 100 mg / mL Solución para Gotas Orales 20 mL,tramadol|20ml,tramadol|20ml|bio:unknown|brand:unknown|form:fluid-oral,tramadol|20ml,,,fluid-oral,,100mg/1ml,ratio,100mg/1ml,,,,unknown,,,compatible,other,CFM-000065,5990,true,https://comparafarma-api.vercel.app/api/go?slug=cruz-verde&matchKey=tramadol%7C20ml&url=https%3A%2F%2Fwww.cruzverde.cl%2Ftramadol-clorhidrato-100-mg-ml-solucion-para-gotas-orales-20-ml%2F273063.html&cfmId=CFM-000065,1
paracetamol 500mg,paracetamol-500mg,paracetamol,500mg,,,104,105,cruz-verde,Geniol Paracetamol 1000 mg 20 Comprimidos,Geniol Paracetamol 1000 mg 20 Comprimidos,geniol|1000mg|20,geniol|1000mg|20|bio:unknown|brand:unknown|form:solid-oral,geniol|1000mg|20,,,solid-oral,20,,,1000mg,Geniol,,paracetamol,name,,,exact,other,CFM-000061,5990,true,https://comparafarma-api.vercel.app/api/go?slug=cruz-verde&matchKey=geniol%7C1000mg%7C20&url=https%3A%2F%2Fwww.cruzverde.cl%2Fgeniol-paracetamol-1000-mg-20-comprimidos%2F551063.html&cfmId=CFM-000061,1
paracetamol 500mg,paracetamol-500mg,paracetamol,500mg,,,105,106,farmex,Xumadol 1 g x 20 comprimidos,Xumadol 1 g x 20 comprimidos,xumadol|1000mg|20,xumadol|1000mg|20|bio:unknown|brand:itflabomet|form:solid-oral,xumadol|1000mg|20,,,solid-oral,20,,,1g,,Itf-Labomet,,unknown,ITF-LABOMET,,compatible,other,CFM-000075,5990,true,https://comparafarma-api.vercel.app/api/go?slug=farmex&matchKey=xumadol%7C1000mg%7C20&url=https%3A%2F%2Ffarmex.cl%2Fproducts%2Fxumadol-1-gr-x-20-comprimidos%3F_pos%3D1%26_psq%3Dparacetamol%26_psid%3D5ba8308a0%26_ss%3De&cfmId=CFM-000075,1
paracetamol 500mg,paracetamol-500mg,paracetamol,500mg,,,106,107,farmex,Kitadol 1 g x 18 comprimidos,Kitadol 1 g x 18 comprimidos,kitadol|1000mg|18,kitadol|1000mg|18|bio:unknown|brand:chile|form:solid-oral,kitadol|1000mg|18,,,solid-oral,18,,,1g,,Laboratorio Chile,,unknown,LABORATORIO CHILE,,compatible,other,CFM-000072,5990,true,https://comparafarma-api.vercel.app/api/go?slug=farmex&matchKey=kitadol%7C1000mg%7C18&url=https%3A%2F%2Ffarmex.cl%2Fproducts%2Fkitadol-1-g-x-18-comprimidos-be%3F_pos%3D10%26_psq%3Dparacetamol%26_psid%3D5ba8308a0%26_ss%3De&cfmId=CFM-000072,1
paracetamol 500mg,paracetamol-500mg,paracetamol,500mg,,,107,108,ahumada,Xumadol 1 g 20 Comprimidos,Xumadol 1 g 20 Comprimidos,xumadol|1000mg|20,xumadol|1000mg|20|bio:true|brand:unknown|form:solid-oral,xumadol|1000mg|20,,,solid-oral,20,,,1g,,,,unknown,,true,compatible,other,CFM-000075,6389,true,https://comparafarma-api.vercel.app/api/go?slug=ahumada&matchKey=xumadol%7C1000mg%7C20&url=https%3A%2F%2Fwww.farmaciasahumada.cl%2Fxumadol-1-g-20-comprimidos-73460.html&cfmId=CFM-000075,1
paracetamol 500mg,paracetamol-500mg,paracetamol,500mg,,,108,109,salcobrand,Xumadol (B) Paracetamol 1g 20 Comprimidos,Xumadol (B) Paracetamol 1g 20 Comprimidos,xumadol|1000mg|20,xumadol|1000mg|20|bio:unknown|brand:xumadol|form:solid-oral,xumadol|1000mg|20,,,solid-oral,20,,,1g,Xumadol,,paracetamol,structured,Xumadol,,exact,other,CFM-000075,6659,true,https://comparafarma-api.vercel.app/api/go?slug=salcobrand&matchKey=xumadol%7C1000mg%7C20&url=https%3A%2F%2Fsalcobrand.cl%2Fproducts%2Fxumadol-b-paracetamol-1-g-20-comprimidos%3Fdefault_sku%3D340180&cfmId=CFM-000075,1
paracetamol 500mg,paracetamol-500mg,paracetamol,500mg,,,109,110,ahumada,Gesidol Paracetamol 1gr 20 Comprimidos,Gesidol Paracetamol 1gr 20 Comprimidos,gesidol|20,gesidol|20|bio:true|brand:unknown|form:solid-oral,gesidol|20,,,solid-oral,20,,,1g,Gesidol,,paracetamol,name,,true,exact,other,CFM-000067,6979,true,https://comparafarma-api.vercel.app/api/go?slug=ahumada&matchKey=gesidol%7C20&url=https%3A%2F%2Fwww.farmaciasahumada.cl%2Fgesidol-paracetamol-1gr-20-comprimidos-88024.html&cfmId=CFM-000067,1
paracetamol 500mg,paracetamol-500mg,paracetamol,500mg,,,110,111,ecofarmacias,Paracetamol Gesidol 1gr x 20 Comprimidos,Paracetamol Gesidol 1gr x 20 Comprimidos,paracetamol|20,paracetamol|20|bio:unknown|brand:unknown|var:gesidol|form:solid-oral,paracetamol|20,,gesidol,solid-oral,20,,,1g,,,paracetamol,unknown,,,exact,other,CFM-000056,6980,true,https://comparafarma-api.vercel.app/api/go?slug=ecofarmacias&matchKey=paracetamol%7C20&url=https%3A%2F%2Fwww.ecofarmacias.cl%2Fproducto%2Fparacetamol-gesidol-1gr-20-comprimidos%2F&cfmId=CFM-000056,1
paracetamol 500mg,paracetamol-500mg,paracetamol,500mg,,,111,112,ecofarmacias,Gesidol Paracetamol 120mg/5ml Jarabe Infantil 100ml,Gesidol Paracetamol 120mg/5ml Jarabe Infantil 100ml,gesidol|100ml,gesidol|100ml|bio:unknown|brand:unknown|form:fluid-oral,gesidol|100ml,,,fluid-oral,,120mg/5ml,ratio,120mg/5ml,Gesidol,,paracetamol,name,,,exact,other,CFM-000062,6990,true,https://comparafarma-api.vercel.app/api/go?slug=ecofarmacias&matchKey=gesidol%7C100ml&url=https%3A%2F%2Fwww.ecofarmacias.cl%2Fproducto%2Fgesidol-paracetamol-120mg-5ml-jarabe-infantil-100ml%2F&cfmId=CFM-000062,1
paracetamol 500mg,paracetamol-500mg,paracetamol,500mg,,,112,113,ahumada,Paracetamol 1G Dropol Comprimidos Efervecentes Tubo x  10,Paracetamol 1G Dropol Comprimidos Efervecentes Tubo x  10,paracetamol|1000mg|10,paracetamol|1000mg|10|bio:unknown|brand:unknown|form:solid-oral,paracetamol|1000mg|10,,,solid-oral,10,,,1g,,,paracetamol,unknown,,,exact,other,CFM-000091,6999,true,https://comparafarma-api.vercel.app/api/go?slug=ahumada&matchKey=paracetamol%7C1000mg%7C10&url=https%3A%2F%2Fwww.farmaciasahumada.cl%2Fparacetamol-1g-dropol-comprimidos-efervecentes-tubo-x--10-96599.html&cfmId=CFM-000091,1
paracetamol 500mg,paracetamol-500mg,paracetamol,500mg,,,113,114,cruz-verde,"Sales para Rehidratación 90 Cloruro de Sodio 3,5 gr Polvo para Suspensión Oral 4 Sobres Sabor Limón","Sales para Rehidratación 90 Cloruro de Sodio 3,5 gr Polvo para Suspensión Oral 4 Sobres Sabor Limón",sales|4,sales|4|bio:unknown|brand:unknown|var:rehidratacion|form:fluid-oral,sales|4,,rehidratacion,fluid-oral,4,,,3.5g,Sales,,sodio,name,,,compatible,other,CFM-000083,7190,true,https://comparafarma-api.vercel.app/api/go?slug=cruz-verde&matchKey=sales%7C4&url=https%3A%2F%2Fwww.cruzverde.cl%2Fsales-para-rehidratacion-90-cloruro-de-sodio-3-5-gr-polvo-para-suspension-oral-4-sobres-sabor-limon%2F265800.html&cfmId=CFM-000083,1
paracetamol 500mg,paracetamol-500mg,paracetamol,500mg,,,114,115,ahumada,Kitadol 1 g 18 Comprimidos,Kitadol 1 g 18 Comprimidos,kitadol|1000mg|18,kitadol|1000mg|18|bio:true|brand:unknown|form:solid-oral,kitadol|1000mg|18,,,solid-oral,18,,,1g,,,,unknown,,true,compatible,other,CFM-000072,7490,true,https://comparafarma-api.vercel.app/api/go?slug=ahumada&matchKey=kitadol%7C1000mg%7C18&url=https%3A%2F%2Fwww.farmaciasahumada.cl%2Fkitadol-1-g-18-comprimidos-66871.html&cfmId=CFM-000072,1
paracetamol 500mg,paracetamol-500mg,paracetamol,500mg,,,115,116,salcobrand,Gesidol (B) Paracetamol 1g 20 Comprimidos,Gesidol (B) Paracetamol 1g 20 Comprimidos,gesidol|1000mg|20,gesidol|1000mg|20|bio:unknown|brand:gesidol|form:solid-oral,gesidol|1000mg|20,,,solid-oral,20,,,1g,Gesidol,,paracetamol,structured,Gesidol,,exact,other,CFM-000093,7649,true,https://comparafarma-api.vercel.app/api/go?slug=salcobrand&matchKey=gesidol%7C1000mg%7C20&url=https%3A%2F%2Fsalcobrand.cl%2Fproducts%2Fgesidol-b-paracetamol-1g-20-comprimidos%3Fdefault_sku%3D2100308&cfmId=CFM-000093,1
paracetamol 500mg,paracetamol-500mg,paracetamol,500mg,,,116,117,cruz-verde,Xumadol Paracetamol 1000 mg 20 Comprimidos,Xumadol Paracetamol 1000 mg 20 Comprimidos,xumadol|1000mg|20,xumadol|1000mg|20|bio:unknown|brand:unknown|form:solid-oral,xumadol|1000mg|20,,,solid-oral,20,,,1000mg,Xumadol,,paracetamol,name,,,exact,other,CFM-000075,7690,true,https://comparafarma-api.vercel.app/api/go?slug=cruz-verde&matchKey=xumadol%7C1000mg%7C20&url=https%3A%2F%2Fwww.cruzverde.cl%2Fxumadol-paracetamol-1000-mg-20-comprimidos%2F266145.html&cfmId=CFM-000075,1
paracetamol 500mg,paracetamol-500mg,paracetamol,500mg,,,117,118,ecofarmacias,Tapsin infantil paracetamol 120mg/5ml jarabe 100ml,Tapsin infantil paracetamol 120mg/5ml jarabe 100ml,tapsin|100ml,tapsin|100ml|bio:unknown|brand:unknown|var:infantil|form:fluid-oral,tapsin|100ml,,infantil,fluid-oral,,120mg/5ml,ratio,120mg/5ml,Tapsin,,paracetamol,name,,,exact,other,CFM-000081,7890,true,https://comparafarma-api.vercel.app/api/go?slug=ecofarmacias&matchKey=tapsin%7C100ml&url=https%3A%2F%2Fwww.ecofarmacias.cl%2Fproducto%2Ftapsin-infantil-paracetamol-120mg-5ml-jarabe-100ml%2F&cfmId=CFM-000081,1
paracetamol 500mg,paracetamol-500mg,paracetamol,500mg,,,118,119,ecofarmacias,Kitadol Paracetamol Infantil Jarabe 100ml,Kitadol Paracetamol Infantil Jarabe 100ml,kitadol|100ml,kitadol|100ml|bio:unknown|brand:unknown|var:infantil|form:fluid-oral,kitadol|100ml,,infantil,fluid-oral,,,,100ml,Kitadol,,paracetamol,name,,,exact,other,CFM-000078,7950,false,https://comparafarma-api.vercel.app/api/go?slug=ecofarmacias&matchKey=kitadol%7C100ml&url=https%3A%2F%2Fwww.ecofarmacias.cl%2Fproducto%2Fkitadol-paracetamol-infantil-jarabe-100ml%2F&cfmId=CFM-000078,1
paracetamol 500mg,paracetamol-500mg,paracetamol,500mg,,,119,120,farmex,Supracalm 1 g x 20 comprimidos,Supracalm 1 g x 20 comprimidos,supracalm|1000mg|20,supracalm|1000mg|20|bio:unknown|brand:tecnofarma|form:solid-oral,supracalm|1000mg|20,,,solid-oral,20,,,1g,,Tecnofarma,,unknown,TECNOFARMA,,compatible,other,CFM-000074,7995,true,https://comparafarma-api.vercel.app/api/go?slug=farmex&matchKey=supracalm%7C1000mg%7C20&url=https%3A%2F%2Ffarmex.cl%2Fproducts%2Fsupracalm-tabletas-g-paracetamol%3F_pos%3D2%26_psq%3Dparacetamol%26_psid%3D5ba8308a0%26_ss%3De&cfmId=CFM-000074,1
paracetamol 500mg,paracetamol-500mg,paracetamol,500mg,,,120,121,cruz-verde,Alividol Paracetamol 1000 mg 20 comprimidos,Alividol Paracetamol 1000 mg 20 comprimidos,alividol|1000mg|20,alividol|1000mg|20|bio:unknown|brand:unknown|form:solid-oral,alividol|1000mg|20,,,solid-oral,20,,,1000mg,Alividol,,paracetamol,name,,,exact,other,CFM-000727,8390,true,https://comparafarma-api.vercel.app/api/go?slug=cruz-verde&matchKey=alividol%7C1000mg%7C20&url=https%3A%2F%2Fwww.cruzverde.cl%2Falividol-paracetamol-1000-mg-20-comprimidos%2F541879.html&cfmId=CFM-000727,1
paracetamol 500mg,paracetamol-500mg,paracetamol,500mg,,,121,122,salcobrand,Panadol Niños Paracetamol Jarabe 90ml,Panadol Niños Paracetamol Jarabe 90ml,panadol|90ml,panadol|90ml|bio:unknown|brand:panadol|var:infantil|form:fluid-oral,panadol|90ml,,infantil,fluid-oral,,,,90ml,Panadol,,paracetamol,structured,Panadol,,exact,other,CFM-000086,8449,true,https://comparafarma-api.vercel.app/api/go?slug=salcobrand&matchKey=panadol%7C90ml&url=https%3A%2F%2Fsalcobrand.cl%2Fproducts%2Fpanadol-ninos-paracetamol-jarabe-90ml%3Fdefault_sku%3D581367&cfmId=CFM-000086,1
paracetamol 500mg,paracetamol-500mg,paracetamol,500mg,,,122,123,salcobrand,Bufferin (B) Forte Paracetamol 1g 18 Comprimidos,Bufferin (B) Forte Paracetamol 1g 18 Comprimidos,bufferin|1000mg|18,bufferin|1000mg|18|bio:unknown|brand:bufferin|var:forte|form:solid-oral,bufferin|1000mg|18,,forte,solid-oral,18,,,1g,Bufferin,,paracetamol,structured,Bufferin,,exact,other,CFM-000085,8924,true,https://comparafarma-api.vercel.app/api/go?slug=salcobrand&matchKey=bufferin%7C1000mg%7C18&url=https%3A%2F%2Fsalcobrand.cl%2Fproducts%2Fbufferin-b-forte-paracetamol-1g-18-comprimidos%3Fdefault_sku%3D585146&cfmId=CFM-000085,1
paracetamol 500mg,paracetamol-500mg,paracetamol,500mg,,,123,124,ahumada,Panadol Niños 160mg/5ml Jarabe 90ml,Panadol Niños 160mg/5ml Jarabe 90ml,panadol|90ml,panadol|90ml|bio:unknown|brand:unknown|var:infantil|form:fluid-oral,panadol|90ml,,infantil,fluid-oral,,160mg/5ml,ratio,160mg/5ml,,,,unknown,,,compatible,other,CFM-000086,9204,true,https://comparafarma-api.vercel.app/api/go?slug=ahumada&matchKey=panadol%7C90ml&url=https%3A%2F%2Fwww.farmaciasahumada.cl%2Fpanadol-ninos-160mg-5ml-jarabe-90ml-90335.html&cfmId=CFM-000086,1
paracetamol 500mg,paracetamol-500mg,paracetamol,500mg,,,124,125,cruz-verde,"Sales para Rehidratación 60 Cloruro de Sodio 3,5 gr Polvo para Suspensión Oral 8 Sobres Sabor Fresa","Sales para Rehidratación 60 Cloruro de Sodio 3,5 gr Polvo para Suspensión Oral 8 Sobres Sabor Fresa",sales|8,sales|8|bio:unknown|brand:unknown|var:rehidratacion|form:fluid-oral,sales|8,,rehidratacion,fluid-oral,8,,,3.5g,Sales,,sodio,name,,,compatible,other,CFM-000090,9290,true,https://comparafarma-api.vercel.app/api/go?slug=cruz-verde&matchKey=sales%7C8&url=https%3A%2F%2Fwww.cruzverde.cl%2Fsales-para-rehidratacion-60-cloruro-de-sodio-3-5-gr-polvo-para-suspension-oral-8-sobres-sabor-fresa%2F265799.html&cfmId=CFM-000090,1
paracetamol 500mg,paracetamol-500mg,paracetamol,500mg,,,125,126,ahumada,Bufferin Forte Paracetamol 1 G 18 Comprimidos,Bufferin Forte Paracetamol 1 G 18 Comprimidos,bufferin|1000mg|18,bufferin|1000mg|18|bio:true|brand:unknown|var:forte|form:solid-oral,bufferin|1000mg|18,,forte,solid-oral,18,,,1g,Bufferin,,paracetamol,name,,true,exact,other,CFM-000085,9299,true,https://comparafarma-api.vercel.app/api/go?slug=ahumada&matchKey=bufferin%7C1000mg%7C18&url=https%3A%2F%2Fwww.farmaciasahumada.cl%2Fbufferin-forte-paracetamol-1-g-18-comprimidos-92080.html&cfmId=CFM-000085,1
paracetamol 500mg,paracetamol-500mg,paracetamol,500mg,,,126,127,cruz-verde,Gesidol Paracetamol 1 gr 20 Comprimidos,Gesidol Paracetamol 1 gr 20 Comprimidos,gesidol|20,gesidol|20|bio:unknown|brand:unknown|form:solid-oral,gesidol|20,,,solid-oral,20,,,1g,Gesidol,,paracetamol,name,,,exact,other,CFM-000067,9890,true,https://comparafarma-api.vercel.app/api/go?slug=cruz-verde&matchKey=gesidol%7C20&url=https%3A%2F%2Fwww.cruzverde.cl%2Fgesidol-paracetamol-1-gr-20-comprimidos%2F392102.html&cfmId=CFM-000067,1
paracetamol 500mg,paracetamol-500mg,paracetamol,500mg,,,127,128,ahumada,Paracetamol 1G Dropol Comprimidos Efervecentes Tubo x 20,Paracetamol 1G Dropol Comprimidos Efervecentes Tubo x 20,paracetamol|1000mg|20,paracetamol|1000mg|20|bio:unknown|brand:unknown|form:solid-oral,paracetamol|1000mg|20,,,solid-oral,20,,,1g,,,paracetamol,unknown,,,exact,other,CFM-000069,10999,true,https://comparafarma-api.vercel.app/api/go?slug=ahumada&matchKey=paracetamol%7C1000mg%7C20&url=https%3A%2F%2Fwww.farmaciasahumada.cl%2Fparacetamol-1g-dropol-comprimidos-efervecentes-tubo-x-20-96600.html&cfmId=CFM-000069,1
paracetamol 500mg,paracetamol-500mg,paracetamol,500mg,,,128,129,cruz-verde,"Salbutamol 0,5% Solución para Nebulización 20 mL","Salbutamol 0,5% Solución para Nebulización 20 mL",salbutamol|20ml,salbutamol|20ml|bio:unknown|brand:unknown|form:inhaled,salbutamol|20ml,,,inhaled,,,,0.5%,,,salbutamol,unknown,,,compatible,other,CFM-000095,13490,true,https://comparafarma-api.vercel.app/api/go?slug=cruz-verde&matchKey=salbutamol%7C20ml&url=https%3A%2F%2Fwww.cruzverde.cl%2Fsalbutamol-0-5-solucion-para-nebulizacion-20-ml%2F268913.html&cfmId=CFM-000095,1
paracetamol 500mg,paracetamol-500mg,paracetamol,500mg,,,129,130,cruz-verde,Dropol Paracetamol 1 gr 20 Comprimidos,Dropol Paracetamol 1 gr 20 Comprimidos,dropol|20,dropol|20|bio:unknown|brand:unknown|form:solid-oral,dropol|20,,,solid-oral,20,,,1g,Dropol,,paracetamol,name,,,exact,other,CFM-000071,14590,true,https://comparafarma-api.vercel.app/api/go?slug=cruz-verde&matchKey=dropol%7C20&url=https%3A%2F%2Fwww.cruzverde.cl%2Fdropol-paracetamol-1-gr-20-comprimidos%2F538858.html&cfmId=CFM-000071,1
paracetamol 500mg,paracetamol-500mg,paracetamol,500mg,,,130,131,cruz-verde,Brevex Paracetamol 300 mg 20 Comprimidos Recubiertos,Brevex Paracetamol 300 mg 20 Comprimidos Recubiertos,brevex|300mg|20,brevex|300mg|20|bio:unknown|brand:unknown|form:solid-oral,brevex|300mg|20,,,solid-oral,20,,,300mg,Brevex,,paracetamol,name,,,exact,other,CFM-000096,16390,true,https://comparafarma-api.vercel.app/api/go?slug=cruz-verde&matchKey=brevex%7C300mg%7C20&url=https%3A%2F%2Fwww.cruzverde.cl%2Fbrevex-paracetamol-300-mg-20-comprimidos-recubiertos%2F9113.html&cfmId=CFM-000096,1
paracetamol 500mg,paracetamol-500mg,paracetamol,500mg,,,131,132,cruz-verde,"Ipratropio Bromuro 0,025% Solución para Inhalación 20 mL","Ipratropio Bromuro 0,025% Solución para Inhalación 20 mL",ipratropio|20ml,ipratropio|20ml|bio:unknown|brand:unknown|var:bromuro|form:inhaled,ipratropio|20ml,,bromuro,inhaled,,,,0.025%,,,,unknown,,,compatible,other,CFM-000089,16990,true,https://comparafarma-api.vercel.app/api/go?slug=cruz-verde&matchKey=ipratropio%7C20ml&url=https%3A%2F%2Fwww.cruzverde.cl%2Fipratropio-bromuro-0-025-solucion-para-inhalacion-20-ml%2F264185.html&cfmId=CFM-000089,1
paracetamol 500mg,paracetamol-500mg,paracetamol,500mg,,,132,133,cruz-verde,Bonavid Colecalciferol 300.000 UI Solución Oral para Gotas 2 mL,Bonavid Colecalciferol 300.000 UI Solución Oral para Gotas 2 mL,bonavid|2ml,bonavid|2ml|bio:unknown|brand:unknown|var:colecalciferol|form:fluid-oral,bonavid|2ml,,colecalciferol,fluid-oral,,,,300ui,,,,unknown,,,compatible,other,CFM-000084,18390,true,https://comparafarma-api.vercel.app/api/go?slug=cruz-verde&matchKey=bonavid%7C2ml&url=https%3A%2F%2Fwww.cruzverde.cl%2Fbonavid-colecalciferol-300-000-ui-solucion-oral-para-gotas-2-ml%2F290034.html&cfmId=CFM-000084,1
paracetamol 500mg,paracetamol-500mg,paracetamol,500mg,,,133,134,cruz-verde,"Betacort Cassara Betametasona 0,5 mg / mL Solucion Oral para Gotas 30 mL","Betacort Cassara Betametasona 0,5 mg / mL Solucion Oral para Gotas 30 mL",betacort|30ml,betacort|30ml|bio:unknown|brand:unknown|var:cassara|form:fluid-oral,betacort|30ml,,cassara,fluid-oral,,0.5mg/1ml,ratio,0.5mg/1ml,Betacort,,betametasona,name,,,compatible,other,CFM-000077,21590,true,https://comparafarma-api.vercel.app/api/go?slug=cruz-verde&matchKey=betacort%7C30ml&url=https%3A%2F%2Fwww.cruzverde.cl%2Fbetacort-cassara-betametasona-0-5-mg-ml-solucion-oral-para-gotas-30-ml%2F296197.html&cfmId=CFM-000077,1
paracetamol 500mg,paracetamol-500mg,paracetamol,500mg,,,134,135,cruz-verde,"Lirex Tibolona 2,5 mg 30 Comprimidos","Lirex Tibolona 2,5 mg 30 Comprimidos",lirex|2.5mg|30,lirex|2.5mg|30|bio:unknown|brand:unknown|var:tibolona|form:solid-oral,lirex|2.5mg|30,,tibolona,solid-oral,30,,,2.5mg,,,,unknown,,,compatible,other,CFM-000087,22989,true,https://comparafarma-api.vercel.app/api/go?slug=cruz-verde&matchKey=lirex%7C2.5mg%7C30&url=https%3A%2F%2Fwww.cruzverde.cl%2Flirex-tibolona-2-5-mg-30-comprimidos%2F67406.html&cfmId=CFM-000087,1
paracetamol 500mg,paracetamol-500mg,paracetamol,500mg,,,135,136,cruz-verde,Uroplus Fosfomicina 3 gr Granulos para Solucion Oral 1 Sobre,Uroplus Fosfomicina 3 gr Granulos para Solucion Oral 1 Sobre,uroplus,uroplus|bio:unknown|brand:unknown|var:fosfomicina|form:fluid-oral,uroplus,,fosfomicina,fluid-oral,1,,,3g,,,,unknown,,,compatible,other,CFM-000073,35440,true,https://comparafarma-api.vercel.app/api/go?slug=cruz-verde&matchKey=uroplus&url=https%3A%2F%2Fwww.cruzverde.cl%2Furoplus-fosfomicina-3-gr-granulos-para-solucion-oral-1-sobre%2F391927.html&cfmId=CFM-000073,1
paracetamol 500mg,paracetamol-500mg,paracetamol,500mg,,,136,137,cruz-verde,"Combodart 0,5/0,4 Dutasteride 0,5 mg Tamsulosina 0,4 mg 30 Cápsulas Blandas","Combodart 0,5/0,4 Dutasteride 0,5 mg Tamsulosina 0,4 mg 30 Cápsulas Blandas",combodart|0.5mg|30,combodart|0.5mg|30|bio:unknown|brand:unknown|var:dutasteride|form:solid-oral,combodart|0.5mg|30,,dutasteride,solid-oral,30,,,0.5mg,,,,unknown,,,compatible,other,CFM-000094,38690,true,https://comparafarma-api.vercel.app/api/go?slug=cruz-verde&matchKey=combodart%7C0.5mg%7C30&url=https%3A%2F%2Fwww.cruzverde.cl%2Fcombodart-0-5-0-4-dutasteride-0-5-mg-tamsulosina-0-4-mg-30-capsulas-blandas%2F265918.html&cfmId=CFM-000094,1
paracetamol 500mg,paracetamol-500mg,paracetamol,500mg,,,137,138,cruz-verde,Trelegy Ellipta 92 mcg Polvo Para Inhalacion Oral 30 Dosis,Trelegy Ellipta 92 mcg Polvo Para Inhalacion Oral 30 Dosis,trelegy|92mcg,trelegy|92mcg|bio:unknown|brand:unknown|var:ellipta|form:inhaled,trelegy|92mcg,,ellipta,inhaled,,,,92mcg,,,,unknown,,,compatible,other,CFM-000082,93463,true,https://comparafarma-api.vercel.app/api/go?slug=cruz-verde&matchKey=trelegy%7C92mcg&url=https%3A%2F%2Fwww.cruzverde.cl%2Ftrelegy-ellipta-92-mcg-polvo-para-inhalacion-oral-30-dosis%2F295825.html&cfmId=CFM-000082,1
paracetamol,paracetamol,paracetamol,,,,0,1,ahumada,Paracetamol 500 mg x 16 Comprimidos,Paracetamol 500 mg x 16 Comprimidos,paracetamol|500mg|16,paracetamol|500mg|16|bio:true|brand:unknown|form:solid-oral,paracetamol|500mg|16,,,solid-oral,16,,,500mg,,,paracetamol,unknown,,true,exact,,CFM-000019,359,true,https://comparafarma-api.vercel.app/api/go?slug=ahumada&matchKey=paracetamol%7C500mg%7C16&url=https%3A%2F%2Fwww.farmaciasahumada.cl%2Fparacetamol-500-mg-x-16-comprimidos-84574.html&cfmId=CFM-000019,2
paracetamol,paracetamol,paracetamol,,,,0,1,ecofarmacias,Paracetamol 500 mg x 16 comprimidos (cenabast),Paracetamol 500 mg x 16 Comprimidos,paracetamol|500mg|16,paracetamol|500mg|16|bio:true|brand:unknown|form:solid-oral,paracetamol|500mg|16,,,solid-oral,16,,,500mg,,,paracetamol,unknown,,true,exact,,CFM-000019,490,false,https://comparafarma-api.vercel.app/api/go?slug=ecofarmacias&matchKey=paracetamol%7C500mg%7C16&url=https%3A%2F%2Fwww.ecofarmacias.cl%2Fproducto%2Fparacetamol-500-mg-x-16-comprimidos-cenabast%2F&cfmId=CFM-000019,2
paracetamol,paracetamol,paracetamol,,,,1,2,dr-simi,Paracetamol 500 mg 16 comprimidos,Paracetamol 500 mg 16 comprimidos,paracetamol|500mg|16,paracetamol|500mg|16|bio:true|brand:andromaco|form:solid-oral,paracetamol|500mg|16,,,solid-oral,16,,,500mg,,Andrómaco,paracetamol,unknown,ANDRÓMACO,true,exact,,CFM-000019,360,true,https://comparafarma-api.vercel.app/api/go?slug=dr-simi&matchKey=paracetamol%7C500mg%7C16&url=https%3A%2F%2Fwww.drsimi.cl%2Fparacetamol-500-mg-16-comprimidos%2Fp&cfmId=CFM-000019,1
paracetamol,paracetamol,paracetamol,,,,2,3,araucomed,Paracetamol 500 mg x 16 comprimidos. (Andromaco),Paracetamol 500 mg x 16 comprimidos,paracetamol|500mg|16,paracetamol|500mg|16|bio:unknown|brand:andromaco|form:solid-oral,paracetamol|500mg|16,,,solid-oral,16,,,500mg,,Andromaco,paracetamol,unknown,ANDROMACO,,exact,,CFM-000019,450,true,https://comparafarma-api.vercel.app/api/go?slug=araucomed&matchKey=paracetamol%7C500mg%7C16&url=https%3A%2F%2Ffarmacia.araucomed.com%2Fbioequivalentes%2Fparacetamol-500mg-x16com-andromaco&cfmId=CFM-000019,2
paracetamol,paracetamol,paracetamol,,,,2,3,farmex,Paracetamol 500 mg x 16 comprimidos,Paracetamol 500 mg x 16 comprimidos,paracetamol|500mg|16,paracetamol|500mg|16|bio:unknown|brand:andromaco|form:solid-oral,paracetamol|500mg|16,,,solid-oral,16,,,500mg,,Andromaco,paracetamol,unknown,ANDROMACO,,exact,,CFM-000019,790,true,https://comparafarma-api.vercel.app/api/go?slug=farmex&matchKey=paracetamol%7C500mg%7C16&url=https%3A%2F%2Ffarmex.cl%2Fproducts%2Fparacetamol-500-mg-x-16-comp-andromaco%3F_pos%3D3%26_psq%3Dparacetamol%26_psid%3D5ba8308a0%26_ss%3De&cfmId=CFM-000019,2
paracetamol,paracetamol,paracetamol,,,,3,4,araucomed,Paracetamol 500 mg x 16 comprimidos. (Chile),Paracetamol 500 mg x 16 comprimidos. (Chile),paracetamol|500mg|16,paracetamol|500mg|16|bio:unknown|brand:chile|form:solid-oral,paracetamol|500mg|16,,,solid-oral,16,,,500mg,,Laboratorio Chile,paracetamol,unknown,Laboratorio Chile,,exact,,CFM-000019,500,true,https://comparafarma-api.vercel.app/api/go?slug=araucomed&matchKey=paracetamol%7C500mg%7C16&url=https%3A%2F%2Ffarmacia.araucomed.com%2Fbioequivalentes%2Fparacetamol-500mg-x16com-chile&cfmId=CFM-000019,1
paracetamol,paracetamol,paracetamol,,,,4,5,cruz-verde,Paracetamol Infantil  80 mg 100 Comprimidos,Paracetamol Infantil  80 mg 100 Comprimidos,paracetamol|80mg|100,paracetamol|80mg|100|bio:unknown|brand:unknown|var:infantil|form:solid-oral,paracetamol|80mg|100,,infantil,solid-oral,100,,,80mg,,,paracetamol,unknown,,,exact,,CFM-000001,590,true,https://comparafarma-api.vercel.app/api/go?slug=cruz-verde&matchKey=paracetamol%7C80mg%7C100&url=https%3A%2F%2Fwww.cruzverde.cl%2Fparacetamol-infantil-80-mg-100-comprimidos%2F225007.html&cfmId=CFM-000001,1
paracetamol,paracetamol,paracetamol,,,,5,6,ecofarmacias,"Kitadol, paracetamol, 500Mg X 24 comp.(LCh) DESCUENTO caja arrugada","Kitadol, paracetamol, 500Mg X 24 comp.(LCh) DESCUENTO caja arrugada",kitadol|500mg|24,kitadol|500mg|24|bio:unknown|brand:unknown|form:solid-oral,kitadol|500mg|24,,,solid-oral,24,,,500mg,Kitadol,,paracetamol,name,,,exact,,CFM-000013,650,false,https://comparafarma-api.vercel.app/api/go?slug=ecofarmacias&matchKey=kitadol%7C500mg%7C24&url=https%3A%2F%2Fwww.ecofarmacias.cl%2Fproducto%2Fkitadol-500mg-x-24-comprimidos-lch-descuento-caja-arrugada%2F&cfmId=CFM-000013,1
paracetamol,paracetamol,paracetamol,,,,6,7,easyfarma,Paracetamol 500 mg. 16 comp.,Paracetamol 500 mg. 16 comp.,paracetamol|500mg|16,paracetamol|500mg|16|bio:unknown|brand:unknown|form:solid-oral,paracetamol|500mg|16,,,solid-oral,16,,,500mg,,,paracetamol,unknown,,,exact,,CFM-000019,690,true,https://comparafarma-api.vercel.app/api/go?slug=easyfarma&matchKey=paracetamol%7C500mg%7C16&url=https%3A%2F%2Fnuevo.easyfarma.cl%2F24713-paracetamol-500-mg-x-16.html&cfmId=CFM-000019,3
paracetamol,paracetamol,paracetamol,,,,6,7,farmex,Paracetamol 500 mg x 16 comprimidos.,Paracetamol 500 mg. 16 comp.,paracetamol|500mg|16,paracetamol|500mg|16|bio:unknown|brand:unknown|form:solid-oral,paracetamol|500mg|16,,,solid-oral,16,,,500mg,,,paracetamol,unknown,,,exact,,CFM-000019,695,true,https://comparafarma-api.vercel.app/api/go?slug=farmex&matchKey=paracetamol%7C500mg%7C16&url=https%3A%2F%2Ffarmex.cl%2Fproducts%2Fparacetamol-500-mg-x-16-comprimidos-10%3F_pos%3D7%26_psq%3Dparacetamol%26_psid%3D5ba8308a0%26_ss%3De&cfmId=CFM-000019,3
paracetamol,paracetamol,paracetamol,,,,6,7,cruz-verde,Paracetamol 500 mg 16 Comprimidos,Paracetamol 500 mg. 16 comp.,paracetamol|500mg|16,paracetamol|500mg|16|bio:unknown|brand:unknown|form:solid-oral,paracetamol|500mg|16,,,solid-oral,16,,,500mg,,,paracetamol,unknown,,,exact,,CFM-000019,840,true,https://comparafarma-api.vercel.app/api/go?slug=cruz-verde&matchKey=paracetamol%7C500mg%7C16&url=https%3A%2F%2Fwww.cruzverde.cl%2Fparacetamol-500-mg-16-comprimidos%2F272241.html&cfmId=CFM-000019,3
paracetamol,paracetamol,paracetamol,,,,7,8,ecofarmacias,Paracetamol Infantil x 6 supositorios LCh DESCUENTO,Paracetamol inf. suposit. x 6,paracetamol|6,paracetamol|6|bio:unknown|brand:unknown|var:infantil|form:suppository,paracetamol|6,,infantil,suppository,6,,,,,,paracetamol,unknown,,,exact,,CFM-000017,780,false,https://comparafarma-api.vercel.app/api/go?slug=ecofarmacias&matchKey=paracetamol%7C6&url=https%3A%2F%2Fwww.ecofarmacias.cl%2Fproducto%2Fparacetamol-infantil-x-6-supositorios-lch-descuento%2F&cfmId=CFM-000017,2
paracetamol,paracetamol,paracetamol,,,,7,8,easyfarma,Paracetamol inf. suposit. x 6,Paracetamol inf. suposit. x 6,paracetamol|6,paracetamol|6|bio:unknown|brand:unknown|var:infantil|form:suppository,paracetamol|6,,infantil,suppository,6,,,,,,paracetamol,unknown,,,exact,,CFM-000017,1190,true,https://comparafarma-api.vercel.app/api/go?slug=easyfarma&matchKey=paracetamol%7C6&url=https%3A%2F%2Fnuevo.easyfarma.cl%2F24714-paracetamol-inf-suposit-x-6.html&cfmId=CFM-000017,2
paracetamol,paracetamol,paracetamol,,,,8,9,salcobrand,Tapsín Limonada Noche (B) Paracetamol 5g,Tapsín Limonada Noche (B) Paracetamol 5g,tapsin|5000mg|n,tapsin|5000mg|n|bio:unknown|brand:tapsin|var:limonada,tapsin|5000mg|n,,limonada,,,,,5g,Tapsin,,paracetamol,structured,Tapsin,,exact,,CFM-000005,791,true,https://comparafarma-api.vercel.app/api/go?slug=salcobrand&matchKey=tapsin%7C5000mg%7Cn&url=https%3A%2F%2Fsalcobrand.cl%2Fproducts%2Ftapsin-limonada-noche-b-paracetamol-5g%3Fdefault_sku%3D1999956&cfmId=CFM-000005,1
paracetamol,paracetamol,paracetamol,,,,9,10,salcobrand,Tapsin Limonada (B) Paracetamol Día 5g,Tapsin Limonada (B) Paracetamol Día 5g,tapsin|5000mg|d,tapsin|5000mg|d|bio:unknown|brand:tapsin|var:limonada,tapsin|5000mg|d,,limonada,,,,,5g,Tapsin,,paracetamol,structured,Tapsin,,exact,,CFM-000009,791,true,https://comparafarma-api.vercel.app/api/go?slug=salcobrand&matchKey=tapsin%7C5000mg%7Cd&url=https%3A%2F%2Fsalcobrand.cl%2Fproducts%2Ftapsin-limonada-b-paracetamol-dia-5g%3Fdefault_sku%3D1991100&cfmId=CFM-000009,1
paracetamol,paracetamol,paracetamol,,,,10,11,dr-simi,Tapsin InstaFLU día paracetamol 500 mg pseudoefedrina 60 mg 1 sobre polvo para solución oral 5 g,Tapsin InstaFLU día paracetamol 500 mg pseudoefedrina 60 mg 1 sobre polvo para solución oral 5 g,tapsin|500mg|d,tapsin|500mg|d|bio:false|brand:maver|var:instaflu|form:fluid-oral,tapsin|500mg|d,,instaflu,fluid-oral,1,,,500mg,Tapsin,Maver,paracetamol,name,MAVER,false,exact,,CFM-000037,810,true,https://comparafarma-api.vercel.app/api/go?slug=dr-simi&matchKey=tapsin%7C500mg%7Cd&url=https%3A%2F%2Fwww.drsimi.cl%2Ftapsin-instaflu-polvo-dia-ch6155%2Fp&cfmId=CFM-000037,1
paracetamol,paracetamol,paracetamol,,,,11,12,dr-simi,Tapsin paracetamol 500 mg 24 comprimidos,Tapsin paracetamol 500 mg 24 comprimidos,tapsin|500mg|24,tapsin|500mg|24|bio:true|brand:maver|form:solid-oral,tapsin|500mg|24,,,solid-oral,24,,,500mg,Tapsin,Maver,paracetamol,name,MAVER,true,exact,,CFM-000003,900,true,https://comparafarma-api.vercel.app/api/go?slug=dr-simi&matchKey=tapsin%7C500mg%7C24&url=https%3A%2F%2Fwww.drsimi.cl%2Ftapsin-paracetamol-500-mg-24-comprimidos-ch5296%2Fp&cfmId=CFM-000003,1
paracetamol,paracetamol,paracetamol,,,,12,13,ahumada,Paracetamol Infantil 125 mg x 6 Supositorios,Paracetamol Infantil 125 mg x 6 Supositorios,paracetamol|125mg|6,paracetamol|125mg|6|bio:unknown|brand:unknown|var:infantil|form:suppository,paracetamol|125mg|6,,infantil,suppository,6,,,125mg,,,paracetamol,unknown,,,exact,,CFM-000011,979,true,https://comparafarma-api.vercel.app/api/go?slug=ahumada&matchKey=paracetamol%7C125mg%7C6&url=https%3A%2F%2Fwww.farmaciasahumada.cl%2Fparacetamol-infantil-125-mg-x-6-supositorios-2796.html&cfmId=CFM-000011,1
paracetamol,paracetamol,paracetamol,,,,13,14,ahumada,Paracetamol 500 mg SINFLU x 20 Comprimidos,Paracetamol 500 mg SINFLU x 20 Comprimidos,paracetamol|500mg|20,paracetamol|500mg|20|bio:true|brand:unknown|form:solid-oral,paracetamol|500mg|20,,,solid-oral,20,,,500mg,,,paracetamol,unknown,,true,exact,,CFM-000018,990,true,https://comparafarma-api.vercel.app/api/go?slug=ahumada&matchKey=paracetamol%7C500mg%7C20&url=https%3A%2F%2Fwww.farmaciasahumada.cl%2Fparacetamol-500-mg-sinflu-x-20-comprimidos-96710.html&cfmId=CFM-000018,1
paracetamol,paracetamol,paracetamol,,,,14,15,araucomed,Tapsin SC puro 500 mg x 24 comprimidos.,Tapsin SC puro 500 mg x 24 comprimidos.,tapsin|500mg|24,tapsin|500mg|24|bio:unknown|brand:maver|var:sc|form:solid-oral,tapsin|500mg|24,,sc,solid-oral,24,,,500mg,,Maver,,unknown,Maver,,compatible,,CFM-000003,990,true,https://comparafarma-api.vercel.app/api/go?slug=araucomed&matchKey=tapsin%7C500mg%7C24&url=https%3A%2F%2Ffarmacia.araucomed.com%2Fanalgesicos-y-antinflamatorios%2Ftapsin-sc-puro-500mg-x24com&cfmId=CFM-000003,1
paracetamol,paracetamol,paracetamol,,,,15,16,araucomed,Panadol Advance 500mg x12com,Panadol Advance 500mg x12com,panadol|500mg|12,panadol|500mg|12|bio:unknown|brand:gsk|var:advance|form:solid-oral,panadol|500mg|12,,advance,solid-oral,12,,,500mg,,Gsk,,unknown,GSK,,compatible,,CFM-000027,990,true,https://comparafarma-api.vercel.app/api/go?slug=araucomed&matchKey=panadol%7C500mg%7C12&url=https%3A%2F%2Ffarmacia.araucomed.com%2Fanalgesicos-y-antinflamatorios%2Fpanadol-advance-500mg-x12com&cfmId=CFM-000027,1
paracetamol,paracetamol,paracetamol,,,,16,17,farmex,Kitadol 500 mg x 24 comprimidos,Kitadol 500 mg x 24 comprimidos,kitadol|500mg|24,kitadol|500mg|24|bio:unknown|brand:chile|form:solid-oral,kitadol|500mg|24,,,solid-oral,24,,,500mg,,Laboratorio Chile,,unknown,LABORATORIO CHILE,,compatible,,CFM-000013,990,true,https://comparafarma-api.vercel.app/api/go?slug=farmex&matchKey=kitadol%7C500mg%7C24&url=https%3A%2F%2Ffarmex.cl%2Fproducts%2Fkitadol-comprimidos-bioequivalente-paracetamol%3F_pos%3D6%26_psq%3Dparacetamol%26_psid%3D5ba8308a0%26_ss%3De&cfmId=CFM-000013,1
paracetamol,paracetamol,paracetamol,,,,17,18,sermecoop,Geniol (paracetamol) 500mg 20 Comprimidos,Geniol (paracetamol) 500mg 20 Comprimidos,geniol|500mg|20,geniol|500mg|20|bio:true|brand:unknown|form:solid-oral,geniol|500mg|20,,,solid-oral,20,,,500mg,Geniol,,paracetamol,name,,true,exact,,CFM-000008,990,true,https://comparafarma-api.vercel.app/api/go?slug=sermecoop&matchKey=geniol%7C500mg%7C20&url=https%3A%2F%2Fwww.farmaciasermecoop.cl%2Findex.php%2Fonline%2Fdetalleproducto%3Fp_%3D7542%26d_%3D1&cfmId=CFM-000008,1
paracetamol,paracetamol,paracetamol,,,,18,19,araucomed,Paracetamol Infantil 125mg x 6 supositorios. (Chile),Paracetamol Infantil 125mg x 6 supositorios. (Chile),paracetamol|125mg|6,paracetamol|125mg|6|bio:unknown|brand:chile|var:infantil|form:suppository,paracetamol|125mg|6,,infantil,suppository,6,,,125mg,,Laboratorio Chile,paracetamol,unknown,Laboratorio Chile,,exact,,CFM-000011,990,true,https://comparafarma-api.vercel.app/api/go?slug=araucomed&matchKey=paracetamol%7C125mg%7C6&url=https%3A%2F%2Ffarmacia.araucomed.com%2Fanalgesicos-y-antinflamatorios%2Fparacetamol-pediatrico-125mg-x6sup-chile&cfmId=CFM-000011,1
paracetamol,paracetamol,paracetamol,,,,19,20,araucomed,Paracetamol Gotas 100 mg/ml x15ml (Chile),Paracetamol Gotas 100 mg/ml x15ml (Chile),paracetamol|15ml|15,paracetamol|15ml|15|bio:unknown|brand:chile|form:fluid-oral,paracetamol|15ml|15,,,fluid-oral,,100mg/1ml,ratio,100mg/1ml,,Laboratorio Chile,paracetamol,unknown,Laboratorio Chile,,exact,,CFM-000024,990,true,https://comparafarma-api.vercel.app/api/go?slug=araucomed&matchKey=paracetamol%7C15ml%7C15&url=https%3A%2F%2Ffarmacia.araucomed.com%2Fanalgesicos-y-antinflamatorios%2Fparacetamol-100-mg-ml-x15ml-chile&cfmId=CFM-000024,1
paracetamol,paracetamol,paracetamol,,,,20,21,araucomed,Paracetamol 100 mg/ml x15ml (Valma),Paracetamol 100 mg/ml x15ml (Valma),paracetamol|15ml|15,paracetamol|15ml|15|bio:unknown|brand:valma,paracetamol|15ml|15,,,,,100mg/1ml,ratio,100mg/1ml,,Valma,paracetamol,unknown,Valma,,exact,,CFM-000024,990,true,https://comparafarma-api.vercel.app/api/go?slug=araucomed&matchKey=paracetamol%7C15ml%7C15&url=https%3A%2F%2Ffarmacia.araucomed.com%2Fanalgesicos-y-antinflamatorios%2Fparacetamol-100-mg-ml-x15ml-valma&cfmId=CFM-000024,1
paracetamol,paracetamol,paracetamol,,,,21,22,salcobrand,Kitadol (B) Paracetamol 500mg 24 Comprimidos,Kitadol (B) Paracetamol 500mg 24 Comprimidos,kitadol|500mg|24,kitadol|500mg|24|bio:unknown|brand:kitadol|form:solid-oral,kitadol|500mg|24,,,solid-oral,24,,,500mg,Kitadol,,paracetamol,structured,Kitadol,,exact,,CFM-000013,1004,true,https://comparafarma-api.vercel.app/api/go?slug=salcobrand&matchKey=kitadol%7C500mg%7C24&url=https%3A%2F%2Fsalcobrand.cl%2Fproducts%2Fkitadol-b-paracetamol-500mg-24-comprimidos%3Fdefault_sku%3D430924&cfmId=CFM-000013,1
paracetamol,paracetamol,paracetamol,,,,22,23,ahumada,Paracetamol 100 mg/mL x 15 mL Solución Oral Para Gotas,Paracetamol gotas 100mg/ml x 15 mL (Cenabast),paracetamol|15ml|15,paracetamol|15ml|15|bio:unknown|brand:unknown|form:fluid-oral,paracetamol|15ml|15,,,fluid-oral,,100mg/1ml,ratio,100mg/1ml,,,paracetamol,unknown,,,exact,,CFM-000024,1049,true,https://comparafarma-api.vercel.app/api/go?slug=ahumada&matchKey=paracetamol%7C15ml%7C15&url=https%3A%2F%2Fwww.farmaciasahumada.cl%2Fparacetamol-100-mg-ml-x-15-ml-solucion-oral-para-gotas-2783.html&cfmId=CFM-000024,2
paracetamol,paracetamol,paracetamol,,,,22,23,ecofarmacias,Paracetamol gotas 100mg/ml x 15 mL (Cenabast),Paracetamol gotas 100mg/ml x 15 mL (Cenabast),paracetamol|15ml|15,paracetamol|15ml|15|bio:unknown|brand:unknown|form:fluid-oral,paracetamol|15ml|15,,,fluid-oral,,100mg/1ml,ratio,100mg/1ml,,,paracetamol,unknown,,,exact,,CFM-000024,1190,true,https://comparafarma-api.vercel.app/api/go?slug=ecofarmacias&matchKey=paracetamol%7C15ml%7C15&url=https%3A%2F%2Fwww.ecofarmacias.cl%2Fproducto%2Fparacetamol-gotas-100mg-ml-x-15-ml-cenabast%2F&cfmId=CFM-000024,2
paracetamol,paracetamol,paracetamol,,,,23,24,dr-simi,Paracetamol 125 mg 6 supositorios infantiles,Paracetamol 125 mg 6 supositorios infantiles,paracetamol|125mg,paracetamol|125mg|bio:false|brand:teva|form:suppository,paracetamol|125mg,,,suppository,6,,,125mg,,Teva,paracetamol,unknown,TEVA,false,exact,,CFM-000023,1050,true,https://comparafarma-api.vercel.app/api/go?slug=dr-simi&matchKey=paracetamol%7C125mg&url=https%3A%2F%2Fwww.drsimi.cl%2Fparacetamol-125-mg-6-supositorios-infantil%2Fp&cfmId=CFM-000023,1
paracetamol,paracetamol,paracetamol,,,,24,25,dr-simi,Paracetamol 100 mg/mL solución para gotas orales infantil 15 mL,Paracetamol 100 mg/mL solución para gotas orales infantil 15 mL,paracetamol|15ml,paracetamol|15ml|bio:false|brand:teva|form:fluid-oral,paracetamol|15ml,,,fluid-oral,,100mg/1ml,ratio,100mg/1ml,,Teva,paracetamol,unknown,TEVA,false,exact,,CFM-000039,1050,true,https://comparafarma-api.vercel.app/api/go?slug=dr-simi&matchKey=paracetamol%7C15ml&url=https%3A%2F%2Fwww.drsimi.cl%2Fparacetamol-100-mg-ml-gotas-15-ml%2Fp&cfmId=CFM-000039,1
paracetamol,paracetamol,paracetamol,,,,25,26,farmex,Tapsin Puro Paracetamol 500 mg x 16 comprimidos,Tapsin Puro Paracetamol 500 mg x 16 comprimidos,tapsin|500mg|16,tapsin|500mg|16|bio:unknown|brand:maver|var:puro|form:solid-oral,tapsin|500mg|16,,puro,solid-oral,16,,,500mg,Tapsin,Maver,paracetamol,name,MAVER,,exact,,CFM-000010,1090,true,https://comparafarma-api.vercel.app/api/go?slug=farmex&matchKey=tapsin%7C500mg%7C16&url=https%3A%2F%2Ffarmex.cl%2Fproducts%2Ftapsin-puro-paracetamol-500-mg-x-16-comprimidos%3F_pos%3D9%26_psq%3Dparacetamol%26_psid%3D5ba8308a0%26_ss%3De&cfmId=CFM-000010,1
paracetamol,paracetamol,paracetamol,,,,26,27,ahumada,Kitadol 500 mg x 24 Comprimidos,Kitadol 500 mg x 24 Comprimidos,kitadol|500mg|24,kitadol|500mg|24|bio:true|brand:unknown|form:solid-oral,kitadol|500mg|24,,,solid-oral,24,,,500mg,,,,unknown,,true,compatible,,CFM-000013,1190,true,https://comparafarma-api.vercel.app/api/go?slug=ahumada&matchKey=kitadol%7C500mg%7C24&url=https%3A%2F%2Fwww.farmaciasahumada.cl%2Fkitadol-500-mg-x-24-comprimidos-15414.html&cfmId=CFM-000013,1
paracetamol,paracetamol,paracetamol,,,,27,28,araucomed,Paracetamol Infantil 80 mg x 16 comprmidos masticables. (Chile),Paracetamol Infantil 80 mg x 16 comprmidos masticables. (Chile),paracetamol|80mg|16,paracetamol|80mg|16|bio:unknown|brand:chile|var:infantil,paracetamol|80mg|16,,infantil,,16,,,80mg,,Laboratorio Chile,paracetamol,unknown,Laboratorio Chile,,exact,,CFM-000020,1200,true,https://comparafarma-api.vercel.app/api/go?slug=araucomed&matchKey=paracetamol%7C80mg%7C16&url=https%3A%2F%2Ffarmacia.araucomed.com%2Fanalgesicos-y-antinflamatorios%2Fparacetamol-infantil-80mg-x16com-chile&cfmId=CFM-000020,1
paracetamol,paracetamol,paracetamol,,,,28,29,salcobrand,Paracetamol (B) 16 Comprimidos,Paracetamol (B) 16 Comprimidos,paracetamol|16,paracetamol|16|bio:unknown|brand:unknown|form:solid-oral,paracetamol|16,,,solid-oral,16,,,,,,paracetamol,unknown,Paracetamol,,exact,,CFM-000029,1231,true,https://comparafarma-api.vercel.app/api/go?slug=salcobrand&matchKey=paracetamol%7C16&url=https%3A%2F%2Fsalcobrand.cl%2Fproducts%2Fparacetamol-b-16-comprimidos%3Fdefault_sku%3D432432&cfmId=CFM-000029,1
paracetamol,paracetamol,paracetamol,,,,29,30,ecofarmacias,Tapsin Puro Sin Cafeina Paracetamol 500 mg x 16 Comprimidos,Tapsin Puro Sin Cafeina Paracetamol 500 mg x 16 Comprimidos,tapsin|500mg|16,tapsin|500mg|16|bio:true|brand:unknown|var:puro|form:solid-oral,tapsin|500mg|16,,puro,solid-oral,16,,,500mg,Tapsin,,paracetamol,name,,true,exact,,CFM-000010,1290,false,https://comparafarma-api.vercel.app/api/go?slug=ecofarmacias&matchKey=tapsin%7C500mg%7C16&url=https%3A%2F%2Fwww.ecofarmacias.cl%2Fproducto%2Ftapsin-puro-sin-cafeina-paracetamol-500-mg-x-16-comprimidos%2F&cfmId=CFM-000010,1
paracetamol,paracetamol,paracetamol,,,,30,31,ecofarmacias,Paracetamol Infantil 80 mg x 20 Comprimidos Masticables,Paracetamol Infantil 80 mg 20 Comprimidos,paracetamol|80mg|20,paracetamol|80mg|20|bio:unknown|brand:unknown|var:infantil|form:solid-oral,paracetamol|80mg|20,,infantil,solid-oral,20,,,80mg,,,paracetamol,unknown,,,exact,,CFM-000031,1290,false,https://comparafarma-api.vercel.app/api/go?slug=ecofarmacias&matchKey=paracetamol%7C80mg%7C20&url=https%3A%2F%2Fwww.ecofarmacias.cl%2Fproducto%2Fparacetamol-infantil-80-mg-x-20-comprimidos-masticables%2F&cfmId=CFM-000031,2
paracetamol,paracetamol,paracetamol,,,,30,31,cruz-verde,Paracetamol Infantil 80 mg 20 Comprimidos,Paracetamol Infantil 80 mg 20 Comprimidos,paracetamol|80mg|20,paracetamol|80mg|20|bio:unknown|brand:unknown|var:infantil|form:solid-oral,paracetamol|80mg|20,,infantil,solid-oral,20,,,80mg,,,paracetamol,unknown,,,exact,,CFM-000031,2860,true,https://comparafarma-api.vercel.app/api/go?slug=cruz-verde&matchKey=paracetamol%7C80mg%7C20&url=https%3A%2F%2Fwww.cruzverde.cl%2Fparacetamol-infantil-80-mg-20-comprimidos%2F2247.html&cfmId=CFM-000031,2
paracetamol,paracetamol,paracetamol,,,,31,32,ahumada,Paracetamol 80 mg x 20 Comprimidos Masticables,Paracetamol 80 mg x 20 Comprimidos Masticables,paracetamol|80mg|20,paracetamol|80mg|20|bio:unknown|brand:unknown|form:solid-oral,paracetamol|80mg|20,,,solid-oral,20,,,80mg,,,paracetamol,unknown,,,exact,,CFM-000031,1349,true,https://comparafarma-api.vercel.app/api/go?slug=ahumada&matchKey=paracetamol%7C80mg%7C20&url=https%3A%2F%2Fwww.farmaciasahumada.cl%2Fparacetamol-80-mg-x-20-comprimidos-masticables-90388.html&cfmId=CFM-000031,1
paracetamol,paracetamol,paracetamol,,,,32,33,dr-simi,Paracetamol 80 mg 20 comprimidos masticables infantil,Paracetamol 80 mg 20 comprimidos masticables infantil,paracetamol|80mg|20,paracetamol|80mg|20|bio:false|brand:milab|form:solid-oral,paracetamol|80mg|20,,,solid-oral,20,,,80mg,,Milab,paracetamol,unknown,MILAB,false,exact,,CFM-000031,1350,true,https://comparafarma-api.vercel.app/api/go?slug=dr-simi&matchKey=paracetamol%7C80mg%7C20&url=https%3A%2F%2Fwww.drsimi.cl%2Fparacetamol-80mg-20comp-mast-inf-ch6065-1%2Fp&cfmId=CFM-000031,1
paracetamol,paracetamol,paracetamol,,,,33,34,easyfarma,Paracetamol Infantil Gotas...,Paracetamol Infantil Gotas...,paracetamol,paracetamol|bio:unknown|brand:unknown|var:infantil|form:fluid-oral,paracetamol,,infantil,fluid-oral,,,,,,,paracetamol,unknown,,,exact,,CFM-000591,1390,true,https://comparafarma-api.vercel.app/api/go?slug=easyfarma&matchKey=paracetamol&url=https%3A%2F%2Fnuevo.easyfarma.cl%2F26770-paracetamol-infantil-gotas.html&cfmId=CFM-000591,1
paracetamol,paracetamol,paracetamol,,,,34,35,easyfarma,Paracetamol Infantil 100...,Paracetamol Infantil 100...,paracetamol,paracetamol|bio:unknown|brand:unknown|var:infantil,paracetamol,,infantil,,,,,,,,paracetamol,unknown,,,exact,,CFM-000591,1490,true,https://comparafarma-api.vercel.app/api/go?slug=easyfarma&matchKey=paracetamol&url=https%3A%2F%2Fnuevo.easyfarma.cl%2F103813-paracetamol-infantil-100-mg-ml-15-ml-lab-chile.html&cfmId=CFM-000591,1
paracetamol,paracetamol,paracetamol,,,,35,36,easyfarma,Paracetamol Gotas 100 mg/mL...,Paracetamol Gotas 100 mg/mL...,paracetamol|100mg,paracetamol|100mg|bio:unknown|brand:unknown|form:fluid-oral,paracetamol|100mg,,,fluid-oral,,100mg/1ml,ratio,100mg/1ml,,,paracetamol,unknown,,,exact,,CFM-001053,1490,true,https://comparafarma-api.vercel.app/api/go?slug=easyfarma&matchKey=paracetamol%7C100mg&url=https%3A%2F%2Fnuevo.easyfarma.cl%2F104817-paracetamol-gotas-100-mg-ml-15-ml.html&cfmId=CFM-001053,1
paracetamol,paracetamol,paracetamol,,,,36,37,dr-simi,Paracetamol 80 mg 16 comprimidos masticables,Paracetamol 80 mg 16 comprimidos masticables,paracetamol|80mg|16,paracetamol|80mg|16|bio:false|brand:teva|form:solid-oral,paracetamol|80mg|16,,,solid-oral,16,,,80mg,,Teva,paracetamol,unknown,TEVA,false,exact,,CFM-000020,1740,true,https://comparafarma-api.vercel.app/api/go?slug=dr-simi&matchKey=paracetamol%7C80mg%7C16&url=https%3A%2F%2Fwww.drsimi.cl%2Fparacetamol-80-mg-16-comprimidos-masticables%2Fp&cfmId=CFM-000020,1
paracetamol,paracetamol,paracetamol,,,,37,38,dr-simi,Dolsom paracetamol 100 mg/mL solución oral para gotas 30 mL,Dolsom paracetamol 100 mg/mL solución oral para gotas 30 mL,dolsom|30ml,dolsom|30ml|bio:false|brand:prater|form:fluid-oral,dolsom|30ml,,,fluid-oral,,100mg/1ml,ratio,100mg/1ml,Dolsom,Prater,paracetamol,name,PRATER,false,exact,,CFM-000038,1800,true,https://comparafarma-api.vercel.app/api/go?slug=dr-simi&matchKey=dolsom%7C30ml&url=https%3A%2F%2Fwww.drsimi.cl%2Fdolsom-paracetamol-100-mg-ml-solucion-gotas-orales-30-ml%2Fp&cfmId=CFM-000038,1
paracetamol,paracetamol,paracetamol,,,,38,39,dr-simi,Tapsin infantil paracetamol 160 mg 16 comprimidos masticables infantil,Tapsin infantil paracetamol 160 mg 16 comprimidos masticables infantil,tapsin|160mg|16,tapsin|160mg|16|bio:false|brand:maver|var:infantil|form:solid-oral,tapsin|160mg|16,,infantil,solid-oral,16,,,160mg,Tapsin,Maver,paracetamol,name,MAVER,false,exact,,CFM-000004,1950,true,https://comparafarma-api.vercel.app/api/go?slug=dr-simi&matchKey=tapsin%7C160mg%7C16&url=https%3A%2F%2Fwww.drsimi.cl%2Ftapsin-panadol-paracetamol-160-mg-16-comprimidos-masticables%2Fp&cfmId=CFM-000004,1
paracetamol,paracetamol,paracetamol,,,,39,40,araucomed,Tramadol Paracetamol 37.5/325 x30com Ascend (Cenabast),Tramadol Paracetamol 37.5/325 x30com Ascend (Cenabast),tramadol|30,tramadol|30|bio:unknown|brand:ascend|form:solid-oral,tramadol|30,,,solid-oral,30,,,,Tramadol,Ascend,paracetamol,name,Ascend,,exact,,CFM-000002,1990,true,https://comparafarma-api.vercel.app/api/go?slug=araucomed&matchKey=tramadol%7C30&url=https%3A%2F%2Ffarmacia.araucomed.com%2Fanalgesicos-y-antinflamatorios%2Ftramadol-paracetamol-375-325-x30com-ascend-cenabast&cfmId=CFM-000002,1
paracetamol,paracetamol,paracetamol,,,,40,41,easyfarma,Anacin Max 8 Comp,Anacin Max 8 Comp,anacin|8,anacin|8|bio:unknown|brand:unknown|var:max|form:solid-oral,anacin|8,,max,solid-oral,8,,,,,,,unknown,,,compatible,,CFM-001057,1990,true,https://comparafarma-api.vercel.app/api/go?slug=easyfarma&matchKey=anacin%7C8&url=https%3A%2F%2Fnuevo.easyfarma.cl%2F104495-anacin-max-8-comp.html&cfmId=CFM-001057,1
paracetamol,paracetamol,paracetamol,,,,41,42,araucomed,Dropol Paracetamol infantil gotas 100 mg/ml x 15 ml (Pasteur),Dropol Paracetamol infantil gotas 100 mg/ml x 15 ml (Pasteur),dropol|15ml|15,dropol|15ml|15|bio:unknown|brand:pasteur|var:infantil|form:fluid-oral,dropol|15ml|15,,infantil,fluid-oral,,100mg/1ml,ratio,100mg/1ml,Dropol,Pasteur,paracetamol,name,Pasteur,,exact,,CFM-000587,1990,true,https://comparafarma-api.vercel.app/api/go?slug=araucomed&matchKey=dropol%7C15ml%7C15&url=https%3A%2F%2Ffarmacia.araucomed.com%2Fanalgesicos-y-antinflamatorios%2Fdropol-paracetamol-infantil-gotas-100-mg-ml-x-15-ml-pasteur&cfmId=CFM-000587,1
paracetamol,paracetamol,paracetamol,,,,42,43,cruz-verde,Paracetamol 125 mg 6 Supositorios,Paracetamol 125 mg 6 Supositorios,paracetamol|125mg,paracetamol|125mg|bio:unknown|brand:unknown|form:suppository,paracetamol|125mg,,,suppository,6,,,125mg,,,paracetamol,unknown,,,exact,,CFM-000023,2040,true,https://comparafarma-api.vercel.app/api/go?slug=cruz-verde&matchKey=paracetamol%7C125mg&url=https%3A%2F%2Fwww.cruzverde.cl%2Fparacetamol-125-mg-6-supositorios%2F199334.html&cfmId=CFM-000023,1
paracetamol,paracetamol,paracetamol,,,,43,44,araucomed,Tramadol Paracetamol 37.5/325 x 30 comprimidos. (Seven Pharma),Tramadol Paracetamol 37.5/325 x 30 comprimidos. (Seven Pharma),tramadol|30,tramadol|30|bio:unknown|brand:sevenpharma|form:solid-oral,tramadol|30,,,solid-oral,30,,,,Tramadol,Seven Pharma,paracetamol,name,Seven Pharma,,exact,,CFM-000002,2200,true,https://comparafarma-api.vercel.app/api/go?slug=araucomed&matchKey=tramadol%7C30&url=https%3A%2F%2Ffarmacia.araucomed.com%2Fanalgesicos-y-antinflamatorios%2Ftramadol-paracetamol-375-325-x-30-comprimidos-seven-pharma&cfmId=CFM-000002,1
paracetamol,paracetamol,paracetamol,,,,44,45,ahumada,Panadol Advance 500mg x 12 Comprimidos,Panadol Advance 500mg x 12 Comprimidos,panadol|500mg|12,panadol|500mg|12|bio:unknown|brand:unknown|var:advance|form:solid-oral,panadol|500mg|12,,advance,solid-oral,12,,,500mg,,,,unknown,,,compatible,,CFM-000027,2232,true,https://comparafarma-api.vercel.app/api/go?slug=ahumada&matchKey=panadol%7C500mg%7C12&url=https%3A%2F%2Fwww.farmaciasahumada.cl%2Fpanadol-advance-500mg-x-12-comprimidos-89765.html&cfmId=CFM-000027,1
paracetamol,paracetamol,paracetamol,,,,45,46,araucomed,Paracetamol 500 mg x 80 comprimidos. (Chile),Paracetamol 500 mg x 80 comprimidos. (Chile),paracetamol|500mg|80,paracetamol|500mg|80|bio:unknown|brand:chile|form:solid-oral,paracetamol|500mg|80,,,solid-oral,80,,,500mg,,Laboratorio Chile,paracetamol,unknown,Laboratorio Chile,,exact,,CFM-000036,2290,true,https://comparafarma-api.vercel.app/api/go?slug=araucomed&matchKey=paracetamol%7C500mg%7C80&url=https%3A%2F%2Ffarmacia.araucomed.com%2Fanalgesicos-y-antinflamatorios%2Fparacetamol-500-mg-x-80-comprimidos-chile&cfmId=CFM-000036,1
paracetamol,paracetamol,paracetamol,,,,46,47,ahumada,Kitadol 160 mg x 16 Comprimidos Masticables,Kitadol 160 mg x 16 Comprimidos Masticables,kitadol|160mg|16,kitadol|160mg|16|bio:unknown|brand:unknown|form:solid-oral,kitadol|160mg|16,,,solid-oral,16,,,160mg,,,,unknown,,,compatible,,CFM-000016,2347,true,https://comparafarma-api.vercel.app/api/go?slug=ahumada&matchKey=kitadol%7C160mg%7C16&url=https%3A%2F%2Fwww.farmaciasahumada.cl%2Fkitadol-160-mg-x-16-comprimidos-masticables-61992.html&cfmId=CFM-000016,1
paracetamol,paracetamol,paracetamol,,,,47,48,dr-simi,Panadol para niños paracetamol 80 mg 20 comprimidos masticables,Panadol para niños paracetamol 80 mg 20 comprimidos masticables,panadol|80mg|20,panadol|80mg|20|bio:false|brand:haleon|var:infantil|form:solid-oral,panadol|80mg|20,,infantil,solid-oral,20,,,80mg,Panadol,Haleon,paracetamol,name,HALEON,false,exact,,CFM-000059,2400,true,https://comparafarma-api.vercel.app/api/go?slug=dr-simi&matchKey=panadol%7C80mg%7C20&url=https%3A%2F%2Fwww.drsimi.cl%2Fpanadol-paracetamol-80-mg-20-comprimidos-masticables%2Fp&cfmId=CFM-000059,1
paracetamol,paracetamol,paracetamol,,,,48,49,ecofarmacias,Kitadol Paracetamol Infantil gotas 100mg 15ml DESCUENTO,Kitadol Paracetamol Infantil gotas 100mg 15ml DESCUENTO,kitadol|15ml,kitadol|15ml|bio:unknown|brand:unknown|var:infantil|form:fluid-oral,kitadol|15ml,,infantil,fluid-oral,,100mg,absolute,100mg,Kitadol,,paracetamol,name,,,exact,,CFM-000043,2400,false,https://comparafarma-api.vercel.app/api/go?slug=ecofarmacias&matchKey=kitadol%7C15ml&url=https%3A%2F%2Fwww.ecofarmacias.cl%2Fproducto%2Fkitadol-paracetamol-infantil-gotas-100mg-15ml-descuento%2F&cfmId=CFM-000043,1
paracetamol,paracetamol,paracetamol,,,,49,50,salcobrand,Tapsin Duo (B) Paracetamol / Ibuprofeno 12 Comprimidos Recubiertos,Tapsin Duo (B) Paracetamol / Ibuprofeno 12 Comprimidos Recubiertos,tapsin|12,tapsin|12|bio:unknown|brand:tapsin|combo:ibuprofeno|form:solid-oral,tapsin|12,ibuprofeno,,solid-oral,12,,,,Tapsin,,,structured,Tapsin,,exact,,CFM-000109,2612,true,https://comparafarma-api.vercel.app/api/go?slug=salcobrand&matchKey=tapsin%7C12&url=https%3A%2F%2Fsalcobrand.cl%2Fproducts%2Ftapsin-duo-b-paracetamol-ibuprofeno-12-comprimidos-recubiertos%3Fdefault_sku%3D586353&cfmId=CFM-000109,1
paracetamol,paracetamol,paracetamol,,,,50,51,salcobrand,Tapsí­n M (B) Paracetamol 10 Comprimidos Recubiertos,Tapsí­n M (B) Paracetamol 10 Comprimidos Recubiertos,tapsi|10,tapsi|10|bio:unknown|brand:tapsinm|var:n|form:solid-oral,tapsi|10,,n,solid-oral,10,,,,Tapsin M,,paracetamol,structured,Tapsin M,,exact,,CFM-000053,2651,true,https://comparafarma-api.vercel.app/api/go?slug=salcobrand&matchKey=tapsi%7C10&url=https%3A%2F%2Fsalcobrand.cl%2Fproducts%2Ftapsi-n-m-b-paracetamol-10-comprimidos-recubiertos%3Fdefault_sku%3D1990016&cfmId=CFM-000053,1
paracetamol,paracetamol,paracetamol,,,,51,52,araucomed,Alividol 1 gramo x 20 comprimidos.,Alividol 1 gramo x 20 comprimidos.,alividol|20,alividol|20|bio:unknown|brand:opko|form:solid-oral,alividol|20,,,solid-oral,20,,,,,Opko,,unknown,Opko,,compatible,,CFM-001456,2690,true,https://comparafarma-api.vercel.app/api/go?slug=araucomed&matchKey=alividol%7C20&url=https%3A%2F%2Ffarmacia.araucomed.com%2Fanalgesicos-y-antinflamatorios%2Falividol-1g-x20com&cfmId=CFM-001456,1
paracetamol,paracetamol,paracetamol,,,,52,53,cruz-verde,Paracetamol 100 mg Gotas 15 mL,Paracetamol Gotas 15ml,paracetamol|15ml,paracetamol|15ml|bio:unknown|brand:unknown|form:fluid-oral,paracetamol|15ml,,,fluid-oral,,100mg,absolute,100mg,,,paracetamol,unknown,Paracetamol,,exact,,CFM-000039,2690,true,https://comparafarma-api.vercel.app/api/go?slug=cruz-verde&matchKey=paracetamol%7C15ml&url=https%3A%2F%2Fwww.cruzverde.cl%2Fparacetamol-100-mg-gotas-15-ml%2F199085.html&cfmId=CFM-000039,2
paracetamol,paracetamol,paracetamol,,,,52,53,salcobrand,Paracetamol Gotas 15ml,Paracetamol Gotas 15ml,paracetamol|15ml,paracetamol|15ml|bio:unknown|brand:unknown|form:fluid-oral,paracetamol|15ml,,,fluid-oral,,,,15ml,,,paracetamol,unknown,Paracetamol,,exact,,CFM-000039,3783,true,https://comparafarma-api.vercel.app/api/go?slug=salcobrand&matchKey=paracetamol%7C15ml&url=https%3A%2F%2Fsalcobrand.cl%2Fproducts%2Fparacetamol-gotas-15ml%3Fdefault_sku%3D434052&cfmId=CFM-000039,2
paracetamol,paracetamol,paracetamol,,,,53,54,farmex,Alividol 1000 mg x 20 comprimidos,Alividol 1000 mg x 20 comprimidos,alividol|1000mg|20,alividol|1000mg|20|bio:unknown|brand:opko|form:solid-oral,alividol|1000mg|20,,,solid-oral,20,,,1000mg,,Opko,,unknown,OPKO,,compatible,,CFM-000727,2690,true,https://comparafarma-api.vercel.app/api/go?slug=farmex&matchKey=alividol%7C1000mg%7C20&url=https%3A%2F%2Ffarmex.cl%2Fproducts%2Falividol-1000-mg-x-20-comprimidos%3F_pos%3D4%26_psq%3Dparacetamol%26_psid%3D5ba8308a0%26_ss%3De&cfmId=CFM-000727,1
paracetamol,paracetamol,paracetamol,,,,54,55,dr-simi,Tapsin Duo paracetamol 300 mg ibuprofeno 200 mg 12 comprimidos recubiertos,Tapsin Duo paracetamol 300 mg ibuprofeno 200 mg 12 comprimidos recubiertos,tapsin|300mg|12,tapsin|300mg|12|bio:false|brand:maver|var:duo|form:solid-oral,tapsin|300mg|12,,duo,solid-oral,12,,,300mg,Tapsin,Maver,paracetamol,name,MAVER,false,exact,,CFM-000041,2700,true,https://comparafarma-api.vercel.app/api/go?slug=dr-simi&matchKey=tapsin%7C300mg%7C12&url=https%3A%2F%2Fwww.drsimi.cl%2Ftapsin-duo-paracetamol-ibuprofeno-300-mg-200-mg-12-comprimidos-recubiertos-ch6158%2Fp&cfmId=CFM-000041,1
paracetamol,paracetamol,paracetamol,,,,55,56,salcobrand,Panadol Advance (R) Paracetamol 500mg 12 Comprimidos Recubiertos,Panadol Advance (R) Paracetamol 500mg 12 Comprimidos Recubiertos,panadol|500mg|12,panadol|500mg|12|bio:unknown|brand:panadoladvance|var:advance|form:solid-oral,panadol|500mg|12,,advance,solid-oral,12,,,500mg,Panadol Advance,,paracetamol,structured,Panadol Advance,,exact,,CFM-000027,2727,true,https://comparafarma-api.vercel.app/api/go?slug=salcobrand&matchKey=panadol%7C500mg%7C12&url=https%3A%2F%2Fsalcobrand.cl%2Fproducts%2Fpanadol-advance-r-paracetamol-500mg-12-comprimidos-recubiertos%3Fdefault_sku%3D579404&cfmId=CFM-000027,1
paracetamol,paracetamol,paracetamol,,,,56,57,dr-simi,Algiafin paracetamol 120 mg/5 mL jarabe 60 mL,Algiafin paracetamol 120 mg/5 mL jarabe 60 mL,algiafin|60ml,algiafin|60ml|bio:false|brand:interpharma|form:fluid-oral,algiafin|60ml,,,fluid-oral,,120mg/5ml,ratio,120mg/5ml,Algiafin,Interpharma,paracetamol,name,INTERPHARMA,false,exact,,CFM-000033,2760,true,https://comparafarma-api.vercel.app/api/go?slug=dr-simi&matchKey=algiafin%7C60ml&url=https%3A%2F%2Fwww.drsimi.cl%2Falgiafin-paracetamol-120-mg-5ml-jarabe-60-ml%2Fp&cfmId=CFM-000033,1
paracetamol,paracetamol,paracetamol,,,,57,58,salcobrand,Kitadol Parcetamol Infantil 16 Comprimidos Masticables,Kitadol Parcetamol Infantil 16 Comprimidos Masticables,kitadol|16,kitadol|16|bio:unknown|brand:kitadolinfantil|var:parcetamol|form:solid-oral,kitadol|16,,parcetamol,solid-oral,16,,,,Kitadol Infantil,,,structured,Kitadol Infantil,,compatible,,CFM-000032,2799,true,https://comparafarma-api.vercel.app/api/go?slug=salcobrand&matchKey=kitadol%7C16&url=https%3A%2F%2Fsalcobrand.cl%2Fproducts%2Fkitadol-parcetamol-infantil-16-comprimidos-masticables%3Fdefault_sku%3D438063&cfmId=CFM-000032,1
paracetamol,paracetamol,paracetamol,,,,58,59,salcobrand,Tapsn (B) Paracetamol 500mg 24 Comprimidos,Tapsn (B) Paracetamol 500mg 24 Comprimidos,tapsn|500mg|24,tapsn|500mg|24|bio:unknown|brand:tapsin|form:solid-oral,tapsn|500mg|24,,,solid-oral,24,,,500mg,Tapsin,,paracetamol,structured,Tapsin,,exact,,CFM-000047,2815,true,https://comparafarma-api.vercel.app/api/go?slug=salcobrand&matchKey=tapsn%7C500mg%7C24&url=https%3A%2F%2Fsalcobrand.cl%2Fproducts%2Ftapsn-b-paracetamol-500mg-24-comprimidos%3Fdefault_sku%3D1990715&cfmId=CFM-000047,1
paracetamol,paracetamol,paracetamol,,,,59,60,araucomed,Tramadol Paracetamol 37.5/325 x 30 comprimidos. (Laboratorio Chile),Tramadol Paracetamol 37.5/325 x 30 comprimidos. (Laboratorio Chile),tramadol|30,tramadol|30|bio:unknown|brand:chile|form:solid-oral,tramadol|30,,,solid-oral,30,,,,Tramadol,Laboratorio Chile,paracetamol,name,Laboratorio Chile,,exact,,CFM-000002,2990,true,https://comparafarma-api.vercel.app/api/go?slug=araucomed&matchKey=tramadol%7C30&url=https%3A%2F%2Ffarmacia.araucomed.com%2Fanalgesicos-y-antinflamatorios%2Ftramadol-paracetamol-375-325-x-30-comprimidos-laboratorio-chile&cfmId=CFM-000002,1
paracetamol,paracetamol,paracetamol,,,,60,61,araucomed,Paracetamol Solución para Perfusión 1000mg/100ml x 1 Ampolla (B Braun),Paracetamol Solución para Perfusión 1000mg/100ml x 1 Ampolla (B Braun),paracetamol|100ml,paracetamol|100ml|bio:unknown|brand:bbraun|var:perfusion|form:injectable,paracetamol|100ml,,perfusion,injectable,1,1000mg/100ml,ratio,1000mg/100ml,,B.Braun,paracetamol,unknown,B.Braun,,exact,,CFM-000045,2990,true,https://comparafarma-api.vercel.app/api/go?slug=araucomed&matchKey=paracetamol%7C100ml&url=https%3A%2F%2Ffarmacia.araucomed.com%2Fanalgesicos-y-antinflamatorios%2Fparacetamol-solucion-para-perfusion-1000mg-100ml-x-1-ampolla-b-braun&cfmId=CFM-000045,1
paracetamol,paracetamol,paracetamol,,,,61,62,ahumada,Bufferin 500Mg X 12 Comprimidos,Bufferin 500Mg X 12 Comprimidos,bufferin|500mg|12,bufferin|500mg|12|bio:true|brand:unknown|form:solid-oral,bufferin|500mg|12,,,solid-oral,12,,,500mg,,,,unknown,,true,compatible,,CFM-001473,3074,true,https://comparafarma-api.vercel.app/api/go?slug=ahumada&matchKey=bufferin%7C500mg%7C12&url=https%3A%2F%2Fwww.farmaciasahumada.cl%2Fbufferin-500mg-x-12-comprimidos-92081.html&cfmId=CFM-001473,1
paracetamol,paracetamol,paracetamol,,,,62,63,ahumada,Panadol 80 mg x 20 Comprimidos Masticables,Panadol 80 mg x 20 Comprimidos Masticables,panadol|80mg|20,panadol|80mg|20|bio:unknown|brand:unknown|form:solid-oral,panadol|80mg|20,,,solid-oral,20,,,80mg,,,,unknown,,,compatible,,CFM-000059,3163,true,https://comparafarma-api.vercel.app/api/go?slug=ahumada&matchKey=panadol%7C80mg%7C20&url=https%3A%2F%2Fwww.farmaciasahumada.cl%2Fpanadol-80-mg-x-20-comprimidos-masticables-88058.html&cfmId=CFM-000059,1
paracetamol,paracetamol,paracetamol,,,,63,64,ahumada,Panadol Niños 100mg/Ml Gotas 15ml,Panadol Niños 100mg/Ml Gotas 15ml,panadol|15ml,panadol|15ml|bio:unknown|brand:unknown|var:infantil|form:fluid-oral,panadol|15ml,,infantil,fluid-oral,,100mg/1ml,ratio,100mg/1ml,,,,unknown,,,compatible,,CFM-000035,3380,true,https://comparafarma-api.vercel.app/api/go?slug=ahumada&matchKey=panadol%7C15ml&url=https%3A%2F%2Fwww.farmaciasahumada.cl%2Fpanadol-ninos-100mg-ml-gotas-15ml-90333.html&cfmId=CFM-000035,1
paracetamol,paracetamol,paracetamol,,,,64,65,ecofarmacias,Tapsin Paracetamol 100 mg/ml Gotas x 15 mL,Tapsin Paracetamol 100 mg/ml Gotas x 15 mL,tapsin|15ml|15,tapsin|15ml|15|bio:unknown|brand:unknown|form:fluid-oral,tapsin|15ml|15,,,fluid-oral,,100mg/1ml,ratio,100mg/1ml,Tapsin,,paracetamol,name,,,exact,,CFM-000050,3480,true,https://comparafarma-api.vercel.app/api/go?slug=ecofarmacias&matchKey=tapsin%7C15ml%7C15&url=https%3A%2F%2Fwww.ecofarmacias.cl%2Fproducto%2Ftapsin-paracetamol-100-mg-ml-gotas-x-15-ml%2F&cfmId=CFM-000050,1
paracetamol,paracetamol,paracetamol,,,,65,66,ahumada,Kitadol 100 mg/mL x 15 mL Solución Oral Para Gotas,Kitadol 100 mg/mL x 15 mL Solución Oral Para Gotas,kitadol|15ml|15,kitadol|15ml|15|bio:unknown|brand:unknown|form:fluid-oral,kitadol|15ml|15,,,fluid-oral,,100mg/1ml,ratio,100mg/1ml,,,,unknown,,,compatible,,CFM-000055,3487,true,https://comparafarma-api.vercel.app/api/go?slug=ahumada&matchKey=kitadol%7C15ml%7C15&url=https%3A%2F%2Fwww.farmaciasahumada.cl%2Fkitadol-100-mg-ml-x-15-ml-solucion-oral-para-gotas-15375.html&cfmId=CFM-000055,1
paracetamol,paracetamol,paracetamol,,,,66,67,easyfarma,Cortigrip Dia y Noche 15...,Cortigrip Dia y Noche 15...,cortigrip|n,cortigrip|n|bio:unknown|brand:unknown,cortigrip|n,,,,,,,,,,,unknown,,,compatible,,CFM-001055,3490,true,https://comparafarma-api.vercel.app/api/go?slug=easyfarma&matchKey=cortigrip%7Cn&url=https%3A%2F%2Fnuevo.easyfarma.cl%2F25895-cortigrip-dia-noche-x-15.html&cfmId=CFM-001055,1
paracetamol,paracetamol,paracetamol,,,,67,68,easyfarma,Algiafin Jarabe x 60 ml,Algiafin Jarabe x 60 ml,algiafin|60ml|60,algiafin|60ml|60|bio:unknown|brand:unknown|form:fluid-oral,algiafin|60ml|60,,,fluid-oral,,,,60ml,,,,unknown,,,compatible,,CFM-001059,3490,true,https://comparafarma-api.vercel.app/api/go?slug=easyfarma&matchKey=algiafin%7C60ml%7C60&url=https%3A%2F%2Fnuevo.easyfarma.cl%2F25683-algiafin-jarabe-x-60ml.html&cfmId=CFM-001059,1
paracetamol,paracetamol,paracetamol,,,,68,69,salcobrand,Gesidol Infantil (B) Paracetamol Gotas 15ml,Gesidol Infantil (B) Paracetamol Gotas 15ml,gesidol|15ml,gesidol|15ml|bio:unknown|brand:gesidol|var:infantil|form:fluid-oral,gesidol|15ml,,infantil,fluid-oral,,,,15ml,Gesidol,,paracetamol,structured,Gesidol,,exact,,CFM-000028,3519,true,https://comparafarma-api.vercel.app/api/go?slug=salcobrand&matchKey=gesidol%7C15ml&url=https%3A%2F%2Fsalcobrand.cl%2Fproducts%2Fgesidol-infantil-b-paracetamol-gotas-15ml%3Fdefault_sku%3D2350155&cfmId=CFM-000028,1
paracetamol,paracetamol,paracetamol,,,,69,70,salcobrand,Kitadol Duo Ibuprofeno / Paracetamol 10 Comprimidos Recubiertos,Kitadol Duo Ibuprofeno / Paracetamol 10 Comprimidos Recubiertos,kitadol|10,kitadol|10|bio:unknown|brand:kitadolduo|combo:paracetamol|form:solid-oral,kitadol|10,paracetamol,,solid-oral,10,,,,Kitadol Duo,,,structured,Kitadol Duo,,exact,,CFM-000040,3674,true,https://comparafarma-api.vercel.app/api/go?slug=salcobrand&matchKey=kitadol%7C10&url=https%3A%2F%2Fsalcobrand.cl%2Fproducts%2Fkitadol-duo-ibuprofeno-paracetamol-10-comprimidos-recubiertos%3Fdefault_sku%3D579036&cfmId=CFM-000040,1
paracetamol,paracetamol,paracetamol,,,,70,71,salcobrand,Tapsin Forte (B) Paracetamol  20 Comprimidos Recubiertos,Tapsin Forte (B) Paracetamol  20 Comprimidos Recubiertos,tapsin|20,tapsin|20|bio:unknown|brand:tapsinforte|var:forte|form:solid-oral,tapsin|20,,forte,solid-oral,20,,,,Tapsin Forte,,paracetamol,structured,Tapsin Forte,,exact,,CFM-000408,3783,true,https://comparafarma-api.vercel.app/api/go?slug=salcobrand&matchKey=tapsin%7C20&url=https%3A%2F%2Fsalcobrand.cl%2Fproducts%2Ftapsin-forte-b-paracetamol-20-comprimidos-recubiertos%3Fdefault_sku%3D1990787&cfmId=CFM-000408,1
paracetamol,paracetamol,paracetamol,,,,71,72,cruz-verde,Bromhexina 4 mg/5mL Jarabe 100 mL,Bromhexina 4 mg/5mL Jarabe 100 mL,bromhexina|100ml,bromhexina|100ml|bio:unknown|brand:unknown|form:fluid-oral,bromhexina|100ml,,,fluid-oral,,4mg/5ml,ratio,4mg/5ml,,,,unknown,,,compatible,,CFM-000057,3990,true,https://comparafarma-api.vercel.app/api/go?slug=cruz-verde&matchKey=bromhexina%7C100ml&url=https%3A%2F%2Fwww.cruzverde.cl%2Fbromhexina-4-mg-5ml-jarabe-100-ml%2F2161.html&cfmId=CFM-000057,1
paracetamol,paracetamol,paracetamol,,,,72,73,easyfarma,Alividol 1000 mg 20...,Alividol 1000 mg 20...,alividol|1000mg,alividol|1000mg|bio:unknown|brand:unknown,alividol|1000mg,,,,,,,1000mg,,,,unknown,,,compatible,,CFM-001058,3990,true,https://comparafarma-api.vercel.app/api/go?slug=easyfarma&matchKey=alividol%7C1000mg&url=https%3A%2F%2Fnuevo.easyfarma.cl%2F103867-alividol-1000-mg-20-comprimidos.html&cfmId=CFM-001058,1
paracetamol,paracetamol,paracetamol,,,,73,74,salcobrand,Kitadol Parcetamol Infantil Gotas 15ml,Kitadol Parcetamol Infantil Gotas 15ml,kitadol|15ml,kitadol|15ml|bio:unknown|brand:kitadolinfantil|var:parcetamol|form:fluid-oral,kitadol|15ml,,parcetamol,fluid-oral,,,,15ml,Kitadol Infantil,,,structured,Kitadol Infantil,,compatible,,CFM-000043,4017,true,https://comparafarma-api.vercel.app/api/go?slug=salcobrand&matchKey=kitadol%7C15ml&url=https%3A%2F%2Fsalcobrand.cl%2Fproducts%2Fkitadol-parcetamol-infantil-gotas-15ml%3Fdefault_sku%3D430991&cfmId=CFM-000043,1
paracetamol,paracetamol,paracetamol,,,,74,75,salcobrand,Panadol Niños Paracetamol Gotas 15ml,Panadol Niños Paracetamol Gotas 15ml,panadol|15ml,panadol|15ml|bio:unknown|brand:panadol|var:infantil|form:fluid-oral,panadol|15ml,,infantil,fluid-oral,,,,15ml,Panadol,,paracetamol,structured,Panadol,,exact,,CFM-000035,4135,true,https://comparafarma-api.vercel.app/api/go?slug=salcobrand&matchKey=panadol%7C15ml&url=https%3A%2F%2Fsalcobrand.cl%2Fproducts%2Fpanadol-ninos-paracetamol-gotas-15ml%3Fdefault_sku%3D581365&cfmId=CFM-000035,1
paracetamol,paracetamol,paracetamol,,,,75,76,salcobrand,Tapsin Infantil Gotas (B) Paracetamol 15ml,Tapsin Infantil Gotas (B) Paracetamol 15ml,tapsin|15ml,tapsin|15ml|bio:unknown|brand:tapsin|var:infantil|form:fluid-oral,tapsin|15ml,,infantil,fluid-oral,,,,15ml,Tapsin,,paracetamol,structured,Tapsin,,exact,,CFM-000051,4223,true,https://comparafarma-api.vercel.app/api/go?slug=salcobrand&matchKey=tapsin%7C15ml&url=https%3A%2F%2Fsalcobrand.cl%2Fproducts%2Ftapsin-infantil-gotas-b-paracetamol-15ml%3Fdefault_sku%3D1996968&cfmId=CFM-000051,1
paracetamol,paracetamol,paracetamol,,,,76,77,ahumada,Gesidol Infantil 120 mg/5 mL x 100 mL Jarabe,Gesidol Infantil 120 mg/5 mL x 100 mL Jarabe,gesidol|100ml|100,gesidol|100ml|100|bio:unknown|brand:unknown|var:infantil|form:fluid-oral,gesidol|100ml|100,,infantil,fluid-oral,,120mg/5ml,ratio,120mg/5ml,,,,unknown,,,compatible,,CFM-000594,4469,true,https://comparafarma-api.vercel.app/api/go?slug=ahumada&matchKey=gesidol%7C100ml%7C100&url=https%3A%2F%2Fwww.farmaciasahumada.cl%2Fgesidol-infantil-120-mg-5-ml-x-100-ml-jarabe-88022.html&cfmId=CFM-000594,1
paracetamol,paracetamol,paracetamol,,,,77,78,dr-simi,Dropol paracetamol 1 g 20 comprimidos,Dropol paracetamol 1 g 20 comprimidos,dropol|1000mg|20,dropol|1000mg|20|bio:true|brand:pasteur|form:solid-oral,dropol|1000mg|20,,,solid-oral,20,,,1g,Dropol,Pasteur,paracetamol,name,PASTEUR,true,exact,,CFM-000088,4470,true,https://comparafarma-api.vercel.app/api/go?slug=dr-simi&matchKey=dropol%7C1000mg%7C20&url=https%3A%2F%2Fwww.drsimi.cl%2Fparacetamol-1-g-20-comprimidos-recubiertos-1-g--be0268-1%2Fp&cfmId=CFM-000088,1
paracetamol,paracetamol,paracetamol,,,,78,79,dr-simi,Kitadol paracetamol 120 mg/5 mL jarabe infantil 100 mL,Kitadol paracetamol 120 mg/5 mL jarabe infantil 100 mL,kitadol|100ml,kitadol|100ml|bio:false|brand:teva|form:fluid-oral,kitadol|100ml,,,fluid-oral,,120mg/5ml,ratio,120mg/5ml,Kitadol,Teva,paracetamol,name,TEVA,false,exact,,CFM-000078,4470,true,https://comparafarma-api.vercel.app/api/go?slug=dr-simi&matchKey=kitadol%7C100ml&url=https%3A%2F%2Fwww.drsimi.cl%2Fkitadol-paracetamol-120-mg-5-ml-infantil-jarabe-100-ml%2Fp&cfmId=CFM-000078,1
paracetamol,paracetamol,paracetamol,,,,79,80,ecofarmacias,Gesidol infantil paracetamol 120mg/5mL jarabe 100ml DESCUENTO,Gesidol infantil paracetamol 120mg/5mL jarabe 100ml DESCUENTO,gesidol|100ml,gesidol|100ml|bio:unknown|brand:unknown|var:infantil|form:fluid-oral,gesidol|100ml,,infantil,fluid-oral,,120mg/5ml,ratio,120mg/5ml,Gesidol,,paracetamol,name,,,exact,,CFM-000062,4690,false,https://comparafarma-api.vercel.app/api/go?slug=ecofarmacias&matchKey=gesidol%7C100ml&url=https%3A%2F%2Fwww.ecofarmacias.cl%2Fproducto%2Fgesidol-infantil-paracetamol-120mg-5ml-jarabe-100ml-descuento%2F&cfmId=CFM-000062,1
paracetamol,paracetamol,paracetamol,,,,80,81,ecofarmacias,Paracetamol Tramadol 325/37.5mg x 30 Comprimidos Recubiertos,Paracetamol Tramadol 325/37.5mg x 30 Comprimidos Recubiertos,paracetamol|37.5mg|30,paracetamol|37.5mg|30|bio:true|brand:unknown|combo:tramadol|form:solid-oral,paracetamol|37.5mg|30,tramadol,,solid-oral,30,,,37.5mg,,,,unknown,,true,exact,,CFM-000044,4850,false,https://comparafarma-api.vercel.app/api/go?slug=ecofarmacias&matchKey=paracetamol%7C37.5mg%7C30&url=https%3A%2F%2Fwww.ecofarmacias.cl%2Fproducto%2Fparacetamol-tramadol-325-37-5mg-x-30-comprimidos-recubiertos%2F&cfmId=CFM-000044,1
paracetamol,paracetamol,paracetamol,,,,81,82,ecofarmacias,"Tramadol Clorhidrato/Paracetamol 37,5-325mg x 30 Comp. Recubiertos","Tramadol Clorhidrato/Paracetamol 37,5-325mg x 30 Comp. Recubiertos",tramadol|325mg|30,tramadol|325mg|30|bio:true|brand:unknown|combo:paracetamol|form:solid-oral,tramadol|325mg|30,paracetamol,,solid-oral,30,,,325mg,,,,unknown,,true,exact,,CFM-000060,4850,true,https://comparafarma-api.vercel.app/api/go?slug=ecofarmacias&matchKey=tramadol%7C325mg%7C30&url=https%3A%2F%2Fwww.ecofarmacias.cl%2Fproducto%2Ftramadol-clorhidrato-paracetamol-375-325mg-x-30-comp-recubiertos%2F&cfmId=CFM-000060,1
paracetamol,paracetamol,paracetamol,,,,82,83,dr-simi,Desdol paracetamol 300 mg clorzoxazona 250 mg 20 comprimidos recubiertos,Desdol paracetamol 300 mg clorzoxazona 250 mg 20 comprimidos recubiertos,desdol|300mg|20,desdol|300mg|20|bio:false|brand:eurofarma|form:solid-oral,desdol|300mg|20,,,solid-oral,20,,,300mg,Desdol,Eurofarma,paracetamol,name,EUROFARMA,false,exact,,CFM-000058,4950,true,https://comparafarma-api.vercel.app/api/go?slug=dr-simi&matchKey=desdol%7C300mg%7C20&url=https%3A%2F%2Fwww.drsimi.cl%2Fdesdol-20-comprimidos-recubiertos%2Fp&cfmId=CFM-000058,1
paracetamol,paracetamol,paracetamol,,,,83,84,ahumada,Tapsin 1g Efervescente X 20 Sobres,Tapsin 1g Efervescente X 20 Sobres,tapsin|1000mg|20,tapsin|1000mg|20|bio:unknown|brand:unknown|form:fluid-oral,tapsin|1000mg|20,,,fluid-oral,20,,,1g,,,,unknown,,,compatible,,CFM-000006,4989,true,https://comparafarma-api.vercel.app/api/go?slug=ahumada&matchKey=tapsin%7C1000mg%7C20&url=https%3A%2F%2Fwww.farmaciasahumada.cl%2Ftapsin-1g-efervescente-x-20-sobres-89070.html&cfmId=CFM-000006,1
paracetamol,paracetamol,paracetamol,,,,84,85,easyfarma,Paracetamol/Tramadol...,Paracetamol/Tramadol...,paracetamol,paracetamol|bio:unknown|brand:unknown|combo:tramadol,paracetamol,tramadol,,,,,,,,,,unknown,,,exact,,CFM-000591,4990,true,https://comparafarma-api.vercel.app/api/go?slug=easyfarma&matchKey=paracetamol&url=https%3A%2F%2Fnuevo.easyfarma.cl%2F104846-paracetamol-tramadol-325-375-mg-x-30-comp.html&cfmId=CFM-000591,1
paracetamol,paracetamol,paracetamol,,,,85,86,araucomed,Winasorb Jarabe 150mg/5ml x 60 ml.,Winasorb Jarabe 150mg/5ml x 60 ml.,winasorb|60ml|60,winasorb|60ml|60|bio:unknown|brand:unknown|form:fluid-oral,winasorb|60ml|60,,,fluid-oral,,150mg/5ml,ratio,150mg/5ml,,,,unknown,,,exact,,CFM-000052,4990,true,https://comparafarma-api.vercel.app/api/go?slug=araucomed&matchKey=winasorb%7C60ml%7C60&url=https%3A%2F%2Ffarmacia.araucomed.com%2Fanalgesicos-y-antinflamatorios%2Fwinasorb-jarabe-150mg-5ml-x60ml&cfmId=CFM-000052,3
paracetamol,paracetamol,paracetamol,,,,85,86,ecofarmacias,Winasorb Paracetamol 150 mg/5mL Jarabe x 60 mL,Winasorb Jarabe 150mg/5ml x 60 ml.,winasorb|60ml|60,winasorb|60ml|60|bio:unknown|brand:unknown|form:fluid-oral,winasorb|60ml|60,,,fluid-oral,,150mg/5ml,ratio,150mg/5ml,,,,unknown,,,exact,,CFM-000052,5980,true,https://comparafarma-api.vercel.app/api/go?slug=ecofarmacias&matchKey=winasorb%7C60ml%7C60&url=https%3A%2F%2Fwww.ecofarmacias.cl%2Fproducto%2Fwinasorb-paracetamol-150-mg-5ml-jarabe-x-60-ml%2F&cfmId=CFM-000052,3
paracetamol,paracetamol,paracetamol,,,,85,86,ahumada,Winasorb 150 mg/5 mL x 60 mL Jarabe,Winasorb Jarabe 150mg/5ml x 60 ml.,winasorb|60ml|60,winasorb|60ml|60|bio:unknown|brand:unknown|form:fluid-oral,winasorb|60ml|60,,,fluid-oral,,150mg/5ml,ratio,150mg/5ml,,,,unknown,,,exact,,CFM-000052,6517,true,https://comparafarma-api.vercel.app/api/go?slug=ahumada&matchKey=winasorb%7C60ml%7C60&url=https%3A%2F%2Fwww.farmaciasahumada.cl%2Fwinasorb-150-mg-5-ml-x-60-ml-jarabe-74375.html&cfmId=CFM-000052,3
paracetamol,paracetamol,paracetamol,,,,86,87,salcobrand,Xumadol Paracetamol 1g 20 Sobres Efervescentes,Xumadol Paracetamol 1g 20 Sobres Efervescentes,xumadol|1000mg|20,xumadol|1000mg|20|bio:unknown|brand:xumadol|form:fluid-oral,xumadol|1000mg|20,,,fluid-oral,20,,,1g,Xumadol,,paracetamol,structured,Xumadol,,exact,,CFM-000075,5159,true,https://comparafarma-api.vercel.app/api/go?slug=salcobrand&matchKey=xumadol%7C1000mg%7C20&url=https%3A%2F%2Fsalcobrand.cl%2Fproducts%2Fxumadol-paracetamol-1-g-20-sobres-efervescentes%3Fdefault_sku%3D340011&cfmId=CFM-000075,1
paracetamol,paracetamol,paracetamol,,,,87,88,dr-simi,"Tramadol 37,5 mg paracetamol 325 mg 30 comprimidos recubiertos","Tramadol 37,5 mg paracetamol 325 mg 30 comprimidos recubiertos",tramadol|37.5mg|30,tramadol|37.5mg|30|bio:true|brand:sevenpharma|form:solid-oral,tramadol|37.5mg|30,,,solid-oral,30,,,37.5mg,,Seven Pharma,,unknown,SEVEN PHARMA,true,exact,,CFM-000063,5190,true,https://comparafarma-api.vercel.app/api/go?slug=dr-simi&matchKey=tramadol%7C37.5mg%7C30&url=https%3A%2F%2Fwww.drsimi.cl%2Ftramadol-paracetamol-be0119%2Fp&cfmId=CFM-000063,1
paracetamol,paracetamol,paracetamol,,,,88,89,ecofarmacias,Paracetamol 1gr x 20 Comprimidos (Hospifarma),Paracetamol 1gr x 20 Comprimidos (Hospifarma),paracetamol|20,paracetamol|20|bio:unknown|brand:unknown|form:solid-oral,paracetamol|20,,,solid-oral,20,,,1g,,,paracetamol,unknown,,,exact,,CFM-000056,5480,false,https://comparafarma-api.vercel.app/api/go?slug=ecofarmacias&matchKey=paracetamol%7C20&url=https%3A%2F%2Fwww.ecofarmacias.cl%2Fproducto%2Fparacetamol-1gr-x-20-comprimidos-hospifarma%2F&cfmId=CFM-000056,1
paracetamol,paracetamol,paracetamol,,,,89,90,cruz-verde,Ambroxol 15 mg/5mL Jarabe 100 mL,Ambroxol 15 mg/5mL Jarabe 100 mL,ambroxol|100ml,ambroxol|100ml|bio:unknown|brand:unknown|form:fluid-oral,ambroxol|100ml,,,fluid-oral,,15mg/5ml,ratio,15mg/5ml,,,ambroxol,unknown,,,compatible,,CFM-000068,5490,true,https://comparafarma-api.vercel.app/api/go?slug=cruz-verde&matchKey=ambroxol%7C100ml&url=https%3A%2F%2Fwww.cruzverde.cl%2Fambroxol-15-mg-5ml-jarabe-100-ml%2F2224.html&cfmId=CFM-000068,1
paracetamol,paracetamol,paracetamol,,,,90,91,araucomed,Xumadol 1 gramo x 20 comprimidos.,Xumadol 1 gramo x 20 comprimidos.,xumadol|20,xumadol|20|bio:unknown|brand:itflabomed|form:solid-oral,xumadol|20,,,solid-oral,20,,,,,ITF-Labomed,,unknown,ITF-Labomed,,compatible,,CFM-000070,5690,true,https://comparafarma-api.vercel.app/api/go?slug=araucomed&matchKey=xumadol%7C20&url=https%3A%2F%2Ffarmacia.araucomed.com%2Fanalgesicos-y-antinflamatorios%2Fxumadol-1gr-x20com&cfmId=CFM-000070,1
paracetamol,paracetamol,paracetamol,,,,91,92,dr-simi,"Tral P paracetamol 325 mg tramadol 37,5 mg 30 comprimidos recubiertos","Tral P paracetamol 325 mg tramadol 37,5 mg 30 comprimidos recubiertos",tral|325mg|30,tral|325mg|30|bio:true|brand:pasteur|var:p|form:solid-oral,tral|325mg|30,,p,solid-oral,30,,,325mg,Tral,Pasteur,paracetamol,name,PASTEUR,true,exact,,CFM-000076,5850,true,https://comparafarma-api.vercel.app/api/go?slug=dr-simi&matchKey=tral%7C325mg%7C30&url=https%3A%2F%2Fwww.drsimi.cl%2Ftramadol-paracetamol-37--5-325mg-30comp-ch5037-1%2Fp&cfmId=CFM-000076,1
paracetamol,paracetamol,paracetamol,,,,92,93,salcobrand,Kitadol (B) Paracetamol 1g 18 Comprimidos,Kitadol (B) Paracetamol 1g 18 Comprimidos,kitadol|1000mg|18,kitadol|1000mg|18|bio:unknown|brand:kitadol|form:solid-oral,kitadol|1000mg|18,,,solid-oral,18,,,1g,Kitadol,,paracetamol,structured,Kitadol,,exact,,CFM-000072,5885,true,https://comparafarma-api.vercel.app/api/go?slug=salcobrand&matchKey=kitadol%7C1000mg%7C18&url=https%3A%2F%2Fsalcobrand.cl%2Fproducts%2Fkitadol-b-paracetamol-1g-18-comprimidos%3Fdefault_sku%3D435361&cfmId=CFM-000072,1
paracetamol,paracetamol,paracetamol,,,,93,94,dr-simi,Tapsin SC paracetamol 1 g 20 sobres polvo para solución oral efervescente,Tapsin SC paracetamol 1 g 20 sobres polvo para solución oral efervescente,tapsin|1000mg|20,tapsin|1000mg|20|bio:false|brand:maver|var:sc|form:fluid-oral,tapsin|1000mg|20,,sc,fluid-oral,20,,,1g,Tapsin,Maver,paracetamol,name,MAVER,false,exact,,CFM-000006,5910,true,https://comparafarma-api.vercel.app/api/go?slug=dr-simi&matchKey=tapsin%7C1000mg%7C20&url=https%3A%2F%2Fwww.drsimi.cl%2Ftapsin-sc-paracetamol-1-gr-polvo-para-solucion-oral-efervescente%2Fp&cfmId=CFM-000006,1
paracetamol,paracetamol,paracetamol,,,,94,95,dr-simi,Panadol paracetamol 160 mg/5 mL jarabe infantil 90 mL,Panadol paracetamol 160 mg/5 mL jarabe infantil 90 mL,panadol|90ml,panadol|90ml|bio:false|brand:gsk|form:fluid-oral,panadol|90ml,,,fluid-oral,,160mg/5ml,ratio,160mg/5ml,Panadol,Gsk,paracetamol,name,GSK,false,exact,,CFM-000086,5940,true,https://comparafarma-api.vercel.app/api/go?slug=dr-simi&matchKey=panadol%7C90ml&url=https%3A%2F%2Fwww.drsimi.cl%2Fpanadol-para-ni%C3%B1os-jarabe-para-ni%C3%B1os-90-ml-no-contiene-azucar-ch6134%2Fp&cfmId=CFM-000086,1
paracetamol,paracetamol,paracetamol,,,,95,96,ecofarmacias,Dropol Paracetamol 1gr x 20 Comprimidos,Dropol Paracetamol 1gr x 20 Comprimidos,dropol|20,dropol|20|bio:true|brand:unknown|form:solid-oral,dropol|20,,,solid-oral,20,,,1g,Dropol,,paracetamol,name,,true,exact,,CFM-000071,5940,false,https://comparafarma-api.vercel.app/api/go?slug=ecofarmacias&matchKey=dropol%7C20&url=https%3A%2F%2Fwww.ecofarmacias.cl%2Fproducto%2Fdropol-paracetamol-1gr-x-20-comprimidos%2F&cfmId=CFM-000071,1
paracetamol,paracetamol,paracetamol,,,,96,97,cruz-verde,Tramadol Clorhidrato 100 mg / mL Solución para Gotas Orales 20 mL,Tramadol Clorhidrato 100 mg / mL Solución para Gotas Orales 20 mL,tramadol|20ml,tramadol|20ml|bio:unknown|brand:unknown|form:fluid-oral,tramadol|20ml,,,fluid-oral,,100mg/1ml,ratio,100mg/1ml,,,,unknown,,,compatible,,CFM-000065,5990,true,https://comparafarma-api.vercel.app/api/go?slug=cruz-verde&matchKey=tramadol%7C20ml&url=https%3A%2F%2Fwww.cruzverde.cl%2Ftramadol-clorhidrato-100-mg-ml-solucion-para-gotas-orales-20-ml%2F273063.html&cfmId=CFM-000065,1
paracetamol,paracetamol,paracetamol,,,,97,98,cruz-verde,Geniol Paracetamol 1000 mg 20 Comprimidos,Geniol Paracetamol 1000 mg 20 Comprimidos,geniol|1000mg|20,geniol|1000mg|20|bio:unknown|brand:unknown|form:solid-oral,geniol|1000mg|20,,,solid-oral,20,,,1000mg,Geniol,,paracetamol,name,,,exact,,CFM-000061,5990,true,https://comparafarma-api.vercel.app/api/go?slug=cruz-verde&matchKey=geniol%7C1000mg%7C20&url=https%3A%2F%2Fwww.cruzverde.cl%2Fgeniol-paracetamol-1000-mg-20-comprimidos%2F551063.html&cfmId=CFM-000061,1
paracetamol,paracetamol,paracetamol,,,,98,99,farmex,Xumadol 1 g x 20 comprimidos,Xumadol 1 g x 20 comprimidos,xumadol|1000mg|20,xumadol|1000mg|20|bio:unknown|brand:itflabomet|form:solid-oral,xumadol|1000mg|20,,,solid-oral,20,,,1g,,Itf-Labomet,,unknown,ITF-LABOMET,,compatible,,CFM-000075,5990,true,https://comparafarma-api.vercel.app/api/go?slug=farmex&matchKey=xumadol%7C1000mg%7C20&url=https%3A%2F%2Ffarmex.cl%2Fproducts%2Fxumadol-1-gr-x-20-comprimidos%3F_pos%3D1%26_psq%3Dparacetamol%26_psid%3D5ba8308a0%26_ss%3De&cfmId=CFM-000075,1
paracetamol,paracetamol,paracetamol,,,,99,100,farmex,Kitadol 1 g x 18 comprimidos,Kitadol 1 g x 18 comprimidos,kitadol|1000mg|18,kitadol|1000mg|18|bio:unknown|brand:chile|form:solid-oral,kitadol|1000mg|18,,,solid-oral,18,,,1g,,Laboratorio Chile,,unknown,LABORATORIO CHILE,,compatible,,CFM-000072,5990,true,https://comparafarma-api.vercel.app/api/go?slug=farmex&matchKey=kitadol%7C1000mg%7C18&url=https%3A%2F%2Ffarmex.cl%2Fproducts%2Fkitadol-1-g-x-18-comprimidos-be%3F_pos%3D10%26_psq%3Dparacetamol%26_psid%3D5ba8308a0%26_ss%3De&cfmId=CFM-000072,1
paracetamol,paracetamol,paracetamol,,,,100,101,ahumada,Panadol Advance 500mg x 48 Comprimidos,Panadol Advance 500mg x 48 Comprimidos,panadol|500mg|48,panadol|500mg|48|bio:unknown|brand:unknown|var:advance|form:solid-oral,panadol|500mg|48,,advance,solid-oral,48,,,500mg,,,,unknown,,,compatible,,CFM-000066,6229,true,https://comparafarma-api.vercel.app/api/go?slug=ahumada&matchKey=panadol%7C500mg%7C48&url=https%3A%2F%2Fwww.farmaciasahumada.cl%2Fpanadol-advance-500mg-x-48-comprimidos-89766.html&cfmId=CFM-000066,1
paracetamol,paracetamol,paracetamol,,,,101,102,ahumada,Xumadol 1 g 20 Comprimidos,Xumadol 1 g 20 Comprimidos,xumadol|1000mg|20,xumadol|1000mg|20|bio:true|brand:unknown|form:solid-oral,xumadol|1000mg|20,,,solid-oral,20,,,1g,,,,unknown,,true,compatible,,CFM-000075,6389,true,https://comparafarma-api.vercel.app/api/go?slug=ahumada&matchKey=xumadol%7C1000mg%7C20&url=https%3A%2F%2Fwww.farmaciasahumada.cl%2Fxumadol-1-g-20-comprimidos-73460.html&cfmId=CFM-000075,1
paracetamol,paracetamol,paracetamol,,,,102,103,salcobrand,Xumadol (B) Paracetamol 1g 20 Comprimidos,Xumadol (B) Paracetamol 1g 20 Comprimidos,xumadol|1000mg|20,xumadol|1000mg|20|bio:unknown|brand:xumadol|form:solid-oral,xumadol|1000mg|20,,,solid-oral,20,,,1g,Xumadol,,paracetamol,structured,Xumadol,,exact,,CFM-000075,6659,true,https://comparafarma-api.vercel.app/api/go?slug=salcobrand&matchKey=xumadol%7C1000mg%7C20&url=https%3A%2F%2Fsalcobrand.cl%2Fproducts%2Fxumadol-b-paracetamol-1-g-20-comprimidos%3Fdefault_sku%3D340180&cfmId=CFM-000075,1
paracetamol,paracetamol,paracetamol,,,,103,104,ahumada,Gesidol Paracetamol 1gr 20 Comprimidos,Gesidol Paracetamol 1gr 20 Comprimidos,gesidol|20,gesidol|20|bio:true|brand:unknown|form:solid-oral,gesidol|20,,,solid-oral,20,,,1g,Gesidol,,paracetamol,name,,true,exact,,CFM-000067,6979,true,https://comparafarma-api.vercel.app/api/go?slug=ahumada&matchKey=gesidol%7C20&url=https%3A%2F%2Fwww.farmaciasahumada.cl%2Fgesidol-paracetamol-1gr-20-comprimidos-88024.html&cfmId=CFM-000067,1
paracetamol,paracetamol,paracetamol,,,,104,105,ecofarmacias,Paracetamol Gesidol 1gr x 20 Comprimidos,Paracetamol Gesidol 1gr x 20 Comprimidos,paracetamol|20,paracetamol|20|bio:unknown|brand:unknown|var:gesidol|form:solid-oral,paracetamol|20,,gesidol,solid-oral,20,,,1g,,,paracetamol,unknown,,,exact,,CFM-000056,6980,true,https://comparafarma-api.vercel.app/api/go?slug=ecofarmacias&matchKey=paracetamol%7C20&url=https%3A%2F%2Fwww.ecofarmacias.cl%2Fproducto%2Fparacetamol-gesidol-1gr-20-comprimidos%2F&cfmId=CFM-000056,1
paracetamol,paracetamol,paracetamol,,,,105,106,ecofarmacias,Gesidol Paracetamol 120mg/5ml Jarabe Infantil 100ml,Gesidol Paracetamol 120mg/5ml Jarabe Infantil 100ml,gesidol|100ml,gesidol|100ml|bio:unknown|brand:unknown|form:fluid-oral,gesidol|100ml,,,fluid-oral,,120mg/5ml,ratio,120mg/5ml,Gesidol,,paracetamol,name,,,exact,,CFM-000062,6990,true,https://comparafarma-api.vercel.app/api/go?slug=ecofarmacias&matchKey=gesidol%7C100ml&url=https%3A%2F%2Fwww.ecofarmacias.cl%2Fproducto%2Fgesidol-paracetamol-120mg-5ml-jarabe-infantil-100ml%2F&cfmId=CFM-000062,1
paracetamol,paracetamol,paracetamol,,,,106,107,ahumada,Paracetamol 1G Dropol Comprimidos Efervecentes Tubo x  10,Paracetamol 1G Dropol Comprimidos Efervecentes Tubo x  10,paracetamol|1000mg|10,paracetamol|1000mg|10|bio:unknown|brand:unknown|form:solid-oral,paracetamol|1000mg|10,,,solid-oral,10,,,1g,,,paracetamol,unknown,,,exact,,CFM-000091,6999,true,https://comparafarma-api.vercel.app/api/go?slug=ahumada&matchKey=paracetamol%7C1000mg%7C10&url=https%3A%2F%2Fwww.farmaciasahumada.cl%2Fparacetamol-1g-dropol-comprimidos-efervecentes-tubo-x--10-96599.html&cfmId=CFM-000091,1
paracetamol,paracetamol,paracetamol,,,,107,108,cruz-verde,"Sales para Rehidratación 90 Cloruro de Sodio 3,5 gr Polvo para Suspensión Oral 4 Sobres Sabor Limón","Sales para Rehidratación 90 Cloruro de Sodio 3,5 gr Polvo para Suspensión Oral 4 Sobres Sabor Limón",sales|4,sales|4|bio:unknown|brand:unknown|var:rehidratacion|form:fluid-oral,sales|4,,rehidratacion,fluid-oral,4,,,3.5g,Sales,,sodio,name,,,compatible,,CFM-000083,7190,true,https://comparafarma-api.vercel.app/api/go?slug=cruz-verde&matchKey=sales%7C4&url=https%3A%2F%2Fwww.cruzverde.cl%2Fsales-para-rehidratacion-90-cloruro-de-sodio-3-5-gr-polvo-para-suspension-oral-4-sobres-sabor-limon%2F265800.html&cfmId=CFM-000083,1
paracetamol,paracetamol,paracetamol,,,,108,109,ahumada,Kitadol 1 g 18 Comprimidos,Kitadol 1 g 18 Comprimidos,kitadol|1000mg|18,kitadol|1000mg|18|bio:true|brand:unknown|form:solid-oral,kitadol|1000mg|18,,,solid-oral,18,,,1g,,,,unknown,,true,compatible,,CFM-000072,7490,true,https://comparafarma-api.vercel.app/api/go?slug=ahumada&matchKey=kitadol%7C1000mg%7C18&url=https%3A%2F%2Fwww.farmaciasahumada.cl%2Fkitadol-1-g-18-comprimidos-66871.html&cfmId=CFM-000072,1
paracetamol,paracetamol,paracetamol,,,,109,110,salcobrand,Gesidol (B) Paracetamol 1g 20 Comprimidos,Gesidol (B) Paracetamol 1g 20 Comprimidos,gesidol|1000mg|20,gesidol|1000mg|20|bio:unknown|brand:gesidol|form:solid-oral,gesidol|1000mg|20,,,solid-oral,20,,,1g,Gesidol,,paracetamol,structured,Gesidol,,exact,,CFM-000093,7649,true,https://comparafarma-api.vercel.app/api/go?slug=salcobrand&matchKey=gesidol%7C1000mg%7C20&url=https%3A%2F%2Fsalcobrand.cl%2Fproducts%2Fgesidol-b-paracetamol-1g-20-comprimidos%3Fdefault_sku%3D2100308&cfmId=CFM-000093,1
paracetamol,paracetamol,paracetamol,,,,110,111,cruz-verde,Xumadol Paracetamol 1000 mg 20 Comprimidos,Xumadol Paracetamol 1000 mg 20 Comprimidos,xumadol|1000mg|20,xumadol|1000mg|20|bio:unknown|brand:unknown|form:solid-oral,xumadol|1000mg|20,,,solid-oral,20,,,1000mg,Xumadol,,paracetamol,name,,,exact,,CFM-000075,7690,true,https://comparafarma-api.vercel.app/api/go?slug=cruz-verde&matchKey=xumadol%7C1000mg%7C20&url=https%3A%2F%2Fwww.cruzverde.cl%2Fxumadol-paracetamol-1000-mg-20-comprimidos%2F266145.html&cfmId=CFM-000075,1
paracetamol,paracetamol,paracetamol,,,,111,112,salcobrand,Panadol Advance (R) Paracetamol 500mg 48 Comprimidos Recubiertos,Panadol Advance (R) Paracetamol 500mg 48 Comprimidos Recubiertos,panadol|500mg|48,panadol|500mg|48|bio:unknown|brand:panadoladvance|var:advance|form:solid-oral,panadol|500mg|48,,advance,solid-oral,48,,,500mg,Panadol Advance,,paracetamol,structured,Panadol Advance,,exact,,CFM-000066,7743,true,https://comparafarma-api.vercel.app/api/go?slug=salcobrand&matchKey=panadol%7C500mg%7C48&url=https%3A%2F%2Fsalcobrand.cl%2Fproducts%2Fpanadol-advance-r-paracetamol-500mg-48-comprimidos-recubiertos%3Fdefault_sku%3D579405&cfmId=CFM-000066,1
paracetamol,paracetamol,paracetamol,,,,112,113,ecofarmacias,Tapsin infantil paracetamol 120mg/5ml jarabe 100ml,Tapsin infantil paracetamol 120mg/5ml jarabe 100ml,tapsin|100ml,tapsin|100ml|bio:unknown|brand:unknown|var:infantil|form:fluid-oral,tapsin|100ml,,infantil,fluid-oral,,120mg/5ml,ratio,120mg/5ml,Tapsin,,paracetamol,name,,,exact,,CFM-000081,7890,true,https://comparafarma-api.vercel.app/api/go?slug=ecofarmacias&matchKey=tapsin%7C100ml&url=https%3A%2F%2Fwww.ecofarmacias.cl%2Fproducto%2Ftapsin-infantil-paracetamol-120mg-5ml-jarabe-100ml%2F&cfmId=CFM-000081,1
paracetamol,paracetamol,paracetamol,,,,113,114,ecofarmacias,Kitadol Paracetamol Infantil Jarabe 100ml,Kitadol Paracetamol Infantil Jarabe 100ml,kitadol|100ml,kitadol|100ml|bio:unknown|brand:unknown|var:infantil|form:fluid-oral,kitadol|100ml,,infantil,fluid-oral,,,,100ml,Kitadol,,paracetamol,name,,,exact,,CFM-000078,7950,false,https://comparafarma-api.vercel.app/api/go?slug=ecofarmacias&matchKey=kitadol%7C100ml&url=https%3A%2F%2Fwww.ecofarmacias.cl%2Fproducto%2Fkitadol-paracetamol-infantil-jarabe-100ml%2F&cfmId=CFM-000078,1
paracetamol,paracetamol,paracetamol,,,,114,115,araucomed,Xumadol Polvo Efervescente 1 gramo x 20 sobres.,Xumadol Polvo Efervescente 1 gramo x 20 sobres.,xumadol|20,xumadol|20|bio:unknown|brand:itflabomed|form:fluid-oral,xumadol|20,,,fluid-oral,20,,,,,ITF-Labomed,,unknown,ITF-Labomed,,compatible,,CFM-000070,7990,true,https://comparafarma-api.vercel.app/api/go?slug=araucomed&matchKey=xumadol%7C20&url=https%3A%2F%2Ffarmacia.araucomed.com%2Fanalgesicos-y-antinflamatorios%2Fxumadol-polvo-eferv-1gr-x20sob&cfmId=CFM-000070,1
paracetamol,paracetamol,paracetamol,,,,115,116,farmex,Supracalm 1 g x 20 comprimidos,Supracalm 1 g x 20 comprimidos,supracalm|1000mg|20,supracalm|1000mg|20|bio:unknown|brand:tecnofarma|form:solid-oral,supracalm|1000mg|20,,,solid-oral,20,,,1g,,Tecnofarma,,unknown,TECNOFARMA,,compatible,,CFM-000074,7995,true,https://comparafarma-api.vercel.app/api/go?slug=farmex&matchKey=supracalm%7C1000mg%7C20&url=https%3A%2F%2Ffarmex.cl%2Fproducts%2Fsupracalm-tabletas-g-paracetamol%3F_pos%3D2%26_psq%3Dparacetamol%26_psid%3D5ba8308a0%26_ss%3De&cfmId=CFM-000074,1
paracetamol,paracetamol,paracetamol,,,,116,117,cruz-verde,Alividol Paracetamol 1000 mg 20 comprimidos,Alividol Paracetamol 1000 mg 20 comprimidos,alividol|1000mg|20,alividol|1000mg|20|bio:unknown|brand:unknown|form:solid-oral,alividol|1000mg|20,,,solid-oral,20,,,1000mg,Alividol,,paracetamol,name,,,exact,,CFM-000727,8390,true,https://comparafarma-api.vercel.app/api/go?slug=cruz-verde&matchKey=alividol%7C1000mg%7C20&url=https%3A%2F%2Fwww.cruzverde.cl%2Falividol-paracetamol-1000-mg-20-comprimidos%2F541879.html&cfmId=CFM-000727,1
paracetamol,paracetamol,paracetamol,,,,117,118,salcobrand,Panadol Niños Paracetamol Jarabe 90ml,Panadol Niños Paracetamol Jarabe 90ml,panadol|90ml,panadol|90ml|bio:unknown|brand:panadol|var:infantil|form:fluid-oral,panadol|90ml,,infantil,fluid-oral,,,,90ml,Panadol,,paracetamol,structured,Panadol,,exact,,CFM-000086,8449,true,https://comparafarma-api.vercel.app/api/go?slug=salcobrand&matchKey=panadol%7C90ml&url=https%3A%2F%2Fsalcobrand.cl%2Fproducts%2Fpanadol-ninos-paracetamol-jarabe-90ml%3Fdefault_sku%3D581367&cfmId=CFM-000086,1
paracetamol,paracetamol,paracetamol,,,,118,119,salcobrand,Bufferin (B) Forte Paracetamol 1g 18 Comprimidos,Bufferin (B) Forte Paracetamol 1g 18 Comprimidos,bufferin|1000mg|18,bufferin|1000mg|18|bio:unknown|brand:bufferin|var:forte|form:solid-oral,bufferin|1000mg|18,,forte,solid-oral,18,,,1g,Bufferin,,paracetamol,structured,Bufferin,,exact,,CFM-000085,8924,true,https://comparafarma-api.vercel.app/api/go?slug=salcobrand&matchKey=bufferin%7C1000mg%7C18&url=https%3A%2F%2Fsalcobrand.cl%2Fproducts%2Fbufferin-b-forte-paracetamol-1g-18-comprimidos%3Fdefault_sku%3D585146&cfmId=CFM-000085,1
paracetamol,paracetamol,paracetamol,,,,119,120,ahumada,Panadol Niños 160mg/5ml Jarabe 90ml,Panadol Niños 160mg/5ml Jarabe 90ml,panadol|90ml,panadol|90ml|bio:unknown|brand:unknown|var:infantil|form:fluid-oral,panadol|90ml,,infantil,fluid-oral,,160mg/5ml,ratio,160mg/5ml,,,,unknown,,,compatible,,CFM-000086,9204,true,https://comparafarma-api.vercel.app/api/go?slug=ahumada&matchKey=panadol%7C90ml&url=https%3A%2F%2Fwww.farmaciasahumada.cl%2Fpanadol-ninos-160mg-5ml-jarabe-90ml-90335.html&cfmId=CFM-000086,1
paracetamol,paracetamol,paracetamol,,,,120,121,cruz-verde,"Sales para Rehidratación 60 Cloruro de Sodio 3,5 gr Polvo para Suspensión Oral 8 Sobres Sabor Fresa","Sales para Rehidratación 60 Cloruro de Sodio 3,5 gr Polvo para Suspensión Oral 8 Sobres Sabor Fresa",sales|8,sales|8|bio:unknown|brand:unknown|var:rehidratacion|form:fluid-oral,sales|8,,rehidratacion,fluid-oral,8,,,3.5g,Sales,,sodio,name,,,compatible,,CFM-000090,9290,true,https://comparafarma-api.vercel.app/api/go?slug=cruz-verde&matchKey=sales%7C8&url=https%3A%2F%2Fwww.cruzverde.cl%2Fsales-para-rehidratacion-60-cloruro-de-sodio-3-5-gr-polvo-para-suspension-oral-8-sobres-sabor-fresa%2F265799.html&cfmId=CFM-000090,1
paracetamol,paracetamol,paracetamol,,,,121,122,ahumada,Bufferin Forte Paracetamol 1 G 18 Comprimidos,Bufferin Forte Paracetamol 1 G 18 Comprimidos,bufferin|1000mg|18,bufferin|1000mg|18|bio:true|brand:unknown|var:forte|form:solid-oral,bufferin|1000mg|18,,forte,solid-oral,18,,,1g,Bufferin,,paracetamol,name,,true,exact,,CFM-000085,9299,true,https://comparafarma-api.vercel.app/api/go?slug=ahumada&matchKey=bufferin%7C1000mg%7C18&url=https%3A%2F%2Fwww.farmaciasahumada.cl%2Fbufferin-forte-paracetamol-1-g-18-comprimidos-92080.html&cfmId=CFM-000085,1
paracetamol,paracetamol,paracetamol,,,,122,123,cruz-verde,Gesidol Paracetamol 1 gr 20 Comprimidos,Gesidol Paracetamol 1 gr 20 Comprimidos,gesidol|20,gesidol|20|bio:unknown|brand:unknown|form:solid-oral,gesidol|20,,,solid-oral,20,,,1g,Gesidol,,paracetamol,name,,,exact,,CFM-000067,9890,true,https://comparafarma-api.vercel.app/api/go?slug=cruz-verde&matchKey=gesidol%7C20&url=https%3A%2F%2Fwww.cruzverde.cl%2Fgesidol-paracetamol-1-gr-20-comprimidos%2F392102.html&cfmId=CFM-000067,1
paracetamol,paracetamol,paracetamol,,,,123,124,araucomed,Cronotan Efervescente x 20 comprimidos.,Cronotan Efervescente x 20 comprimidos.,cronotan|20,cronotan|20|bio:unknown|brand:itflabomed|form:solid-oral,cronotan|20,,,solid-oral,20,,,,,ITF-Labomed,,unknown,ITF-Labomed,,compatible,,CFM-000358,9990,true,https://comparafarma-api.vercel.app/api/go?slug=araucomed&matchKey=cronotan%7C20&url=https%3A%2F%2Ffarmacia.araucomed.com%2Fanalgesicos-y-antinflamatorios%2Fcronotan-efervescente-x-20-comprimidos&cfmId=CFM-000358,1
paracetamol,paracetamol,paracetamol,,,,124,125,easyfarma,Brevex 20 comprimidos,Brevex 20 comprimidos,brevex|20,brevex|20|bio:unknown|brand:unknown|form:solid-oral,brevex|20,,,solid-oral,20,,,,,,,unknown,,,compatible,,CFM-001056,10990,true,https://comparafarma-api.vercel.app/api/go?slug=easyfarma&matchKey=brevex%7C20&url=https%3A%2F%2Fnuevo.easyfarma.cl%2F25025-brevex-x-20.html&cfmId=CFM-001056,1
paracetamol,paracetamol,paracetamol,,,,125,126,ahumada,Paracetamol 1G Dropol Comprimidos Efervecentes Tubo x 20,Paracetamol 1G Dropol Comprimidos Efervecentes Tubo x 20,paracetamol|1000mg|20,paracetamol|1000mg|20|bio:unknown|brand:unknown|form:solid-oral,paracetamol|1000mg|20,,,solid-oral,20,,,1g,,,paracetamol,unknown,,,exact,,CFM-000069,10999,true,https://comparafarma-api.vercel.app/api/go?slug=ahumada&matchKey=paracetamol%7C1000mg%7C20&url=https%3A%2F%2Fwww.farmaciasahumada.cl%2Fparacetamol-1g-dropol-comprimidos-efervecentes-tubo-x-20-96600.html&cfmId=CFM-000069,1
paracetamol,paracetamol,paracetamol,,,,126,127,salcobrand,Supracalm (B) Paracetamol 20 Comprimidos,Supracalm (B) Paracetamol 20 Comprimidos,supracalm|20,supracalm|20|bio:unknown|brand:supracalm|form:solid-oral,supracalm|20,,,solid-oral,20,,,,Supracalm,,paracetamol,structured,Supracalm,,exact,,CFM-000092,12583,true,https://comparafarma-api.vercel.app/api/go?slug=salcobrand&matchKey=supracalm%7C20&url=https%3A%2F%2Fsalcobrand.cl%2Fproducts%2Fsupracalm-b-paracetamol-20-comprimidos%3Fdefault_sku%3D3110454&cfmId=CFM-000092,1
paracetamol,paracetamol,paracetamol,,,,127,128,cruz-verde,"Salbutamol 0,5% Solución para Nebulización 20 mL","Salbutamol 0,5% Solución para Nebulización 20 mL",salbutamol|20ml,salbutamol|20ml|bio:unknown|brand:unknown|form:inhaled,salbutamol|20ml,,,inhaled,,,,0.5%,,,salbutamol,unknown,,,compatible,,CFM-000095,13490,true,https://comparafarma-api.vercel.app/api/go?slug=cruz-verde&matchKey=salbutamol%7C20ml&url=https%3A%2F%2Fwww.cruzverde.cl%2Fsalbutamol-0-5-solucion-para-nebulizacion-20-ml%2F268913.html&cfmId=CFM-000095,1
paracetamol,paracetamol,paracetamol,,,,128,129,cruz-verde,Dropol Paracetamol 1 gr 20 Comprimidos,Dropol Paracetamol 1 gr 20 Comprimidos,dropol|20,dropol|20|bio:unknown|brand:unknown|form:solid-oral,dropol|20,,,solid-oral,20,,,1g,Dropol,,paracetamol,name,,,exact,,CFM-000071,14590,true,https://comparafarma-api.vercel.app/api/go?slug=cruz-verde&matchKey=dropol%7C20&url=https%3A%2F%2Fwww.cruzverde.cl%2Fdropol-paracetamol-1-gr-20-comprimidos%2F538858.html&cfmId=CFM-000071,1
paracetamol,paracetamol,paracetamol,,,,129,130,cruz-verde,Brevex Paracetamol 300 mg 20 Comprimidos Recubiertos,Brevex Paracetamol 300 mg 20 Comprimidos Recubiertos,brevex|300mg|20,brevex|300mg|20|bio:unknown|brand:unknown|form:solid-oral,brevex|300mg|20,,,solid-oral,20,,,300mg,Brevex,,paracetamol,name,,,exact,,CFM-000096,16390,true,https://comparafarma-api.vercel.app/api/go?slug=cruz-verde&matchKey=brevex%7C300mg%7C20&url=https%3A%2F%2Fwww.cruzverde.cl%2Fbrevex-paracetamol-300-mg-20-comprimidos-recubiertos%2F9113.html&cfmId=CFM-000096,1
paracetamol,paracetamol,paracetamol,,,,130,131,easyfarma,Cronus x 30 comprimidos,Cronus x 30 comprimidos,cronus|30,cronus|30|bio:unknown|brand:unknown|form:solid-oral,cronus|30,,,solid-oral,30,,,,,,,unknown,,,compatible,,CFM-001054,16990,true,https://comparafarma-api.vercel.app/api/go?slug=easyfarma&matchKey=cronus%7C30&url=https%3A%2F%2Fnuevo.easyfarma.cl%2F104166-cronus-x-30-comprimidos.html&cfmId=CFM-001054,1
paracetamol,paracetamol,paracetamol,,,,131,132,cruz-verde,"Ipratropio Bromuro 0,025% Solución para Inhalación 20 mL","Ipratropio Bromuro 0,025% Solución para Inhalación 20 mL",ipratropio|20ml,ipratropio|20ml|bio:unknown|brand:unknown|var:bromuro|form:inhaled,ipratropio|20ml,,bromuro,inhaled,,,,0.025%,,,,unknown,,,compatible,,CFM-000089,16990,true,https://comparafarma-api.vercel.app/api/go?slug=cruz-verde&matchKey=ipratropio%7C20ml&url=https%3A%2F%2Fwww.cruzverde.cl%2Fipratropio-bromuro-0-025-solucion-para-inhalacion-20-ml%2F264185.html&cfmId=CFM-000089,1
paracetamol,paracetamol,paracetamol,,,,132,133,cruz-verde,Bonavid Colecalciferol 300.000 UI Solución Oral para Gotas 2 mL,Bonavid Colecalciferol 300.000 UI Solución Oral para Gotas 2 mL,bonavid|2ml,bonavid|2ml|bio:unknown|brand:unknown|var:colecalciferol|form:fluid-oral,bonavid|2ml,,colecalciferol,fluid-oral,,,,300ui,,,,unknown,,,compatible,,CFM-000084,18390,true,https://comparafarma-api.vercel.app/api/go?slug=cruz-verde&matchKey=bonavid%7C2ml&url=https%3A%2F%2Fwww.cruzverde.cl%2Fbonavid-colecalciferol-300-000-ui-solucion-oral-para-gotas-2-ml%2F290034.html&cfmId=CFM-000084,1
paracetamol,paracetamol,paracetamol,,,,133,134,cruz-verde,"Betacort Cassara Betametasona 0,5 mg / mL Solucion Oral para Gotas 30 mL","Betacort Cassara Betametasona 0,5 mg / mL Solucion Oral para Gotas 30 mL",betacort|30ml,betacort|30ml|bio:unknown|brand:unknown|var:cassara|form:fluid-oral,betacort|30ml,,cassara,fluid-oral,,0.5mg/1ml,ratio,0.5mg/1ml,Betacort,,betametasona,name,,,compatible,,CFM-000077,21590,true,https://comparafarma-api.vercel.app/api/go?slug=cruz-verde&matchKey=betacort%7C30ml&url=https%3A%2F%2Fwww.cruzverde.cl%2Fbetacort-cassara-betametasona-0-5-mg-ml-solucion-oral-para-gotas-30-ml%2F296197.html&cfmId=CFM-000077,1
paracetamol,paracetamol,paracetamol,,,,134,135,cruz-verde,"Lirex Tibolona 2,5 mg 30 Comprimidos","Lirex Tibolona 2,5 mg 30 Comprimidos",lirex|2.5mg|30,lirex|2.5mg|30|bio:unknown|brand:unknown|var:tibolona|form:solid-oral,lirex|2.5mg|30,,tibolona,solid-oral,30,,,2.5mg,,,,unknown,,,compatible,,CFM-000087,22989,true,https://comparafarma-api.vercel.app/api/go?slug=cruz-verde&matchKey=lirex%7C2.5mg%7C30&url=https%3A%2F%2Fwww.cruzverde.cl%2Flirex-tibolona-2-5-mg-30-comprimidos%2F67406.html&cfmId=CFM-000087,1
paracetamol,paracetamol,paracetamol,,,,135,136,cruz-verde,Uroplus Fosfomicina 3 gr Granulos para Solucion Oral 1 Sobre,Uroplus Fosfomicina 3 gr Granulos para Solucion Oral 1 Sobre,uroplus,uroplus|bio:unknown|brand:unknown|var:fosfomicina|form:fluid-oral,uroplus,,fosfomicina,fluid-oral,1,,,3g,,,,unknown,,,compatible,,CFM-000073,35440,true,https://comparafarma-api.vercel.app/api/go?slug=cruz-verde&matchKey=uroplus&url=https%3A%2F%2Fwww.cruzverde.cl%2Furoplus-fosfomicina-3-gr-granulos-para-solucion-oral-1-sobre%2F391927.html&cfmId=CFM-000073,1
paracetamol,paracetamol,paracetamol,,,,136,137,cruz-verde,"Combodart 0,5/0,4 Dutasteride 0,5 mg Tamsulosina 0,4 mg 30 Cápsulas Blandas","Combodart 0,5/0,4 Dutasteride 0,5 mg Tamsulosina 0,4 mg 30 Cápsulas Blandas",combodart|0.5mg|30,combodart|0.5mg|30|bio:unknown|brand:unknown|var:dutasteride|form:solid-oral,combodart|0.5mg|30,,dutasteride,solid-oral,30,,,0.5mg,,,,unknown,,,compatible,,CFM-000094,38690,true,https://comparafarma-api.vercel.app/api/go?slug=cruz-verde&matchKey=combodart%7C0.5mg%7C30&url=https%3A%2F%2Fwww.cruzverde.cl%2Fcombodart-0-5-0-4-dutasteride-0-5-mg-tamsulosina-0-4-mg-30-capsulas-blandas%2F265918.html&cfmId=CFM-000094,1
paracetamol,paracetamol,paracetamol,,,,137,138,cruz-verde,Trelegy Ellipta 92 mcg Polvo Para Inhalacion Oral 30 Dosis,Trelegy Ellipta 92 mcg Polvo Para Inhalacion Oral 30 Dosis,trelegy|92mcg,trelegy|92mcg|bio:unknown|brand:unknown|var:ellipta|form:inhaled,trelegy|92mcg,,ellipta,inhaled,,,,92mcg,,,,unknown,,,compatible,,CFM-000082,93463,true,https://comparafarma-api.vercel.app/api/go?slug=cruz-verde&matchKey=trelegy%7C92mcg&url=https%3A%2F%2Fwww.cruzverde.cl%2Ftrelegy-ellipta-92-mcg-polvo-para-inhalacion-oral-30-dosis%2F295825.html&cfmId=CFM-000082,1
tapsin,tapsin,tapsin,,,,0,1,araucomed,Tapsin Limonada noche x5g,Tapsin Limonada noche x5g,tapsin|5000mg|n|5,tapsin|5000mg|n|5|bio:unknown|brand:maver|var:limonada,tapsin|5000mg|n|5,,limonada,,,,,5g,,Maver,,unknown,Maver,,exact,,CFM-000841,450,false,https://comparafarma-api.vercel.app/api/go?slug=araucomed&matchKey=tapsin%7C5000mg%7Cn%7C5&url=https%3A%2F%2Ffarmacia.araucomed.com%2Fgripe-y-resfrio%2Ftapsin-limonada-noche-x5g&cfmId=CFM-000841,1
tapsin,tapsin,tapsin,,,,1,2,ecofarmacias,Tapsin X 6 comprimidos Noche (Maver),Tapsin X 6 comprimidos Noche (Maver),tapsin|n|6,tapsin|n|6|bio:unknown|brand:unknown|form:solid-oral,tapsin|n|6,,,solid-oral,6,,,,,,,unknown,,,exact,,CFM-000847,460,true,https://comparafarma-api.vercel.app/api/go?slug=ecofarmacias&matchKey=tapsin%7Cn%7C6&url=https%3A%2F%2Fwww.ecofarmacias.cl%2Fproducto%2Ftapsin-x-6-noche%2F&cfmId=CFM-000847,1
tapsin,tapsin,tapsin,,,,2,3,ecofarmacias,Tapsin X 6 Comprimidos (Maver),Tapsin X 6 Comprimidos (Maver),tapsin|6,tapsin|6|bio:unknown|brand:unknown|form:solid-oral,tapsin|6,,,solid-oral,6,,,,,,,unknown,,,exact,,CFM-000046,460,true,https://comparafarma-api.vercel.app/api/go?slug=ecofarmacias&matchKey=tapsin%7C6&url=https%3A%2F%2Fwww.ecofarmacias.cl%2Fproducto%2Ftapsin-x-6-analgesico%2F&cfmId=CFM-000046,1
tapsin,tapsin,tapsin,,,,3,4,ecofarmacias,Tapsin Forte X 6 comprimidos recubiertos,Tapsin Forte X 6 comprimidos recubiertos,tapsin|6,tapsin|6|bio:unknown|brand:unknown|var:forte|form:solid-oral,tapsin|6,,forte,solid-oral,6,,,,,,,unknown,,,exact,,CFM-000046,480,false,https://comparafarma-api.vercel.app/api/go?slug=ecofarmacias&matchKey=tapsin%7C6&url=https%3A%2F%2Fwww.ecofarmacias.cl%2Fproducto%2Ftapsin-forte-x-6-comprimidos-recubiertos%2F&cfmId=CFM-000046,1
tapsin,tapsin,tapsin,,,,4,5,araucomed,Tapsin Limonada dia x5g,Tapsin Limonada dia x5g,tapsin|5000mg|d|5,tapsin|5000mg|d|5|bio:unknown|brand:maver|var:limonada,tapsin|5000mg|d|5,,limonada,,,,,5g,,Maver,,unknown,Maver,,exact,,CFM-000852,500,false,https://comparafarma-api.vercel.app/api/go?slug=araucomed&matchKey=tapsin%7C5000mg%7Cd%7C5&url=https%3A%2F%2Ffarmacia.araucomed.com%2Fgripe-y-resfrio%2Ftapsin-limonada-dia-x5g&cfmId=CFM-000852,1
tapsin,tapsin,tapsin,,,,5,6,araucomed,Tapsin Rojo Dolor de Cabeza Tira x 6 comprimidos,Tapsin Rojo Dolor de Cabeza Tira x 6 comprimidos,tapsin|6,tapsin|6|bio:unknown|brand:maver|var:rojo|form:solid-oral,tapsin|6,,rojo,solid-oral,6,,,,,Maver,,unknown,Maver,,exact,,CFM-000046,500,false,https://comparafarma-api.vercel.app/api/go?slug=araucomed&matchKey=tapsin%7C6&url=https%3A%2F%2Ffarmacia.araucomed.com%2Fanalgesicos-y-antinflamatorios%2Ftapsin-rojo-dolor-de-cabeza-tira-x-6-comprimidos&cfmId=CFM-000046,1
tapsin,tapsin,tapsin,,,,6,7,araucomed,Tapsin Plus Caliente Día limonada Antigripal x 5 gramos.,Tapsin Plus Caliente Día limonada Antigripal x 5 gramos.,tapsin|d|5,tapsin|d|5|bio:unknown|brand:maver|var:plus,tapsin|d|5,,plus,,,,,,,Maver,,unknown,Maver,,exact,,CFM-000856,550,true,https://comparafarma-api.vercel.app/api/go?slug=araucomed&matchKey=tapsin%7Cd%7C5&url=https%3A%2F%2Ffarmacia.araucomed.com%2Fgripe-y-resfrio%2Ftapsin-plus-limonada-dia-x5g&cfmId=CFM-000856,1
tapsin,tapsin,tapsin,,,,7,8,araucomed,Tapsin Plus limonada noche x5g,Tapsin Plus limonada noche x5g,tapsin|5000mg|n|5,tapsin|5000mg|n|5|bio:unknown|brand:maver|var:plus,tapsin|5000mg|n|5,,plus,,,,,5g,,Maver,,unknown,Maver,,exact,,CFM-000841,550,true,https://comparafarma-api.vercel.app/api/go?slug=araucomed&matchKey=tapsin%7C5000mg%7Cn%7C5&url=https%3A%2F%2Ffarmacia.araucomed.com%2Fgripe-y-resfrio%2Ftapsin-plus-limonada-noche-x5g&cfmId=CFM-000841,1
tapsin,tapsin,tapsin,,,,8,9,cruz-verde,Tapsin Analgésico Paracetamol 400 mg 6 Comprimidos,Tapsin Analgésico Paracetamol 400 mg 6 Comprimidos,tapsin|400mg|6,tapsin|400mg|6|bio:unknown|brand:unknown|var:analgesico|form:solid-oral,tapsin|400mg|6,,analgesico,solid-oral,6,,,400mg,Tapsin,,paracetamol,name,,,exact,,CFM-001449,590,true,https://comparafarma-api.vercel.app/api/go?slug=cruz-verde&matchKey=tapsin%7C400mg%7C6&url=https%3A%2F%2Fwww.cruzverde.cl%2Ftapsin-analgesico-paracetamol-400-mg-6-comprimidos%2F72119.html&cfmId=CFM-001449,1
tapsin,tapsin,tapsin,,,,9,10,ecofarmacias,Tapsin Sobre Noche (Maver),Tapsin Sobre Noche (Maver),tapsin|n,tapsin|n|bio:unknown|brand:unknown|form:fluid-oral,tapsin|n,,,fluid-oral,1,,,,,,,unknown,,,exact,,CFM-000012,590,true,https://comparafarma-api.vercel.app/api/go?slug=ecofarmacias&matchKey=tapsin%7Cn&url=https%3A%2F%2Fwww.ecofarmacias.cl%2Fproducto%2Ftapsin-sobre-noche%2F&cfmId=CFM-000012,1
tapsin,tapsin,tapsin,,,,10,11,ecofarmacias,Tapsin Sobre Dia (Maver),Tapsin Sobre Dia (Maver),tapsin|d,tapsin|d|bio:unknown|brand:unknown|form:fluid-oral,tapsin|d,,,fluid-oral,1,,,,,,,unknown,,,exact,,CFM-000614,590,true,https://comparafarma-api.vercel.app/api/go?slug=ecofarmacias&matchKey=tapsin%7Cd&url=https%3A%2F%2Fwww.ecofarmacias.cl%2Fproducto%2Ftapsin-sobre-dia%2F&cfmId=CFM-000614,1
tapsin,tapsin,tapsin,,,,11,12,dr-simi,Tapsin caliente compuesto día polvo para solución oral 5 g,Tapsin caliente compuesto día polvo para solución oral 5 g,tapsin|5000mg|d,tapsin|5000mg|d|bio:false|brand:maver|var:caliente|form:fluid-oral,tapsin|5000mg|d,,caliente,fluid-oral,,,,5g,,Maver,,unknown,MAVER,false,exact,,CFM-000009,600,true,https://comparafarma-api.vercel.app/api/go?slug=dr-simi&matchKey=tapsin%7C5000mg%7Cd&url=https%3A%2F%2Fwww.drsimi.cl%2Ftapsin-compuesto-antigripal-dia-aroma-limon-miel-jengibre-polvo-para-solucion-oral-en-sobres%2Fp&cfmId=CFM-000009,1
tapsin,tapsin,tapsin,,,,12,13,dr-simi,Tapsin caliente compuesto noche polvo para solución oral 5 g,Tapsin caliente compuesto noche polvo para solución oral 5 g,tapsin|5000mg|n,tapsin|5000mg|n|bio:false|brand:maver|var:caliente|form:fluid-oral,tapsin|5000mg|n,,caliente,fluid-oral,,,,5g,,Maver,,unknown,MAVER,false,exact,,CFM-000005,600,true,https://comparafarma-api.vercel.app/api/go?slug=dr-simi&matchKey=tapsin%7C5000mg%7Cn&url=https%3A%2F%2Fwww.drsimi.cl%2Ftapsin-compuesto-antigripal-noche-aroma-limon-miel-jengibre-polvo-para-solucion-oral-en-sobres%2Fp&cfmId=CFM-000005,1
tapsin,tapsin,tapsin,,,,13,14,sermecoop,Tapsin Dia Limonada Sobre (ai),Tapsin Dia Limonada Sobre (ai),tapsin|d,tapsin|d|bio:unknown|brand:unknown|var:limonada|form:fluid-oral,tapsin|d,,limonada,fluid-oral,1,,,,,,,unknown,,,exact,,CFM-000614,600,true,https://comparafarma-api.vercel.app/api/go?slug=sermecoop&matchKey=tapsin%7Cd&url=https%3A%2F%2Fwww.farmaciasermecoop.cl%2Findex.php%2Fonline%2Fdetalleproducto%3Fp_%3D12198%26d_%3D1&cfmId=CFM-000614,1
tapsin,tapsin,tapsin,,,,14,15,sermecoop,Tapsin Noche Limonada Sobre (ai),Tapsin Noche Limonada Sobre (ai),tapsin|n,tapsin|n|bio:unknown|brand:unknown|var:limonada|form:fluid-oral,tapsin|n,,limonada,fluid-oral,1,,,,,,,unknown,,,exact,,CFM-000012,600,true,https://comparafarma-api.vercel.app/api/go?slug=sermecoop&matchKey=tapsin%7Cn&url=https%3A%2F%2Fwww.farmaciasermecoop.cl%2Findex.php%2Fonline%2Fdetalleproducto%3Fp_%3D12199%26d_%3D1&cfmId=CFM-000012,1
tapsin,tapsin,tapsin,,,,15,16,cruz-verde,Tapsin Nocturno Paracetamol 500 mg 600 Comprimidos,Tapsin Nocturno Paracetamol 500 mg 600 Comprimidos,tapsin|500mg|600,tapsin|500mg|600|bio:unknown|brand:unknown|var:nocturno|form:solid-oral,tapsin|500mg|600,,nocturno,solid-oral,600,,,500mg,Tapsin,,paracetamol,name,,,exact,,CFM-001448,690,true,https://comparafarma-api.vercel.app/api/go?slug=cruz-verde&matchKey=tapsin%7C500mg%7C600&url=https%3A%2F%2Fwww.cruzverde.cl%2Ftapsin-nocturno-paracetamol-500-mg-600-comprimidos%2F72198.html&cfmId=CFM-001448,1
tapsin,tapsin,tapsin,,,,16,17,farmex,Tapsin Caliente Día Plus - Sabor Limón - Sobre de 5 g x ( 1 sobre ),Tapsin Caliente Día Plus - Sabor Limón - Sobre de 5 g x ( 1 sobre ),tapsin|5000mg|d,tapsin|5000mg|d|bio:unknown|brand:maver|var:caliente|form:fluid-oral,tapsin|5000mg|d,,caliente,fluid-oral,1,,,5g,,Maver,,unknown,MAVER,,exact,,CFM-000009,690,true,https://comparafarma-api.vercel.app/api/go?slug=farmex&matchKey=tapsin%7C5000mg%7Cd&url=https%3A%2F%2Ffarmex.cl%2Fproducts%2Ftapsin-dia-polvo-sabor-limon-sobre-de-5-g-1-sobre%3F_pos%3D8%26_psq%3Dtapsin%26_psid%3Da636e94f4%26_ss%3De&cfmId=CFM-000009,1
tapsin,tapsin,tapsin,,,,17,18,easyfarma,Paracetamol 500 mg. 16 comp.,Paracetamol 500 mg. 16 comp.,paracetamol|500mg|16,paracetamol|500mg|16|bio:unknown|brand:unknown|form:solid-oral,paracetamol|500mg|16,,,solid-oral,16,,,500mg,,,paracetamol,unknown,,,compatible,,CFM-000019,690,true,https://comparafarma-api.vercel.app/api/go?slug=easyfarma&matchKey=paracetamol%7C500mg%7C16&url=https%3A%2F%2Fnuevo.easyfarma.cl%2F24713-paracetamol-500-mg-x-16.html&cfmId=CFM-000019,1
tapsin,tapsin,tapsin,,,,18,19,ahumada,Tapsin Compuesto Dia 5g 1 Sobre Polvo Para Solución Oral,Tapsin Compuesto Dia 5g 1 Sobre Polvo Para Solución Oral,tapsin|5000mg|d,tapsin|5000mg|d|bio:true|brand:unknown|var:compuesto|form:fluid-oral,tapsin|5000mg|d,,compuesto,fluid-oral,1,,,5g,,,,unknown,,true,exact,,CFM-000009,712,true,https://comparafarma-api.vercel.app/api/go?slug=ahumada&matchKey=tapsin%7C5000mg%7Cd&url=https%3A%2F%2Fwww.farmaciasahumada.cl%2Ftapsin-compuesto-dia-5g-1-sobre-polvo-para-solucion-oral-9235.html&cfmId=CFM-000009,1
tapsin,tapsin,tapsin,,,,19,20,ahumada,Tapsin Compuesto Noche 5g 1 Sobre Polvo Para Solución Oral,Tapsin Compuesto Noche 5g 1 Sobre Polvo Para Solución Oral,tapsin|5000mg|n,tapsin|5000mg|n|bio:true|brand:unknown|var:compuesto|form:fluid-oral,tapsin|5000mg|n,,compuesto,fluid-oral,1,,,5g,,,,unknown,,true,exact,,CFM-000005,712,true,https://comparafarma-api.vercel.app/api/go?slug=ahumada&matchKey=tapsin%7C5000mg%7Cn&url=https%3A%2F%2Fwww.farmaciasahumada.cl%2Ftapsin-compuesto-noche-5g-1-sobre-polvo-para-solucion-oral-15226.html&cfmId=CFM-000005,1
tapsin,tapsin,tapsin,,,,20,21,ahumada,"Tapsin Compuesto Antigripal Caliente Noche Limón, Miel, Jengibre x 1 Sobre Polvo Para Solucion Oral","Tapsin Compuesto Antigripal Caliente Noche Limón, Miel, Jengibre x 1 Sobre Polvo Para Solucion Oral",tapsin|n,tapsin|n|bio:true|brand:unknown|var:compuesto|form:fluid-oral,tapsin|n,,compuesto,fluid-oral,1,,,,,,,unknown,,true,exact,,CFM-000012,742,true,https://comparafarma-api.vercel.app/api/go?slug=ahumada&matchKey=tapsin%7Cn&url=https%3A%2F%2Fwww.farmaciasahumada.cl%2Ftapsin-compuesto-antigripal-caliente-noche-limon--miel--jengibre-x-1-sobre-polvo-para-solucion-oral-88321.html&cfmId=CFM-000012,1
tapsin,tapsin,tapsin,,,,21,22,ahumada,Tapsin Instaflu Polvo Dia 5 g,Tapsin Instaflu Polvo Dia 5 g,tapsin|5000mg|d,tapsin|5000mg|d|bio:unknown|brand:unknown|var:instaflu|form:fluid-oral,tapsin|5000mg|d,,instaflu,fluid-oral,,,,5g,,,,unknown,,,exact,,CFM-000009,749,true,https://comparafarma-api.vercel.app/api/go?slug=ahumada&matchKey=tapsin%7C5000mg%7Cd&url=https%3A%2F%2Fwww.farmaciasahumada.cl%2Ftapsin-instaflu-polvo-dia-5-g-93351.html&cfmId=CFM-000009,1
tapsin,tapsin,tapsin,,,,22,23,ahumada,Tapsin Instaflu Polvo Noche 5 g,Tapsin Instaflu Polvo Noche 5 g,tapsin|5000mg|n,tapsin|5000mg|n|bio:unknown|brand:unknown|var:instaflu|form:fluid-oral,tapsin|5000mg|n,,instaflu,fluid-oral,,,,5g,,,,unknown,,,exact,,CFM-000005,749,true,https://comparafarma-api.vercel.app/api/go?slug=ahumada&matchKey=tapsin%7C5000mg%7Cn&url=https%3A%2F%2Fwww.farmaciasahumada.cl%2Ftapsin-instaflu-polvo-noche-5-g-93342.html&cfmId=CFM-000005,1
tapsin,tapsin,tapsin,,,,23,24,ahumada,"Tapsin Compuesto Antigripal Caliente Día Limón, Miel, Jengibre x 1 Sobre Polvo Para Solucion Oral","Tapsin Compuesto Antigripal Caliente Día Limón, Miel, Jengibre x 1 Sobre Polvo Para Solucion Oral",tapsin|d,tapsin|d|bio:unknown|brand:unknown|var:compuesto|form:fluid-oral,tapsin|d,,compuesto,fluid-oral,1,,,,,,,unknown,,,exact,,CFM-000614,772,true,https://comparafarma-api.vercel.app/api/go?slug=ahumada&matchKey=tapsin%7Cd&url=https%3A%2F%2Fwww.farmaciasahumada.cl%2Ftapsin-compuesto-antigripal-caliente-dia-limon--miel--jengibre-x-1-sobre-polvo-para-solucion-oral-88322.html&cfmId=CFM-000614,1
tapsin,tapsin,tapsin,,,,24,25,farmex,Tapsin Insta Flu Polvo Noche,Tapsin Insta Flu Polvo Noche,tapsin|n,tapsin|n|bio:unknown|brand:maver|var:insta|form:fluid-oral,tapsin|n,,insta,fluid-oral,,,,,,Maver,,unknown,MAVER,,exact,,CFM-000012,790,true,https://comparafarma-api.vercel.app/api/go?slug=farmex&matchKey=tapsin%7Cn&url=https%3A%2F%2Ffarmex.cl%2Fproducts%2Ftapsin-insta-flu-polvo-noche%3F_pos%3D7%26_psq%3Dtapsin%26_psid%3Da636e94f4%26_ss%3De&cfmId=CFM-000012,1
tapsin,tapsin,tapsin,,,,25,26,salcobrand,Tapsin Limonada (B) Paracetamol Día 5g,Tapsin Limonada (B) Paracetamol Día 5g,tapsin|5000mg|d,tapsin|5000mg|d|bio:unknown|brand:tapsin|var:limonada,tapsin|5000mg|d,,limonada,,,,,5g,Tapsin,,paracetamol,structured,Tapsin,,exact,,CFM-000009,791,true,https://comparafarma-api.vercel.app/api/go?slug=salcobrand&matchKey=tapsin%7C5000mg%7Cd&url=https%3A%2F%2Fsalcobrand.cl%2Fproducts%2Ftapsin-limonada-b-paracetamol-dia-5g%3Fdefault_sku%3D1991100&cfmId=CFM-000009,1
tapsin,tapsin,tapsin,,,,26,27,salcobrand,Tapsín Limonada Noche (B) Paracetamol 5g,Tapsín Limonada Noche (B) Paracetamol 5g,tapsin|5000mg|n,tapsin|5000mg|n|bio:unknown|brand:tapsin|var:limonada,tapsin|5000mg|n,,limonada,,,,,5g,Tapsin,,paracetamol,structured,Tapsin,,exact,,CFM-000005,791,true,https://comparafarma-api.vercel.app/api/go?slug=salcobrand&matchKey=tapsin%7C5000mg%7Cn&url=https%3A%2F%2Fsalcobrand.cl%2Fproducts%2Ftapsin-limonada-noche-b-paracetamol-5g%3Fdefault_sku%3D1999956&cfmId=CFM-000005,1
tapsin,tapsin,tapsin,,,,27,28,salcobrand,Tapsin Instaflu (B) Paracetamol Polvo Noche 1 Sobre,Tapsin Instaflu (B) Paracetamol Polvo Noche 1 Sobre,tapsin|n,tapsin|n|bio:unknown|brand:tapsin|var:instaflu|form:fluid-oral,tapsin|n,,instaflu,fluid-oral,1,,,,Tapsin,,paracetamol,structured,Tapsin,,exact,,CFM-000012,791,true,https://comparafarma-api.vercel.app/api/go?slug=salcobrand&matchKey=tapsin%7Cn&url=https%3A%2F%2Fsalcobrand.cl%2Fproducts%2Ftapsin-instaflu-b-paracetamol-polvo-noche-1-sobre%3Fdefault_sku%3D587987&cfmId=CFM-000012,1
tapsin,tapsin,tapsin,,,,28,29,dr-simi,Tapsin InstaFLU noche 1 sobre polvo para solución oral 5 g,Tapsin InstaFLU noche 1 sobre polvo para solución oral 5 g,tapsin|5000mg|n,tapsin|5000mg|n|bio:false|brand:maver|var:instaflu|form:fluid-oral,tapsin|5000mg|n,,instaflu,fluid-oral,1,,,5g,,Maver,,unknown,MAVER,false,exact,,CFM-000005,810,true,https://comparafarma-api.vercel.app/api/go?slug=dr-simi&matchKey=tapsin%7C5000mg%7Cn&url=https%3A%2F%2Fwww.drsimi.cl%2Ftapsin-instaflu-polvo-noche-ch6157%2Fp&cfmId=CFM-000005,1
tapsin,tapsin,tapsin,,,,29,30,dr-simi,Tapsin InstaFLU día paracetamol 500 mg pseudoefedrina 60 mg 1 sobre polvo para solución oral 5 g,Tapsin InstaFLU día paracetamol 500 mg pseudoefedrina 60 mg 1 sobre polvo para solución oral 5 g,tapsin|500mg|d,tapsin|500mg|d|bio:false|brand:maver|var:instaflu|form:fluid-oral,tapsin|500mg|d,,instaflu,fluid-oral,1,,,500mg,Tapsin,Maver,paracetamol,name,MAVER,false,exact,,CFM-000037,810,true,https://comparafarma-api.vercel.app/api/go?slug=dr-simi&matchKey=tapsin%7C500mg%7Cd&url=https%3A%2F%2Fwww.drsimi.cl%2Ftapsin-instaflu-polvo-dia-ch6155%2Fp&cfmId=CFM-000037,1
tapsin,tapsin,tapsin,,,,30,31,cruz-verde,Tapsin Dia Compuesto Antigripal Paracetamol 400 mg Noscapina 10 mg Cafeina 33 mg Polvo para Soluc.Oral  1 Sobre Sabor Limon / Miel / Jengibre,Tapsin Dia Compuesto Antigripal Paracetamol 400 mg Noscapina 10 mg Cafeina 33 mg Polvo para Soluc.Oral  1 Sobre Sabor Limon / Miel / Jengibre,tapsin|400mg|d,tapsin|400mg|d|bio:unknown|brand:unknown|combo:miel|form:fluid-oral,tapsin|400mg|d,miel,,fluid-oral,1,,,400mg,,,,unknown,,,exact,,CFM-000853,890,true,https://comparafarma-api.vercel.app/api/go?slug=cruz-verde&matchKey=tapsin%7C400mg%7Cd&url=https%3A%2F%2Fwww.cruzverde.cl%2Ftapsin-dia-compuesto-antigripal-paracetamol-400-mg-noscapina-10-mg-cafeina-33-mg-polvo-para-soluc-oral-1-sobre-sabor-limon-miel-jengibre%2F300607.html&cfmId=CFM-000853,1
tapsin,tapsin,tapsin,,,,31,32,araucomed,Tapsin SC puro 500 mg x 16 comprimidos.,Tapsin SC puro 500 mg x 16 comprimidos.,tapsin|500mg|16,tapsin|500mg|16|bio:unknown|brand:maver|var:sc|form:solid-oral,tapsin|500mg|16,,sc,solid-oral,16,,,500mg,,Maver,,unknown,Maver,,exact,,CFM-000010,890,true,https://comparafarma-api.vercel.app/api/go?slug=araucomed&matchKey=tapsin%7C500mg%7C16&url=https%3A%2F%2Ffarmacia.araucomed.com%2Fanalgesicos-y-antinflamatorios%2Ftapsin-sc-puro-500mg-x16com&cfmId=CFM-000010,1
tapsin,tapsin,tapsin,,,,32,33,salcobrand,Tapsin Instaflu (B) Paracetamol  Polvo Día 1 Sobre,Tapsin Instaflu (B) Paracetamol  Polvo Día 1 Sobre,tapsin|d,tapsin|d|bio:unknown|brand:tapsin|var:instaflu|form:fluid-oral,tapsin|d,,instaflu,fluid-oral,1,,,,Tapsin,,paracetamol,structured,Tapsin,,exact,,CFM-000614,899,true,https://comparafarma-api.vercel.app/api/go?slug=salcobrand&matchKey=tapsin%7Cd&url=https%3A%2F%2Fsalcobrand.cl%2Fproducts%2Ftapsin-instaflu-b-paracetamol-polvo-dia-1-sobre%3Fdefault_sku%3D587870&cfmId=CFM-000614,1
tapsin,tapsin,tapsin,,,,33,34,dr-simi,Tapsin paracetamol 500 mg 24 comprimidos,Tapsin paracetamol 500 mg 24 comprimidos,tapsin|500mg|24,tapsin|500mg|24|bio:true|brand:maver|form:solid-oral,tapsin|500mg|24,,,solid-oral,24,,,500mg,Tapsin,Maver,paracetamol,name,MAVER,true,exact,,CFM-000003,900,true,https://comparafarma-api.vercel.app/api/go?slug=dr-simi&matchKey=tapsin%7C500mg%7C24&url=https%3A%2F%2Fwww.drsimi.cl%2Ftapsin-paracetamol-500-mg-24-comprimidos-ch5296%2Fp&cfmId=CFM-000003,1
tapsin,tapsin,tapsin,,,,34,35,cruz-verde,Tapsin Noche Compuesto Antigripal Paracetamol 400 mg Noscapina 10 mg Clorfenamina 4 mg Polvo para Soluc.Oral 1 Sobre Sabor Limon / Miel / Jengibre,Tapsin Noche Compuesto Antigripal Paracetamol 400 mg Noscapina 10 mg Clorfenamina 4 mg Polvo para Soluc.Oral 1 Sobre Sabor Limon / Miel / Jengibre,tapsin|400mg|n,tapsin|400mg|n|bio:unknown|brand:unknown|combo:miel|form:fluid-oral,tapsin|400mg|n,miel,,fluid-oral,1,,,400mg,,,,unknown,,,exact,,CFM-000844,940,true,https://comparafarma-api.vercel.app/api/go?slug=cruz-verde&matchKey=tapsin%7C400mg%7Cn&url=https%3A%2F%2Fwww.cruzverde.cl%2Ftapsin-noche-compuesto-antigripal-paracetamol-400-mg-noscapina-10-mg-clorfenamina-4-mg-polvo-para-soluc-oral-1-sobre-sabor-limon-miel-jengibre%2F300604.html&cfmId=CFM-000844,1
tapsin,tapsin,tapsin,,,,35,36,cruz-verde,Tapsin Plus Noche Paracetamol 650 mg Solución Oral 1 Sobre,Tapsin Plus Noche Paracetamol 650 mg Solución Oral 1 Sobre,tapsin|650mg|n,tapsin|650mg|n|bio:unknown|brand:unknown|var:plus|form:fluid-oral,tapsin|650mg|n,,plus,fluid-oral,1,,,650mg,Tapsin,,paracetamol,name,,,exact,,CFM-000842,990,true,https://comparafarma-api.vercel.app/api/go?slug=cruz-verde&matchKey=tapsin%7C650mg%7Cn&url=https%3A%2F%2Fwww.cruzverde.cl%2Ftapsin-plus-noche-paracetamol-650-mg-solucion-oral-1-sobre%2F72203.html&cfmId=CFM-000842,1
tapsin,tapsin,tapsin,,,,36,37,cruz-verde,Tapsin Plus Día Paracetamol 650 mg Solución Oral 1 Sobre,Tapsin Plus Día Paracetamol 650 mg Solución Oral 1 Sobre,tapsin|650mg|d,tapsin|650mg|d|bio:unknown|brand:unknown|var:plus|form:fluid-oral,tapsin|650mg|d,,plus,fluid-oral,1,,,650mg,Tapsin,,paracetamol,name,,,exact,,CFM-000854,990,true,https://comparafarma-api.vercel.app/api/go?slug=cruz-verde&matchKey=tapsin%7C650mg%7Cd&url=https%3A%2F%2Fwww.cruzverde.cl%2Ftapsin-plus-dia-paracetamol-650-mg-solucion-oral-1-sobre%2F72202.html&cfmId=CFM-000854,1
tapsin,tapsin,tapsin,,,,37,38,araucomed,Tapsin SC puro 500 mg x 24 comprimidos.,Tapsin SC puro 500 mg x 24 comprimidos.,tapsin|500mg|24,tapsin|500mg|24|bio:unknown|brand:maver|var:sc|form:solid-oral,tapsin|500mg|24,,sc,solid-oral,24,,,500mg,,Maver,,unknown,Maver,,exact,,CFM-000003,990,true,https://comparafarma-api.vercel.app/api/go?slug=araucomed&matchKey=tapsin%7C500mg%7C24&url=https%3A%2F%2Ffarmacia.araucomed.com%2Fanalgesicos-y-antinflamatorios%2Ftapsin-sc-puro-500mg-x24com&cfmId=CFM-000003,1
tapsin,tapsin,tapsin,,,,38,39,ecofarmacias,Tapsin M Migraña por10 comprimidos (Maver) DESCUENTO c.arrugada,Tapsin M Migraña por10 comprimidos (Maver) DESCUENTO c.arrugada,tapsin,tapsin|bio:unknown|brand:unknown|var:m|form:solid-oral,tapsin,,m,solid-oral,10,,,,,,,unknown,,,exact,,CFM-001075,1000,false,https://comparafarma-api.vercel.app/api/go?slug=ecofarmacias&matchKey=tapsin&url=https%3A%2F%2Fwww.ecofarmacias.cl%2Fproducto%2Ftapsin-m-migrana-por10-comprimidos-maver-descuento-c-arrugada%2F&cfmId=CFM-001075,1
tapsin,tapsin,tapsin,,,,39,40,cruz-verde,Tapsin Insta Flu Polvo Día,Tapsin Insta Flu Polvo Día,tapsin|d,tapsin|d|bio:unknown|brand:unknown|var:insta|form:fluid-oral,tapsin|d,,insta,fluid-oral,,,,,,,,unknown,,,exact,,CFM-000614,1040,false,https://comparafarma-api.vercel.app/api/go?slug=cruz-verde&matchKey=tapsin%7Cd&url=https%3A%2F%2Fwww.cruzverde.cl%2Ftapsin-insta-flu-polvo-dia%2F573946.html&cfmId=CFM-000614,1
tapsin,tapsin,tapsin,,,,40,41,cruz-verde,Tapsin Insta Flu  Polvo Noche,Tapsin Insta Flu  Polvo Noche,tapsin|n,tapsin|n|bio:unknown|brand:unknown|var:insta|form:fluid-oral,tapsin|n,,insta,fluid-oral,,,,,,,,unknown,,,exact,,CFM-000012,1040,false,https://comparafarma-api.vercel.app/api/go?slug=cruz-verde&matchKey=tapsin%7Cn&url=https%3A%2F%2Fwww.cruzverde.cl%2Ftapsin-insta-flu-polvo-noche%2F573947.html&cfmId=CFM-000012,1
tapsin,tapsin,tapsin,,,,41,42,farmex,Tapsin Puro Paracetamol 500 mg x 16 comprimidos,Tapsin Puro Paracetamol 500 mg x 16 comprimidos,tapsin|500mg|16,tapsin|500mg|16|bio:unknown|brand:maver|var:puro|form:solid-oral,tapsin|500mg|16,,puro,solid-oral,16,,,500mg,Tapsin,Maver,paracetamol,name,MAVER,,exact,,CFM-000010,1090,true,https://comparafarma-api.vercel.app/api/go?slug=farmex&matchKey=tapsin%7C500mg%7C16&url=https%3A%2F%2Ffarmex.cl%2Fproducts%2Ftapsin-puro-paracetamol-500-mg-x-16-comprimidos%3F_pos%3D3%26_psq%3Dtapsin%26_psid%3Da636e94f4%26_ss%3De&cfmId=CFM-000010,1
tapsin,tapsin,tapsin,,,,42,43,easyfarma,Paracetamol inf. suposit. x 6,Paracetamol inf. suposit. x 6,paracetamol|6,paracetamol|6|bio:unknown|brand:unknown|var:infantil|form:suppository,paracetamol|6,,infantil,suppository,6,,,,,,paracetamol,unknown,,,compatible,,CFM-000017,1190,true,https://comparafarma-api.vercel.app/api/go?slug=easyfarma&matchKey=paracetamol%7C6&url=https%3A%2F%2Fnuevo.easyfarma.cl%2F24714-paracetamol-inf-suposit-x-6.html&cfmId=CFM-000017,1
tapsin,tapsin,tapsin,,,,43,44,cruz-verde,Tapsin Puro Sin Cafeina Paracetamol 500 mg 16 Comprimidos,Tapsin Puro Sin Cafeina Paracetamol 500 mg 16 Comprimidos,tapsin|500mg|16,tapsin|500mg|16|bio:unknown|brand:unknown|var:puro|form:solid-oral,tapsin|500mg|16,,puro,solid-oral,16,,,500mg,Tapsin,,paracetamol,name,,,exact,,CFM-000010,1290,true,https://comparafarma-api.vercel.app/api/go?slug=cruz-verde&matchKey=tapsin%7C500mg%7C16&url=https%3A%2F%2Fwww.cruzverde.cl%2Ftapsin-puro-sin-cafeina-paracetamol-500-mg-16-comprimidos%2F266050.html&cfmId=CFM-000010,1
tapsin,tapsin,tapsin,,,,44,45,ecofarmacias,Tapsin Puro Sin Cafeina Paracetamol 500 mg x 16 Comprimidos,Tapsin Puro Sin Cafeina Paracetamol 500 mg x 16 Comprimidos,tapsin|500mg|16,tapsin|500mg|16|bio:true|brand:unknown|var:puro|form:solid-oral,tapsin|500mg|16,,puro,solid-oral,16,,,500mg,Tapsin,,paracetamol,name,,true,exact,,CFM-000010,1290,false,https://comparafarma-api.vercel.app/api/go?slug=ecofarmacias&matchKey=tapsin%7C500mg%7C16&url=https%3A%2F%2Fwww.ecofarmacias.cl%2Fproducto%2Ftapsin-puro-sin-cafeina-paracetamol-500-mg-x-16-comprimidos%2F&cfmId=CFM-000010,1
tapsin,tapsin,tapsin,,,,45,46,ecofarmacias,Tapsin X 12 comprimidos (Maver),Tapsin X 12 comprimidos (Maver),tapsin|12,tapsin|12|bio:unknown|brand:unknown|form:solid-oral,tapsin|12,,,solid-oral,12,,,,,,,unknown,,,exact,,CFM-000109,1290,false,https://comparafarma-api.vercel.app/api/go?slug=ecofarmacias&matchKey=tapsin%7C12&url=https%3A%2F%2Fwww.ecofarmacias.cl%2Fproducto%2Ftapsin-x-12-analgesico%2F&cfmId=CFM-000109,1
tapsin,tapsin,tapsin,,,,46,47,easyfarma,Paracetamol Infantil Gotas...,Paracetamol Infantil Gotas...,paracetamol,paracetamol|bio:unknown|brand:unknown|var:infantil|form:fluid-oral,paracetamol,,infantil,fluid-oral,,,,,,,paracetamol,unknown,,,compatible,,CFM-000591,1390,true,https://comparafarma-api.vercel.app/api/go?slug=easyfarma&matchKey=paracetamol&url=https%3A%2F%2Fnuevo.easyfarma.cl%2F26770-paracetamol-infantil-gotas.html&cfmId=CFM-000591,1
tapsin,tapsin,tapsin,,,,47,48,araucomed,Tapsin Periodo x 12 comprimidos.,Tapsin Periodo x 12 comprimidos,tapsin|12,tapsin|12|bio:unknown|brand:maver|var:periodo|form:solid-oral,tapsin|12,,periodo,solid-oral,12,,,,,Maver,,unknown,MAVER,,exact,,CFM-000109,1490,true,https://comparafarma-api.vercel.app/api/go?slug=araucomed&matchKey=tapsin%7C12&url=https%3A%2F%2Ffarmacia.araucomed.com%2Fanalgesicos-y-antinflamatorios%2Ftapsin-mujer-x12com&cfmId=CFM-000109,2
tapsin,tapsin,tapsin,,,,47,48,farmex,Tapsin Periodo x 12 comprimidos,Tapsin Periodo x 12 comprimidos,tapsin|12,tapsin|12|bio:unknown|brand:maver|var:periodo|form:solid-oral,tapsin|12,,periodo,solid-oral,12,,,,,Maver,,unknown,MAVER,,exact,,CFM-000109,1890,true,https://comparafarma-api.vercel.app/api/go?slug=farmex&matchKey=tapsin%7C12&url=https%3A%2F%2Ffarmex.cl%2Fproducts%2Ftapsin-periodo-x-12-comprimidos%3F_pos%3D6%26_psq%3Dtapsin%26_psid%3Da636e94f4%26_ss%3De&cfmId=CFM-000109,2
tapsin,tapsin,tapsin,,,,48,49,araucomed,Tapsin Dolor de Cabeza con cafeína x 12 comprimidos,Tapsin Dolor de Cabeza con cafeína x 12 comprimidos,tapsin|12,tapsin|12|bio:unknown|brand:maver|var:dolor|form:solid-oral,tapsin|12,,dolor,solid-oral,12,,,,,Maver,,unknown,Maver,,exact,,CFM-000109,1490,false,https://comparafarma-api.vercel.app/api/go?slug=araucomed&matchKey=tapsin%7C12&url=https%3A%2F%2Ffarmacia.araucomed.com%2Fanalgesicos-y-antinflamatorios%2Ftapsin-rojo-dolor-de-cabeza-x12com&cfmId=CFM-000109,1
tapsin,tapsin,tapsin,,,,49,50,easyfarma,Paracetamol Gotas 100 mg/mL...,Paracetamol Gotas 100 mg/mL...,paracetamol|100mg,paracetamol|100mg|bio:unknown|brand:unknown|form:fluid-oral,paracetamol|100mg,,,fluid-oral,,100mg/1ml,ratio,100mg/1ml,,,paracetamol,unknown,,,compatible,,CFM-001053,1490,true,https://comparafarma-api.vercel.app/api/go?slug=easyfarma&matchKey=paracetamol%7C100mg&url=https%3A%2F%2Fnuevo.easyfarma.cl%2F104817-paracetamol-gotas-100-mg-ml-15-ml.html&cfmId=CFM-001053,1
tapsin,tapsin,tapsin,,,,50,51,easyfarma,Paracetamol Infantil 100...,Paracetamol Infantil 100...,paracetamol,paracetamol|bio:unknown|brand:unknown|var:infantil,paracetamol,,infantil,,,,,,,,paracetamol,unknown,,,compatible,,CFM-000591,1490,true,https://comparafarma-api.vercel.app/api/go?slug=easyfarma&matchKey=paracetamol&url=https%3A%2F%2Fnuevo.easyfarma.cl%2F103813-paracetamol-infantil-100-mg-ml-15-ml-lab-chile.html&cfmId=CFM-000591,1
tapsin,tapsin,tapsin,,,,51,52,araucomed,Tapsin M migraña x 10 comprimidos.,Tapsin M migraña x 10 comprimidos.,tapsin|10,tapsin|10|bio:unknown|brand:maver|var:m|form:solid-oral,tapsin|10,,m,solid-oral,10,,,,,Maver,,unknown,Maver,,exact,,CFM-000855,1690,true,https://comparafarma-api.vercel.app/api/go?slug=araucomed&matchKey=tapsin%7C10&url=https%3A%2F%2Ffarmacia.araucomed.com%2Fanalgesicos-y-antinflamatorios%2Ftapsin-m-migrana-x10com&cfmId=CFM-000855,1
tapsin,tapsin,tapsin,,,,52,53,araucomed,Tapsin Niños 160 mg x 16 comprimidos.,Tapsin Niños 160 mg x 16 comprimidos.,tapsin|160mg|16,tapsin|160mg|16|bio:unknown|brand:maver|var:infantil|form:solid-oral,tapsin|160mg|16,,infantil,solid-oral,16,,,160mg,,Maver,,unknown,Maver,,exact,,CFM-000004,1690,true,https://comparafarma-api.vercel.app/api/go?slug=araucomed&matchKey=tapsin%7C160mg%7C16&url=https%3A%2F%2Ffarmacia.araucomed.com%2Fanalgesicos-y-antinflamatorios%2Ftapsin-ninos-160mg-x16com&cfmId=CFM-000004,1
tapsin,tapsin,tapsin,,,,53,54,ecofarmacias,Tapsin Nocturno X 12 cápsulas,Tapsin Nocturno X 12 cápsulas,tapsin|12,tapsin|12|bio:unknown|brand:unknown|var:nocturno|form:solid-oral,tapsin|12,,nocturno,solid-oral,12,,,,,,,unknown,,,exact,,CFM-000109,1780,false,https://comparafarma-api.vercel.app/api/go?slug=ecofarmacias&matchKey=tapsin%7C12&url=https%3A%2F%2Fwww.ecofarmacias.cl%2Fproducto%2Ftapsin-nocturno-x-12-capsulas%2F&cfmId=CFM-000109,2
tapsin,tapsin,tapsin,,,,53,54,ahumada,Tapsin Nocturno Caja 12 Comp.Displ.,Tapsin Nocturno X 12 cápsulas,tapsin|12,tapsin|12|bio:unknown|brand:unknown|var:nocturno|form:solid-oral,tapsin|12,,nocturno,solid-oral,12,,,,,,,unknown,,,exact,,CFM-000109,1994,true,https://comparafarma-api.vercel.app/api/go?slug=ahumada&matchKey=tapsin%7C12&url=https%3A%2F%2Fwww.farmaciasahumada.cl%2Ftapsin-nocturno-caja-12-comp.displ.-40942.html&cfmId=CFM-000109,2
tapsin,tapsin,tapsin,,,,54,55,ahumada,Tapsin Periodo x 12 Comprimidos,Tapsin Periodo x 12 Comprimidos,tapsin|12,tapsin|12|bio:unknown|brand:unknown|var:periodo|form:solid-oral,tapsin|12,,periodo,solid-oral,12,,,,,,,unknown,,,exact,,CFM-000109,1867,true,https://comparafarma-api.vercel.app/api/go?slug=ahumada&matchKey=tapsin%7C12&url=https%3A%2F%2Fwww.farmaciasahumada.cl%2Ftapsin-periodo-x-12-comprimidos-65476.html&cfmId=CFM-000109,1
tapsin,tapsin,tapsin,,,,55,56,ecofarmacias,Tapsin Mujer x12 comprimidos (Maver),Tapsin Mujer x12 comprimidos (Maver),tapsin|12,tapsin|12|bio:unknown|brand:unknown|var:mujer|form:solid-oral,tapsin|12,,mujer,solid-oral,12,,,,,,,unknown,,,exact,,CFM-000109,1870,true,https://comparafarma-api.vercel.app/api/go?slug=ecofarmacias&matchKey=tapsin%7C12&url=https%3A%2F%2Fwww.ecofarmacias.cl%2Fproducto%2Ftapsin-mujer%2F&cfmId=CFM-000109,1
tapsin,tapsin,tapsin,,,,56,57,ecofarmacias,Tapsin M Migraña por 10 comprimidos (Maver),Tapsin M x 10 Comprimidos Recubiertos,tapsin|10,tapsin|10|bio:unknown|brand:unknown|var:m|form:solid-oral,tapsin|10,,m,solid-oral,10,,,,,,,unknown,,,exact,,CFM-000855,1890,true,https://comparafarma-api.vercel.app/api/go?slug=ecofarmacias&matchKey=tapsin%7C10&url=https%3A%2F%2Fwww.ecofarmacias.cl%2Fproducto%2Ftapsin-m-migrana-por10-comprimidos-maver%2F&cfmId=CFM-000855,2
tapsin,tapsin,tapsin,,,,56,57,ahumada,Tapsin M x 10 Comprimidos Recubiertos,Tapsin M x 10 Comprimidos Recubiertos,tapsin|10,tapsin|10|bio:unknown|brand:unknown|var:m|form:solid-oral,tapsin|10,,m,solid-oral,10,,,,,,,unknown,,,exact,,CFM-000855,2090,true,https://comparafarma-api.vercel.app/api/go?slug=ahumada&matchKey=tapsin%7C10&url=https%3A%2F%2Fwww.farmaciasahumada.cl%2Ftapsin-m-x-10-comprimidos-recubiertos-83374.html&cfmId=CFM-000855,2
tapsin,tapsin,tapsin,,,,57,58,dr-simi,Tapsin infantil paracetamol 160 mg 16 comprimidos masticables infantil,Tapsin infantil paracetamol 160 mg 16 comprimidos masticables infantil,tapsin|160mg|16,tapsin|160mg|16|bio:false|brand:maver|var:infantil|form:solid-oral,tapsin|160mg|16,,infantil,solid-oral,16,,,160mg,Tapsin,Maver,paracetamol,name,MAVER,false,exact,,CFM-000004,1950,true,https://comparafarma-api.vercel.app/api/go?slug=dr-simi&matchKey=tapsin%7C160mg%7C16&url=https%3A%2F%2Fwww.drsimi.cl%2Ftapsin-panadol-paracetamol-160-mg-16-comprimidos-masticables%2Fp&cfmId=CFM-000004,1
tapsin,tapsin,tapsin,,,,58,59,araucomed,Tapsin Forte x 20 comprimidos,Tapsin Forte x 20 comprimidos,tapsin|20,tapsin|20|bio:unknown|brand:maver|var:forte|form:solid-oral,tapsin|20,,forte,solid-oral,20,,,,,Maver,,unknown,Maver,,exact,,CFM-000408,1990,true,https://comparafarma-api.vercel.app/api/go?slug=araucomed&matchKey=tapsin%7C20&url=https%3A%2F%2Ffarmacia.araucomed.com%2Fanalgesicos-y-antinflamatorios%2Ftapsin-forte-x20com&cfmId=CFM-000408,2
tapsin,tapsin,tapsin,,,,58,59,farmex,Tapsin Forte x 20 comprimidos,Tapsin Forte x 20 comprimidos,tapsin|20,tapsin|20|bio:unknown|brand:maver|var:forte|form:solid-oral,tapsin|20,,forte,solid-oral,20,,,,,Maver,,unknown,Maver,,exact,,CFM-000408,1990,true,https://comparafarma-api.vercel.app/api/go?slug=farmex&matchKey=tapsin%7C20&url=https%3A%2F%2Ffarmex.cl%2Fproducts%2Ftapsin-forte-x-20-comp%3F_pos%3D10%26_psq%3Dtapsin%26_psid%3Da636e94f4%26_ss%3De&cfmId=CFM-000408,2
tapsin,tapsin,tapsin,,,,59,60,araucomed,Tapsin Dia y noche plus x 18 comprimidos.,Tapsin Dia y noche plus x 18 comprimidos.,tapsin|n|18,tapsin|n|18|bio:unknown|brand:maver|var:plus|form:solid-oral,tapsin|n|18,,plus,solid-oral,18,,,,,Maver,,unknown,Maver,,exact,,CFM-000667,1990,true,https://comparafarma-api.vercel.app/api/go?slug=araucomed&matchKey=tapsin%7Cn%7C18&url=https%3A%2F%2Ffarmacia.araucomed.com%2Fgripe-y-resfrio%2Ftapsin-dia-y-noche-plus-18-comprimidos&cfmId=CFM-000667,1
tapsin,tapsin,tapsin,,,,60,61,araucomed,Tapsin DN Instaflu x 18 comprimidos.,Tapsin DN Instaflu x 18 comprimidos.,tapsin|18,tapsin|18|bio:unknown|brand:maver|var:instaflu|form:solid-oral,tapsin|18,,instaflu,solid-oral,18,,,,,Maver,,unknown,Maver,,exact,,CFM-000048,1990,true,https://comparafarma-api.vercel.app/api/go?slug=araucomed&matchKey=tapsin%7C18&url=https%3A%2F%2Ffarmacia.araucomed.com%2Fgripe-y-resfrio%2Ftapsin-dn-instaflu-126-comprimidos&cfmId=CFM-000048,1
tapsin,tapsin,tapsin,,,,61,62,farmex,Tapsin Migraña x 10 comprimidos,Tapsin Migraña x 10 comprimidos,tapsin|10,tapsin|10|bio:unknown|brand:maver|var:migrana|form:solid-oral,tapsin|10,,migrana,solid-oral,10,,,,,Maver,,unknown,MAVER,,exact,,CFM-000855,1990,true,https://comparafarma-api.vercel.app/api/go?slug=farmex&matchKey=tapsin%7C10&url=https%3A%2F%2Ffarmex.cl%2Fproducts%2Ftapsin-m%3F_pos%3D4%26_psq%3Dtapsin%26_psid%3Da636e94f4%26_ss%3De&cfmId=CFM-000855,1
tapsin,tapsin,tapsin,,,,62,63,easyfarma,Anacin Max 8 Comp,Anacin Max 8 Comp,anacin|8,anacin|8|bio:unknown|brand:unknown|var:max|form:solid-oral,anacin|8,,max,solid-oral,8,,,,,,,unknown,,,compatible,,CFM-001057,1990,true,https://comparafarma-api.vercel.app/api/go?slug=easyfarma&matchKey=anacin%7C8&url=https%3A%2F%2Fnuevo.easyfarma.cl%2F104495-anacin-max-8-comp.html&cfmId=CFM-001057,1
tapsin,tapsin,tapsin,,,,63,64,salcobrand,Tapsín Nocturno (B) Paracetamol 12 Comprimidos,Tapsín Nocturno (B) Paracetamol 12 Comprimidos,tapsin|12,tapsin|12|bio:unknown|brand:tapsin|var:nocturno|form:solid-oral,tapsin|12,,nocturno,solid-oral,12,,,,Tapsin,,paracetamol,structured,Tapsin,,exact,,CFM-000109,2287,true,https://comparafarma-api.vercel.app/api/go?slug=salcobrand&matchKey=tapsin%7C12&url=https%3A%2F%2Fsalcobrand.cl%2Fproducts%2Ftapsin-nocturno-b-paracetamol-12-comprimidos%3Fdefault_sku%3D1990005&cfmId=CFM-000109,1
tapsin,tapsin,tapsin,,,,64,65,cruz-verde,Tapsin Duo Paracetamol Ibuprofeno 12 Comprimidos Recubiertos,Tapsin Duo Paracetamol Ibuprofeno 12 Comprimidos Recubiertos,tapsin|12,tapsin|12|bio:unknown|brand:unknown|var:duo|form:solid-oral,tapsin|12,,duo,solid-oral,12,,,,Tapsin,,paracetamol,name,,,exact,,CFM-000109,2290,true,https://comparafarma-api.vercel.app/api/go?slug=cruz-verde&matchKey=tapsin%7C12&url=https%3A%2F%2Fwww.cruzverde.cl%2Ftapsin-duo-paracetamol-ibuprofeno-12-comprimidos-recubiertos%2F550757.html&cfmId=CFM-000109,1
tapsin,tapsin,tapsin,,,,65,66,cruz-verde,Tapsin M Migraña Paracetamol 400 mg Cafeína 33 mg 10 Comprimidos,Tapsin M Migraña Paracetamol 400 mg Cafeína 33 mg 10 Comprimidos,tapsin|400mg|10,tapsin|400mg|10|bio:unknown|brand:unknown|var:m|form:solid-oral,tapsin|400mg|10,,m,solid-oral,10,,,400mg,Tapsin,,paracetamol,name,,,exact,,CFM-001450,2290,true,https://comparafarma-api.vercel.app/api/go?slug=cruz-verde&matchKey=tapsin%7C400mg%7C10&url=https%3A%2F%2Fwww.cruzverde.cl%2Ftapsin-m-migra-a-paracetamol-400-mg-cafeina-33-mg-10-comprimidos%2F290830.html&cfmId=CFM-001450,1
tapsin,tapsin,tapsin,,,,66,67,salcobrand,Tapsin (B) Paracetamol / Cafeína 12 Comprimidos,Tapsin (B) Paracetamol / Cafeína 12 Comprimidos,tapsin|12,tapsin|12|bio:unknown|brand:tapsin|combo:cafeina|form:solid-oral,tapsin|12,cafeina,,solid-oral,12,,,,Tapsin,,,structured,Tapsin,,exact,,CFM-000109,2375,true,https://comparafarma-api.vercel.app/api/go?slug=salcobrand&matchKey=tapsin%7C12&url=https%3A%2F%2Fsalcobrand.cl%2Fproducts%2Ftapsin-b-paracetamol-cafeina-12-comprimidos%3Fdefault_sku%3D1990194&cfmId=CFM-000109,1
tapsin,tapsin,tapsin,,,,67,68,salcobrand,Tapsin Periodo 12 Comprimidos,Tapsin Periodo 12 Comprimidos,tapsin|12,tapsin|12|bio:unknown|brand:tapsin|var:periodo|form:solid-oral,tapsin|12,,periodo,solid-oral,12,,,,Tapsin,,,structured,Tapsin,,exact,,CFM-000109,2463,true,https://comparafarma-api.vercel.app/api/go?slug=salcobrand&matchKey=tapsin%7C12&url=https%3A%2F%2Fsalcobrand.cl%2Fproducts%2Ftapsin-periodo-b-paracetamol-12-comprimidos%3Fdefault_sku%3D1990782&cfmId=CFM-000109,1
tapsin,tapsin,tapsin,,,,68,69,ahumada,Tapsin Puro Sin Cafeina 500 mg x 24 Comprimidos,Tapsin Puro Sin Cafeina 500 mg x 24 Comprimidos,tapsin|500mg|24,tapsin|500mg|24|bio:true|brand:unknown|var:puro|form:solid-oral,tapsin|500mg|24,,puro,solid-oral,24,,,500mg,,,,unknown,,true,exact,,CFM-000003,2467,true,https://comparafarma-api.vercel.app/api/go?slug=ahumada&matchKey=tapsin%7C500mg%7C24&url=https%3A%2F%2Fwww.farmaciasahumada.cl%2Ftapsin-puro-sin-cafeina-500-mg-x-24-comprimidos-60770.html&cfmId=CFM-000003,1
tapsin,tapsin,tapsin,,,,69,70,cruz-verde,Tapsin Periodo Pamabrom 25 mg 12 Comprimidos,Tapsin Periodo Pamabrom 25 mg 12 Comprimidos,tapsin|25mg|12,tapsin|25mg|12|bio:unknown|brand:unknown|var:periodo|form:solid-oral,tapsin|25mg|12,,periodo,solid-oral,12,,,25mg,,,,unknown,,,exact,,CFM-001889,2490,true,https://comparafarma-api.vercel.app/api/go?slug=cruz-verde&matchKey=tapsin%7C25mg%7C12&url=https%3A%2F%2Fwww.cruzverde.cl%2Ftapsin-periodo-pamabrom-25-mg-12-comprimidos%2F259891.html&cfmId=CFM-001889,1
tapsin,tapsin,tapsin,,,,70,71,araucomed,Tapsin 1000 SC x 20 comprimidos recubiertos.,Tapsin 1000 SC x 20 comprimidos recubiertos.,tapsin|20,tapsin|20|bio:unknown|brand:maver|var:sc|form:solid-oral,tapsin|20,,sc,solid-oral,20,,,,,Maver,,unknown,Maver,,exact,,CFM-000408,2490,true,https://comparafarma-api.vercel.app/api/go?slug=araucomed&matchKey=tapsin%7C20&url=https%3A%2F%2Ffarmacia.araucomed.com%2Fbioequivalentes%2Ftapsin-1000sc-x20com&cfmId=CFM-000408,1
tapsin,tapsin,tapsin,,,,71,72,cruz-verde,Tapsin Nocturno Paracetamol 500 mg 12 Comprimidos,Tapsin Nocturno Paracetamol 500 mg 12 Comprimidos,tapsin|500mg|12,tapsin|500mg|12|bio:unknown|brand:unknown|var:nocturno|form:solid-oral,tapsin|500mg|12,,nocturno,solid-oral,12,,,500mg,Tapsin,,paracetamol,name,,,exact,,CFM-001455,2590,true,https://comparafarma-api.vercel.app/api/go?slug=cruz-verde&matchKey=tapsin%7C500mg%7C12&url=https%3A%2F%2Fwww.cruzverde.cl%2Ftapsin-nocturno-paracetamol-500-mg-12-comprimidos%2F72223.html&cfmId=CFM-001455,1
tapsin,tapsin,tapsin,,,,72,73,cruz-verde,Tapsin Analgésico Paracetamol 400 mg 12 Comprimidos,Tapsin Analgésico Paracetamol 400 mg 12 Comprimidos,tapsin|400mg|12,tapsin|400mg|12|bio:unknown|brand:unknown|var:analgesico|form:solid-oral,tapsin|400mg|12,,analgesico,solid-oral,12,,,400mg,Tapsin,,paracetamol,name,,,exact,,CFM-001453,2590,true,https://comparafarma-api.vercel.app/api/go?slug=cruz-verde&matchKey=tapsin%7C400mg%7C12&url=https%3A%2F%2Fwww.cruzverde.cl%2Ftapsin-analgesico-paracetamol-400-mg-12-comprimidos%2F72222.html&cfmId=CFM-001453,1
tapsin,tapsin,tapsin,,,,73,74,araucomed,Tapsin Pediatrico 100mg/ml gotas x 15 ml.,Tapsin Pediatrico 100mg/ml gotas x 15 ml.,tapsin|15ml|15,tapsin|15ml|15|bio:unknown|brand:maver|var:infantil|form:fluid-oral,tapsin|15ml|15,,infantil,fluid-oral,,100mg/1ml,ratio,100mg/1ml,,Maver,,unknown,Maver,,exact,,CFM-000050,2600,true,https://comparafarma-api.vercel.app/api/go?slug=araucomed&matchKey=tapsin%7C15ml%7C15&url=https%3A%2F%2Ffarmacia.araucomed.com%2Fanalgesicos-y-antinflamatorios%2Ftapsin-pediatrico-100mg-ml-gotas-x15ml&cfmId=CFM-000050,2
tapsin,tapsin,tapsin,,,,73,74,farmex,Tapsin Infantil Gotas 100 mg / mL x 15 mL,Tapsin Pediatrico 100mg/ml gotas x 15 ml.,tapsin|15ml|15,tapsin|15ml|15|bio:unknown|brand:maver|var:infantil|form:fluid-oral,tapsin|15ml|15,,infantil,fluid-oral,,100mg/1ml,ratio,100mg/1ml,,Maver,,unknown,Maver,,exact,,CFM-000050,2690,true,https://comparafarma-api.vercel.app/api/go?slug=farmex&matchKey=tapsin%7C15ml%7C15&url=https%3A%2F%2Ffarmex.cl%2Fproducts%2Ftapsin-infantil-gotas-100-mg-ml-x-15-ml%3F_pos%3D5%26_psq%3Dtapsin%26_psid%3Da636e94f4%26_ss%3De&cfmId=CFM-000050,2
tapsin,tapsin,tapsin,,,,74,75,salcobrand,Tapsin Duo (B) Paracetamol / Ibuprofeno 12 Comprimidos Recubiertos,Tapsin Duo (B) Paracetamol / Ibuprofeno 12 Comprimidos Recubiertos,tapsin|12,tapsin|12|bio:unknown|brand:tapsin|combo:ibuprofeno|form:solid-oral,tapsin|12,ibuprofeno,,solid-oral,12,,,,Tapsin,,,structured,Tapsin,,exact,,CFM-000109,2612,true,https://comparafarma-api.vercel.app/api/go?slug=salcobrand&matchKey=tapsin%7C12&url=https%3A%2F%2Fsalcobrand.cl%2Fproducts%2Ftapsin-duo-b-paracetamol-ibuprofeno-12-comprimidos-recubiertos%3Fdefault_sku%3D586353&cfmId=CFM-000109,1
tapsin,tapsin,tapsin,,,,75,76,salcobrand,Tapsí­n M (B) Paracetamol 10 Comprimidos Recubiertos,Tapsí­n M (B) Paracetamol 10 Comprimidos Recubiertos,tapsi|10,tapsi|10|bio:unknown|brand:tapsinm|var:n|form:solid-oral,tapsi|10,,n,solid-oral,10,,,,Tapsin M,,paracetamol,structured,Tapsin M,,compatible,,CFM-000053,2651,true,https://comparafarma-api.vercel.app/api/go?slug=salcobrand&matchKey=tapsi%7C10&url=https%3A%2F%2Fsalcobrand.cl%2Fproducts%2Ftapsi-n-m-b-paracetamol-10-comprimidos-recubiertos%3Fdefault_sku%3D1990016&cfmId=CFM-000053,1
tapsin,tapsin,tapsin,,,,76,77,dr-simi,Tapsin Duo paracetamol 300 mg ibuprofeno 200 mg 12 comprimidos recubiertos,Tapsin Duo paracetamol 300 mg ibuprofeno 200 mg 12 comprimidos recubiertos,tapsin|300mg|12,tapsin|300mg|12|bio:false|brand:maver|var:duo|form:solid-oral,tapsin|300mg|12,,duo,solid-oral,12,,,300mg,Tapsin,Maver,paracetamol,name,MAVER,false,exact,,CFM-000041,2700,true,https://comparafarma-api.vercel.app/api/go?slug=dr-simi&matchKey=tapsin%7C300mg%7C12&url=https%3A%2F%2Fwww.drsimi.cl%2Ftapsin-duo-paracetamol-ibuprofeno-300-mg-200-mg-12-comprimidos-recubiertos-ch6158%2Fp&cfmId=CFM-000041,1
tapsin,tapsin,tapsin,,,,77,78,ahumada,Tapsin 160 mg x 16 Comprimidos Masticables,Tapsin 160 mg x 16 Comprimidos Masticables,tapsin|160mg|16,tapsin|160mg|16|bio:unknown|brand:unknown|form:solid-oral,tapsin|160mg|16,,,solid-oral,16,,,160mg,,,,unknown,,,exact,,CFM-000004,2767,true,https://comparafarma-api.vercel.app/api/go?slug=ahumada&matchKey=tapsin%7C160mg%7C16&url=https%3A%2F%2Fwww.farmaciasahumada.cl%2Ftapsin-160-mg-x-16-comprimidos-masticables-39823.html&cfmId=CFM-000004,1
tapsin,tapsin,tapsin,,,,78,79,salcobrand,Tapsn (B) Paracetamol 500mg 24 Comprimidos,Tapsn (B) Paracetamol 500mg 24 Comprimidos,tapsn|500mg|24,tapsn|500mg|24|bio:unknown|brand:tapsin|form:solid-oral,tapsn|500mg|24,,,solid-oral,24,,,500mg,Tapsin,,paracetamol,structured,Tapsin,,compatible,,CFM-000047,2815,true,https://comparafarma-api.vercel.app/api/go?slug=salcobrand&matchKey=tapsn%7C500mg%7C24&url=https%3A%2F%2Fsalcobrand.cl%2Fproducts%2Ftapsn-b-paracetamol-500mg-24-comprimidos%3Fdefault_sku%3D1990715&cfmId=CFM-000047,1
tapsin,tapsin,tapsin,,,,79,80,cruz-verde,Tapsin Niños Paracetamol 160 mg 16 Comprimidos Masticables,Tapsin Niños Paracetamol 160 mg 16 Comprimidos Masticables,tapsin|160mg|16,tapsin|160mg|16|bio:unknown|brand:unknown|var:infantil|form:solid-oral,tapsin|160mg|16,,infantil,solid-oral,16,,,160mg,Tapsin,,paracetamol,name,,,exact,,CFM-000004,2890,true,https://comparafarma-api.vercel.app/api/go?slug=cruz-verde&matchKey=tapsin%7C160mg%7C16&url=https%3A%2F%2Fwww.cruzverde.cl%2Ftapsin-ni-os-paracetamol-160-mg-16-comprimidos-masticables%2F72214.html&cfmId=CFM-000004,1
tapsin,tapsin,tapsin,,,,80,81,ecofarmacias,Tapsin Periodo x 30 comprimidos (Maver),Tapsin Periodo x 30 comprimidos (Maver),tapsin|30,tapsin|30|bio:unknown|brand:unknown|var:periodo|form:solid-oral,tapsin|30,,periodo,solid-oral,30,,,,,,,unknown,,,exact,,CFM-000102,2890,false,https://comparafarma-api.vercel.app/api/go?slug=ecofarmacias&matchKey=tapsin%7C30&url=https%3A%2F%2Fwww.ecofarmacias.cl%2Fproducto%2Ftapsin-periodo-x-30-comprimidos-maver%2F&cfmId=CFM-000102,1
tapsin,tapsin,tapsin,,,,81,82,ecofarmacias,Tapsin Forte X 20 comprimidos (Maver),Tapsin Forte X 20 comprimidos (Maver),tapsin|20,tapsin|20|bio:unknown|brand:unknown|var:forte|form:solid-oral,tapsin|20,,forte,solid-oral,20,,,,,,,unknown,,,exact,,CFM-000408,2980,true,https://comparafarma-api.vercel.app/api/go?slug=ecofarmacias&matchKey=tapsin%7C20&url=https%3A%2F%2Fwww.ecofarmacias.cl%2Fproducto%2Ftapsin-forte-x-20%2F&cfmId=CFM-000408,2
tapsin,tapsin,tapsin,,,,81,82,ahumada,Tapsin Forte x 20 Comprimidos Recubiertos,Tapsin Forte X 20 comprimidos (Maver),tapsin|20,tapsin|20|bio:unknown|brand:unknown|var:forte|form:solid-oral,tapsin|20,,forte,solid-oral,20,,,,,,,unknown,,,exact,,CFM-000408,3314,true,https://comparafarma-api.vercel.app/api/go?slug=ahumada&matchKey=tapsin%7C20&url=https%3A%2F%2Fwww.farmaciasahumada.cl%2Ftapsin-forte-x-20-comprimidos-recubiertos-63630.html&cfmId=CFM-000408,2
tapsin,tapsin,tapsin,,,,82,83,araucomed,Tapsin Forte x 30 comprimidos,Tapsin Forte x 30 comprimidos,tapsin|30,tapsin|30|bio:unknown|brand:maver|var:forte|form:solid-oral,tapsin|30,,forte,solid-oral,30,,,,,Maver,,unknown,Maver,,exact,,CFM-000102,2990,true,https://comparafarma-api.vercel.app/api/go?slug=araucomed&matchKey=tapsin%7C30&url=https%3A%2F%2Ffarmacia.araucomed.com%2Fanalgesicos-y-antinflamatorios%2Ftapsin-forte-x-30-comprimidos&cfmId=CFM-000102,1
tapsin,tapsin,tapsin,,,,83,84,araucomed,Tapsin Duo x 12 comprimidos,Tapsin Duo x 12 comprimidos,tapsin|12,tapsin|12|bio:unknown|brand:maver|var:duo|form:solid-oral,tapsin|12,,duo,solid-oral,12,,,,,Maver,,unknown,Maver,,exact,,CFM-000109,2990,true,https://comparafarma-api.vercel.app/api/go?slug=araucomed&matchKey=tapsin%7C12&url=https%3A%2F%2Ffarmacia.araucomed.com%2Fanalgesicos-y-antinflamatorios%2Ftapsin-duo-x-12-comprimidos&cfmId=CFM-000109,1
tapsin,tapsin,tapsin,,,,84,85,ecofarmacias,Tapsin Analgésico x 30 comprimidos (Maver),Tapsin Analgésico x 30 comprimidos (Maver),tapsin|30,tapsin|30|bio:unknown|brand:unknown|var:analgesico|form:solid-oral,tapsin|30,,analgesico,solid-oral,30,,,,,,,unknown,,,exact,,CFM-000102,2990,false,https://comparafarma-api.vercel.app/api/go?slug=ecofarmacias&matchKey=tapsin%7C30&url=https%3A%2F%2Fwww.ecofarmacias.cl%2Fproducto%2Ftapsin-analgesico-x-30-comprimidos%2F&cfmId=CFM-000102,1
tapsin,tapsin,tapsin,,,,85,86,farmex,Tapsin InstaFlu Dia y Noche x 18 comprimidos,Tapsin InstaFlu Dia y Noche x 18 comprimidos,tapsin|n|18,tapsin|n|18|bio:unknown|brand:maver|var:instaflu|form:solid-oral,tapsin|n|18,,instaflu,solid-oral,18,,,,,Maver,,unknown,MAVER,,exact,,CFM-000667,2990,true,https://comparafarma-api.vercel.app/api/go?slug=farmex&matchKey=tapsin%7Cn%7C18&url=https%3A%2F%2Ffarmex.cl%2Fproducts%2Ftapsin-instaflu-dia-y-noche-x-18-comp%3F_pos%3D9%26_psq%3Dtapsin%26_psid%3Da636e94f4%26_ss%3De&cfmId=CFM-000667,1
tapsin,tapsin,tapsin,,,,86,87,salcobrand,Tapsin Instaflu D/N (B) Paracetamol  6 Comprimidos,Tapsin Instaflu D/N (B) Paracetamol  6 Comprimidos,tapsin|6,tapsin|6|bio:unknown|brand:tapsin|var:instaflu|form:solid-oral,tapsin|6,,instaflu,solid-oral,6,,,,Tapsin,,paracetamol,structured,Tapsin,,exact,,CFM-000046,3079,true,https://comparafarma-api.vercel.app/api/go?slug=salcobrand&matchKey=tapsin%7C6&url=https%3A%2F%2Fsalcobrand.cl%2Fproducts%2Ftapsin-instaflu-d-n-b-paracetamol-6-comprimidos%3Fdefault_sku%3D590737&cfmId=CFM-000046,1
tapsin,tapsin,tapsin,,,,87,88,ahumada,Tapsin Instaflu Día Noche 6 Comprimidos,Tapsin Instaflu Día Noche 6 Comprimidos,tapsin|n|6,tapsin|n|6|bio:unknown|brand:unknown|var:instaflu|form:solid-oral,tapsin|n|6,,instaflu,solid-oral,6,,,,,,,unknown,,,exact,,CFM-000847,3104,true,https://comparafarma-api.vercel.app/api/go?slug=ahumada&matchKey=tapsin%7Cn%7C6&url=https%3A%2F%2Fwww.farmaciasahumada.cl%2Ftapsin-instaflu-dia-noche-6-comprimidos-95020.html&cfmId=CFM-000847,1
tapsin,tapsin,tapsin,,,,88,89,ahumada,Tapsin x 30 Comprimidos,Tapsin x 30 Comprimidos,tapsin|30,tapsin|30|bio:unknown|brand:unknown|form:solid-oral,tapsin|30,,,solid-oral,30,,,,,,,unknown,,,exact,,CFM-000102,3149,true,https://comparafarma-api.vercel.app/api/go?slug=ahumada&matchKey=tapsin%7C30&url=https%3A%2F%2Fwww.farmaciasahumada.cl%2Ftapsin-x-30-comprimidos-88013.html&cfmId=CFM-000102,1
tapsin,tapsin,tapsin,,,,89,90,ahumada,Tapsin Instaflu DN Paracetamol 500 mg Pseudoefedrina Clorhidrato 60 mg 18 Comprimidos,Tapsin Instaflu DN Paracetamol 500 mg Pseudoefedrina Clorhidrato 60 mg 18 Comprimidos,tapsin|500mg|18,tapsin|500mg|18|bio:unknown|brand:unknown|var:instaflu|form:solid-oral,tapsin|500mg|18,,instaflu,solid-oral,18,,,500mg,Tapsin,,paracetamol,name,,,exact,,CFM-000850,3179,true,https://comparafarma-api.vercel.app/api/go?slug=ahumada&matchKey=tapsin%7C500mg%7C18&url=https%3A%2F%2Fwww.farmaciasahumada.cl%2Ftapsin-instaflu-dn-paracetamol-500-mg-pseudoefedrina-clorhidrato-60-mg-18-comprimidos-88087.html&cfmId=CFM-000850,1
tapsin,tapsin,tapsin,,,,90,91,ecofarmacias,Tapsin DN Compuesto + Plus x 18 Comprimidos,Tapsin DN Compuesto + Plus x 18 Comprimidos,tapsin|18,tapsin|18|bio:unknown|brand:unknown|var:compuesto|form:solid-oral,tapsin|18,,compuesto,solid-oral,18,,,,,,,unknown,,,exact,,CFM-000048,3180,false,https://comparafarma-api.vercel.app/api/go?slug=ecofarmacias&matchKey=tapsin%7C18&url=https%3A%2F%2Fwww.ecofarmacias.cl%2Fproducto%2Ftapsin-dn-plus-x-18-comprimidos%2F&cfmId=CFM-000048,1
tapsin,tapsin,tapsin,,,,91,92,dr-simi,Tapsin instaFLU DN 18 comprimidos,Tapsin instaFLU DN 18 comprimidos,tapsin|18,tapsin|18|bio:false|brand:maver|var:instaflu|form:solid-oral,tapsin|18,,instaflu,solid-oral,18,,,,,Maver,,unknown,MAVER,false,exact,,CFM-000048,3300,true,https://comparafarma-api.vercel.app/api/go?slug=dr-simi&matchKey=tapsin%7C18&url=https%3A%2F%2Fwww.drsimi.cl%2Ftapsininstaflu-dn-12-6-comprimidos%2Fp&cfmId=CFM-000048,1
tapsin,tapsin,tapsin,,,,92,93,dr-simi,Tapsin compuesto DN plus 18 comprimidos recubiertos,Tapsin compuesto DN plus 18 comprimidos recubiertos,tapsin|18,tapsin|18|bio:false|brand:maver|var:compuesto|form:solid-oral,tapsin|18,,compuesto,solid-oral,18,,,,,Maver,,unknown,MAVER,false,exact,,CFM-000048,3300,true,https://comparafarma-api.vercel.app/api/go?slug=dr-simi&matchKey=tapsin%7C18&url=https%3A%2F%2Fwww.drsimi.cl%2Fparacet-nosc-cafe-ascor-dia-clorf-noche-ch6100-1%2Fp&cfmId=CFM-000048,1
tapsin,tapsin,tapsin,,,,93,94,ecofarmacias,Tapsin Paracetamol 100 mg/ml Gotas x 15 mL,Tapsin Paracetamol 100 mg/ml Gotas x 15 mL,tapsin|15ml|15,tapsin|15ml|15|bio:unknown|brand:unknown|form:fluid-oral,tapsin|15ml|15,,,fluid-oral,,100mg/1ml,ratio,100mg/1ml,Tapsin,,paracetamol,name,,,exact,,CFM-000050,3480,true,https://comparafarma-api.vercel.app/api/go?slug=ecofarmacias&matchKey=tapsin%7C15ml%7C15&url=https%3A%2F%2Fwww.ecofarmacias.cl%2Fproducto%2Ftapsin-paracetamol-100-mg-ml-gotas-x-15-ml%2F&cfmId=CFM-000050,2
tapsin,tapsin,tapsin,,,,93,94,ahumada,Tapsin 100 mg/mL  x 15 mL Solución Oral Para Gotas,Tapsin Paracetamol 100 mg/ml Gotas x 15 mL,tapsin|15ml|15,tapsin|15ml|15|bio:unknown|brand:unknown|form:fluid-oral,tapsin|15ml|15,,,fluid-oral,,100mg/1ml,ratio,100mg/1ml,Tapsin,,paracetamol,name,,,exact,,CFM-000050,3697,true,https://comparafarma-api.vercel.app/api/go?slug=ahumada&matchKey=tapsin%7C15ml%7C15&url=https%3A%2F%2Fwww.farmaciasahumada.cl%2Ftapsin-100-mg-ml--x-15-ml-solucion-oral-para-gotas-19274.html&cfmId=CFM-000050,2
tapsin,tapsin,tapsin,,,,94,95,easyfarma,Algiafin Jarabe x 60 ml,Algiafin Jarabe x 60 ml,algiafin|60ml|60,algiafin|60ml|60|bio:unknown|brand:unknown|form:fluid-oral,algiafin|60ml|60,,,fluid-oral,,,,60ml,,,,unknown,,,compatible,,CFM-001059,3490,true,https://comparafarma-api.vercel.app/api/go?slug=easyfarma&matchKey=algiafin%7C60ml%7C60&url=https%3A%2F%2Fnuevo.easyfarma.cl%2F25683-algiafin-jarabe-x-60ml.html&cfmId=CFM-001059,1
tapsin,tapsin,tapsin,,,,95,96,easyfarma,Cortigrip Dia y Noche 15...,Cortigrip Dia y Noche 15...,cortigrip|n,cortigrip|n|bio:unknown|brand:unknown,cortigrip|n,,,,,,,,,,,unknown,,,compatible,,CFM-001055,3490,true,https://comparafarma-api.vercel.app/api/go?slug=easyfarma&matchKey=cortigrip%7Cn&url=https%3A%2F%2Fnuevo.easyfarma.cl%2F25895-cortigrip-dia-noche-x-15.html&cfmId=CFM-001055,1
tapsin,tapsin,tapsin,,,,96,97,cruz-verde,Tapsin Forte Paracetamol 650 mg 20 Comprimidos Recubiertos,Tapsin Forte Paracetamol 650 mg 20 Comprimidos Recubiertos,tapsin|650mg|20,tapsin|650mg|20|bio:unknown|brand:unknown|var:forte|form:solid-oral,tapsin|650mg|20,,forte,solid-oral,20,,,650mg,Tapsin,,paracetamol,name,,,exact,,CFM-001451,3690,true,https://comparafarma-api.vercel.app/api/go?slug=cruz-verde&matchKey=tapsin%7C650mg%7C20&url=https%3A%2F%2Fwww.cruzverde.cl%2Ftapsin-forte-paracetamol-650-mg-20-comprimidos-recubiertos%2F258320.html&cfmId=CFM-001451,1
tapsin,tapsin,tapsin,,,,97,98,salcobrand,Tapsin Forte (B) Paracetamol  20 Comprimidos Recubiertos,Tapsin Forte (B) Paracetamol  20 Comprimidos Recubiertos,tapsin|20,tapsin|20|bio:unknown|brand:tapsinforte|var:forte|form:solid-oral,tapsin|20,,forte,solid-oral,20,,,,Tapsin Forte,,paracetamol,structured,Tapsin Forte,,exact,,CFM-000408,3783,true,https://comparafarma-api.vercel.app/api/go?slug=salcobrand&matchKey=tapsin%7C20&url=https%3A%2F%2Fsalcobrand.cl%2Fproducts%2Ftapsin-forte-b-paracetamol-20-comprimidos-recubiertos%3Fdefault_sku%3D1990787&cfmId=CFM-000408,1
tapsin,tapsin,tapsin,,,,98,99,ahumada,Tapsin Día Noche Plus Antigripal 18 Comprimidos Recubiertos,Tapsin Día Noche Plus Antigripal 18 Comprimidos Recubiertos,tapsin|n|18,tapsin|n|18|bio:unknown|brand:unknown|var:plus|form:solid-oral,tapsin|n|18,,plus,solid-oral,18,,,,,,,unknown,,,exact,,CFM-000667,3839,true,https://comparafarma-api.vercel.app/api/go?slug=ahumada&matchKey=tapsin%7Cn%7C18&url=https%3A%2F%2Fwww.farmaciasahumada.cl%2Ftapsin-dia-noche-plus-antigripal-18-comprimidos-recubiertos-85868.html&cfmId=CFM-000667,1
tapsin,tapsin,tapsin,,,,99,100,ahumada,Tapsin Compuesto Noche 5 g 6 Sobres Polvo para Solución Oral,Tapsin Compuesto Noche 5 g 6 Sobres Polvo para Solución Oral,tapsin|5000mg|n|6,tapsin|5000mg|n|6|bio:true|brand:unknown|var:compuesto|form:fluid-oral,tapsin|5000mg|n|6,,compuesto,fluid-oral,6,,,5g,,,,unknown,,true,exact,,CFM-000600,3854,true,https://comparafarma-api.vercel.app/api/go?slug=ahumada&matchKey=tapsin%7C5000mg%7Cn%7C6&url=https%3A%2F%2Fwww.farmaciasahumada.cl%2Ftapsin-compuesto-noche-5-g-6-sobres-polvo-para-solucion-oral-84865.html&cfmId=CFM-000600,1
tapsin,tapsin,tapsin,,,,100,101,ahumada,Tapsin Compuesto Dia 5 g x 6 Sobres Polvo Para Solución Oral,Tapsin Compuesto Dia 5 g x 6 Sobres Polvo Para Solución Oral,tapsin|5000mg|d|6,tapsin|5000mg|d|6|bio:true|brand:unknown|var:compuesto|form:fluid-oral,tapsin|5000mg|d|6,,compuesto,fluid-oral,6,,,5g,,,,unknown,,true,exact,,CFM-001890,3854,true,https://comparafarma-api.vercel.app/api/go?slug=ahumada&matchKey=tapsin%7C5000mg%7Cd%7C6&url=https%3A%2F%2Fwww.farmaciasahumada.cl%2Ftapsin-compuesto-dia-5-g-x-6-sobres-polvo-para-solucion-oral-84866.html&cfmId=CFM-001890,1
tapsin,tapsin,tapsin,,,,101,102,salcobrand,Tapsín DN Plus (B) Paracetamol 18 Comprimidos Recubiertos,Tapsín DN Plus (B) Paracetamol 18 Comprimidos Recubiertos,tapsin|18,tapsin|18|bio:unknown|brand:tapsin|var:plus|form:solid-oral,tapsin|18,,plus,solid-oral,18,,,,Tapsin,,paracetamol,structured,Tapsin,,exact,,CFM-000048,3875,true,https://comparafarma-api.vercel.app/api/go?slug=salcobrand&matchKey=tapsin%7C18&url=https%3A%2F%2Fsalcobrand.cl%2Fproducts%2Ftapsin-dn-plus-b-paracetamol-18-comprimidos-recubiertos%3Fdefault_sku%3D1990216&cfmId=CFM-000048,1
tapsin,tapsin,tapsin,,,,102,103,cruz-verde,Tapsin Paracetamol 400 mg Cafeina 33 mg 30 Comprimidos con Tapa de Seguridad Childproof,Tapsin Paracetamol 400 mg Cafeina 33 mg 30 Comprimidos con Tapa de Seguridad Childproof,tapsin|400mg|30,tapsin|400mg|30|bio:unknown|brand:unknown|form:solid-oral,tapsin|400mg|30,,,solid-oral,30,,,400mg,Tapsin,,paracetamol,name,,,exact,,CFM-000665,3990,true,https://comparafarma-api.vercel.app/api/go?slug=cruz-verde&matchKey=tapsin%7C400mg%7C30&url=https%3A%2F%2Fwww.cruzverde.cl%2Ftapsin-paracetamol-400-mg-cafeina-33-mg-30-comprimidos-con-tapa-de-seguridad-childproof%2F299186.html&cfmId=CFM-000665,1
tapsin,tapsin,tapsin,,,,103,104,ecofarmacias,Tapsin M Migraña X 30 Comprimidos (Maver),Tapsin M Migraña X 30 Comprimidos (Maver),tapsin|30,tapsin|30|bio:unknown|brand:unknown|var:m|form:solid-oral,tapsin|30,,m,solid-oral,30,,,,,,,unknown,,,exact,,CFM-000102,3990,false,https://comparafarma-api.vercel.app/api/go?slug=ecofarmacias&matchKey=tapsin%7C30&url=https%3A%2F%2Fwww.ecofarmacias.cl%2Fproducto%2Ftapsin-m-migrana-x-30-comprimidos-maver%2F&cfmId=CFM-000102,1
tapsin,tapsin,tapsin,,,,104,105,easyfarma,Alividol 1000 mg 20...,Alividol 1000 mg 20...,alividol|1000mg,alividol|1000mg|bio:unknown|brand:unknown,alividol|1000mg,,,,,,,1000mg,,,,unknown,,,compatible,,CFM-001058,3990,true,https://comparafarma-api.vercel.app/api/go?slug=easyfarma&matchKey=alividol%7C1000mg&url=https%3A%2F%2Fnuevo.easyfarma.cl%2F103867-alividol-1000-mg-20-comprimidos.html&cfmId=CFM-001058,1
tapsin,tapsin,tapsin,,,,105,106,ahumada,Tapsin Forte x 30 Comprimidos Recubiertos,Tapsin Forte x 30 Comprimidos Recubiertos,tapsin|30,tapsin|30|bio:unknown|brand:unknown|var:forte|form:solid-oral,tapsin|30,,forte,solid-oral,30,,,,,,,unknown,,,exact,,CFM-000102,4057,true,https://comparafarma-api.vercel.app/api/go?slug=ahumada&matchKey=tapsin%7C30&url=https%3A%2F%2Fwww.farmaciasahumada.cl%2Ftapsin-forte-x-30-comprimidos-recubiertos-88014.html&cfmId=CFM-000102,1
tapsin,tapsin,tapsin,,,,106,107,cruz-verde,Tapsin Paracetamol 100 mg/ml Gotas 15 mL,Tapsin Paracetamol 100 mg/ml Gotas 15 mL,tapsin|15ml,tapsin|15ml|bio:unknown|brand:unknown|form:fluid-oral,tapsin|15ml,,,fluid-oral,,100mg/1ml,ratio,100mg/1ml,Tapsin,,paracetamol,name,,,exact,,CFM-000051,4090,true,https://comparafarma-api.vercel.app/api/go?slug=cruz-verde&matchKey=tapsin%7C15ml&url=https%3A%2F%2Fwww.cruzverde.cl%2Ftapsin-paracetamol-100-mg-ml-gotas-15-ml%2F72127.html&cfmId=CFM-000051,1
tapsin,tapsin,tapsin,,,,107,108,cruz-verde,Tapsin Día-Noche Plus Paracetamol 400 mg 18 Comprimidos Recubiertos,Tapsin Día-Noche Plus Paracetamol 400 mg 18 Comprimidos Recubiertos,tapsin|400mg|n|18,tapsin|400mg|n|18|bio:unknown|brand:unknown|var:dianoche|form:solid-oral,tapsin|400mg|n|18,,dianoche,solid-oral,18,,,400mg,Tapsin,,paracetamol,name,,,exact,,CFM-001454,4190,true,https://comparafarma-api.vercel.app/api/go?slug=cruz-verde&matchKey=tapsin%7C400mg%7Cn%7C18&url=https%3A%2F%2Fwww.cruzverde.cl%2Ftapsin-dia-noche-plus-paracetamol-400-mg-18-comprimidos-recubiertos%2F254625.html&cfmId=CFM-001454,1
tapsin,tapsin,tapsin,,,,108,109,salcobrand,Tapsin Infantil Gotas (B) Paracetamol 15ml,Tapsin Infantil Gotas (B) Paracetamol 15ml,tapsin|15ml,tapsin|15ml|bio:unknown|brand:tapsin|var:infantil|form:fluid-oral,tapsin|15ml,,infantil,fluid-oral,,,,15ml,Tapsin,,paracetamol,structured,Tapsin,,exact,,CFM-000051,4223,true,https://comparafarma-api.vercel.app/api/go?slug=salcobrand&matchKey=tapsin%7C15ml&url=https%3A%2F%2Fsalcobrand.cl%2Fproducts%2Ftapsin-infantil-gotas-b-paracetamol-15ml%3Fdefault_sku%3D1996968&cfmId=CFM-000051,1
tapsin,tapsin,tapsin,,,,109,110,salcobrand,Tapsín Limonada Noche (B) Paracetamol 6 Sobres,Tapsín Limonada Noche (B) Paracetamol 6 Sobres,tapsin|n|6,tapsin|n|6|bio:unknown|brand:tapsin|var:limonada|form:fluid-oral,tapsin|n|6,,limonada,fluid-oral,6,,,,Tapsín,,paracetamol,structured,Tapsí­n,,exact,,CFM-000847,4399,true,https://comparafarma-api.vercel.app/api/go?slug=salcobrand&matchKey=tapsin%7Cn%7C6&url=https%3A%2F%2Fsalcobrand.cl%2Fproducts%2Ftapsin-limonada-noche-b-paracetamol-6-sobres%3Fdefault_sku%3D1993124&cfmId=CFM-000847,1
tapsin,tapsin,tapsin,,,,110,111,salcobrand,Tapsín Limonada (B) Paracetamol Día 6 Sobres,Tapsín Limonada (B) Paracetamol Día 6 Sobres,tapsin|d|6,tapsin|d|6|bio:unknown|brand:tapsin|var:limonada|form:fluid-oral,tapsin|d|6,,limonada,fluid-oral,6,,,,Tapsin,,paracetamol,structured,Tapsin ,,exact,,CFM-000851,4399,true,https://comparafarma-api.vercel.app/api/go?slug=salcobrand&matchKey=tapsin%7Cd%7C6&url=https%3A%2F%2Fsalcobrand.cl%2Fproducts%2Ftapsin-limonada-b-paracetamol-dia-6-sobres%3Fdefault_sku%3D1990181&cfmId=CFM-000851,1
tapsin,tapsin,tapsin,,,,111,112,salcobrand,Tapsin Forte (B) Paracetamol  Frasco 30 Comprimidos,Tapsin Forte (B) Paracetamol  Frasco 30 Comprimidos,tapsin|30,tapsin|30|bio:unknown|brand:tapsin|var:forte|form:solid-oral,tapsin|30,,forte,solid-oral,30,,,,Tapsín,,paracetamol,structured,Tapsí­n,,exact,,CFM-000102,4487,true,https://comparafarma-api.vercel.app/api/go?slug=salcobrand&matchKey=tapsin%7C30&url=https%3A%2F%2Fsalcobrand.cl%2Fproducts%2Ftapsin-forte-b-paracetamol-frasco-30-comprimidos%3Fdefault_sku%3D574818&cfmId=CFM-000102,1
tapsin,tapsin,tapsin,,,,112,113,farmex,Tapsin 1000 SC 1 g x 20 comprimidos,Tapsin 1000 SC 1 g x 20 comprimidos,tapsin|1000mg|20,tapsin|1000mg|20|bio:unknown|brand:maver|var:sc|form:solid-oral,tapsin|1000mg|20,,sc,solid-oral,20,,,1g,,Maver,,unknown,MAVER,,exact,,CFM-000006,4895,true,https://comparafarma-api.vercel.app/api/go?slug=farmex&matchKey=tapsin%7C1000mg%7C20&url=https%3A%2F%2Ffarmex.cl%2Fproducts%2Ftapsin-sc-1-gr-x-20-comp%3F_pos%3D1%26_psq%3Dtapsin%26_psid%3Da636e94f4%26_ss%3De&cfmId=CFM-000006,1
tapsin,tapsin,tapsin,,,,113,114,ahumada,Tapsin 1g Efervescente X 20 Sobres,Tapsin 1g Efervescente X 20 Sobres,tapsin|1000mg|20,tapsin|1000mg|20|bio:unknown|brand:unknown|form:fluid-oral,tapsin|1000mg|20,,,fluid-oral,20,,,1g,,,,unknown,,,exact,,CFM-000006,4989,true,https://comparafarma-api.vercel.app/api/go?slug=ahumada&matchKey=tapsin%7C1000mg%7C20&url=https%3A%2F%2Fwww.farmaciasahumada.cl%2Ftapsin-1g-efervescente-x-20-sobres-89070.html&cfmId=CFM-000006,1
tapsin,tapsin,tapsin,,,,114,115,araucomed,Tapsin Infantil 120mg/5ml jarabe x 100 ml.,Tapsin Infantil 120mg/5ml jarabe x 100 ml.,tapsin|100ml|100,tapsin|100ml|100|bio:unknown|brand:maver|var:infantil|form:fluid-oral,tapsin|100ml|100,,infantil,fluid-oral,,120mg/5ml,ratio,120mg/5ml,,Maver,,unknown,Maver,,exact,,CFM-000159,4990,true,https://comparafarma-api.vercel.app/api/go?slug=araucomed&matchKey=tapsin%7C100ml%7C100&url=https%3A%2F%2Ffarmacia.araucomed.com%2Fanalgesicos-y-antinflamatorios%2Ftapsin-infantil-120mg-5ml-jarabe-x-100-ml&cfmId=CFM-000159,1
tapsin,tapsin,tapsin,,,,115,116,ecofarmacias,Tapsin SC Polvo Para Solución Efervescente Paracetamol 1gr X 20 Sobres,Tapsin SC Polvo Para Solución Efervescente Paracetamol 1gr X 20 Sobres,tapsin|20,tapsin|20|bio:unknown|brand:unknown|var:sc|form:fluid-oral,tapsin|20,,sc,fluid-oral,20,,,1g,Tapsin,,paracetamol,name,,,exact,,CFM-000408,4990,false,https://comparafarma-api.vercel.app/api/go?slug=ecofarmacias&matchKey=tapsin%7C20&url=https%3A%2F%2Fwww.ecofarmacias.cl%2Fproducto%2Ftapsin-sc-polvo-para-solucion-efervescente-paracetamol-1gr-x-20-sobres%2F&cfmId=CFM-000408,1
tapsin,tapsin,tapsin,,,,116,117,easyfarma,Paracetamol/Tramadol...,Paracetamol/Tramadol...,paracetamol,paracetamol|bio:unknown|brand:unknown|combo:tramadol,paracetamol,tramadol,,,,,,,,,,unknown,,,compatible,,CFM-000591,4990,true,https://comparafarma-api.vercel.app/api/go?slug=easyfarma&matchKey=paracetamol&url=https%3A%2F%2Fnuevo.easyfarma.cl%2F104846-paracetamol-tramadol-325-375-mg-x-30-comp.html&cfmId=CFM-000591,1
tapsin,tapsin,tapsin,,,,117,118,ahumada,Tapsin Duo x 30 Comprimidos Recubiertos,Tapsin Duo x 30 Comprimidos Recubiertos,tapsin|30,tapsin|30|bio:unknown|brand:unknown|var:duo|form:solid-oral,tapsin|30,,duo,solid-oral,30,,,,,,,unknown,,,exact,,CFM-000102,5002,true,https://comparafarma-api.vercel.app/api/go?slug=ahumada&matchKey=tapsin%7C30&url=https%3A%2F%2Fwww.farmaciasahumada.cl%2Ftapsin-duo-x-30-comprimidos-recubiertos-92242.html&cfmId=CFM-000102,1
tapsin,tapsin,tapsin,,,,118,119,cruz-verde,Tapsin Forte Paracetamol 650 mg 30 Comprimidos Recibiertos con Tapa De Seguridad Childproof,Tapsin Forte Paracetamol 650 mg 30 Comprimidos Recibiertos con Tapa De Seguridad Childproof,tapsin|650mg|30,tapsin|650mg|30|bio:unknown|brand:unknown|var:forte|form:solid-oral,tapsin|650mg|30,,forte,solid-oral,30,,,650mg,Tapsin,,paracetamol,name,,,exact,,CFM-001452,5140,true,https://comparafarma-api.vercel.app/api/go?slug=cruz-verde&matchKey=tapsin%7C650mg%7C30&url=https%3A%2F%2Fwww.cruzverde.cl%2Ftapsin-forte-paracetamol-650-mg-30-comprimidos-recibiertos-con-tapa-de-seguridad-childproof%2F299091.html&cfmId=CFM-001452,1
tapsin,tapsin,tapsin,,,,119,120,farmex,Tapsin Efervecente 1 g x 20 sobres,Tapsin Efervecente 1 g x 20 sobres,tapsin|1000mg|20,tapsin|1000mg|20|bio:unknown|brand:maver|var:efervecente|form:fluid-oral,tapsin|1000mg|20,,efervecente,fluid-oral,20,,,1g,,Maver,,unknown,MAVER,,exact,,CFM-000006,5190,true,https://comparafarma-api.vercel.app/api/go?slug=farmex&matchKey=tapsin%7C1000mg%7C20&url=https%3A%2F%2Ffarmex.cl%2Fproducts%2Ftapsin-efervecente-1-g-x-20-sobres%3F_pos%3D2%26_psq%3Dtapsin%26_psid%3Da636e94f4%26_ss%3De&cfmId=CFM-000006,1
tapsin,tapsin,tapsin,,,,120,121,salcobrand,Tapsin SC Efervescente (B) Paracetamol 20 Sobres,Tapsin SC Efervescente (B) Paracetamol 20 Sobres,tapsin|20,tapsin|20|bio:unknown|brand:tapsin|var:sc|form:fluid-oral,tapsin|20,,sc,fluid-oral,20,,,,Tapsin,,paracetamol,structured,Tapsin,,exact,,CFM-000408,5249,true,https://comparafarma-api.vercel.app/api/go?slug=salcobrand&matchKey=tapsin%7C20&url=https%3A%2F%2Fsalcobrand.cl%2Fproducts%2Ftapsin-sc-efervescente-b-paracetamol-20-sobres%3Fdefault_sku%3D577402&cfmId=CFM-000408,1
tapsin,tapsin,tapsin,,,,121,122,salcobrand,Tapsí­n Instaflu DN 18 Comprimidos,Tapsí­n Instaflu DN 18 Comprimidos,tapsi|18,tapsi|18|bio:unknown|brand:tapsin|var:n|form:solid-oral,tapsi|18,,n,solid-oral,18,,,,Tapsín,,,structured,Tapsí­n,,compatible,,CFM-001551,5279,true,https://comparafarma-api.vercel.app/api/go?slug=salcobrand&matchKey=tapsi%7C18&url=https%3A%2F%2Fsalcobrand.cl%2Fproducts%2Ftapsi-n-instaflu-dn-18-comprimidos%3Fdefault_sku%3D574821&cfmId=CFM-001551,1
tapsin,tapsin,tapsin,,,,122,123,cruz-verde,Tapsin InstaFLU DN Paracetamol 500 mg Pseudoefedrina Clorhidrato 60 mg 12+6 Comprimidos,Tapsin InstaFLU DN Paracetamol 500 mg Pseudoefedrina Clorhidrato 60 mg 12+6 Comprimidos,tapsin|500mg|6,tapsin|500mg|6|bio:unknown|brand:unknown|var:instaflu|form:solid-oral,tapsin|500mg|6,,instaflu,solid-oral,6,,,500mg,Tapsin,,paracetamol,name,,,exact,,CFM-000849,5490,true,https://comparafarma-api.vercel.app/api/go?slug=cruz-verde&matchKey=tapsin%7C500mg%7C6&url=https%3A%2F%2Fwww.cruzverde.cl%2Ftapsin-instaflu-dn-paracetamol-500-mg-pseudoefedrina-clorhidrato-60-mg-12-6-comprimidos%2F255388.html&cfmId=CFM-000849,1
tapsin,tapsin,tapsin,,,,123,124,salcobrand,Tapsin Instaflu Compuesto Plus 12 Comprimidos,Tapsin Instaflu Compuesto Plus 12 Comprimidos,tapsin|12,tapsin|12|bio:unknown|brand:tapsin|var:instaflu|form:solid-oral,tapsin|12,,instaflu,solid-oral,12,,,,Tapsin,,,structured,Tapsin,,exact,,CFM-000109,5599,true,https://comparafarma-api.vercel.app/api/go?slug=salcobrand&matchKey=tapsin%7C12&url=https%3A%2F%2Fsalcobrand.cl%2Fproducts%2Ftapsin-instaflu-compuesto-plus-12-comprimidos%3Fdefault_sku%3D595157&cfmId=CFM-000109,1
tapsin,tapsin,tapsin,,,,124,125,cruz-verde,Tapsin SC Paracetamol 1000 mg Polvo para Soluc. Oral Efervescente 1 Sobre Sabor Limon,Tapsin SC Paracetamol 1000 mg Polvo para Soluc. Oral Efervescente 1 Sobre Sabor Limon,tapsin|1000mg,tapsin|1000mg|bio:unknown|brand:unknown|var:sc|form:fluid-oral,tapsin|1000mg,,sc,fluid-oral,1,,,1000mg,Tapsin,,paracetamol,name,,,exact,,CFM-000848,5790,true,https://comparafarma-api.vercel.app/api/go?slug=cruz-verde&matchKey=tapsin%7C1000mg&url=https%3A%2F%2Fwww.cruzverde.cl%2Ftapsin-sc-paracetamol-1000-mg-polvo-para-soluc-oral-efervescente-1-sobre-sabor-limon%2F387700.html&cfmId=CFM-000848,1
tapsin,tapsin,tapsin,,,,125,126,dr-simi,Tapsin SC paracetamol 1 g 20 sobres polvo para solución oral efervescente,Tapsin SC paracetamol 1 g 20 sobres polvo para solución oral efervescente,tapsin|1000mg|20,tapsin|1000mg|20|bio:false|brand:maver|var:sc|form:fluid-oral,tapsin|1000mg|20,,sc,fluid-oral,20,,,1g,Tapsin,Maver,paracetamol,name,MAVER,false,exact,,CFM-000006,5910,true,https://comparafarma-api.vercel.app/api/go?slug=dr-simi&matchKey=tapsin%7C1000mg%7C20&url=https%3A%2F%2Fwww.drsimi.cl%2Ftapsin-sc-paracetamol-1-gr-polvo-para-solucion-oral-efervescente%2Fp&cfmId=CFM-000006,1
tapsin,tapsin,tapsin,,,,126,127,ecofarmacias,Tapsin SC Paracetamol 1 gr x 20 Comprimidos,Tapsin SC Paracetamol 1 gr x 20 Comprimidos,tapsin|20,tapsin|20|bio:unknown|brand:unknown|var:sc|form:solid-oral,tapsin|20,,sc,solid-oral,20,,,1g,Tapsin,,paracetamol,name,,,exact,,CFM-000408,5980,true,https://comparafarma-api.vercel.app/api/go?slug=ecofarmacias&matchKey=tapsin%7C20&url=https%3A%2F%2Fwww.ecofarmacias.cl%2Fproducto%2Ftapsin-sc-paracetamol-1-gr-x-20-comprimidos%2F&cfmId=CFM-000408,1
tapsin,tapsin,tapsin,,,,127,128,araucomed,Tapsin Polvo efervescente limon 1g x20 sobres,Tapsin Polvo efervescente limon 1g x20 sobres,tapsin|1000mg|20,tapsin|1000mg|20|bio:unknown|brand:maver|var:limon|form:fluid-oral,tapsin|1000mg|20,,limon,fluid-oral,20,,,1g,,Maver,,unknown,Maver,,exact,,CFM-000006,5990,true,https://comparafarma-api.vercel.app/api/go?slug=araucomed&matchKey=tapsin%7C1000mg%7C20&url=https%3A%2F%2Ffarmacia.araucomed.com%2Fanalgesicos-y-antinflamatorios%2Ftapsin-polvo-efervescente-limon-1g-x20-sobres&cfmId=CFM-000006,1
tapsin,tapsin,tapsin,,,,128,129,salcobrand,Tapsin (B) Paracetamol 1g 20 Comprimidos Recubiertos,Tapsin (B) Paracetamol 1g 20 Comprimidos Recubiertos,tapsin|1000mg|20,tapsin|1000mg|20|bio:unknown|brand:tapsin|form:solid-oral,tapsin|1000mg|20,,,solid-oral,20,,,1g,Tapsin,,paracetamol,structured,Tapsin,,exact,,CFM-000006,6369,true,https://comparafarma-api.vercel.app/api/go?slug=salcobrand&matchKey=tapsin%7C1000mg%7C20&url=https%3A%2F%2Fsalcobrand.cl%2Fproducts%2Ftapsin-b-paracetamol-1g-20-comprimidos-recubiertos%3Fdefault_sku%3D575992&cfmId=CFM-000006,1
tapsin,tapsin,tapsin,,,,129,130,salcobrand,Tapsin Duo (B) Paracetamol / Ibuprofeno 30 Comprimidos Recubiertos,Tapsin Duo (B) Paracetamol / Ibuprofeno 30 Comprimidos Recubiertos,tapsin|30,tapsin|30|bio:unknown|brand:tapsin|combo:ibuprofeno|form:solid-oral,tapsin|30,ibuprofeno,,solid-oral,30,,,,Tapsin,,,structured,Tapsin,,exact,,CFM-000102,6399,true,https://comparafarma-api.vercel.app/api/go?slug=salcobrand&matchKey=tapsin%7C30&url=https%3A%2F%2Fsalcobrand.cl%2Fproducts%2Ftapsin-duo-b-paracetamol-ibuprofeno-30-comprimidos-recubiertos%3Fdefault_sku%3D586354&cfmId=CFM-000102,1
tapsin,tapsin,tapsin,,,,130,131,salcobrand,Tapsín M 30 Comprimidos Recubiertos,Tapsín M 30 Comprimidos Recubiertos,tapsin|30,tapsin|30|bio:unknown|brand:tapsin|var:m|form:solid-oral,tapsin|30,,m,solid-oral,30,,,,Tapsin,,,structured,Tapsin,,exact,,CFM-000102,6599,true,https://comparafarma-api.vercel.app/api/go?slug=salcobrand&matchKey=tapsin%7C30&url=https%3A%2F%2Fsalcobrand.cl%2Fproducts%2Ftapsin-m-30-comprimidos-recubiertos%3Fdefault_sku%3D578147&cfmId=CFM-000102,1
tapsin,tapsin,tapsin,,,,131,132,cruz-verde,Tapsin 1000 SC Paracetamol 1000 mg 20 Comprimidos Recubiertos,Tapsin 1000 SC Paracetamol 1000 mg 20 Comprimidos Recubiertos,tapsin|1000mg|20,tapsin|1000mg|20|bio:unknown|brand:unknown|var:sc|form:solid-oral,tapsin|1000mg|20,,sc,solid-oral,20,,,1000mg,Tapsin,,paracetamol,name,,,exact,,CFM-000006,6790,true,https://comparafarma-api.vercel.app/api/go?slug=cruz-verde&matchKey=tapsin%7C1000mg%7C20&url=https%3A%2F%2Fwww.cruzverde.cl%2Ftapsin-1000-sc-paracetamol-1000-mg-20-comprimidos-recubiertos%2F383406.html&cfmId=CFM-000006,1
tapsin,tapsin,tapsin,,,,132,133,salcobrand,Tapsin Infantil Paracetamol 120mg/5ml Jarabe 100ml,Tapsin Infantil Paracetamol 120mg/5ml Jarabe 100ml,tapsin|100ml,tapsin|100ml|bio:unknown|brand:tapsin|var:infantil|form:fluid-oral,tapsin|100ml,,infantil,fluid-oral,,120mg/5ml,ratio,120mg/5ml,Tapsin,,paracetamol,structured,Tapsin,,exact,,CFM-000081,7409,true,https://comparafarma-api.vercel.app/api/go?slug=salcobrand&matchKey=tapsin%7C100ml&url=https%3A%2F%2Fsalcobrand.cl%2Fproducts%2Ftapsin-infantil-paracetamol-120mg-5ml-jarabe-100ml%3Fdefault_sku%3D591187&cfmId=CFM-000081,1
tapsin,tapsin,tapsin,,,,133,134,ahumada,Tapsin 1000 mg SC x 20 Comprimidos Recubiertos,Tapsin 1000 mg SC x 20 Comprimidos Recubiertos,tapsin|1000mg|20,tapsin|1000mg|20|bio:true|brand:unknown|form:solid-oral,tapsin|1000mg|20,,,solid-oral,20,,,1000mg,,,,unknown,,true,exact,,CFM-000006,7552,true,https://comparafarma-api.vercel.app/api/go?slug=ahumada&matchKey=tapsin%7C1000mg%7C20&url=https%3A%2F%2Fwww.farmaciasahumada.cl%2Ftapsin-1000-mg-sc-x-20-comprimidos-recubiertos-88629.html&cfmId=CFM-000006,1
tapsin,tapsin,tapsin,,,,134,135,ecofarmacias,Tapsin infantil paracetamol 120mg/5ml jarabe 100ml,Tapsin  Infantil Suspensión  100Ml,tapsin|100ml,tapsin|100ml|bio:unknown|brand:unknown|var:infantil|form:fluid-oral,tapsin|100ml,,infantil,fluid-oral,,120mg/5ml,ratio,120mg/5ml,,,,unknown,,,exact,,CFM-000081,7890,true,https://comparafarma-api.vercel.app/api/go?slug=ecofarmacias&matchKey=tapsin%7C100ml&url=https%3A%2F%2Fwww.ecofarmacias.cl%2Fproducto%2Ftapsin-infantil-paracetamol-120mg-5ml-jarabe-100ml%2F&cfmId=CFM-000081,3
tapsin,tapsin,tapsin,,,,134,135,cruz-verde,Tapsin  Infantil Suspensión  100Ml,Tapsin  Infantil Suspensión  100Ml,tapsin|100ml,tapsin|100ml|bio:unknown|brand:unknown|var:infantil|form:fluid-oral,tapsin|100ml,,infantil,fluid-oral,,,,100ml,,,,unknown,,,exact,,CFM-000081,8990,false,https://comparafarma-api.vercel.app/api/go?slug=cruz-verde&matchKey=tapsin%7C100ml&url=https%3A%2F%2Fwww.cruzverde.cl%2Ftapsin-infantil-suspension-100ml%2F575404.html&cfmId=CFM-000081,3
tapsin,tapsin,tapsin,,,,134,135,ahumada,Tapsin Infantil 120 mg/ 5 mL Suspensión Oral Sabor Frambuesa 100 mL,Tapsin  Infantil Suspensión  100Ml,tapsin|100ml,tapsin|100ml|bio:unknown|brand:unknown|var:infantil|form:fluid-oral,tapsin|100ml,,infantil,fluid-oral,,120mg/5ml,ratio,120mg/5ml,,,,unknown,,,exact,,CFM-000081,12179,true,https://comparafarma-api.vercel.app/api/go?slug=ahumada&matchKey=tapsin%7C100ml&url=https%3A%2F%2Fwww.farmaciasahumada.cl%2Ftapsin-infantil-120-mg--5-ml-suspension-oral-sabor-frambuesa-100-ml-95294.html&cfmId=CFM-000081,3
tapsin,tapsin,tapsin,,,,135,136,easyfarma,Brevex 20 comprimidos,Brevex 20 comprimidos,brevex|20,brevex|20|bio:unknown|brand:unknown|form:solid-oral,brevex|20,,,solid-oral,20,,,,,,,unknown,,,compatible,,CFM-001056,10990,true,https://comparafarma-api.vercel.app/api/go?slug=easyfarma&matchKey=brevex%7C20&url=https%3A%2F%2Fnuevo.easyfarma.cl%2F25025-brevex-x-20.html&cfmId=CFM-001056,1
tapsin,tapsin,tapsin,,,,136,137,easyfarma,Cronus x 30 comprimidos,Cronus x 30 comprimidos,cronus|30,cronus|30|bio:unknown|brand:unknown|form:solid-oral,cronus|30,,,solid-oral,30,,,,,,,unknown,,,compatible,,CFM-001054,16990,true,https://comparafarma-api.vercel.app/api/go?slug=easyfarma&matchKey=cronus%7C30&url=https%3A%2F%2Fnuevo.easyfarma.cl%2F104166-cronus-x-30-comprimidos.html&cfmId=CFM-001054,1