key,pharmacy,category,categoryName,categoryWhy,rawName,discriminator,ingredients,negatedComponents,declaredComponentCount,isAssociation,isComplete,concentrationKind,dosageForm,route,pharmaceuticalUnit,conceptOutcome,unknownAxes,mintableIfIngredientKnown,queries,url
ecofarmacias|https://comparafarma-api.vercel.app/api/go?slug=ecofarmacias&matchkey=ambroxol%7c100ml&url=https%3a%2f%2fwww.ecofarmacias.cl%2fproducto%2fjarabe-ambroxol-clorhidrato-30mg5ml-100ml-hospifarma-descuento%2f&cfmid=cfm-000068,ecofarmacias,E,CONCENTRATION_MASS_ONLY_ON_NON_DISCRETE_FORM,"masa absoluta en forma liquido-oral, no es concentración completa",Jarabe Ambroxol clorhidrato 30mg5ml 100ml (Hospifarma) DESCUENTO,,ambroxol,,1,false,true,mass-only,liquido-oral,oral,,unresolved,unit,false,ambroxol+ambroxol 30mg+ambroxol 30mg/5ml+ambroxol 30mg/5ml jarabe 100ml,https://comparafarma-api.vercel.app/api/go?slug=ecofarmacias&matchKey=ambroxol%7C100ml&url=https%3A%2F%2Fwww.ecofarmacias.cl%2Fproducto%2Fjarabe-ambroxol-clorhidrato-30mg5ml-100ml-hospifarma-descuento%2F&cfmId=CFM-000068
easyfarma|https://comparafarma-api.vercel.app/api/go?slug=easyfarma&matchkey=amrodil%7c100ml&url=https%3a%2f%2fnuevo.easyfarma.cl%2f105664-amrodil-30-mg-5ml-100-ml.html&cfmid=cfm-014924,easyfarma,C,BRAND_ONLY_NAME_NO_MOLECULE_IN_TEXT,"el nombre solo trae cabecera comercial, ninguna molécula escrita",Amrodil 30 Mg/5ml 100 Ml,amrodil,,,0,false,false,ratio,,,,unresolved,ing+form+route+unit,false,ambroxol+ambroxol 30mg+ambroxol 30mg/5ml+ambroxol 30mg/5ml jarabe 100ml,https://comparafarma-api.vercel.app/api/go?slug=easyfarma&matchKey=amrodil%7C100ml&url=https%3A%2F%2Fnuevo.easyfarma.cl%2F105664-amrodil-30-mg-5ml-100-ml.html&cfmId=CFM-014924
ahumada|https://comparafarma-api.vercel.app/api/go?slug=ahumada&matchkey=tocalm%7c100ml%7c100&url=https%3a%2f%2fwww.farmaciasahumada.cl%2ftocalm-adulto-30-mg-5-ml-x-100-ml-jarabe-47395.html&cfmid=cfm-001435,ahumada,C,BRAND_ONLY_NAME_NO_MOLECULE_IN_TEXT,"el nombre solo trae cabecera comercial, ninguna molécula escrita",Tocalm Adulto 30 mg/5 mL x 100 mL Jarabe,tocalm,,,0,false,false,ratio,liquido-oral,oral,,unresolved,ing+unit,true,ambroxol+ambroxol 30mg+ambroxol 30mg/5ml+ambroxol 30mg/5ml jarabe 100ml,https://comparafarma-api.vercel.app/api/go?slug=ahumada&matchKey=tocalm%7C100ml%7C100&url=https%3A%2F%2Fwww.farmaciasahumada.cl%2Ftocalm-adulto-30-mg-5-ml-x-100-ml-jarabe-47395.html&cfmId=CFM-001435
farmex|https://comparafarma-api.vercel.app/api/go?slug=farmex&matchkey=broncot%7c120ml%7c120&url=https%3a%2f%2ffarmex.cl%2fproducts%2fbroncot-forte-g-t-f-jarabe-30-mg-5ml%3f_pos%3d4%26_psq%3dambroxol%26_psid%3db91d4d71c%26_ss%3de&cfmid=cfm-001432,farmex,C,BRAND_ONLY_NAME_NO_MOLECULE_IN_TEXT,"el nombre solo trae cabecera comercial, ninguna molécula escrita",Broncot Forte G.T.F. Jarabe 30 mg / 5 mL x 120 mL,broncot,,,0,false,false,ratio,liquido-oral,oral,,unresolved,ing+unit,true,ambroxol+ambroxol 30mg+ambroxol 30mg/5ml+ambroxol 30mg/5ml jarabe 100ml,https://comparafarma-api.vercel.app/api/go?slug=farmex&matchKey=broncot%7C120ml%7C120&url=https%3A%2F%2Ffarmex.cl%2Fproducts%2Fbroncot-forte-g-t-f-jarabe-30-mg-5ml%3F_pos%3D4%26_psq%3Dambroxol%26_psid%3Db91d4d71c%26_ss%3De&cfmId=CFM-001432
ahumada|https://comparafarma-api.vercel.app/api/go?slug=ahumada&matchkey=broncot%7c120ml&url=https%3a%2f%2fwww.farmaciasahumada.cl%2fbroncot-fte-g.f.t.-s-azu.-30mg-5ml-120ml-50483.html&cfmid=cfm-001431,ahumada,C,BRAND_ONLY_NAME_NO_MOLECULE_IN_TEXT,"el nombre solo trae cabecera comercial, ninguna molécula escrita",Broncot Fte G.F.T. S/Azu. 30mg/5ml 120ml,broncot,,,0,false,false,ratio,,,,unresolved,ing+form+route+unit,false,ambroxol+ambroxol 30mg+ambroxol 30mg/5ml+ambroxol 30mg/5ml jarabe 100ml,https://comparafarma-api.vercel.app/api/go?slug=ahumada&matchKey=broncot%7C120ml&url=https%3A%2F%2Fwww.farmaciasahumada.cl%2Fbroncot-fte-g.f.t.-s-azu.-30mg-5ml-120ml-50483.html&cfmId=CFM-001431
easyfarma|https://comparafarma-api.vercel.app/api/go?slug=easyfarma&matchkey=muxol&url=https%3a%2f%2fnuevo.easyfarma.cl%2f25414-muxol-adulto-jarabe-x-100ml.html&cfmid=cfm-001440,easyfarma,H,TRUNCATED_SOURCE_NAME,la fuente entregó el nombre cortado,Muxol Adulto Jarabe...,muxol,,,0,false,false,absent,liquido-oral,oral,,unresolved,ing+conc+unit,false,ambroxol+ambroxol 30mg+ambroxol 30mg/5ml+ambroxol 30mg/5ml jarabe 100ml,https://comparafarma-api.vercel.app/api/go?slug=easyfarma&matchKey=muxol&url=https%3A%2F%2Fnuevo.easyfarma.cl%2F25414-muxol-adulto-jarabe-x-100ml.html&cfmId=CFM-001440
easyfarma|https://comparafarma-api.vercel.app/api/go?slug=easyfarma&matchkey=muxol&url=https%3a%2f%2fnuevo.easyfarma.cl%2f25413-muxol-pediatrico-jarabe-x-100ml.html&cfmid=cfm-001440,easyfarma,H,TRUNCATED_SOURCE_NAME,la fuente entregó el nombre cortado,Muxol Pediatrico Jarabe x...,muxol,,,0,false,false,absent,liquido-oral,oral,,unresolved,ing+conc+unit,false,ambroxol+ambroxol 30mg+ambroxol 30mg/5ml+ambroxol 30mg/5ml jarabe 100ml,https://comparafarma-api.vercel.app/api/go?slug=easyfarma&matchKey=muxol&url=https%3A%2F%2Fnuevo.easyfarma.cl%2F25413-muxol-pediatrico-jarabe-x-100ml.html&cfmId=CFM-001440
easyfarma|https://comparafarma-api.vercel.app/api/go?slug=easyfarma&matchkey=broncot&url=https%3a%2f%2fnuevo.easyfarma.cl%2f24773-broncot-gft-jarabe.html&cfmid=cfm-001434,easyfarma,H,TRUNCATED_SOURCE_NAME,la fuente entregó el nombre cortado,Broncot Pediatrico GFT...,broncot,,,0,false,false,absent,,,,unresolved,ing+conc+form+route+unit,false,ambroxol+ambroxol 30mg+ambroxol 30mg/5ml+ambroxol 30mg/5ml jarabe 100ml,https://comparafarma-api.vercel.app/api/go?slug=easyfarma&matchKey=broncot&url=https%3A%2F%2Fnuevo.easyfarma.cl%2F24773-broncot-gft-jarabe.html&cfmId=CFM-001434
ecofarmacias|https://comparafarma-api.vercel.app/api/go?slug=ecofarmacias&matchkey=ambroxol%7c100ml&url=https%3a%2f%2fwww.ecofarmacias.cl%2fproducto%2fambroxol-infantil-100ml%2f&cfmid=cfm-000068,ecofarmacias,G,AMBIGUOUS_AGAINST_REGISTRY,"más de un concepto candidato en el registro, sin desempate",Ambroxol Infantil 100ml (Andromaco),,ambroxol,,1,false,true,absent,,,,ambiguous,conc+form+route+unit,false,ambroxol+ambroxol 30mg+ambroxol 30mg/5ml+ambroxol 30mg/5ml jarabe 100ml,https://comparafarma-api.vercel.app/api/go?slug=ecofarmacias&matchKey=ambroxol%7C100ml&url=https%3A%2F%2Fwww.ecofarmacias.cl%2Fproducto%2Fambroxol-infantil-100ml%2F&cfmId=CFM-000068
farmex|https://comparafarma-api.vercel.app/api/go?slug=farmex&matchkey=mintamox%7c100ml%7c100&url=https%3a%2f%2ffarmex.cl%2fproducts%2fmintamox-15-mg-5-ml-x-100-ml%3f_pos%3d3%26_psq%3dambroxol%26_psid%3db91d4d71c%26_ss%3de&cfmid=cfm-014930,farmex,C,BRAND_ONLY_NAME_NO_MOLECULE_IN_TEXT,"el nombre solo trae cabecera comercial, ninguna molécula escrita",Mintamox 15 mg / 5 mL x 100 mL,mintamox,,,0,false,false,ratio,,,,unresolved,ing+form+route+unit,false,ambroxol+ambroxol 30mg+ambroxol 30mg/5ml+ambroxol 30mg/5ml jarabe 100ml,https://comparafarma-api.vercel.app/api/go?slug=farmex&matchKey=mintamox%7C100ml%7C100&url=https%3A%2F%2Ffarmex.cl%2Fproducts%2Fmintamox-15-mg-5-ml-x-100-ml%3F_pos%3D3%26_psq%3Dambroxol%26_psid%3Db91d4d71c%26_ss%3De&cfmId=CFM-014930
ecofarmacias|https://comparafarma-api.vercel.app/api/go?slug=ecofarmacias&matchkey=tocalm%7c100ml&url=https%3a%2f%2fwww.ecofarmacias.cl%2fproducto%2ftocalm-ambroxol-jarabe-adulto-100-ml-prater%2f&cfmid=cfm-001430,ecofarmacias,G,AMBIGUOUS_AGAINST_REGISTRY,"más de un concepto candidato en el registro, sin desempate",Tocalm Ambroxol Jarabe Adulto 100 mL (Prater),,ambroxol,,1,false,true,absent,liquido-oral,oral,,ambiguous,conc+unit,false,ambroxol+ambroxol 30mg+ambroxol 30mg/5ml+ambroxol 30mg/5ml jarabe 100ml,https://comparafarma-api.vercel.app/api/go?slug=ecofarmacias&matchKey=tocalm%7C100ml&url=https%3A%2F%2Fwww.ecofarmacias.cl%2Fproducto%2Ftocalm-ambroxol-jarabe-adulto-100-ml-prater%2F&cfmId=CFM-001430
easyfarma|https://comparafarma-api.vercel.app/api/go?slug=easyfarma&matchkey=ambroxol%7c15mg&url=https%3a%2f%2fnuevo.easyfarma.cl%2f105165-ambroxol-pediatrico-15mg-5-ml-100-ml-ascend.html&cfmid=cfm-001429,easyfarma,H,TRUNCATED_SOURCE_NAME,la fuente entregó el nombre cortado,Ambroxol Pediatrico 15mg/5...,,ambroxol,,1,false,true,mass-only,,,,unresolved,form+route+unit,false,ambroxol+ambroxol 30mg+ambroxol 30mg/5ml+ambroxol 30mg/5ml jarabe 100ml,https://comparafarma-api.vercel.app/api/go?slug=easyfarma&matchKey=ambroxol%7C15mg&url=https%3A%2F%2Fnuevo.easyfarma.cl%2F105165-ambroxol-pediatrico-15mg-5-ml-100-ml-ascend.html&cfmId=CFM-001429
salcobrand|https://comparafarma-api.vercel.app/api/go?slug=salcobrand&matchkey=muxol%7c100ml&url=https%3a%2f%2fsalcobrand.cl%2fproducts%2fmuxol-adulto-ambroxol-jarabe-100ml%3fdefault_sku%3d2979230&cfmid=cfm-000997,salcobrand,G,AMBIGUOUS_AGAINST_REGISTRY,"más de un concepto candidato en el registro, sin desempate",Muxol Adulto Ambroxol Jarabe 100ml,,ambroxol,,1,false,true,absent,liquido-oral,oral,,ambiguous,conc+unit,false,ambroxol+ambroxol 30mg+ambroxol 30mg/5ml+ambroxol 30mg/5ml jarabe 100ml,https://comparafarma-api.vercel.app/api/go?slug=salcobrand&matchKey=muxol%7C100ml&url=https%3A%2F%2Fsalcobrand.cl%2Fproducts%2Fmuxol-adulto-ambroxol-jarabe-100ml%3Fdefault_sku%3D2979230&cfmId=CFM-000997
ahumada|https://comparafarma-api.vercel.app/api/go?slug=ahumada&matchkey=tocalm%7c100ml%7c100&url=https%3a%2f%2fwww.farmaciasahumada.cl%2ftocalm-pediatrico-15-mg-5-ml-x-100-ml-jarabe-47393.html&cfmid=cfm-001435,ahumada,C,BRAND_ONLY_NAME_NO_MOLECULE_IN_TEXT,"el nombre solo trae cabecera comercial, ninguna molécula escrita",Tocalm Pediatrico 15 mg/5 mL x 100 mL Jarabe,tocalm,,,0,false,false,ratio,liquido-oral,oral,,unresolved,ing+unit,true,ambroxol+ambroxol 30mg+ambroxol 30mg/5ml+ambroxol 30mg/5ml jarabe 100ml,https://comparafarma-api.vercel.app/api/go?slug=ahumada&matchKey=tocalm%7C100ml%7C100&url=https%3A%2F%2Fwww.farmaciasahumada.cl%2Ftocalm-pediatrico-15-mg-5-ml-x-100-ml-jarabe-47393.html&cfmId=CFM-001435
ahumada|https://comparafarma-api.vercel.app/api/go?slug=ahumada&matchkey=muxol%7c100ml&url=https%3a%2f%2fwww.farmaciasahumada.cl%2fmuxol-jarabe-adulto-ambroxol-clorhidrato-600-mg-100-ml-9257.html&cfmid=cfm-000997,ahumada,E,CONCENTRATION_MASS_ONLY_ON_NON_DISCRETE_FORM,"masa absoluta en forma liquido-oral, no es concentración completa",MUXOL JARABE ADULTO Ambroxol Clorhidrato 600 mg 100 ml,,ambroxol,,1,false,true,mass-only,liquido-oral,oral,,unresolved,unit,false,ambroxol+ambroxol 30mg+ambroxol 30mg/5ml+ambroxol 30mg/5ml jarabe 100ml,https://comparafarma-api.vercel.app/api/go?slug=ahumada&matchKey=muxol%7C100ml&url=https%3A%2F%2Fwww.farmaciasahumada.cl%2Fmuxol-jarabe-adulto-ambroxol-clorhidrato-600-mg-100-ml-9257.html&cfmId=CFM-000997
salcobrand|https://comparafarma-api.vercel.app/api/go?slug=salcobrand&matchkey=muxol%7c100ml&url=https%3a%2f%2fsalcobrand.cl%2fproducts%2fmuxol-pediatrico-ambroxol-jarabe-100ml%3fdefault_sku%3d2979220&cfmid=cfm-000997,salcobrand,G,AMBIGUOUS_AGAINST_REGISTRY,"más de un concepto candidato en el registro, sin desempate",Muxol Pediátrico Ambroxol Jarabe 100ml,,ambroxol,,1,false,true,absent,liquido-oral,oral,,ambiguous,conc+unit,false,ambroxol+ambroxol 30mg+ambroxol 30mg/5ml+ambroxol 30mg/5ml jarabe 100ml,https://comparafarma-api.vercel.app/api/go?slug=salcobrand&matchKey=muxol%7C100ml&url=https%3A%2F%2Fsalcobrand.cl%2Fproducts%2Fmuxol-pediatrico-ambroxol-jarabe-100ml%3Fdefault_sku%3D2979220&cfmId=CFM-000997
ahumada|https://comparafarma-api.vercel.app/api/go?slug=ahumada&matchkey=muxol%7c100ml&url=https%3a%2f%2fwww.farmaciasahumada.cl%2fmuxol-jarabe-pediatrico-ambroxol-clorhidrato-300-mg-100-ml-9166.html&cfmid=cfm-000997,ahumada,E,CONCENTRATION_MASS_ONLY_ON_NON_DISCRETE_FORM,"masa absoluta en forma liquido-oral, no es concentración completa",Muxol Jarabe Pediátrico Ambroxol Clorhidrato 300 mg 100 ml,,ambroxol,,1,false,true,mass-only,liquido-oral,oral,,unresolved,unit,false,ambroxol+ambroxol 30mg+ambroxol 30mg/5ml+ambroxol 30mg/5ml jarabe 100ml,https://comparafarma-api.vercel.app/api/go?slug=ahumada&matchKey=muxol%7C100ml&url=https%3A%2F%2Fwww.farmaciasahumada.cl%2Fmuxol-jarabe-pediatrico-ambroxol-clorhidrato-300-mg-100-ml-9166.html&cfmId=CFM-000997
farmex|https://comparafarma-api.vercel.app/api/go?slug=farmex&matchkey=muxol%7c30mg%7c20&url=https%3a%2f%2ffarmex.cl%2fproducts%2fmuxol-30-mg-x-20-comprimidos-5%3f_pos%3d10%26_psq%3dambroxol%26_psid%3db91d4d71c%26_ss%3de&cfmid=cfm-001437,farmex,C,BRAND_ONLY_NAME_NO_MOLECULE_IN_TEXT,"el nombre solo trae cabecera comercial, ninguna molécula escrita",Muxol 30 mg x 20 comprimidos,muxol,,,0,false,false,mass-only,comprimido,oral,comprimido,unresolved,ing,true,ambroxol+ambroxol 30mg+ambroxol 30mg/5ml+ambroxol 30mg/5ml jarabe 100ml,https://comparafarma-api.vercel.app/api/go?slug=farmex&matchKey=muxol%7C30mg%7C20&url=https%3A%2F%2Ffarmex.cl%2Fproducts%2Fmuxol-30-mg-x-20-comprimidos-5%3F_pos%3D10%26_psq%3Dambroxol%26_psid%3Db91d4d71c%26_ss%3De&cfmId=CFM-001437
easyfarma|https://comparafarma-api.vercel.app/api/go?slug=easyfarma&matchkey=broncot%7c7.5mg&url=https%3a%2f%2fnuevo.easyfarma.cl%2f26341-broncot-gotas-x-30ml.html&cfmid=cfm-001438,easyfarma,H,TRUNCATED_SOURCE_NAME,la fuente entregó el nombre cortado,"Broncot Gotas 7,5 mg/ml x...",broncot,,,0,false,false,ratio,liquido-oral,oral,,unresolved,ing+unit,true,ambroxol+ambroxol 30mg+ambroxol 30mg/5ml+ambroxol 30mg/5ml jarabe 100ml,https://comparafarma-api.vercel.app/api/go?slug=easyfarma&matchKey=broncot%7C7.5mg&url=https%3A%2F%2Fnuevo.easyfarma.cl%2F26341-broncot-gotas-x-30ml.html&cfmId=CFM-001438
cruz-verde|https://comparafarma-api.vercel.app/api/go?slug=cruz-verde&matchkey=mucosolvandual%7c120ml&url=https%3a%2f%2fwww.cruzverde.cl%2fmucosolvan-dual-infantil-120ml%2f65002.html&cfmid=cfm-000990,cruz-verde,C,BRAND_ONLY_NAME_NO_MOLECULE_IN_TEXT,"el nombre solo trae cabecera comercial, ninguna molécula escrita",Mucosolvan-Dual Infantil 120Ml,mucosolvandual,,,0,false,false,absent,,,,unresolved,ing+conc+form+route+unit,false,ambroxol+ambroxol 30mg+ambroxol 30mg/5ml+ambroxol 30mg/5ml jarabe 100ml,https://comparafarma-api.vercel.app/api/go?slug=cruz-verde&matchKey=mucosolvandual%7C120ml&url=https%3A%2F%2Fwww.cruzverde.cl%2Fmucosolvan-dual-infantil-120ml%2F65002.html&cfmId=CFM-000990
ahumada|https://comparafarma-api.vercel.app/api/go?slug=ahumada&matchkey=broncot%7c120ml%7c120&url=https%3a%2f%2fwww.farmaciasahumada.cl%2fbroncot-gft-15-mg-5-ml-x-120-ml-jarabe-50485.html&cfmid=cfm-001432,ahumada,C,BRAND_ONLY_NAME_NO_MOLECULE_IN_TEXT,"el nombre solo trae cabecera comercial, ninguna molécula escrita",Broncot GFT 15 mg/5 mL x 120 mL Jarabe,broncot,,,0,false,false,ratio,liquido-oral,oral,,unresolved,ing+unit,true,ambroxol+ambroxol 30mg+ambroxol 30mg/5ml+ambroxol 30mg/5ml jarabe 100ml,https://comparafarma-api.vercel.app/api/go?slug=ahumada&matchKey=broncot%7C120ml%7C120&url=https%3A%2F%2Fwww.farmaciasahumada.cl%2Fbroncot-gft-15-mg-5-ml-x-120-ml-jarabe-50485.html&cfmId=CFM-001432
ahumada|https://comparafarma-api.vercel.app/api/go?slug=ahumada&matchkey=broncot%7c30ml&url=https%3a%2f%2fwww.farmaciasahumada.cl%2fbroncot-7.5-mg-ml-gotas-fco.-30ml-4499.html&cfmid=cfm-001439,ahumada,C,BRAND_ONLY_NAME_NO_MOLECULE_IN_TEXT,"el nombre solo trae cabecera comercial, ninguna molécula escrita",Broncot 7.5 mg/ml Gotas Fco. 30ml,broncot,,,0,false,false,ratio,liquido-oral,oral,,unresolved,ing+unit,true,ambroxol+ambroxol 30mg+ambroxol 30mg/5ml+ambroxol 30mg/5ml jarabe 100ml,https://comparafarma-api.vercel.app/api/go?slug=ahumada&matchKey=broncot%7C30ml&url=https%3A%2F%2Fwww.farmaciasahumada.cl%2Fbroncot-7.5-mg-ml-gotas-fco.-30ml-4499.html&cfmId=CFM-001439
ecofarmacias|https://comparafarma-api.vercel.app/api/go?slug=ecofarmacias&matchkey=amoxicilina&url=https%3a%2f%2fwww.ecofarmacias.cl%2fproducto%2famoxicilina-acido-clavulanico-250-625-polvo-para-suspension-oral%2f&cfmid=cfm-000907,ecofarmacias,D,CONCENTRATION_ABSENT,el nombre no declara concentración,"Amoxicilina / Ácido Clavulánico 250/62,5 Polvo Para Suspensión Oral",,amoxicilina+clavulanico,,2,true,true,absent,liquido-oral,oral,,unresolved,conc+unit,false,amoxicilina 500mg,https://comparafarma-api.vercel.app/api/go?slug=ecofarmacias&matchKey=amoxicilina&url=https%3A%2F%2Fwww.ecofarmacias.cl%2Fproducto%2Famoxicilina-acido-clavulanico-250-625-polvo-para-suspension-oral%2F&cfmId=CFM-000907
ecofarmacias|https://comparafarma-api.vercel.app/api/go?slug=ecofarmacias&matchkey=amoxicilina%7c20&url=https%3a%2f%2fwww.ecofarmacias.cl%2fproducto%2famoxicilinaacido-clavulanico-clav-500-125-x-20-comprimidos-recubiertos-cenabast%2f&cfmid=cfm-000803,ecofarmacias,G,AMBIGUOUS_AGAINST_REGISTRY,"más de un concepto candidato en el registro, sin desempate",Amoxicilina+Acido Clavulanico Clav 500/125  X 20 Comprimidos Recubiertos (Cenabast),,amoxicilina+clavulanico,,2,true,true,absent,comprimido,oral,comprimido,ambiguous,conc,false,amoxicilina 500mg,https://comparafarma-api.vercel.app/api/go?slug=ecofarmacias&matchKey=amoxicilina%7C20&url=https%3A%2F%2Fwww.ecofarmacias.cl%2Fproducto%2Famoxicilinaacido-clavulanico-clav-500-125-x-20-comprimidos-recubiertos-cenabast%2F&cfmId=CFM-000803
easyfarma|https://comparafarma-api.vercel.app/api/go?slug=easyfarma&matchkey=amoxicilina&url=https%3a%2f%2fnuevo.easyfarma.cl%2f102872-amoxicilina-acido-clavulanico-400mg-57mg-70-ml.html&cfmid=cfm-000907,easyfarma,H,TRUNCATED_SOURCE_NAME,la fuente entregó el nombre cortado,Amoxicilina/Acido...,,amoxicilina,,1,false,true,absent,,,,ambiguous,conc+form+route+unit,false,amoxicilina 500mg,https://comparafarma-api.vercel.app/api/go?slug=easyfarma&matchKey=amoxicilina&url=https%3A%2F%2Fnuevo.easyfarma.cl%2F102872-amoxicilina-acido-clavulanico-400mg-57mg-70-ml.html&cfmId=CFM-000907
easyfarma|https://comparafarma-api.vercel.app/api/go?slug=easyfarma&matchkey=amoxicilina&url=https%3a%2f%2fnuevo.easyfarma.cl%2f103308-amoxicilina-acido-clavulanico-500-125-x-20-comp-lab-ascend.html&cfmid=cfm-000907,easyfarma,H,TRUNCATED_SOURCE_NAME,la fuente entregó el nombre cortado,Amoxicilina + Acido...,,amoxicilina,,1,false,true,absent,,,,ambiguous,conc+form+route+unit,false,amoxicilina 500mg,https://comparafarma-api.vercel.app/api/go?slug=easyfarma&matchKey=amoxicilina&url=https%3A%2F%2Fnuevo.easyfarma.cl%2F103308-amoxicilina-acido-clavulanico-500-125-x-20-comp-lab-ascend.html&cfmId=CFM-000907
easyfarma|https://comparafarma-api.vercel.app/api/go?slug=easyfarma&matchkey=amoxicilina&url=https%3a%2f%2fnuevo.easyfarma.cl%2f32716-amoxicilina-acido-clavulanico-875-125-mg-x-20.html&cfmid=cfm-000907,easyfarma,H,TRUNCATED_SOURCE_NAME,la fuente entregó el nombre cortado,Amoxicilina + Ac...,,amoxicilina,,1,false,true,absent,,,,ambiguous,conc+form+route+unit,false,amoxicilina 500mg,https://comparafarma-api.vercel.app/api/go?slug=easyfarma&matchKey=amoxicilina&url=https%3A%2F%2Fnuevo.easyfarma.cl%2F32716-amoxicilina-acido-clavulanico-875-125-mg-x-20.html&cfmId=CFM-000907
salcobrand|https://comparafarma-api.vercel.app/api/go?slug=salcobrand&matchkey=amoxicilina%7c14&url=https%3a%2f%2fsalcobrand.cl%2fproducts%2fopko-amoxicilina-acido-clavulanico-b-875-125-14-comprimidos-recubiertos%3fdefault_sku%3d1768030&cfmid=cfm-000893,salcobrand,G,AMBIGUOUS_AGAINST_REGISTRY,"más de un concepto candidato en el registro, sin desempate",Amoxicilina / Ácido Clavulánico (B) 875/125 14 Comprimidos Recubiertos,,amoxicilina+clavulanico,,2,true,true,absent,comprimido,oral,comprimido,ambiguous,conc,false,amoxicilina 500mg,https://comparafarma-api.vercel.app/api/go?slug=salcobrand&matchKey=amoxicilina%7C14&url=https%3A%2F%2Fsalcobrand.cl%2Fproducts%2Fopko-amoxicilina-acido-clavulanico-b-875-125-14-comprimidos-recubiertos%3Fdefault_sku%3D1768030&cfmId=CFM-000893
salcobrand|https://comparafarma-api.vercel.app/api/go?slug=salcobrand&matchkey=amoxicilina%7c20&url=https%3a%2f%2fsalcobrand.cl%2fproducts%2famoxicilina-acido-clavulanico-b-500-125-20-comprimidos-recubiertos%3fdefault_sku%3d1763275&cfmid=cfm-000803,salcobrand,G,AMBIGUOUS_AGAINST_REGISTRY,"más de un concepto candidato en el registro, sin desempate",Amoxicilina / Acido Clavulánico (B) 500/125 20 Comprimidos Recubiertos,,amoxicilina+clavulanico,,2,true,true,absent,comprimido,oral,comprimido,ambiguous,conc,false,amoxicilina 500mg,https://comparafarma-api.vercel.app/api/go?slug=salcobrand&matchKey=amoxicilina%7C20&url=https%3A%2F%2Fsalcobrand.cl%2Fproducts%2Famoxicilina-acido-clavulanico-b-500-125-20-comprimidos-recubiertos%3Fdefault_sku%3D1763275&cfmId=CFM-000803
salcobrand|https://comparafarma-api.vercel.app/api/go?slug=salcobrand&matchkey=maximox%7c14&url=https%3a%2f%2fsalcobrand.cl%2fproducts%2facido-clavulanico-125mg-amoxicilina-875mg-oral-solido-83a0ca42-b9c7-4c3b-b584-25d831bd287e%3fdefault_sku%3d2501113&cfmid=cfm-000919,salcobrand,G,AMBIGUOUS_AGAINST_REGISTRY,"más de un concepto candidato en el registro, sin desempate",Maximox (B) 875/125 Amoxicilina / ícido Clavulánico 14 Comprimidos Recubiertos,,amoxicilina+clavulanico,,2,true,true,absent,comprimido,oral,comprimido,ambiguous,conc,false,amoxicilina 500mg,https://comparafarma-api.vercel.app/api/go?slug=salcobrand&matchKey=maximox%7C14&url=https%3A%2F%2Fsalcobrand.cl%2Fproducts%2Facido-clavulanico-125mg-amoxicilina-875mg-oral-solido-83a0ca42-b9c7-4c3b-b584-25d831bd287e%3Fdefault_sku%3D2501113&cfmId=CFM-000919
salcobrand|https://comparafarma-api.vercel.app/api/go?slug=salcobrand&matchkey=maximox%7c20&url=https%3a%2f%2fsalcobrand.cl%2fproducts%2facido-clavulanico-125mg-amoxicilina-875mg-oral-solido-717e7b95-7249-428c-b210-d0853378111c%3fdefault_sku%3d2501114&cfmid=cfm-000917,salcobrand,G,AMBIGUOUS_AGAINST_REGISTRY,"más de un concepto candidato en el registro, sin desempate",Maximox (B) 875/125 Amoxicilina / ícido Clavulánico 20 Comprimidos Recubiertos,,amoxicilina+clavulanico,,2,true,true,absent,comprimido,oral,comprimido,ambiguous,conc,false,amoxicilina 500mg,https://comparafarma-api.vercel.app/api/go?slug=salcobrand&matchKey=maximox%7C20&url=https%3A%2F%2Fsalcobrand.cl%2Fproducts%2Facido-clavulanico-125mg-amoxicilina-875mg-oral-solido-717e7b95-7249-428c-b210-d0853378111c%3Fdefault_sku%3D2501114&cfmId=CFM-000917
ahumada|https://comparafarma-api.vercel.app/api/go?slug=ahumada&matchkey=ambilan%7c14&url=https%3a%2f%2fwww.farmaciasahumada.cl%2fambilan-bid-875-125-14-comprimidos-recubiertos-94710.html&cfmid=cfm-000938,ahumada,C,BRAND_ONLY_NAME_NO_MOLECULE_IN_TEXT,"el nombre solo trae cabecera comercial, ninguna molécula escrita",Ambilan Bid 875/125 14 Comprimidos Recubiertos,ambilan,,,2,true,false,absent,comprimido,oral,comprimido,unresolved,ing+conc,false,amoxicilina 500mg,https://comparafarma-api.vercel.app/api/go?slug=ahumada&matchKey=ambilan%7C14&url=https%3A%2F%2Fwww.farmaciasahumada.cl%2Fambilan-bid-875-125-14-comprimidos-recubiertos-94710.html&cfmId=CFM-000938
salcobrand|https://comparafarma-api.vercel.app/api/go?slug=salcobrand&matchkey=clavam%7c14&url=https%3a%2f%2fsalcobrand.cl%2fproducts%2facido-clavulanico-125mg-amoxicilina-875mg-oral-solido-557ff42a-e4f7-41e5-afa0-b21c0e4e3a55%3fdefault_sku%3d3402056&cfmid=cfm-000928,salcobrand,G,AMBIGUOUS_AGAINST_REGISTRY,"más de un concepto candidato en el registro, sin desempate",Clavam Duo (B) Amoxicilina / ícido Clavulánico 875/125 14 Comprimidos Recubiertos,,amoxicilina+clavulanico,,2,true,true,absent,comprimido,oral,comprimido,ambiguous,conc,false,amoxicilina 500mg,https://comparafarma-api.vercel.app/api/go?slug=salcobrand&matchKey=clavam%7C14&url=https%3A%2F%2Fsalcobrand.cl%2Fproducts%2Facido-clavulanico-125mg-amoxicilina-875mg-oral-solido-557ff42a-e4f7-41e5-afa0-b21c0e4e3a55%3Fdefault_sku%3D3402056&cfmId=CFM-000928
salcobrand|https://comparafarma-api.vercel.app/api/go?slug=salcobrand&matchkey=clavam%7c20&url=https%3a%2f%2fsalcobrand.cl%2fproducts%2facido-clavulanico-125mg-amoxicilina-875mg-oral-solido-173dd599-892c-4243-923c-7305fe1fdf4b%3fdefault_sku%3d3402057&cfmid=cfm-000929,salcobrand,G,AMBIGUOUS_AGAINST_REGISTRY,"más de un concepto candidato en el registro, sin desempate",Clavam Duo (B) Amoxicilina / ícido Clavulánico 875/125 20 Comprimidos Recubiertos,,amoxicilina+clavulanico,,2,true,true,absent,comprimido,oral,comprimido,ambiguous,conc,false,amoxicilina 500mg,https://comparafarma-api.vercel.app/api/go?slug=salcobrand&matchKey=clavam%7C20&url=https%3A%2F%2Fsalcobrand.cl%2Fproducts%2Facido-clavulanico-125mg-amoxicilina-875mg-oral-solido-173dd599-892c-4243-923c-7305fe1fdf4b%3Fdefault_sku%3D3402057&cfmId=CFM-000929
ahumada|https://comparafarma-api.vercel.app/api/go?slug=ahumada&matchkey=ambilan%7c20&url=https%3a%2f%2fwww.farmaciasahumada.cl%2fambilan-bid-875-125-20-comprimidos-recubiertos-94711.html&cfmid=cfm-001236,ahumada,C,BRAND_ONLY_NAME_NO_MOLECULE_IN_TEXT,"el nombre solo trae cabecera comercial, ninguna molécula escrita",Ambilan Bid 875/125 20 Comprimidos Recubiertos,ambilan,,,2,true,false,absent,comprimido,oral,comprimido,unresolved,ing+conc,false,amoxicilina 500mg,https://comparafarma-api.vercel.app/api/go?slug=ahumada&matchKey=ambilan%7C20&url=https%3A%2F%2Fwww.farmaciasahumada.cl%2Fambilan-bid-875-125-20-comprimidos-recubiertos-94711.html&cfmId=CFM-001236
salcobrand|https://comparafarma-api.vercel.app/api/go?slug=salcobrand&matchkey=clavinex%7c14&url=https%3a%2f%2fsalcobrand.cl%2fproducts%2fclavinex-duo-cd-amoxicilina-acido-clavulanico-14-comprimidos-dispersables%3fdefault_sku%3d2974206&cfmid=cfm-000940,salcobrand,G,AMBIGUOUS_AGAINST_REGISTRY,"más de un concepto candidato en el registro, sin desempate",Clavinex Duo CD Amoxicilina / Ácido Clavulánico 14 Comprimidos Dispersables,,amoxicilina+clavulanico,,2,true,true,absent,comprimido,oral,comprimido,ambiguous,conc,false,amoxicilina 500mg,https://comparafarma-api.vercel.app/api/go?slug=salcobrand&matchKey=clavinex%7C14&url=https%3A%2F%2Fsalcobrand.cl%2Fproducts%2Fclavinex-duo-cd-amoxicilina-acido-clavulanico-14-comprimidos-dispersables%3Fdefault_sku%3D2974206&cfmId=CFM-000940
ecofarmacias|https://comparafarma-api.vercel.app/api/go?slug=ecofarmacias&matchkey=amoxicilina%7c70ml&url=https%3a%2f%2fwww.ecofarmacias.cl%2fproducto%2famoxicilina-acido-clavulanico-400-57mg-suspension-oral-70ml%2f&cfmid=cfm-000890,ecofarmacias,E,CONCENTRATION_MASS_ONLY_ON_NON_DISCRETE_FORM,"masa absoluta en forma liquido-oral, no es concentración completa",Amoxicilina Acido Clavulanico 400/57mg Suspensión oral 70ml,,amoxicilina+clavulanico,,2,true,true,mass-only,liquido-oral,oral,,unresolved,unit,false,amoxicilina 500mg,https://comparafarma-api.vercel.app/api/go?slug=ecofarmacias&matchKey=amoxicilina%7C70ml&url=https%3A%2F%2Fwww.ecofarmacias.cl%2Fproducto%2Famoxicilina-acido-clavulanico-400-57mg-suspension-oral-70ml%2F&cfmId=CFM-000890
dr-simi|https://comparafarma-api.vercel.app/api/go?slug=dr-simi&matchkey=amoxicilina%7c70ml&url=https%3a%2f%2fwww.drsimi.cl%2famoxicilina-ac-clav-400-57-1-polvo-para-suspension-oral-ch50380-1%2fp&cfmid=cfm-000890,dr-simi,E,CONCENTRATION_MASS_ONLY_ON_NON_DISCRETE_FORM,"masa absoluta en forma liquido-oral, no es concentración completa",Amoxicilina 400 mg ácido clavulánico 57 mg polvo para suspensión oral 70 mL,,amoxicilina+clavulanico,,2,true,true,mass-only,liquido-oral,oral,,unresolved,unit,false,amoxicilina 500mg,https://comparafarma-api.vercel.app/api/go?slug=dr-simi&matchKey=amoxicilina%7C70ml&url=https%3A%2F%2Fwww.drsimi.cl%2Famoxicilina-ac-clav-400-57-1-polvo-para-suspension-oral-ch50380-1%2Fp&cfmId=CFM-000890
sermecoop|https://comparafarma-api.vercel.app/api/go?slug=sermecoop&matchkey=amoxicilina%7c70ml%7c70&url=https%3a%2f%2fwww.farmaciasermecoop.cl%2findex.php%2fonline%2fdetalleproducto%3fp_%3d21044%26d_%3d1&cfmid=cfm-000889,sermecoop,E,CONCENTRATION_MASS_ONLY_ON_NON_DISCRETE_FORM,"masa absoluta en forma liquido-oral, no es concentración completa",Amoxicilina/Ácido Clavulánico Suspension 400/57 Mg X 70 Ml,,amoxicilina+clavulanico,,2,true,true,mass-only,liquido-oral,oral,,unresolved,unit,false,amoxicilina 500mg,https://comparafarma-api.vercel.app/api/go?slug=sermecoop&matchKey=amoxicilina%7C70ml%7C70&url=https%3A%2F%2Fwww.farmaciasermecoop.cl%2Findex.php%2Fonline%2Fdetalleproducto%3Fp_%3D21044%26d_%3D1&cfmId=CFM-000889
ecofarmacias|https://comparafarma-api.vercel.app/api/go?slug=ecofarmacias&matchkey=synulox%7c200mg&url=https%3a%2f%2fwww.ecofarmacias.cl%2fproducto%2fsynulox-amoxicilina-200mg-acido-clauvulancio-50mg-uso-perritos%2f&cfmid=cfm-000903,ecofarmacias,I,NON_HUMAN_OR_NON_MEDICATION,el nombre declara uso veterinario,Synulox (Amoxicilina 200mg-Ácido clauvuláncio 50mg) **Uso Veterinario**,,amoxicilina,,1,false,true,mass-only,,,,unresolved,form+route+unit,false,amoxicilina 500mg,https://comparafarma-api.vercel.app/api/go?slug=ecofarmacias&matchKey=synulox%7C200mg&url=https%3A%2F%2Fwww.ecofarmacias.cl%2Fproducto%2Fsynulox-amoxicilina-200mg-acido-clauvulancio-50mg-uso-perritos%2F&cfmId=CFM-000903
dr-simi|https://comparafarma-api.vercel.app/api/go?slug=dr-simi&matchkey=clavam%7c70ml&url=https%3a%2f%2fwww.drsimi.cl%2famoxicilina-ac--clav-400-57-1-polvo-para-suspension-oral-con-solvente-70-ml-amoxicilina-acido-clavulanico%2fp&cfmid=cfm-000916,dr-simi,E,CONCENTRATION_MASS_ONLY_ON_NON_DISCRETE_FORM,"masa absoluta en forma liquido-oral, no es concentración completa",Clavam Duo amoxicilina 400 mg ácido clavulánico 57 mg polvo para suspensión oral 70 mL,,amoxicilina+clavulanico,,2,true,true,mass-only,liquido-oral,oral,,unresolved,unit,false,amoxicilina 500mg,https://comparafarma-api.vercel.app/api/go?slug=dr-simi&matchKey=clavam%7C70ml&url=https%3A%2F%2Fwww.drsimi.cl%2Famoxicilina-ac--clav-400-57-1-polvo-para-suspension-oral-con-solvente-70-ml-amoxicilina-acido-clavulanico%2Fp&cfmId=CFM-000916
ahumada|https://comparafarma-api.vercel.app/api/go?slug=ahumada&matchkey=clavam%7c875mg%7c14&url=https%3a%2f%2fwww.farmaciasahumada.cl%2fclavam-duo-875-mg-125-mg-x-14-comprimidos-recubiertos-76448.html&cfmid=cfm-000936,ahumada,C,BRAND_ONLY_NAME_NO_MOLECULE_IN_TEXT,"el nombre solo trae cabecera comercial, ninguna molécula escrita",Clavam Duo 875 mg/125 mg x 14 Comprimidos Recubiertos,clavam,,,2,true,false,mass-only,comprimido,oral,comprimido,unresolved,ing,true,amoxicilina 500mg,https://comparafarma-api.vercel.app/api/go?slug=ahumada&matchKey=clavam%7C875mg%7C14&url=https%3A%2F%2Fwww.farmaciasahumada.cl%2Fclavam-duo-875-mg-125-mg-x-14-comprimidos-recubiertos-76448.html&cfmId=CFM-000936
ahumada|https://comparafarma-api.vercel.app/api/go?slug=ahumada&matchkey=amoval%7c100ml%7c100&url=https%3a%2f%2fwww.farmaciasahumada.cl%2famoval-250-mg-5-ml-x-100-ml-polvo-para-suspension-oral-11211.html&cfmid=cfm-000915,ahumada,C,BRAND_ONLY_NAME_NO_MOLECULE_IN_TEXT,"el nombre solo trae cabecera comercial, ninguna molécula escrita",Amoval 250 mg/5 mL x 100 mL Polvo Para Suspensión Oral,amoval,,,0,false,false,ratio,liquido-oral,oral,,unresolved,ing+unit,true,amoxicilina 500mg,https://comparafarma-api.vercel.app/api/go?slug=ahumada&matchKey=amoval%7C100ml%7C100&url=https%3A%2F%2Fwww.farmaciasahumada.cl%2Famoval-250-mg-5-ml-x-100-ml-polvo-para-suspension-oral-11211.html&cfmId=CFM-000915
ahumada|https://comparafarma-api.vercel.app/api/go?slug=ahumada&matchkey=amoval%7c50ml%7c50&url=https%3a%2f%2fwww.farmaciasahumada.cl%2famoval-duo-1000-mg-5-ml-x-50-ml-polvo-para-suspension-oral-con-solvente-47367.html&cfmid=cfm-000899,ahumada,A,MISSING_ACTIVE_INGREDIENT_VOCABULARY,token(s) con forma de molécula fuera de vocabulario: solvente,Amoval Duo 1000 mg/5 mL x 50 mL Polvo Para Suspensión Oral Con Solvente,amoval,,,0,false,false,ratio,liquido-oral,oral,,unresolved,ing+unit,true,amoxicilina 500mg,https://comparafarma-api.vercel.app/api/go?slug=ahumada&matchKey=amoval%7C50ml%7C50&url=https%3A%2F%2Fwww.farmaciasahumada.cl%2Famoval-duo-1000-mg-5-ml-x-50-ml-polvo-para-suspension-oral-con-solvente-47367.html&cfmId=CFM-000899
ahumada|https://comparafarma-api.vercel.app/api/go?slug=ahumada&matchkey=optamox%7c875mg%7c21&url=https%3a%2f%2fwww.farmaciasahumada.cl%2foptamox-875-mg-x-21-comprimidos-recubiertos-64562.html&cfmid=cfm-000901,ahumada,C,BRAND_ONLY_NAME_NO_MOLECULE_IN_TEXT,"el nombre solo trae cabecera comercial, ninguna molécula escrita",Optamox 875 mg x 21 Comprimidos Recubiertos,optamox,,,0,false,false,mass-only,comprimido,oral,comprimido,unresolved,ing,true,amoxicilina 500mg,https://comparafarma-api.vercel.app/api/go?slug=ahumada&matchKey=optamox%7C875mg%7C21&url=https%3A%2F%2Fwww.farmaciasahumada.cl%2Foptamox-875-mg-x-21-comprimidos-recubiertos-64562.html&cfmId=CFM-000901
ahumada|https://comparafarma-api.vercel.app/api/go?slug=ahumada&matchkey=amobiotic%7c1000mg%7c14&url=https%3a%2f%2fwww.farmaciasahumada.cl%2famobiotic-1-g-x-14-comprimidos-dispersables-20397.html&cfmid=cfm-000883,ahumada,C,BRAND_ONLY_NAME_NO_MOLECULE_IN_TEXT,"el nombre solo trae cabecera comercial, ninguna molécula escrita",Amobiotic 1 g x 14 Comprimidos Dispersables,amobiotic,,,0,false,false,mass-only,comprimido,oral,comprimido,unresolved,ing,true,amoxicilina 500mg,https://comparafarma-api.vercel.app/api/go?slug=ahumada&matchKey=amobiotic%7C1000mg%7C14&url=https%3A%2F%2Fwww.farmaciasahumada.cl%2Famobiotic-1-g-x-14-comprimidos-dispersables-20397.html&cfmId=CFM-000883
farmex|https://comparafarma-api.vercel.app/api/go?slug=farmex&matchkey=amoval%7c1000mg%7c14&url=https%3a%2f%2ffarmex.cl%2fproducts%2famoval-tabletas-g-amoxicilina%3f_pos%3d9%26_psq%3damoxicilina%26_psid%3df6d42e63b%26_ss%3de&cfmid=cfm-000910,farmex,C,BRAND_ONLY_NAME_NO_MOLECULE_IN_TEXT,"el nombre solo trae cabecera comercial, ninguna molécula escrita",Amoval 1 g x 14 comprimidos,amoval,,,0,false,false,mass-only,comprimido,oral,comprimido,unresolved,ing,true,amoxicilina 500mg,https://comparafarma-api.vercel.app/api/go?slug=farmex&matchKey=amoval%7C1000mg%7C14&url=https%3A%2F%2Ffarmex.cl%2Fproducts%2Famoval-tabletas-g-amoxicilina%3F_pos%3D9%26_psq%3Damoxicilina%26_psid%3Df6d42e63b%26_ss%3De&cfmId=CFM-000910
ecofarmacias|https://comparafarma-api.vercel.app/api/go?slug=ecofarmacias&matchkey=maximox%7c70ml&url=https%3a%2f%2fwww.ecofarmacias.cl%2fproducto%2fmaximox-400-57-amoxicilina-57-mg-5ml-suspension-70-ml%2f&cfmid=cfm-000895,ecofarmacias,A,MISSING_ACTIVE_INGREDIENT_VOCABULARY,token(s) con forma de molécula fuera de vocabulario: maximox,Maximox 400/57 Amoxicilina 57 mg/5mL Suspensión 70 mL,,amoxicilina,,2,true,false,ratio,liquido-oral,oral,,unresolved,ing+unit,true,amoxicilina 500mg,https://comparafarma-api.vercel.app/api/go?slug=ecofarmacias&matchKey=maximox%7C70ml&url=https%3A%2F%2Fwww.ecofarmacias.cl%2Fproducto%2Fmaximox-400-57-amoxicilina-57-mg-5ml-suspension-70-ml%2F&cfmId=CFM-000895
ahumada|https://comparafarma-api.vercel.app/api/go?slug=ahumada&matchkey=amoval%7c70ml%7c70&url=https%3a%2f%2fwww.farmaciasahumada.cl%2famoval-duo--400-mg-5ml-x-70-ml-polvo-para-suspension-oral-23097.html&cfmid=cfm-000933,ahumada,C,BRAND_ONLY_NAME_NO_MOLECULE_IN_TEXT,"el nombre solo trae cabecera comercial, ninguna molécula escrita",Amoval Duo  400 mg/5mL x 70 mL Polvo Para Suspensión Oral,amoval,,,0,false,false,ratio,liquido-oral,oral,,unresolved,ing+unit,true,amoxicilina 500mg,https://comparafarma-api.vercel.app/api/go?slug=ahumada&matchKey=amoval%7C70ml%7C70&url=https%3A%2F%2Fwww.farmaciasahumada.cl%2Famoval-duo--400-mg-5ml-x-70-ml-polvo-para-suspension-oral-23097.html&cfmId=CFM-000933
ahumada|https://comparafarma-api.vercel.app/api/go?slug=ahumada&matchkey=ambilan%7c70ml&url=https%3a%2f%2fwww.farmaciasahumada.cl%2fambilan-bid-400-57-suspension-oral-70-ml-94520.html&cfmid=cfm-000920,ahumada,C,BRAND_ONLY_NAME_NO_MOLECULE_IN_TEXT,"el nombre solo trae cabecera comercial, ninguna molécula escrita",Ambilan Bid 400/57 Suspensión Oral 70 mL,ambilan,,,2,true,false,absent,liquido-oral,oral,,unresolved,ing+conc+unit,false,amoxicilina 500mg,https://comparafarma-api.vercel.app/api/go?slug=ahumada&matchKey=ambilan%7C70ml&url=https%3A%2F%2Fwww.farmaciasahumada.cl%2Fambilan-bid-400-57-suspension-oral-70-ml-94520.html&cfmId=CFM-000920
ahumada|https://comparafarma-api.vercel.app/api/go?slug=ahumada&matchkey=novamox%7c1000mg%7c20&url=https%3a%2f%2fwww.farmaciasahumada.cl%2fnovamox-1-g-x-20-comprimidos-dispersables-88103.html&cfmid=cfm-000923,ahumada,C,BRAND_ONLY_NAME_NO_MOLECULE_IN_TEXT,"el nombre solo trae cabecera comercial, ninguna molécula escrita",Novamox 1 g x 20 Comprimidos Dispersables,novamox,,,0,false,false,mass-only,comprimido,oral,comprimido,unresolved,ing,true,amoxicilina 500mg,https://comparafarma-api.vercel.app/api/go?slug=ahumada&matchKey=novamox%7C1000mg%7C20&url=https%3A%2F%2Fwww.farmaciasahumada.cl%2Fnovamox-1-g-x-20-comprimidos-dispersables-88103.html&cfmId=CFM-000923
ahumada|https://comparafarma-api.vercel.app/api/go?slug=ahumada&matchkey=optamox%7c875mg%7c14&url=https%3a%2f%2fwww.farmaciasahumada.cl%2foptamox-875-mg-x-14-comprimidos-recubiertos-28045.html&cfmid=cfm-000924,ahumada,C,BRAND_ONLY_NAME_NO_MOLECULE_IN_TEXT,"el nombre solo trae cabecera comercial, ninguna molécula escrita",Optamox 875 mg x 14 Comprimidos Recubiertos,optamox,,,0,false,false,mass-only,comprimido,oral,comprimido,unresolved,ing,true,amoxicilina 500mg,https://comparafarma-api.vercel.app/api/go?slug=ahumada&matchKey=optamox%7C875mg%7C14&url=https%3A%2F%2Fwww.farmaciasahumada.cl%2Foptamox-875-mg-x-14-comprimidos-recubiertos-28045.html&cfmId=CFM-000924
ecofarmacias|https://comparafarma-api.vercel.app/api/go?slug=ecofarmacias&matchkey=clavinex%7c70ml&url=https%3a%2f%2fwww.ecofarmacias.cl%2fproducto%2fclavinex-duo-forte-amoxicilina-70ml-acido-clavulanico-susp-oral-descuento%2f&cfmid=cfm-000937,ecofarmacias,G,AMBIGUOUS_AGAINST_REGISTRY,"más de un concepto candidato en el registro, sin desempate",Clavinex Duo Forte Amoxicilina 70ml susp oral DESCUENTO,,amoxicilina,,1,false,true,absent,liquido-oral,oral,,ambiguous,conc+unit,false,amoxicilina 500mg,https://comparafarma-api.vercel.app/api/go?slug=ecofarmacias&matchKey=clavinex%7C70ml&url=https%3A%2F%2Fwww.ecofarmacias.cl%2Fproducto%2Fclavinex-duo-forte-amoxicilina-70ml-acido-clavulanico-susp-oral-descuento%2F&cfmId=CFM-000937
ecofarmacias|https://comparafarma-api.vercel.app/api/go?slug=ecofarmacias&matchkey=clavinex%7c100ml&url=https%3a%2f%2fwww.ecofarmacias.cl%2fproducto%2fclavinex-duo-forte-amoxicilina-800mg-acido-clavulanico-57mg-100ml-descuento%2f&cfmid=cfm-000908,ecofarmacias,F,DOSAGE_FORM_UNREADABLE,no se pudo leer forma farmacéutica canónica,Clavinex duo forte amoxicilina 800mg ácido clavulánico 57mg 100ml DESCUENTO,,amoxicilina+clavulanico,,2,true,true,mass-only,,,,unresolved,form+route+unit,false,amoxicilina 500mg,https://comparafarma-api.vercel.app/api/go?slug=ecofarmacias&matchKey=clavinex%7C100ml&url=https%3A%2F%2Fwww.ecofarmacias.cl%2Fproducto%2Fclavinex-duo-forte-amoxicilina-800mg-acido-clavulanico-57mg-100ml-descuento%2F&cfmId=CFM-000908
ahumada|https://comparafarma-api.vercel.app/api/go?slug=ahumada&matchkey=clavam%7c875mg%7c20&url=https%3a%2f%2fwww.farmaciasahumada.cl%2fclavam-duo-875-mg-125-mg-x-20-comprimidos-recubiertos-76450.html&cfmid=cfm-000891,ahumada,C,BRAND_ONLY_NAME_NO_MOLECULE_IN_TEXT,"el nombre solo trae cabecera comercial, ninguna molécula escrita",Clavam Duo 875 mg/125 mg x 20 Comprimidos Recubiertos,clavam,,,2,true,false,mass-only,comprimido,oral,comprimido,unresolved,ing,true,amoxicilina 500mg,https://comparafarma-api.vercel.app/api/go?slug=ahumada&matchKey=clavam%7C875mg%7C20&url=https%3A%2F%2Fwww.farmaciasahumada.cl%2Fclavam-duo-875-mg-125-mg-x-20-comprimidos-recubiertos-76450.html&cfmId=CFM-000891
ahumada|https://comparafarma-api.vercel.app/api/go?slug=ahumada&matchkey=amobiotic%7c90ml%7c90&url=https%3a%2f%2fwww.farmaciasahumada.cl%2famobiotic-bid-1000-mg-5-ml-x-90-ml-polvo-para-suspension-oral-con-solvente-40951.html&cfmid=cfm-000913,ahumada,A,MISSING_ACTIVE_INGREDIENT_VOCABULARY,token(s) con forma de molécula fuera de vocabulario: solvente,Amobiotic BID 1000 mg/5 mL x 90 mL Polvo para Suspensión Oral con Solvente,amobiotic,,,0,false,false,ratio,liquido-oral,oral,,unresolved,ing+unit,true,amoxicilina 500mg,https://comparafarma-api.vercel.app/api/go?slug=ahumada&matchKey=amobiotic%7C90ml%7C90&url=https%3A%2F%2Fwww.farmaciasahumada.cl%2Famobiotic-bid-1000-mg-5-ml-x-90-ml-polvo-para-suspension-oral-con-solvente-40951.html&cfmId=CFM-000913
salcobrand|https://comparafarma-api.vercel.app/api/go?slug=salcobrand&matchkey=ambilan%7c70ml&url=https%3a%2f%2fsalcobrand.cl%2fproducts%2fambilan-bid-forte-amoxicilina-acido-clavulanico-suspension-oral-70ml%3fdefault_sku%3d590255&cfmid=cfm-000920,salcobrand,D,CONCENTRATION_ABSENT,el nombre no declara concentración,Ambilan Bid Forte Amoxicilina / Ácido Clavulánico Suspensión Oral 70ml,,amoxicilina+clavulanico,,2,true,true,absent,liquido-oral,oral,,unresolved,conc+unit,false,amoxicilina 500mg,https://comparafarma-api.vercel.app/api/go?slug=salcobrand&matchKey=ambilan%7C70ml&url=https%3A%2F%2Fsalcobrand.cl%2Fproducts%2Fambilan-bid-forte-amoxicilina-acido-clavulanico-suspension-oral-70ml%3Fdefault_sku%3D590255&cfmId=CFM-000920
ahumada|https://comparafarma-api.vercel.app/api/go?slug=ahumada&matchkey=amoval%7c90ml%7c90&url=https%3a%2f%2fwww.farmaciasahumada.cl%2famoval-duo-1000-mg-5-ml-x-90-ml-polvo-para-suspension-oral-con-solvente-47369.html&cfmid=cfm-000945,ahumada,A,MISSING_ACTIVE_INGREDIENT_VOCABULARY,token(s) con forma de molécula fuera de vocabulario: solvente,Amoval Duo 1000 mg/5 mL x 90 mL Polvo Para Suspensión Oral Con Solvente,amoval,,,0,false,false,ratio,liquido-oral,oral,,unresolved,ing+unit,true,amoxicilina 500mg,https://comparafarma-api.vercel.app/api/go?slug=ahumada&matchKey=amoval%7C90ml%7C90&url=https%3A%2F%2Fwww.farmaciasahumada.cl%2Famoval-duo-1000-mg-5-ml-x-90-ml-polvo-para-suspension-oral-con-solvente-47369.html&cfmId=CFM-000945
sermecoop|https://comparafarma-api.vercel.app/api/go?slug=sermecoop&matchkey=ambilan%7c90ml&url=https%3a%2f%2fwww.farmaciasermecoop.cl%2findex.php%2fonline%2fdetalleproducto%3fp_%3d21758%26d_%3d1&cfmid=cfm-000914,sermecoop,E,CONCENTRATION_MASS_ONLY_ON_NON_DISCRETE_FORM,"masa absoluta en forma liquido-oral, no es concentración completa",Ambilan Bid Forte (amoxicilina/clavulanico) 800/57mg Susp Oral 90ml,,amoxicilina+clavulanico,,2,true,true,mass-only,liquido-oral,oral,,unresolved,unit,false,amoxicilina 500mg,https://comparafarma-api.vercel.app/api/go?slug=sermecoop&matchKey=ambilan%7C90ml&url=https%3A%2F%2Fwww.farmaciasermecoop.cl%2Findex.php%2Fonline%2Fdetalleproducto%3Fp_%3D21758%26d_%3D1&cfmId=CFM-000914
ecofarmacias|https://comparafarma-api.vercel.app/api/go?slug=ecofarmacias&matchkey=clavinex%7c70ml&url=https%3a%2f%2fwww.ecofarmacias.cl%2fproducto%2fclavinex-duo-amoxicilina-400-mg-acido-clavulanico-57-mg-70-ml%2f&cfmid=cfm-000937,ecofarmacias,F,DOSAGE_FORM_UNREADABLE,no se pudo leer forma farmacéutica canónica,Clavinex Duo Amoxicilina 400 Mg / Acido Clavulánico 57 mg 70 Ml,,amoxicilina+clavulanico,,2,true,true,mass-only,,,,unresolved,form+route+unit,false,amoxicilina 500mg,https://comparafarma-api.vercel.app/api/go?slug=ecofarmacias&matchKey=clavinex%7C70ml&url=https%3A%2F%2Fwww.ecofarmacias.cl%2Fproducto%2Fclavinex-duo-amoxicilina-400-mg-acido-clavulanico-57-mg-70-ml%2F&cfmId=CFM-000937
salcobrand|https://comparafarma-api.vercel.app/api/go?slug=salcobrand&matchkey=ambilan%7c90ml&url=https%3a%2f%2fsalcobrand.cl%2fproducts%2fambilan-bid-forte-amoxicilina-acido-clavulanico-suspension-oral-90ml%3fdefault_sku%3d438212&cfmid=cfm-000914,salcobrand,D,CONCENTRATION_ABSENT,el nombre no declara concentración,Ambilan Bid Forte Amoxicilina / Ácido Clavulánico Suspensión Oral 90ml,,amoxicilina+clavulanico,,2,true,true,absent,liquido-oral,oral,,unresolved,conc+unit,false,amoxicilina 500mg,https://comparafarma-api.vercel.app/api/go?slug=salcobrand&matchKey=ambilan%7C90ml&url=https%3A%2F%2Fsalcobrand.cl%2Fproducts%2Fambilan-bid-forte-amoxicilina-acido-clavulanico-suspension-oral-90ml%3Fdefault_sku%3D438212&cfmId=CFM-000914
ahumada|https://comparafarma-api.vercel.app/api/go?slug=ahumada&matchkey=amoval%7c120ml%7c120&url=https%3a%2f%2fwww.farmaciasahumada.cl%2famoval-duo-1000-mg-5ml-x-120-ml-polvo-para-suspension-oral-con-solvente-89898.html&cfmid=cfm-000935,ahumada,A,MISSING_ACTIVE_INGREDIENT_VOCABULARY,token(s) con forma de molécula fuera de vocabulario: solvente,Amoval Duo 1000 mg/5ml x 120 ml Polvo para Suspensión Oral con Solvente,amoval,,,0,false,false,ratio,liquido-oral,oral,,unresolved,ing+unit,true,amoxicilina 500mg,https://comparafarma-api.vercel.app/api/go?slug=ahumada&matchKey=amoval%7C120ml%7C120&url=https%3A%2F%2Fwww.farmaciasahumada.cl%2Famoval-duo-1000-mg-5ml-x-120-ml-polvo-para-suspension-oral-con-solvente-89898.html&cfmId=CFM-000935
ahumada|https://comparafarma-api.vercel.app/api/go?slug=ahumada&matchkey=ambilan%7c90ml%7c90&url=https%3a%2f%2fwww.farmaciasahumada.cl%2fambilan-bid-forte-800-mg-57-mg-x-90-ml-polvo-para-suspension-oral-46933.html&cfmid=cfm-001240,ahumada,C,BRAND_ONLY_NAME_NO_MOLECULE_IN_TEXT,"el nombre solo trae cabecera comercial, ninguna molécula escrita",Ambilan Bid Forte 800 mg/57 mg x 90 mL Polvo Para Suspensión Oral,ambilan,,,2,true,false,mass-only,liquido-oral,oral,,unresolved,ing+unit,false,amoxicilina 500mg,https://comparafarma-api.vercel.app/api/go?slug=ahumada&matchKey=ambilan%7C90ml%7C90&url=https%3A%2F%2Fwww.farmaciasahumada.cl%2Fambilan-bid-forte-800-mg-57-mg-x-90-ml-polvo-para-suspension-oral-46933.html&cfmId=CFM-001240
ahumada|https://comparafarma-api.vercel.app/api/go?slug=ahumada&matchkey=clavinex%7c875mg%7c14&url=https%3a%2f%2fwww.farmaciasahumada.cl%2fclavinex-duo-cd-875-mg-125-mg-x-14-comprimidos-dispersables-81775.html&cfmid=cfm-000944,ahumada,C,BRAND_ONLY_NAME_NO_MOLECULE_IN_TEXT,"el nombre solo trae cabecera comercial, ninguna molécula escrita",Clavinex Duo CD 875 mg/125 mg x 14 Comprimidos Dispersables,clavinex,,,2,true,false,mass-only,comprimido,oral,comprimido,unresolved,ing,true,amoxicilina 500mg,https://comparafarma-api.vercel.app/api/go?slug=ahumada&matchKey=clavinex%7C875mg%7C14&url=https%3A%2F%2Fwww.farmaciasahumada.cl%2Fclavinex-duo-cd-875-mg-125-mg-x-14-comprimidos-dispersables-81775.html&cfmId=CFM-000944
ahumada|https://comparafarma-api.vercel.app/api/go?slug=ahumada&matchkey=zomel%7c500mg&url=https%3a%2f%2fwww.farmaciasahumada.cl%2fzomel-hp-triterapia-1-g-500-mg-20-mg-14-blister-75761.html&cfmid=cfm-000941,ahumada,A,MISSING_ACTIVE_INGREDIENT_VOCABULARY,token(s) con forma de molécula fuera de vocabulario: triterapia+blister,Zomel HP Triterapia 1 g/500 mg/20 mg 14 Blister,zomel,,,3,true,false,mass-only,,,,unresolved,ing+form+route+unit,false,amoxicilina 500mg,https://comparafarma-api.vercel.app/api/go?slug=ahumada&matchKey=zomel%7C500mg&url=https%3A%2F%2Fwww.farmaciasahumada.cl%2Fzomel-hp-triterapia-1-g-500-mg-20-mg-14-blister-75761.html&cfmId=CFM-000941
farmex|https://comparafarma-api.vercel.app/api/go?slug=farmex&matchkey=coolips%7c10mg%7c10&url=https%3a%2f%2ffarmex.cl%2fproducts%2fcoolips-10-mg-x-10-comprimidos-recubiertos-mintlab%3f_pos%3d6%26_psq%3dcetirizina%26_psid%3ddf9f571ba%26_ss%3de&cfmid=cfm-006030,farmex,C,BRAND_ONLY_NAME_NO_MOLECULE_IN_TEXT,"el nombre solo trae cabecera comercial, ninguna molécula escrita",Coolips 10 mg x 10 comprimidos,coolips,,,0,false,false,mass-only,comprimido,oral,comprimido,unresolved,ing,true,cetirizina 10mg,https://comparafarma-api.vercel.app/api/go?slug=farmex&matchKey=coolips%7C10mg%7C10&url=https%3A%2F%2Ffarmex.cl%2Fproducts%2Fcoolips-10-mg-x-10-comprimidos-recubiertos-mintlab%3F_pos%3D6%26_psq%3Dcetirizina%26_psid%3Ddf9f571ba%26_ss%3De&cfmId=CFM-006030
farmex|https://comparafarma-api.vercel.app/api/go?slug=farmex&matchkey=coolips%7c10mg%7c30&url=https%3a%2f%2ffarmex.cl%2fproducts%2fcoolips-10-mg-x-30-comprimidos%3f_pos%3d3%26_psq%3dcetirizina%26_psid%3ddf9f571ba%26_ss%3de&cfmid=cfm-006028,farmex,C,BRAND_ONLY_NAME_NO_MOLECULE_IN_TEXT,"el nombre solo trae cabecera comercial, ninguna molécula escrita",Coolips 10 mg x 30 comprimidos,coolips,,,0,false,false,mass-only,comprimido,oral,comprimido,unresolved,ing,true,cetirizina 10mg,https://comparafarma-api.vercel.app/api/go?slug=farmex&matchKey=coolips%7C10mg%7C30&url=https%3A%2F%2Ffarmex.cl%2Fproducts%2Fcoolips-10-mg-x-30-comprimidos%3F_pos%3D3%26_psq%3Dcetirizina%26_psid%3Ddf9f571ba%26_ss%3De&cfmId=CFM-006028
easyfarma|https://comparafarma-api.vercel.app/api/go?slug=easyfarma&matchkey=coolips%7c10mg%7c30&url=https%3a%2f%2fnuevo.easyfarma.cl%2f48213-coolips-10-mg-30-comp.html&cfmid=cfm-006028,easyfarma,C,BRAND_ONLY_NAME_NO_MOLECULE_IN_TEXT,"el nombre solo trae cabecera comercial, ninguna molécula escrita",Coolips 10 mg x 30 Comprimidos,coolips,,,0,false,false,mass-only,comprimido,oral,comprimido,unresolved,ing,true,cetirizina 10mg,https://comparafarma-api.vercel.app/api/go?slug=easyfarma&matchKey=coolips%7C10mg%7C30&url=https%3A%2F%2Fnuevo.easyfarma.cl%2F48213-coolips-10-mg-30-comp.html&cfmId=CFM-006028
ahumada|https://comparafarma-api.vercel.app/api/go?slug=ahumada&matchkey=cetirex%7c10mg%7c30&url=https%3a%2f%2fwww.farmaciasahumada.cl%2fcetirex-10-mg-x-30-comprimidos-recubiertos-97879.html&cfmid=cfm-000948,ahumada,C,BRAND_ONLY_NAME_NO_MOLECULE_IN_TEXT,"el nombre solo trae cabecera comercial, ninguna molécula escrita",Cetirex 10 mg x 30 Comprimidos Recubiertos,cetirex,,,0,false,false,mass-only,comprimido,oral,comprimido,unresolved,ing,true,cetirizina 10mg,https://comparafarma-api.vercel.app/api/go?slug=ahumada&matchKey=cetirex%7C10mg%7C30&url=https%3A%2F%2Fwww.farmaciasahumada.cl%2Fcetirex-10-mg-x-30-comprimidos-recubiertos-97879.html&cfmId=CFM-000948
ahumada|https://comparafarma-api.vercel.app/api/go?slug=ahumada&matchkey=rigotax%7c10mg%7c10&url=https%3a%2f%2fwww.farmaciasahumada.cl%2frigotax-10-mg-x-10-comprimidos-89012.html&cfmid=cfm-005368,ahumada,C,BRAND_ONLY_NAME_NO_MOLECULE_IN_TEXT,"el nombre solo trae cabecera comercial, ninguna molécula escrita",Rigotax 10 mg x 10 Comprimidos,rigotax,,,0,false,false,mass-only,comprimido,oral,comprimido,unresolved,ing,true,cetirizina 10mg,https://comparafarma-api.vercel.app/api/go?slug=ahumada&matchKey=rigotax%7C10mg%7C10&url=https%3A%2F%2Fwww.farmaciasahumada.cl%2Frigotax-10-mg-x-10-comprimidos-89012.html&cfmId=CFM-005368
ahumada|https://comparafarma-api.vercel.app/api/go?slug=ahumada&matchkey=findaler%7c10mg%7c30&url=https%3a%2f%2fwww.farmaciasahumada.cl%2ffindaler-10-mg-x-30-comprimidos-20917.html&cfmid=cfm-006032,ahumada,C,BRAND_ONLY_NAME_NO_MOLECULE_IN_TEXT,"el nombre solo trae cabecera comercial, ninguna molécula escrita",Findaler 10 mg x 30 Comprimidos,findaler,,,0,false,false,mass-only,comprimido,oral,comprimido,unresolved,ing,true,cetirizina 10mg,https://comparafarma-api.vercel.app/api/go?slug=ahumada&matchKey=findaler%7C10mg%7C30&url=https%3A%2F%2Fwww.farmaciasahumada.cl%2Ffindaler-10-mg-x-30-comprimidos-20917.html&cfmId=CFM-006032
ahumada|https://comparafarma-api.vercel.app/api/go?slug=ahumada&matchkey=rigotax%7c10mg%7c30&url=https%3a%2f%2fwww.farmaciasahumada.cl%2frigotax-10-mg-x-30-comprimidos-89013.html&cfmid=cfm-002852,ahumada,C,BRAND_ONLY_NAME_NO_MOLECULE_IN_TEXT,"el nombre solo trae cabecera comercial, ninguna molécula escrita",Rigotax 10 mg x 30 Comprimidos,rigotax,,,0,false,false,mass-only,comprimido,oral,comprimido,unresolved,ing,true,cetirizina 10mg,https://comparafarma-api.vercel.app/api/go?slug=ahumada&matchKey=rigotax%7C10mg%7C30&url=https%3A%2F%2Fwww.farmaciasahumada.cl%2Frigotax-10-mg-x-30-comprimidos-89013.html&cfmId=CFM-002852
farmex|https://comparafarma-api.vercel.app/api/go?slug=farmex&matchkey=remitex%7c10mg%7c30&url=https%3a%2f%2ffarmex.cl%2fproducts%2fremitex-10-mg-x-30-comprimidos%3f_pos%3d8%26_psq%3dcetirizina%26_psid%3ddf9f571ba%26_ss%3de&cfmid=cfm-001402,farmex,C,BRAND_ONLY_NAME_NO_MOLECULE_IN_TEXT,"el nombre solo trae cabecera comercial, ninguna molécula escrita",Remitex 10 mg x 30 comprimidos,remitex,,,0,false,false,mass-only,comprimido,oral,comprimido,unresolved,ing,true,cetirizina 10mg,https://comparafarma-api.vercel.app/api/go?slug=farmex&matchKey=remitex%7C10mg%7C30&url=https%3A%2F%2Ffarmex.cl%2Fproducts%2Fremitex-10-mg-x-30-comprimidos%3F_pos%3D8%26_psq%3Dcetirizina%26_psid%3Ddf9f571ba%26_ss%3De&cfmId=CFM-001402
ahumada|https://comparafarma-api.vercel.app/api/go?slug=ahumada&matchkey=remitex%7c10mg%7c30&url=https%3a%2f%2fwww.farmaciasahumada.cl%2fremitex-10-mg-x-30-comprimidos-recubiertos-3762.html&cfmid=cfm-001402,ahumada,C,BRAND_ONLY_NAME_NO_MOLECULE_IN_TEXT,"el nombre solo trae cabecera comercial, ninguna molécula escrita",Remitex 10 mg x 30 Comprimidos Recubiertos,remitex,,,0,false,false,mass-only,comprimido,oral,comprimido,unresolved,ing,true,cetirizina 10mg,https://comparafarma-api.vercel.app/api/go?slug=ahumada&matchKey=remitex%7C10mg%7C30&url=https%3A%2F%2Fwww.farmaciasahumada.cl%2Fremitex-10-mg-x-30-comprimidos-recubiertos-3762.html&cfmId=CFM-001402
ahumada|https://comparafarma-api.vercel.app/api/go?slug=ahumada&matchkey=zotaban%7c10mg%7c28&url=https%3a%2f%2fwww.farmaciasahumada.cl%2fzotaban-10-mg-28-comprimidos-96845.html&cfmid=cfm-006034,ahumada,C,BRAND_ONLY_NAME_NO_MOLECULE_IN_TEXT,"el nombre solo trae cabecera comercial, ninguna molécula escrita",Zotaban 10 mg 28 comprimidos,zotaban,,,0,false,false,mass-only,comprimido,oral,comprimido,unresolved,ing,true,cetirizina 10mg,https://comparafarma-api.vercel.app/api/go?slug=ahumada&matchKey=zotaban%7C10mg%7C28&url=https%3A%2F%2Fwww.farmaciasahumada.cl%2Fzotaban-10-mg-28-comprimidos-96845.html&cfmId=CFM-006034
ahumada|https://comparafarma-api.vercel.app/api/go?slug=ahumada&matchkey=zyrtec%7c10mg%7c30&url=https%3a%2f%2fwww.farmaciasahumada.cl%2fzyrtec-10-mg-x-30-comprimidos-recubiertos-38.html&cfmid=cfm-006029,ahumada,C,BRAND_ONLY_NAME_NO_MOLECULE_IN_TEXT,"el nombre solo trae cabecera comercial, ninguna molécula escrita",Zyrtec 10 mg x 30 Comprimidos Recubiertos,zyrtec,,,0,false,false,mass-only,comprimido,oral,comprimido,unresolved,ing,true,cetirizina 10mg,https://comparafarma-api.vercel.app/api/go?slug=ahumada&matchKey=zyrtec%7C10mg%7C30&url=https%3A%2F%2Fwww.farmaciasahumada.cl%2Fzyrtec-10-mg-x-30-comprimidos-recubiertos-38.html&cfmId=CFM-006029
easyfarma|https://comparafarma-api.vercel.app/api/go?slug=easyfarma&matchkey=cetirizina&url=https%3a%2f%2fnuevo.easyfarma.cl%2f104893-cetirizina-clorhidrato-10-mg-30-comprimidos.html&cfmid=cfm-009806,easyfarma,H,TRUNCATED_SOURCE_NAME,la fuente entregó el nombre cortado,Cetirizina Clorhidrato 10...,,cetirizina,,1,false,true,absent,,,,ambiguous,conc+form+route+unit,false,cetirizina 10mg,https://comparafarma-api.vercel.app/api/go?slug=easyfarma&matchKey=cetirizina&url=https%3A%2F%2Fnuevo.easyfarma.cl%2F104893-cetirizina-clorhidrato-10-mg-30-comprimidos.html&cfmId=CFM-009806
easyfarma|https://comparafarma-api.vercel.app/api/go?slug=easyfarma&matchkey=cetirizina&url=https%3a%2f%2fnuevo.easyfarma.cl%2f103659-cetirizina-diclorhidrato-10-mg-30-comp-lab-ascend.html&cfmid=cfm-009806,easyfarma,H,TRUNCATED_SOURCE_NAME,la fuente entregó el nombre cortado,Cetirizina Diclorhidrato 10...,,cetirizina,,1,false,true,absent,,,,ambiguous,conc+form+route+unit,false,cetirizina 10mg,https://comparafarma-api.vercel.app/api/go?slug=easyfarma&matchKey=cetirizina&url=https%3A%2F%2Fnuevo.easyfarma.cl%2F103659-cetirizina-diclorhidrato-10-mg-30-comp-lab-ascend.html&cfmId=CFM-009806
ahumada|https://comparafarma-api.vercel.app/api/go?slug=ahumada&matchkey=rigotaxd%7c10&url=https%3a%2f%2fwww.farmaciasahumada.cl%2frigotax-d-x-10-capsulas-con-granulos-de-liberacion-prolongada-43131.html&cfmid=cfm-002974,ahumada,C,BRAND_ONLY_NAME_NO_MOLECULE_IN_TEXT,"el nombre solo trae cabecera comercial, ninguna molécula escrita",Rigotax-D x 10 Cápsulas con Gránulos de Liberación Prolongada,rigotaxd,,,0,false,false,absent,capsula,oral,capsula,unresolved,ing+conc,false,cetirizina 10mg,https://comparafarma-api.vercel.app/api/go?slug=ahumada&matchKey=rigotaxd%7C10&url=https%3A%2F%2Fwww.farmaciasahumada.cl%2Frigotax-d-x-10-capsulas-con-granulos-de-liberacion-prolongada-43131.html&cfmId=CFM-002974
farmex|https://comparafarma-api.vercel.app/api/go?slug=farmex&matchkey=rigotax%7c30&url=https%3a%2f%2ffarmex.cl%2fproducts%2frigotax-d-x-30-capsulas%3f_pos%3d2%26_psq%3dcetirizina%26_psid%3ddf9f571ba%26_ss%3de&cfmid=cfm-005365,farmex,C,BRAND_ONLY_NAME_NO_MOLECULE_IN_TEXT,"el nombre solo trae cabecera comercial, ninguna molécula escrita",Rigotax D x 30 cápsulas,rigotax,,,0,false,false,absent,capsula,oral,capsula,unresolved,ing+conc,false,cetirizina 10mg,https://comparafarma-api.vercel.app/api/go?slug=farmex&matchKey=rigotax%7C30&url=https%3A%2F%2Ffarmex.cl%2Fproducts%2Frigotax-d-x-30-capsulas%3F_pos%3D2%26_psq%3Dcetirizina%26_psid%3Ddf9f571ba%26_ss%3De&cfmId=CFM-005365
ahumada|https://comparafarma-api.vercel.app/api/go?slug=ahumada&matchkey=rigotaxd%7c30&url=https%3a%2f%2fwww.farmaciasahumada.cl%2frigotax-d-x-30-capsulas-con-granulos-de-liberacion-prolongada-43130.html&cfmid=cfm-004399,ahumada,C,BRAND_ONLY_NAME_NO_MOLECULE_IN_TEXT,"el nombre solo trae cabecera comercial, ninguna molécula escrita",Rigotax-D x 30 Cápsulas con Gránulos de Liberación Prolongada,rigotaxd,,,0,false,false,absent,capsula,oral,capsula,unresolved,ing+conc,false,cetirizina 10mg,https://comparafarma-api.vercel.app/api/go?slug=ahumada&matchKey=rigotaxd%7C30&url=https%3A%2F%2Fwww.farmaciasahumada.cl%2Frigotax-d-x-30-capsulas-con-granulos-de-liberacion-prolongada-43130.html&cfmId=CFM-004399
farmex|https://comparafarma-api.vercel.app/api/go?slug=farmex&matchkey=remitexd%7c20&url=https%3a%2f%2ffarmex.cl%2fproducts%2fremitex-d-x-20-comprimidos%3f_pos%3d4%26_psq%3dcetirizina%26_psid%3ddf9f571ba%26_ss%3de&cfmid=cfm-003410,farmex,C,BRAND_ONLY_NAME_NO_MOLECULE_IN_TEXT,"el nombre solo trae cabecera comercial, ninguna molécula escrita",Remitex-D x 20 comprimidos,remitexd,,,0,false,false,absent,comprimido,oral,comprimido,unresolved,ing+conc,false,cetirizina 10mg,https://comparafarma-api.vercel.app/api/go?slug=farmex&matchKey=remitexd%7C20&url=https%3A%2F%2Ffarmex.cl%2Fproducts%2Fremitex-d-x-20-comprimidos%3F_pos%3D4%26_psq%3Dcetirizina%26_psid%3Ddf9f571ba%26_ss%3De&cfmId=CFM-003410
salcobrand|https://comparafarma-api.vercel.app/api/go?slug=salcobrand&matchkey=remitexd%7c20&url=https%3a%2f%2fsalcobrand.cl%2fproducts%2fremitex-d-cetirizina-pseudoefedrina-20-comprimidos-prolongados%3fdefault_sku%3d2590271&cfmid=cfm-003410,salcobrand,D,CONCENTRATION_ABSENT,el nombre no declara concentración,Remitex-D Cetirizina / Pseudoefedrina 20 Comprimidos Prolongados,,cetirizina+pseudoefedrina,,2,true,true,absent,comprimido,oral,comprimido,unresolved,conc,false,cetirizina 10mg,https://comparafarma-api.vercel.app/api/go?slug=salcobrand&matchKey=remitexd%7C20&url=https%3A%2F%2Fsalcobrand.cl%2Fproducts%2Fremitex-d-cetirizina-pseudoefedrina-20-comprimidos-prolongados%3Fdefault_sku%3D2590271&cfmId=CFM-003410
ahumada|https://comparafarma-api.vercel.app/api/go?slug=ahumada&matchkey=remitexd%7c20&url=https%3a%2f%2fwww.farmaciasahumada.cl%2fremitex-d-x-20-comprimidos-de-liberacion-prolongada-75264.html&cfmid=cfm-003410,ahumada,C,BRAND_ONLY_NAME_NO_MOLECULE_IN_TEXT,"el nombre solo trae cabecera comercial, ninguna molécula escrita",Remitex-D x 20 Comprimidos de Liberación Prolongada,remitexd,,,0,false,false,absent,comprimido,oral,comprimido,unresolved,ing+conc,false,cetirizina 10mg,https://comparafarma-api.vercel.app/api/go?slug=ahumada&matchKey=remitexd%7C20&url=https%3A%2F%2Fwww.farmaciasahumada.cl%2Fremitex-d-x-20-comprimidos-de-liberacion-prolongada-75264.html&cfmId=CFM-003410
easyfarma|https://comparafarma-api.vercel.app/api/go?slug=easyfarma&matchkey=alerpriv%7c20ml&url=https%3a%2f%2fnuevo.easyfarma.cl%2f103552-alerpriv-5mg-ml-20-ml.html&cfmid=cfm-007203,easyfarma,C,BRAND_ONLY_NAME_NO_MOLECULE_IN_TEXT,"el nombre solo trae cabecera comercial, ninguna molécula escrita",Alerpriv 5mg/ml 20  ml,alerpriv,,,0,false,false,ratio,,,,unresolved,ing+form+route+unit,false,cetirizina 10mg,https://comparafarma-api.vercel.app/api/go?slug=easyfarma&matchKey=alerpriv%7C20ml&url=https%3A%2F%2Fnuevo.easyfarma.cl%2F103552-alerpriv-5mg-ml-20-ml.html&cfmId=CFM-007203
farmex|https://comparafarma-api.vercel.app/api/go?slug=farmex&matchkey=rigotax%7c15ml%7c15&url=https%3a%2f%2ffarmex.cl%2fproducts%2frigotax-10-mg-x-15-ml%3f_pos%3d10%26_psq%3dcetirizina%26_psid%3ddf9f571ba%26_ss%3de&cfmid=cfm-005366,farmex,C,BRAND_ONLY_NAME_NO_MOLECULE_IN_TEXT,"el nombre solo trae cabecera comercial, ninguna molécula escrita",Rigotax Gotas 10 mg / mL x 15 mL,rigotax,,,0,false,false,ratio,liquido-oral,oral,,unresolved,ing+unit,true,cetirizina 10mg,https://comparafarma-api.vercel.app/api/go?slug=farmex&matchKey=rigotax%7C15ml%7C15&url=https%3A%2F%2Ffarmex.cl%2Fproducts%2Frigotax-10-mg-x-15-ml%3F_pos%3D10%26_psq%3Dcetirizina%26_psid%3Ddf9f571ba%26_ss%3De&cfmId=CFM-005366
easyfarma|https://comparafarma-api.vercel.app/api/go?slug=easyfarma&matchkey=alerpriv%7c100ml&url=https%3a%2f%2fnuevo.easyfarma.cl%2f102844-alerpriv-25-5ml-100-ml.html&cfmid=cfm-007199,easyfarma,C,BRAND_ONLY_NAME_NO_MOLECULE_IN_TEXT,"el nombre solo trae cabecera comercial, ninguna molécula escrita",Alerpriv 2.5/5ml 100 ml,alerpriv,,,0,false,false,absent,,,,unresolved,ing+conc+form+route+unit,false,cetirizina 10mg,https://comparafarma-api.vercel.app/api/go?slug=easyfarma&matchKey=alerpriv%7C100ml&url=https%3A%2F%2Fnuevo.easyfarma.cl%2F102844-alerpriv-25-5ml-100-ml.html&cfmId=CFM-007199
ahumada|https://comparafarma-api.vercel.app/api/go?slug=ahumada&matchkey=findaler%7c100ml%7c100&url=https%3a%2f%2fwww.farmaciasahumada.cl%2ffindaler-5-mg-5-ml-x-100-ml-jarabe-20930.html&cfmid=cfm-006035,ahumada,C,BRAND_ONLY_NAME_NO_MOLECULE_IN_TEXT,"el nombre solo trae cabecera comercial, ninguna molécula escrita",Findaler 5 mg/5 ml x 100 ml Jarabe,findaler,,,0,false,false,ratio,liquido-oral,oral,,unresolved,ing+unit,true,cetirizina 10mg,https://comparafarma-api.vercel.app/api/go?slug=ahumada&matchKey=findaler%7C100ml%7C100&url=https%3A%2F%2Fwww.farmaciasahumada.cl%2Ffindaler-5-mg-5-ml-x-100-ml-jarabe-20930.html&cfmId=CFM-006035
ahumada|https://comparafarma-api.vercel.app/api/go?slug=ahumada&matchkey=rigotax%7c60ml%7c60&url=https%3a%2f%2fwww.farmaciasahumada.cl%2frigotax-5-mg-5-ml-x-60-ml-solucion-oral-24439.html&cfmid=cfm-005369,ahumada,C,BRAND_ONLY_NAME_NO_MOLECULE_IN_TEXT,"el nombre solo trae cabecera comercial, ninguna molécula escrita",Rigotax 5 mg/5 mL x 60 mL Solución Oral,rigotax,,,0,false,false,ratio,liquido-oral,oral,,unresolved,ing+unit,true,cetirizina 10mg,https://comparafarma-api.vercel.app/api/go?slug=ahumada&matchKey=rigotax%7C60ml%7C60&url=https%3A%2F%2Fwww.farmaciasahumada.cl%2Frigotax-5-mg-5-ml-x-60-ml-solucion-oral-24439.html&cfmId=CFM-005369
ahumada|https://comparafarma-api.vercel.app/api/go?slug=ahumada&matchkey=rigotax%7c15ml%7c15&url=https%3a%2f%2fwww.farmaciasahumada.cl%2frigotax-10-mg-ml-x-15-ml-solucion-oral-para-gotas-24426.html&cfmid=cfm-005366,ahumada,C,BRAND_ONLY_NAME_NO_MOLECULE_IN_TEXT,"el nombre solo trae cabecera comercial, ninguna molécula escrita",Rigotax 10 mg/mL x 15 mL Solución Oral Para Gotas,rigotax,,,0,false,false,ratio,liquido-oral,oral,,unresolved,ing+unit,true,cetirizina 10mg,https://comparafarma-api.vercel.app/api/go?slug=ahumada&matchKey=rigotax%7C15ml%7C15&url=https%3A%2F%2Fwww.farmaciasahumada.cl%2Frigotax-10-mg-ml-x-15-ml-solucion-oral-para-gotas-24426.html&cfmId=CFM-005366
farmex|https://comparafarma-api.vercel.app/api/go?slug=farmex&matchkey=remitex%7c100ml%7c100&url=https%3a%2f%2ffarmex.cl%2fproducts%2fremitex-jarabe-5-mg-5-ml-x-100-ml%3f_pos%3d7%26_psq%3dcetirizina%26_psid%3ddf9f571ba%26_ss%3de&cfmid=cfm-003409,farmex,C,BRAND_ONLY_NAME_NO_MOLECULE_IN_TEXT,"el nombre solo trae cabecera comercial, ninguna molécula escrita",Remitex Jarabe 5 mg / 5 mL x 100 mL,remitex,,,0,false,false,ratio,liquido-oral,oral,,unresolved,ing+unit,true,cetirizina 10mg,https://comparafarma-api.vercel.app/api/go?slug=farmex&matchKey=remitex%7C100ml%7C100&url=https%3A%2F%2Ffarmex.cl%2Fproducts%2Fremitex-jarabe-5-mg-5-ml-x-100-ml%3F_pos%3D7%26_psq%3Dcetirizina%26_psid%3Ddf9f571ba%26_ss%3De&cfmId=CFM-003409
easyfarma|https://comparafarma-api.vercel.app/api/go?slug=easyfarma&matchkey=degraler%7c5mg%7c40&url=https%3a%2f%2fnuevo.easyfarma.cl%2f24996-degraler-5mg-x-40.html&cfmid=cfm-000622,easyfarma,C,BRAND_ONLY_NAME_NO_MOLECULE_IN_TEXT,"el nombre solo trae cabecera comercial, ninguna molécula escrita",Degraler comprimidos 5 mg x 40,degraler,,,0,false,false,mass-only,comprimido,oral,comprimido,unresolved,ing,true,cetirizina 10mg,https://comparafarma-api.vercel.app/api/go?slug=easyfarma&matchKey=degraler%7C5mg%7C40&url=https%3A%2F%2Fnuevo.easyfarma.cl%2F24996-degraler-5mg-x-40.html&cfmId=CFM-000622
ahumada|https://comparafarma-api.vercel.app/api/go?slug=ahumada&matchkey=remitex%7c100ml%7c100&url=https%3a%2f%2fwww.farmaciasahumada.cl%2fremitex-5-mg-5-ml-x-100-ml-jarabe-15097.html&cfmid=cfm-003409,ahumada,C,BRAND_ONLY_NAME_NO_MOLECULE_IN_TEXT,"el nombre solo trae cabecera comercial, ninguna molécula escrita",Remitex 5 mg/5 mL x 100 mL Jarabe,remitex,,,0,false,false,ratio,liquido-oral,oral,,unresolved,ing+unit,true,cetirizina 10mg,https://comparafarma-api.vercel.app/api/go?slug=ahumada&matchKey=remitex%7C100ml%7C100&url=https%3A%2F%2Fwww.farmaciasahumada.cl%2Fremitex-5-mg-5-ml-x-100-ml-jarabe-15097.html&cfmId=CFM-003409
ahumada|https://comparafarma-api.vercel.app/api/go?slug=ahumada&matchkey=rigotaxd%7c120mg%7c30&url=https%3a%2f%2fwww.farmaciasahumada.cl%2frigotax-d-5-120-mg-caja-30-comprimidos-liberacion-prolongada-91079.html&cfmid=cfm-004400,ahumada,C,BRAND_ONLY_NAME_NO_MOLECULE_IN_TEXT,"el nombre solo trae cabecera comercial, ninguna molécula escrita",Rigotax-D 5/120 mg Caja 30 Comprimidos Liberación Prolongada,rigotaxd,,,2,true,false,mass-only,comprimido,oral,comprimido,unresolved,ing,true,cetirizina 10mg,https://comparafarma-api.vercel.app/api/go?slug=ahumada&matchKey=rigotaxd%7C120mg%7C30&url=https%3A%2F%2Fwww.farmaciasahumada.cl%2Frigotax-d-5-120-mg-caja-30-comprimidos-liberacion-prolongada-91079.html&cfmId=CFM-004400
ahumada|https://comparafarma-api.vercel.app/api/go?slug=ahumada&matchkey=remitex%7c15ml%7c15&url=https%3a%2f%2fwww.farmaciasahumada.cl%2fremitex-10-mg-ml-x-15-ml-solucion-oral-para-gotas-15071.html&cfmid=cfm-003417,ahumada,C,BRAND_ONLY_NAME_NO_MOLECULE_IN_TEXT,"el nombre solo trae cabecera comercial, ninguna molécula escrita",Remitex 10 mg/mL x 15 mL Solución Oral Para Gotas,remitex,,,0,false,false,ratio,liquido-oral,oral,,unresolved,ing+unit,true,cetirizina 10mg,https://comparafarma-api.vercel.app/api/go?slug=ahumada&matchKey=remitex%7C15ml%7C15&url=https%3A%2F%2Fwww.farmaciasahumada.cl%2Fremitex-10-mg-ml-x-15-ml-solucion-oral-para-gotas-15071.html&cfmId=CFM-003417
ahumada|https://comparafarma-api.vercel.app/api/go?slug=ahumada&matchkey=zyrtec%7c60ml%7c60&url=https%3a%2f%2fwww.farmaciasahumada.cl%2fzyrtec-1-mg-ml-x-60-ml-solucion-oral-12.html&cfmid=cfm-005772,ahumada,C,BRAND_ONLY_NAME_NO_MOLECULE_IN_TEXT,"el nombre solo trae cabecera comercial, ninguna molécula escrita",Zyrtec 1 mg/ml x 60 ml Solución Oral,zyrtec,,,0,false,false,ratio,liquido-oral,oral,,unresolved,ing+unit,true,cetirizina 10mg,https://comparafarma-api.vercel.app/api/go?slug=ahumada&matchKey=zyrtec%7C60ml%7C60&url=https%3A%2F%2Fwww.farmaciasahumada.cl%2Fzyrtec-1-mg-ml-x-60-ml-solucion-oral-12.html&cfmId=CFM-005772
ecofarmacias|https://comparafarma-api.vercel.app/api/go?slug=ecofarmacias&matchkey=alerpriv%7c100ml&url=https%3a%2f%2fwww.ecofarmacias.cl%2fproducto%2falerpriv-levocetirizina-25-5ml-jarabe-100ml%2f&cfmid=cfm-007199,ecofarmacias,G,AMBIGUOUS_AGAINST_REGISTRY,"más de un concepto candidato en el registro, sin desempate","Alerpriv Levocetirizina 2,5/5mL Jarabe 100Ml",,levocetirizina,,1,false,true,absent,liquido-oral,oral,,ambiguous,conc+unit,false,cetirizina 10mg,https://comparafarma-api.vercel.app/api/go?slug=ecofarmacias&matchKey=alerpriv%7C100ml&url=https%3A%2F%2Fwww.ecofarmacias.cl%2Fproducto%2Falerpriv-levocetirizina-25-5ml-jarabe-100ml%2F&cfmId=CFM-007199
ecofarmacias|https://comparafarma-api.vercel.app/api/go?slug=ecofarmacias&matchkey=alerpriv%7c20ml&url=https%3a%2f%2fwww.ecofarmacias.cl%2fproducto%2falerpriv-levocetirizina-05-gotas-20-ml%2f&cfmid=cfm-007203,ecofarmacias,G,AMBIGUOUS_AGAINST_REGISTRY,"más de un concepto candidato en el registro, sin desempate","Alerpriv Levocetirizina 0,5% Gotas 20 ml",,levocetirizina,,1,false,true,absent,liquido-oral,oral,,ambiguous,conc+unit,false,cetirizina 10mg,https://comparafarma-api.vercel.app/api/go?slug=ecofarmacias&matchKey=alerpriv%7C20ml&url=https%3A%2F%2Fwww.ecofarmacias.cl%2Fproducto%2Falerpriv-levocetirizina-05-gotas-20-ml%2F&cfmId=CFM-007203
ecofarmacias|https://comparafarma-api.vercel.app/api/go?slug=ecofarmacias&matchkey=neoalertop%7c20ml&url=https%3a%2f%2fwww.ecofarmacias.cl%2fproducto%2fneoalertop-levocetirizina-5-mg-gotas-20-ml-lab-chile%2f&cfmid=cfm-007202,ecofarmacias,E,CONCENTRATION_MASS_ONLY_ON_NON_DISCRETE_FORM,"masa absoluta en forma liquido-oral, no es concentración completa",Neoalertop Levocetirizina 5 mg Gotas 20 Ml (Lab Chile),,levocetirizina,,1,false,true,mass-only,liquido-oral,oral,,unresolved,unit,false,cetirizina 10mg,https://comparafarma-api.vercel.app/api/go?slug=ecofarmacias&matchKey=neoalertop%7C20ml&url=https%3A%2F%2Fwww.ecofarmacias.cl%2Fproducto%2Fneoalertop-levocetirizina-5-mg-gotas-20-ml-lab-chile%2F&cfmId=CFM-007202
ecofarmacias|https://comparafarma-api.vercel.app/api/go?slug=ecofarmacias&matchkey=neoalertop%7c120ml&url=https%3a%2f%2fwww.ecofarmacias.cl%2fproducto%2fjarabe-de-120ml-neoalertop-levocetirizina-25-mg-l-chile-descuento%2f&cfmid=cfm-000629,ecofarmacias,E,CONCENTRATION_MASS_ONLY_ON_NON_DISCRETE_FORM,"masa absoluta en forma liquido-oral, no es concentración completa","Jarabe de 120ml Neoalertop Levocetirizina 2,5 mg L.Chile DESCUENTO",,levocetirizina,,1,false,true,mass-only,liquido-oral,oral,,unresolved,unit,false,cetirizina 10mg,https://comparafarma-api.vercel.app/api/go?slug=ecofarmacias&matchKey=neoalertop%7C120ml&url=https%3A%2F%2Fwww.ecofarmacias.cl%2Fproducto%2Fjarabe-de-120ml-neoalertop-levocetirizina-25-mg-l-chile-descuento%2F&cfmId=CFM-000629
ecofarmacias|https://comparafarma-api.vercel.app/api/go?slug=ecofarmacias&matchkey=zival%7c120ml&url=https%3a%2f%2fwww.ecofarmacias.cl%2fproducto%2fzival-levocetirizina-25mg-jarabe-120ml-saval%2f&cfmid=cfm-000615,ecofarmacias,E,CONCENTRATION_MASS_ONLY_ON_NON_DISCRETE_FORM,"masa absoluta en forma liquido-oral, no es concentración completa","Zival Levocetirizina (2,5mg) Jarabe 120mL (Saval)",,levocetirizina,,1,false,true,mass-only,liquido-oral,oral,,unresolved,unit,false,cetirizina 10mg,https://comparafarma-api.vercel.app/api/go?slug=ecofarmacias&matchKey=zival%7C120ml&url=https%3A%2F%2Fwww.ecofarmacias.cl%2Fproducto%2Fzival-levocetirizina-25mg-jarabe-120ml-saval%2F&cfmId=CFM-000615
easyfarma|https://comparafarma-api.vercel.app/api/go?slug=easyfarma&matchkey=diclofenaco%7c50mg%7c10&url=https%3a%2f%2fnuevo.easyfarma.cl%2f26091-diclofenaco-de-sodio-50-mg-x-10.html&cfmid=cfm-001108,easyfarma,H,TRUNCATED_SOURCE_NAME,la fuente entregó el nombre cortado,Diclofenaco 50 mg x 10...,,diclofenaco,,1,false,true,mass-only,,,,ambiguous,form+route+unit,false,diclofenaco 50mg,https://comparafarma-api.vercel.app/api/go?slug=easyfarma&matchKey=diclofenaco%7C50mg%7C10&url=https%3A%2F%2Fnuevo.easyfarma.cl%2F26091-diclofenaco-de-sodio-50-mg-x-10.html&cfmId=CFM-001108
ahumada|https://comparafarma-api.vercel.app/api/go?slug=ahumada&matchkey=flector%7c50mg%7c10&url=https%3a%2f%2fwww.farmaciasahumada.cl%2fflector-50-mg-x-10-sobres-polvo-granulado-para-solucion-oral-69734.html&cfmid=cfm-003957,ahumada,C,BRAND_ONLY_NAME_NO_MOLECULE_IN_TEXT,"el nombre solo trae cabecera comercial, ninguna molécula escrita",Flector 50 mg x 10 Sobres Polvo Granulado Para Solucion Oral,flector,,,0,false,false,mass-only,liquido-oral,oral,sobre,unresolved,ing,false,diclofenaco 50mg,https://comparafarma-api.vercel.app/api/go?slug=ahumada&matchKey=flector%7C50mg%7C10&url=https%3A%2F%2Fwww.farmaciasahumada.cl%2Fflector-50-mg-x-10-sobres-polvo-granulado-para-solucion-oral-69734.html&cfmId=CFM-003957
cruz-verde|https://comparafarma-api.vercel.app/api/go?slug=cruz-verde&matchkey=flector%7c50mg%7c10&url=https%3a%2f%2fwww.cruzverde.cl%2fflector-diclofenaco-epolamina-50-mg-10-sobres%2f262585.html&cfmid=cfm-003957,cruz-verde,E,CONCENTRATION_MASS_ONLY_ON_NON_DISCRETE_FORM,"masa absoluta en forma liquido-oral, no es concentración completa",Flector Diclofenaco Epolamina 50 mg 10 Sobres,,diclofenaco,,1,false,true,mass-only,liquido-oral,oral,sobre,unresolved,,false,diclofenaco 50mg,https://comparafarma-api.vercel.app/api/go?slug=cruz-verde&matchKey=flector%7C50mg%7C10&url=https%3A%2F%2Fwww.cruzverde.cl%2Fflector-diclofenaco-epolamina-50-mg-10-sobres%2F262585.html&cfmId=CFM-003957
ecofarmacias|https://comparafarma-api.vercel.app/api/go?slug=ecofarmacias&matchkey=diclofenaco%7c8&url=https%3a%2f%2fwww.ecofarmacias.cl%2fproducto%2fdiclofenaco-100-x-8-capsulas-laboratorio-chile%2f&cfmid=cfm-009264,ecofarmacias,G,AMBIGUOUS_AGAINST_REGISTRY,"más de un concepto candidato en el registro, sin desempate",Diclofenaco 100 X 8 Cápsulas (Laboratorio Chile),,diclofenaco,,1,false,true,absent,capsula,oral,capsula,ambiguous,conc,false,diclofenaco 50mg,https://comparafarma-api.vercel.app/api/go?slug=ecofarmacias&matchKey=diclofenaco%7C8&url=https%3A%2F%2Fwww.ecofarmacias.cl%2Fproducto%2Fdiclofenaco-100-x-8-capsulas-laboratorio-chile%2F&cfmId=CFM-009264
easyfarma|https://comparafarma-api.vercel.app/api/go?slug=easyfarma&matchkey=diclofenaco&url=https%3a%2f%2fnuevo.easyfarma.cl%2f24622-diclofenaco-inf-125-mg-suposit-x-5.html&cfmid=cfm-002125,easyfarma,H,TRUNCATED_SOURCE_NAME,la fuente entregó el nombre cortado,Diclofenaco infantil...,,diclofenaco,,1,false,true,absent,,,,ambiguous,conc+form+route+unit,false,diclofenaco 50mg,https://comparafarma-api.vercel.app/api/go?slug=easyfarma&matchKey=diclofenaco&url=https%3A%2F%2Fnuevo.easyfarma.cl%2F24622-diclofenaco-inf-125-mg-suposit-x-5.html&cfmId=CFM-002125
easyfarma|https://comparafarma-api.vercel.app/api/go?slug=easyfarma&matchkey=diclofenaco&url=https%3a%2f%2fnuevo.easyfarma.cl%2f103870-diclofenaco-dietilamina-gel-116-30-gr-curaespring.html&cfmid=cfm-002125,easyfarma,H,TRUNCATED_SOURCE_NAME,la fuente entregó el nombre cortado,Diclofenaco Dietilamina Gel...,,diclofenaco,,1,false,true,absent,gel,topical,,unresolved,conc+unit,false,diclofenaco 50mg,https://comparafarma-api.vercel.app/api/go?slug=easyfarma&matchKey=diclofenaco&url=https%3A%2F%2Fnuevo.easyfarma.cl%2F103870-diclofenaco-dietilamina-gel-116-30-gr-curaespring.html&cfmId=CFM-002125
easyfarma|https://comparafarma-api.vercel.app/api/go?slug=easyfarma&matchkey=diclofenaco&url=https%3a%2f%2fnuevo.easyfarma.cl%2f103230-diclofenaco-dietilamina-gel-topico-116.html&cfmid=cfm-002125,easyfarma,H,TRUNCATED_SOURCE_NAME,la fuente entregó el nombre cortado,Diclofenaco Dietilamina Gel...,,diclofenaco,,1,false,true,absent,gel,topical,,unresolved,conc+unit,false,diclofenaco 50mg,https://comparafarma-api.vercel.app/api/go?slug=easyfarma&matchKey=diclofenaco&url=https%3A%2F%2Fnuevo.easyfarma.cl%2F103230-diclofenaco-dietilamina-gel-topico-116.html&cfmId=CFM-002125
easyfarma|https://comparafarma-api.vercel.app/api/go?slug=easyfarma&matchkey=diclofenaco&url=https%3a%2f%2fnuevo.easyfarma.cl%2f103542-diclofenaco-gel-topico-116-30-gr-ascend.html&cfmid=cfm-002125,easyfarma,H,TRUNCATED_SOURCE_NAME,la fuente entregó el nombre cortado,Diclofenaco Gel Tópico...,,diclofenaco,,1,false,true,absent,gel,topical,,unresolved,conc+unit,false,diclofenaco 50mg,https://comparafarma-api.vercel.app/api/go?slug=easyfarma&matchKey=diclofenaco&url=https%3A%2F%2Fnuevo.easyfarma.cl%2F103542-diclofenaco-gel-topico-116-30-gr-ascend.html&cfmId=CFM-002125
easyfarma|https://comparafarma-api.vercel.app/api/go?slug=easyfarma&matchkey=diclofenaco&url=https%3a%2f%2fnuevo.easyfarma.cl%2f24621-diclofenaco-adul-50-mg-suposit-x-5.html&cfmid=cfm-002125,easyfarma,H,TRUNCATED_SOURCE_NAME,la fuente entregó el nombre cortado,Diclofenaco adulto...,,diclofenaco,,1,false,true,absent,,,,ambiguous,conc+form+route+unit,false,diclofenaco 50mg,https://comparafarma-api.vercel.app/api/go?slug=easyfarma&matchKey=diclofenaco&url=https%3A%2F%2Fnuevo.easyfarma.cl%2F24621-diclofenaco-adul-50-mg-suposit-x-5.html&cfmId=CFM-002125
ahumada|https://comparafarma-api.vercel.app/api/go?slug=ahumada&matchkey=dolo%7c10&url=https%3a%2f%2fwww.farmaciasahumada.cl%2fdolo-neurobionta-diclofenaco-10-comprimidos-recubiertos-92654.html&cfmid=cfm-001333,ahumada,G,AMBIGUOUS_AGAINST_REGISTRY,"más de un concepto candidato en el registro, sin desempate",Dolo Neurobionta Diclofenaco 10 comprimidos recubiertos,,diclofenaco,,1,false,true,absent,comprimido,oral,comprimido,ambiguous,conc,false,diclofenaco 50mg,https://comparafarma-api.vercel.app/api/go?slug=ahumada&matchKey=dolo%7C10&url=https%3A%2F%2Fwww.farmaciasahumada.cl%2Fdolo-neurobionta-diclofenaco-10-comprimidos-recubiertos-92654.html&cfmId=CFM-001333
salcobrand|https://comparafarma-api.vercel.app/api/go?slug=salcobrand&matchkey=doloneurobionta%7c10&url=https%3a%2f%2fsalcobrand.cl%2fproducts%2fdolo-neurobionta-diclofenaco-10-comprimidos-recubiertos%3fdefault_sku%3d586337&cfmid=cfm-003406,salcobrand,G,AMBIGUOUS_AGAINST_REGISTRY,"más de un concepto candidato en el registro, sin desempate",Dolo-Neurobionta Diclofenaco 10 Comprimidos Recubiertos,,diclofenaco,,1,false,true,absent,comprimido,oral,comprimido,ambiguous,conc,false,diclofenaco 50mg,https://comparafarma-api.vercel.app/api/go?slug=salcobrand&matchKey=doloneurobionta%7C10&url=https%3A%2F%2Fsalcobrand.cl%2Fproducts%2Fdolo-neurobionta-diclofenaco-10-comprimidos-recubiertos%3Fdefault_sku%3D586337&cfmId=CFM-003406
ahumada|https://comparafarma-api.vercel.app/api/go?slug=ahumada&matchkey=dolomerpal%7c20&url=https%3a%2f%2fwww.farmaciasahumada.cl%2fdolomerpal-x-20-capsulas-blandas-82699.html&cfmid=cfm-001722,ahumada,C,BRAND_ONLY_NAME_NO_MOLECULE_IN_TEXT,"el nombre solo trae cabecera comercial, ninguna molécula escrita",Dolomerpal x 20 Cápsulas Blandas,dolomerpal,,,0,false,false,absent,capsula,oral,capsula,unresolved,ing+conc,false,diclofenaco 50mg,https://comparafarma-api.vercel.app/api/go?slug=ahumada&matchKey=dolomerpal%7C20&url=https%3A%2F%2Fwww.farmaciasahumada.cl%2Fdolomerpal-x-20-capsulas-blandas-82699.html&cfmId=CFM-001722
cruz-verde|https://comparafarma-api.vercel.app/api/go?slug=cruz-verde&matchkey=dolo%7c10&url=https%3a%2f%2fwww.cruzverde.cl%2fdolo-neurobionta-diclofenaco-10-unidades%2f555437.html&cfmid=cfm-001333,cruz-verde,G,AMBIGUOUS_AGAINST_REGISTRY,"más de un concepto candidato en el registro, sin desempate",Dolo Neurobionta Diclofenaco 10 unidades,,diclofenaco,,1,false,true,absent,,,,ambiguous,conc+form+route+unit,false,diclofenaco 50mg,https://comparafarma-api.vercel.app/api/go?slug=cruz-verde&matchKey=dolo%7C10&url=https%3A%2F%2Fwww.cruzverde.cl%2Fdolo-neurobionta-diclofenaco-10-unidades%2F555437.html&cfmId=CFM-001333
ahumada|https://comparafarma-api.vercel.app/api/go?slug=ahumada&matchkey=dolo%7c20&url=https%3a%2f%2fwww.farmaciasahumada.cl%2fdolo-neurobionta-diclofenaco-20-comprimidos-recubiertos-62650.html&cfmid=cfm-002542,ahumada,G,AMBIGUOUS_AGAINST_REGISTRY,"más de un concepto candidato en el registro, sin desempate",Dolo Neurobionta Diclofenaco 20 comprimidos recubiertos,,diclofenaco,,1,false,true,absent,comprimido,oral,comprimido,ambiguous,conc,false,diclofenaco 50mg,https://comparafarma-api.vercel.app/api/go?slug=ahumada&matchKey=dolo%7C20&url=https%3A%2F%2Fwww.farmaciasahumada.cl%2Fdolo-neurobionta-diclofenaco-20-comprimidos-recubiertos-62650.html&cfmId=CFM-002542
salcobrand|https://comparafarma-api.vercel.app/api/go?slug=salcobrand&matchkey=dolo%7c20&url=https%3a%2f%2fsalcobrand.cl%2fproducts%2fdolo-neurobionta-diclofenaco-20-comprimidos-recubiertos%3fdefault_sku%3d2011369&cfmid=cfm-002542,salcobrand,G,AMBIGUOUS_AGAINST_REGISTRY,"más de un concepto candidato en el registro, sin desempate",Dolo Neurobionta Diclofenaco 20 Comprimidos Recubiertos,,diclofenaco,,1,false,true,absent,comprimido,oral,comprimido,ambiguous,conc,false,diclofenaco 50mg,https://comparafarma-api.vercel.app/api/go?slug=salcobrand&matchKey=dolo%7C20&url=https%3A%2F%2Fsalcobrand.cl%2Fproducts%2Fdolo-neurobionta-diclofenaco-20-comprimidos-recubiertos%3Fdefault_sku%3D2011369&cfmId=CFM-002542
ecofarmacias|https://comparafarma-api.vercel.app/api/go?slug=ecofarmacias&matchkey=diclofenaco%7c30000mg&url=https%3a%2f%2fwww.ecofarmacias.cl%2fproducto%2fdiclofenaco-dietilamina-116-30g-gel-topico-curaspring-descuento%2f&cfmid=cfm-002311,ecofarmacias,E,CONCENTRATION_MASS_ONLY_ON_NON_DISCRETE_FORM,"masa absoluta en forma gel, no es concentración completa","Diclofenaco Dietilamina 1,16%  30g Gel Tópico (CuraSpring) DESCUENTO",,diclofenaco,,1,false,true,mass-only,gel,topical,,unresolved,unit,false,diclofenaco 50mg,https://comparafarma-api.vercel.app/api/go?slug=ecofarmacias&matchKey=diclofenaco%7C30000mg&url=https%3A%2F%2Fwww.ecofarmacias.cl%2Fproducto%2Fdiclofenaco-dietilamina-116-30g-gel-topico-curaspring-descuento%2F&cfmId=CFM-002311
salcobrand|https://comparafarma-api.vercel.app/api/go?slug=salcobrand&matchkey=diclofenaco%7c30000mg&url=https%3a%2f%2fsalcobrand.cl%2fproducts%2fdiclofenaco-dietilamina-1-16-gel-30g%3fdefault_sku%3d1763263&cfmid=cfm-002311,salcobrand,E,CONCENTRATION_MASS_ONLY_ON_NON_DISCRETE_FORM,"masa absoluta en forma gel, no es concentración completa",Diclofenaco Dietilamina 1.16% Gel 30g,,diclofenaco,,1,false,true,mass-only,gel,topical,,unresolved,unit,false,diclofenaco 50mg,https://comparafarma-api.vercel.app/api/go?slug=salcobrand&matchKey=diclofenaco%7C30000mg&url=https%3A%2F%2Fsalcobrand.cl%2Fproducts%2Fdiclofenaco-dietilamina-1-16-gel-30g%3Fdefault_sku%3D1763263&cfmId=CFM-002311
easyfarma|https://comparafarma-api.vercel.app/api/go?slug=easyfarma&matchkey=diclofenaco%7c100mg&url=https%3a%2f%2fnuevo.easyfarma.cl%2f104894-diclofenaco-sodico-100-mg-8-capsulas-andromaco.html&cfmid=cfm-002544,easyfarma,H,TRUNCATED_SOURCE_NAME,la fuente entregó el nombre cortado,Diclofenaco Sodico 100 Mg 8...,,diclofenaco,,1,false,true,mass-only,,,,ambiguous,form+route+unit,false,diclofenaco 50mg,https://comparafarma-api.vercel.app/api/go?slug=easyfarma&matchKey=diclofenaco%7C100mg&url=https%3A%2F%2Fnuevo.easyfarma.cl%2F104894-diclofenaco-sodico-100-mg-8-capsulas-andromaco.html&cfmId=CFM-002544
easyfarma|https://comparafarma-api.vercel.app/api/go?slug=easyfarma&matchkey=diclofenaco%7c100mg&url=https%3a%2f%2fnuevo.easyfarma.cl%2f104645-diclofenaco-sodico-100-mg-8-comp-curaespring.html&cfmid=cfm-002544,easyfarma,H,TRUNCATED_SOURCE_NAME,la fuente entregó el nombre cortado,Diclofenaco Sodico 100 Mg 8...,,diclofenaco,,1,false,true,mass-only,,,,ambiguous,form+route+unit,false,diclofenaco 50mg,https://comparafarma-api.vercel.app/api/go?slug=easyfarma&matchKey=diclofenaco%7C100mg&url=https%3A%2F%2Fnuevo.easyfarma.cl%2F104645-diclofenaco-sodico-100-mg-8-comp-curaespring.html&cfmId=CFM-002544
easyfarma|https://comparafarma-api.vercel.app/api/go?slug=easyfarma&matchkey=diclofenaco%7c100mg&url=https%3a%2f%2fnuevo.easyfarma.cl%2f104635-diclofenaco-sodico-100-mg-x-8-cap.html&cfmid=cfm-002544,easyfarma,H,TRUNCATED_SOURCE_NAME,la fuente entregó el nombre cortado,Diclofenaco Sódico 100 mg x...,,diclofenaco,,1,false,true,mass-only,,,,ambiguous,form+route+unit,false,diclofenaco 50mg,https://comparafarma-api.vercel.app/api/go?slug=easyfarma&matchKey=diclofenaco%7C100mg&url=https%3A%2F%2Fnuevo.easyfarma.cl%2F104635-diclofenaco-sodico-100-mg-x-8-cap.html&cfmId=CFM-002544
ecofarmacias|https://comparafarma-api.vercel.app/api/go?slug=ecofarmacias&matchkey=diclofenaco%7c30000mg&url=https%3a%2f%2fwww.ecofarmacias.cl%2fproducto%2fdiclofenaco-gel-30g-ascend%2f&cfmid=cfm-002311,ecofarmacias,E,CONCENTRATION_MASS_ONLY_ON_NON_DISCRETE_FORM,"masa absoluta en forma gel, no es concentración completa",Diclofenaco Gel 30g (Ascend),,diclofenaco,,1,false,true,mass-only,gel,topical,,unresolved,unit,false,diclofenaco 50mg,https://comparafarma-api.vercel.app/api/go?slug=ecofarmacias&matchKey=diclofenaco%7C30000mg&url=https%3A%2F%2Fwww.ecofarmacias.cl%2Fproducto%2Fdiclofenaco-gel-30g-ascend%2F&cfmId=CFM-002311
farmex|https://comparafarma-api.vercel.app/api/go?slug=farmex&matchkey=diclotaren%7c30000mg%7c30&url=https%3a%2f%2ffarmex.cl%2fproducts%2fdiclotaren-gel-topico-1-16-x-30-g%3f_pos%3d4%26_psq%3ddiclofenaco%26_psid%3d02ee29693%26_ss%3de&cfmid=cfm-009272,farmex,E,CONCENTRATION_MASS_ONLY_ON_NON_DISCRETE_FORM,"masa absoluta en forma gel, no es concentración completa","Diclotaren (Diclofenaco) gel tópico 1,16% x 30 g",,diclofenaco,,1,false,true,mass-only,gel,topical,,unresolved,unit,false,diclofenaco 50mg,https://comparafarma-api.vercel.app/api/go?slug=farmex&matchKey=diclotaren%7C30000mg%7C30&url=https%3A%2F%2Ffarmex.cl%2Fproducts%2Fdiclotaren-gel-topico-1-16-x-30-g%3F_pos%3D4%26_psq%3Ddiclofenaco%26_psid%3D02ee29693%26_ss%3De&cfmId=CFM-009272
easyfarma|https://comparafarma-api.vercel.app/api/go?slug=easyfarma&matchkey=diclofenaco%7c100mg%7c8&url=https%3a%2f%2fnuevo.easyfarma.cl%2f24623-diclofenaco-100-mg-x-8.html&cfmid=cfm-001093,easyfarma,H,TRUNCATED_SOURCE_NAME,la fuente entregó el nombre cortado,Diclofenaco 100 mg x 8...,,diclofenaco,,1,false,true,mass-only,,,,ambiguous,form+route+unit,false,diclofenaco 50mg,https://comparafarma-api.vercel.app/api/go?slug=easyfarma&matchKey=diclofenaco%7C100mg%7C8&url=https%3A%2F%2Fnuevo.easyfarma.cl%2F24623-diclofenaco-100-mg-x-8.html&cfmId=CFM-001093
farmex|https://comparafarma-api.vercel.app/api/go?slug=farmex&matchkey=diclofenaco%7c30000mg%7c30&url=https%3a%2f%2ffarmex.cl%2fproducts%2fdiclofenaco-sodico-gel-topico-1-x-30-g%3f_pos%3d9%26_psq%3ddiclofenaco%26_psid%3d02ee29693%26_ss%3de&cfmid=cfm-003114,farmex,E,CONCENTRATION_MASS_ONLY_ON_NON_DISCRETE_FORM,"masa absoluta en forma gel, no es concentración completa",Diclofenaco Sódico Gel Tópico 1% x 30 g,,diclofenaco,,1,false,true,mass-only,gel,topical,,unresolved,unit,false,diclofenaco 50mg,https://comparafarma-api.vercel.app/api/go?slug=farmex&matchKey=diclofenaco%7C30000mg%7C30&url=https%3A%2F%2Ffarmex.cl%2Fproducts%2Fdiclofenaco-sodico-gel-topico-1-x-30-g%3F_pos%3D9%26_psq%3Ddiclofenaco%26_psid%3D02ee29693%26_ss%3De&cfmId=CFM-003114
dr-simi|https://comparafarma-api.vercel.app/api/go?slug=dr-simi&matchkey=diclofenaco%7c30000mg&url=https%3a%2f%2fwww.drsimi.cl%2fdiclofenaco-dietilamina-gel-topico-1-30-gr-ch0292%2fp&cfmid=cfm-002311,dr-simi,E,CONCENTRATION_MASS_ONLY_ON_NON_DISCRETE_FORM,"masa absoluta en forma gel, no es concentración completa","Diclofenaco dietilamina 1,16 % gel tópico 30 g",,diclofenaco,,1,false,true,mass-only,gel,topical,,unresolved,unit,false,diclofenaco 50mg,https://comparafarma-api.vercel.app/api/go?slug=dr-simi&matchKey=diclofenaco%7C30000mg&url=https%3A%2F%2Fwww.drsimi.cl%2Fdiclofenaco-dietilamina-gel-topico-1-30-gr-ch0292%2Fp&cfmId=CFM-002311
farmex|https://comparafarma-api.vercel.app/api/go?slug=farmex&matchkey=dicogel%7c30000mg%7c30&url=https%3a%2f%2ffarmex.cl%2fproducts%2fdicogel-1-16-x-30-g%3f_pos%3d6%26_psq%3ddiclofenaco%26_psid%3d02ee29693%26_ss%3de&cfmid=cfm-013854,farmex,C,BRAND_ONLY_NAME_NO_MOLECULE_IN_TEXT,"el nombre solo trae cabecera comercial, ninguna molécula escrita","Dicogel 1,16% x 30 g",dicogel,,,0,false,false,mass-only,,,,unresolved,ing+form+route+unit,false,diclofenaco 50mg,https://comparafarma-api.vercel.app/api/go?slug=farmex&matchKey=dicogel%7C30000mg%7C30&url=https%3A%2F%2Ffarmex.cl%2Fproducts%2Fdicogel-1-16-x-30-g%3F_pos%3D6%26_psq%3Ddiclofenaco%26_psid%3D02ee29693%26_ss%3De&cfmId=CFM-013854
ecofarmacias|https://comparafarma-api.vercel.app/api/go?slug=ecofarmacias&matchkey=diclofenaco%7c60000mg%7c60&url=https%3a%2f%2fwww.ecofarmacias.cl%2fproducto%2fdiclofenaco-dietilamina-60g-hospifarma%2f&cfmid=cfm-009267,ecofarmacias,E,CONCENTRATION_MASS_ONLY_ON_NON_DISCRETE_FORM,"masa absoluta en forma gel, no es concentración completa","Diclofenaco Dietilamina 1,16% gel x 60g Hospifarma",,diclofenaco,,1,false,true,mass-only,gel,topical,,unresolved,unit,false,diclofenaco 50mg,https://comparafarma-api.vercel.app/api/go?slug=ecofarmacias&matchKey=diclofenaco%7C60000mg%7C60&url=https%3A%2F%2Fwww.ecofarmacias.cl%2Fproducto%2Fdiclofenaco-dietilamina-60g-hospifarma%2F&cfmId=CFM-009267
farmex|https://comparafarma-api.vercel.app/api/go?slug=farmex&matchkey=diclofenaco%7c20ml%7c20&url=https%3a%2f%2ffarmex.cl%2fproducts%2fdiclofenaco-sodico-1-5-x-20-ml%3f_pos%3d7%26_psq%3ddiclofenaco%26_psid%3d02ee29693%26_ss%3de&cfmid=cfm-002821,farmex,G,AMBIGUOUS_AGAINST_REGISTRY,"más de un concepto candidato en el registro, sin desempate","Diclofenaco Sódico Suspensión Gotas 1,5% x 20 mL",,diclofenaco,,1,false,true,absent,liquido-oral,oral,,ambiguous,conc+unit,false,diclofenaco 50mg,https://comparafarma-api.vercel.app/api/go?slug=farmex&matchKey=diclofenaco%7C20ml%7C20&url=https%3A%2F%2Ffarmex.cl%2Fproducts%2Fdiclofenaco-sodico-1-5-x-20-ml%3F_pos%3D7%26_psq%3Ddiclofenaco%26_psid%3D02ee29693%26_ss%3De&cfmId=CFM-002821
easyfarma|https://comparafarma-api.vercel.app/api/go?slug=easyfarma&matchkey=diclofenaco%7c20ml&url=https%3a%2f%2fnuevo.easyfarma.cl%2f103238-diclofenaco-gotas-15-20-ml.html&cfmid=cfm-002827,easyfarma,G,AMBIGUOUS_AGAINST_REGISTRY,"más de un concepto candidato en el registro, sin desempate",Diclofenaco gotas 1.5% 20 ml,,diclofenaco,,1,false,true,absent,liquido-oral,oral,,ambiguous,conc+unit,false,diclofenaco 50mg,https://comparafarma-api.vercel.app/api/go?slug=easyfarma&matchKey=diclofenaco%7C20ml&url=https%3A%2F%2Fnuevo.easyfarma.cl%2F103238-diclofenaco-gotas-15-20-ml.html&cfmId=CFM-002827
cruz-verde|https://comparafarma-api.vercel.app/api/go?slug=cruz-verde&matchkey=diclofenaco&url=https%3a%2f%2fwww.cruzverde.cl%2fdiclofenaco-dietilamonio-1-16-gel-topico-30-gr%2f199402.html&cfmid=cfm-002125,cruz-verde,E,CONCENTRATION_MASS_ONLY_ON_NON_DISCRETE_FORM,"masa absoluta en forma gel, no es concentración completa","Diclofenaco Dietilamonio 1,16% Gel Tópico 30 gr",,diclofenaco,,1,false,true,mass-only,gel,topical,,unresolved,unit,false,diclofenaco 50mg,https://comparafarma-api.vercel.app/api/go?slug=cruz-verde&matchKey=diclofenaco&url=https%3A%2F%2Fwww.cruzverde.cl%2Fdiclofenaco-dietilamonio-1-16-gel-topico-30-gr%2F199402.html&cfmId=CFM-002125
ecofarmacias|https://comparafarma-api.vercel.app/api/go?slug=ecofarmacias&matchkey=diclofenaco%7c75mg%7c5&url=https%3a%2f%2fwww.ecofarmacias.cl%2fproducto%2fdiclofenaco-75mg-inyectable-5-ampollas%2f&cfmid=cfm-002830,ecofarmacias,E,CONCENTRATION_MASS_ONLY_ON_NON_DISCRETE_FORM,"masa absoluta en forma inyectable, no es concentración completa",Diclofenaco 75mg Inyectable 5 Ampollas,,diclofenaco,,1,false,true,mass-only,inyectable,parenteral,ampolla,unresolved,,false,diclofenaco 50mg,https://comparafarma-api.vercel.app/api/go?slug=ecofarmacias&matchKey=diclofenaco%7C75mg%7C5&url=https%3A%2F%2Fwww.ecofarmacias.cl%2Fproducto%2Fdiclofenaco-75mg-inyectable-5-ampollas%2F&cfmId=CFM-002830
salcobrand|https://comparafarma-api.vercel.app/api/go?slug=salcobrand&matchkey=diclofenaco%7c30000mg&url=https%3a%2f%2fsalcobrand.cl%2fproducts%2fdiclofenaco-gel-30g%3fdefault_sku%3d1218197&cfmid=cfm-002311,salcobrand,E,CONCENTRATION_MASS_ONLY_ON_NON_DISCRETE_FORM,"masa absoluta en forma gel, no es concentración completa",Diclofenaco Gel 30g,,diclofenaco,,1,false,true,mass-only,gel,topical,,unresolved,unit,false,diclofenaco 50mg,https://comparafarma-api.vercel.app/api/go?slug=salcobrand&matchKey=diclofenaco%7C30000mg&url=https%3A%2F%2Fsalcobrand.cl%2Fproducts%2Fdiclofenaco-gel-30g%3Fdefault_sku%3D1218197&cfmId=CFM-002311
ecofarmacias|https://comparafarma-api.vercel.app/api/go?slug=ecofarmacias&matchkey=diflam&url=https%3a%2f%2fwww.ecofarmacias.cl%2fproducto%2fdiflam-diclofenaco-dietilamina-gel-topico-116-60-gr%2f&cfmid=cfm-009268,ecofarmacias,E,CONCENTRATION_MASS_ONLY_ON_NON_DISCRETE_FORM,"masa absoluta en forma gel, no es concentración completa","Diflam Diclofenaco dietilamina Gel Topico 1,16 60 Gr",,diclofenaco,,1,false,true,mass-only,gel,topical,,unresolved,unit,false,diclofenaco 50mg,https://comparafarma-api.vercel.app/api/go?slug=ecofarmacias&matchKey=diflam&url=https%3A%2F%2Fwww.ecofarmacias.cl%2Fproducto%2Fdiflam-diclofenaco-dietilamina-gel-topico-116-60-gr%2F&cfmId=CFM-009268
farmex|https://comparafarma-api.vercel.app/api/go?slug=farmex&matchkey=diclac%7c60000mg%7c60&url=https%3a%2f%2ffarmex.cl%2fproducts%2fdiclac-gel-60%3f_pos%3d3%26_psq%3ddiclofenaco%26_psid%3d02ee29693%26_ss%3de&cfmid=cfm-006694,farmex,C,BRAND_ONLY_NAME_NO_MOLECULE_IN_TEXT,"el nombre solo trae cabecera comercial, ninguna molécula escrita","Diclac Gel Tópico 1,16 x 60 g",diclac,,,0,false,false,mass-only,gel,topical,,unresolved,ing+unit,false,diclofenaco 50mg,https://comparafarma-api.vercel.app/api/go?slug=farmex&matchKey=diclac%7C60000mg%7C60&url=https%3A%2F%2Ffarmex.cl%2Fproducts%2Fdiclac-gel-60%3F_pos%3D3%26_psq%3Ddiclofenaco%26_psid%3D02ee29693%26_ss%3De&cfmId=CFM-006694
farmex|https://comparafarma-api.vercel.app/api/go?slug=farmex&matchkey=diclofenaco%7c75mg%7c5&url=https%3a%2f%2ffarmex.cl%2fproducts%2fdiclofenaco-caja-diclofenaco-sodico%3f_pos%3d1%26_psq%3ddiclofenaco%26_psid%3d02ee29693%26_ss%3de&cfmid=cfm-002830,farmex,E,CONCENTRATION_MASS_ONLY_ON_NON_DISCRETE_FORM,"masa absoluta en forma inyectable, no es concentración completa",Diclofenaco Sodico 75 mg x 5 Ampollas,,diclofenaco,,1,false,true,mass-only,inyectable,parenteral,ampolla,unresolved,,false,diclofenaco 50mg,https://comparafarma-api.vercel.app/api/go?slug=farmex&matchKey=diclofenaco%7C75mg%7C5&url=https%3A%2F%2Ffarmex.cl%2Fproducts%2Fdiclofenaco-caja-diclofenaco-sodico%3F_pos%3D1%26_psq%3Ddiclofenaco%26_psid%3D02ee29693%26_ss%3De&cfmId=CFM-002830
cruz-verde|https://comparafarma-api.vercel.app/api/go?slug=cruz-verde&matchkey=dicogel&url=https%3a%2f%2fwww.cruzverde.cl%2fdicogel-diclofenaco-dietilamonio-1-16-gel-topico-30-gr%2f193076.html&cfmid=cfm-003958,cruz-verde,E,CONCENTRATION_MASS_ONLY_ON_NON_DISCRETE_FORM,"masa absoluta en forma gel, no es concentración completa","Dicogel Diclofenaco Dietilamonio 1,16% Gel Tópico 30 gr",,diclofenaco,,1,false,true,mass-only,gel,topical,,unresolved,unit,false,diclofenaco 50mg,https://comparafarma-api.vercel.app/api/go?slug=cruz-verde&matchKey=dicogel&url=https%3A%2F%2Fwww.cruzverde.cl%2Fdicogel-diclofenaco-dietilamonio-1-16-gel-topico-30-gr%2F193076.html&cfmId=CFM-003958
dr-simi|https://comparafarma-api.vercel.app/api/go?slug=dr-simi&matchkey=merpal%7c110ml&url=https%3a%2f%2fwww.drsimi.cl%2fmerpal-diclofenaco-dietilamina-1-16-solucion-topica-spray-110-ml%2fp&cfmid=cfm-002309,dr-simi,G,AMBIGUOUS_AGAINST_REGISTRY,"más de un concepto candidato en el registro, sin desempate","Merpal diclofenaco  1,16 % solución tópica spray 110 mL",,diclofenaco,,1,false,true,absent,liquido-oral,oral,,ambiguous,conc+unit,false,diclofenaco 50mg,https://comparafarma-api.vercel.app/api/go?slug=dr-simi&matchKey=merpal%7C110ml&url=https%3A%2F%2Fwww.drsimi.cl%2Fmerpal-diclofenaco-dietilamina-1-16-solucion-topica-spray-110-ml%2Fp&cfmId=CFM-002309
cruz-verde|https://comparafarma-api.vercel.app/api/go?slug=cruz-verde&matchkey=diclofenaco%7c75mg%7c5&url=https%3a%2f%2fwww.cruzverde.cl%2fdiclofenaco-diclofenaco-sodico-75-mg-5-ampollas%2f199350.html&cfmid=cfm-002830,cruz-verde,E,CONCENTRATION_MASS_ONLY_ON_NON_DISCRETE_FORM,"masa absoluta en forma inyectable, no es concentración completa",Diclofenaco  Diclofenaco Sodico 75 mg 5 Ampollas,,diclofenaco,,1,false,true,mass-only,inyectable,parenteral,ampolla,unresolved,,false,diclofenaco 50mg,https://comparafarma-api.vercel.app/api/go?slug=cruz-verde&matchKey=diclofenaco%7C75mg%7C5&url=https%3A%2F%2Fwww.cruzverde.cl%2Fdiclofenaco-diclofenaco-sodico-75-mg-5-ampollas%2F199350.html&cfmId=CFM-002830
farmex|https://comparafarma-api.vercel.app/api/go?slug=farmex&matchkey=merpal%7c110ml%7c110&url=https%3a%2f%2ffarmex.cl%2fproducts%2fmerpal-solucion-topica-spray-1-16-x-110-ml%3f_pos%3d2%26_psq%3ddiclofenaco%26_psid%3d02ee29693%26_ss%3de&cfmid=cfm-002308,farmex,G,AMBIGUOUS_AGAINST_REGISTRY,"más de un concepto candidato en el registro, sin desempate","Merpal Solución Tópica Spray Diclofenaco 1,16% x 110 mL",,diclofenaco,,1,false,true,absent,liquido-oral,oral,,ambiguous,conc+unit,false,diclofenaco 50mg,https://comparafarma-api.vercel.app/api/go?slug=farmex&matchKey=merpal%7C110ml%7C110&url=https%3A%2F%2Ffarmex.cl%2Fproducts%2Fmerpal-solucion-topica-spray-1-16-x-110-ml%3F_pos%3D2%26_psq%3Ddiclofenaco%26_psid%3D02ee29693%26_ss%3De&cfmId=CFM-002308
ahumada|https://comparafarma-api.vercel.app/api/go?slug=ahumada&matchkey=diclofenaco%7c20ml%7c20&url=https%3a%2f%2fwww.farmaciasahumada.cl%2fdiclofenaco-sodico-1.5-x-20-ml-suspension-oral-para-gotas-chile-82057.html&cfmid=cfm-002821,ahumada,G,AMBIGUOUS_AGAINST_REGISTRY,"más de un concepto candidato en el registro, sin desempate",Diclofenaco Sodico 1.5 % x 20 ml Suspensión Oral para Gotas CHILE,,diclofenaco,,1,false,true,absent,liquido-oral,oral,,ambiguous,conc+unit,false,diclofenaco 50mg,https://comparafarma-api.vercel.app/api/go?slug=ahumada&matchKey=diclofenaco%7C20ml%7C20&url=https%3A%2F%2Fwww.farmaciasahumada.cl%2Fdiclofenaco-sodico-1.5-x-20-ml-suspension-oral-para-gotas-chile-82057.html&cfmId=CFM-002821
salcobrand|https://comparafarma-api.vercel.app/api/go?slug=salcobrand&matchkey=diclofenaco%7c20ml&url=https%3a%2f%2fsalcobrand.cl%2fproducts%2fdiclofenaco-sodico-1-5-oral-gotas-20ml%3fdefault_sku%3d430375&cfmid=cfm-002827,salcobrand,G,AMBIGUOUS_AGAINST_REGISTRY,"más de un concepto candidato en el registro, sin desempate",Diclofenaco Sódico 1.5% Oral Gotas 20ml,,diclofenaco,,1,false,true,absent,liquido-oral,oral,,ambiguous,conc+unit,false,diclofenaco 50mg,https://comparafarma-api.vercel.app/api/go?slug=salcobrand&matchKey=diclofenaco%7C20ml&url=https%3A%2F%2Fsalcobrand.cl%2Fproducts%2Fdiclofenaco-sodico-1-5-oral-gotas-20ml%3Fdefault_sku%3D430375&cfmId=CFM-002827
ahumada|https://comparafarma-api.vercel.app/api/go?slug=ahumada&matchkey=promerpal%7c140mg%7c10&url=https%3a%2f%2fwww.farmaciasahumada.cl%2fpromerpal-140-mg-x-10-capsulas-de-liberacion-prolongada-72039.html&cfmid=cfm-002307,ahumada,C,BRAND_ONLY_NAME_NO_MOLECULE_IN_TEXT,"el nombre solo trae cabecera comercial, ninguna molécula escrita",Promerpal 140 mg x 10 Cápsulas de Liberación Prolongada,promerpal,,,0,false,false,mass-only,capsula,oral,capsula,unresolved,ing,true,diclofenaco 50mg,https://comparafarma-api.vercel.app/api/go?slug=ahumada&matchKey=promerpal%7C140mg%7C10&url=https%3A%2F%2Fwww.farmaciasahumada.cl%2Fpromerpal-140-mg-x-10-capsulas-de-liberacion-prolongada-72039.html&cfmId=CFM-002307
ecofarmacias|https://comparafarma-api.vercel.app/api/go?slug=ecofarmacias&matchkey=flexfull&url=https%3a%2f%2fwww.ecofarmacias.cl%2fproducto%2fflexfull-diclofenaco-gel-35gr%2f&cfmid=cfm-007101,ecofarmacias,E,CONCENTRATION_MASS_ONLY_ON_NON_DISCRETE_FORM,"masa absoluta en forma gel, no es concentración completa",FlexFull Diclofenaco Gel 35Gr,,diclofenaco,,1,false,true,mass-only,gel,topical,,unresolved,unit,false,diclofenaco 50mg,https://comparafarma-api.vercel.app/api/go?slug=ecofarmacias&matchKey=flexfull&url=https%3A%2F%2Fwww.ecofarmacias.cl%2Fproducto%2Fflexfull-diclofenaco-gel-35gr%2F&cfmId=CFM-007101
ahumada|https://comparafarma-api.vercel.app/api/go?slug=ahumada&matchkey=flexfull&url=https%3a%2f%2fwww.farmaciasahumada.cl%2fflexfull-gel-35gr-90529.html&cfmid=cfm-007101,ahumada,C,BRAND_ONLY_NAME_NO_MOLECULE_IN_TEXT,"el nombre solo trae cabecera comercial, ninguna molécula escrita",Flexfull Gel 35Gr,flexfull,,,0,false,false,mass-only,gel,topical,,unresolved,ing+unit,false,diclofenaco 50mg,https://comparafarma-api.vercel.app/api/go?slug=ahumada&matchKey=flexfull&url=https%3A%2F%2Fwww.farmaciasahumada.cl%2Fflexfull-gel-35gr-90529.html&cfmId=CFM-007101
ahumada|https://comparafarma-api.vercel.app/api/go?slug=ahumada&matchkey=diclac%7c60000mg%7c60&url=https%3a%2f%2fwww.farmaciasahumada.cl%2fdiclac-1-16-x-60-g-gel-topico-65341.html&cfmid=cfm-006694,ahumada,C,BRAND_ONLY_NAME_NO_MOLECULE_IN_TEXT,"el nombre solo trae cabecera comercial, ninguna molécula escrita","Diclac 1,16 % x 60 g Gel Tópico",diclac,,,0,false,false,mass-only,gel,topical,,unresolved,ing+unit,false,diclofenaco 50mg,https://comparafarma-api.vercel.app/api/go?slug=ahumada&matchKey=diclac%7C60000mg%7C60&url=https%3A%2F%2Fwww.farmaciasahumada.cl%2Fdiclac-1-16-x-60-g-gel-topico-65341.html&cfmId=CFM-006694
salcobrand|https://comparafarma-api.vercel.app/api/go?slug=salcobrand&matchkey=diclofenaco%7c75mg%7c5&url=https%3a%2f%2fsalcobrand.cl%2fproducts%2fhospifarma-diclofenaco-75mg-inyectable-5-ampollas%3fdefault_sku%3d2636071&cfmid=cfm-002830,salcobrand,E,CONCENTRATION_MASS_ONLY_ON_NON_DISCRETE_FORM,"masa absoluta en forma inyectable, no es concentración completa",Diclofenaco 75mg Inyectable 5 Ampollas,,diclofenaco,,1,false,true,mass-only,inyectable,parenteral,ampolla,unresolved,,false,diclofenaco 50mg,https://comparafarma-api.vercel.app/api/go?slug=salcobrand&matchKey=diclofenaco%7C75mg%7C5&url=https%3A%2F%2Fsalcobrand.cl%2Fproducts%2Fhospifarma-diclofenaco-75mg-inyectable-5-ampollas%3Fdefault_sku%3D2636071&cfmId=CFM-002830
ahumada|https://comparafarma-api.vercel.app/api/go?slug=ahumada&matchkey=merpal%7c110ml%7c110&url=https%3a%2f%2fwww.farmaciasahumada.cl%2fmerpal-1-16-x-110-ml-spray-solucion-topica-60206.html&cfmid=cfm-002308,ahumada,C,BRAND_ONLY_NAME_NO_MOLECULE_IN_TEXT,"el nombre solo trae cabecera comercial, ninguna molécula escrita","Merpal 1,16 % x 110 mL Spray Solucion Topica",merpal,,,0,false,false,absent,liquido-oral,oral,,unresolved,ing+conc+unit,false,diclofenaco 50mg,https://comparafarma-api.vercel.app/api/go?slug=ahumada&matchKey=merpal%7C110ml%7C110&url=https%3A%2F%2Fwww.farmaciasahumada.cl%2Fmerpal-1-16-x-110-ml-spray-solucion-topica-60206.html&cfmId=CFM-002308
salcobrand|https://comparafarma-api.vercel.app/api/go?slug=salcobrand&matchkey=diclac%7c60000mg&url=https%3a%2f%2fsalcobrand.cl%2fproducts%2fdiclac-diclofenaco-1-16-gel-topico-60g%3fdefault_sku%3d3400134&cfmid=cfm-009022,salcobrand,E,CONCENTRATION_MASS_ONLY_ON_NON_DISCRETE_FORM,"masa absoluta en forma gel, no es concentración completa",Diclac Diclofenaco 1.16% Gel Tópico 60g,,diclofenaco,,1,false,true,mass-only,gel,topical,,unresolved,unit,false,diclofenaco 50mg,https://comparafarma-api.vercel.app/api/go?slug=salcobrand&matchKey=diclac%7C60000mg&url=https%3A%2F%2Fsalcobrand.cl%2Fproducts%2Fdiclac-diclofenaco-1-16-gel-topico-60g%3Fdefault_sku%3D3400134&cfmId=CFM-009022
salcobrand|https://comparafarma-api.vercel.app/api/go?slug=salcobrand&matchkey=merpal%7c110ml&url=https%3a%2f%2fsalcobrand.cl%2fproducts%2fmerpal-diclofenaco-spray-110ml%3fdefault_sku%3d900004&cfmid=cfm-002309,salcobrand,G,AMBIGUOUS_AGAINST_REGISTRY,"más de un concepto candidato en el registro, sin desempate",Merpal Diclofenaco Spray 110ml,,diclofenaco,,1,false,true,absent,,,,ambiguous,conc+form+route+unit,false,diclofenaco 50mg,https://comparafarma-api.vercel.app/api/go?slug=salcobrand&matchKey=merpal%7C110ml&url=https%3A%2F%2Fsalcobrand.cl%2Fproducts%2Fmerpal-diclofenaco-spray-110ml%3Fdefault_sku%3D900004&cfmId=CFM-002309
cruz-verde|https://comparafarma-api.vercel.app/api/go?slug=cruz-verde&matchkey=merpal&url=https%3a%2f%2fwww.cruzverde.cl%2fmerpal-diclofenaco-dietilamonio-1-gel-topico-60-gr%2f111104.html&cfmid=cfm-003807,cruz-verde,E,CONCENTRATION_MASS_ONLY_ON_NON_DISCRETE_FORM,"masa absoluta en forma gel, no es concentración completa",Merpal Diclofenaco Dietilamonio 1% Gel Tópico 60 gr,,diclofenaco,,1,false,true,mass-only,gel,topical,,unresolved,unit,false,diclofenaco 50mg,https://comparafarma-api.vercel.app/api/go?slug=cruz-verde&matchKey=merpal&url=https%3A%2F%2Fwww.cruzverde.cl%2Fmerpal-diclofenaco-dietilamonio-1-gel-topico-60-gr%2F111104.html&cfmId=CFM-003807
farmex|https://comparafarma-api.vercel.app/api/go?slug=farmex&matchkey=lertus%7c60000mg%7c60&url=https%3a%2f%2ffarmex.cl%2fproducts%2flertus-gel-1-x-60-g%3f_pos%3d8%26_psq%3ddiclofenaco%26_psid%3d02ee29693%26_ss%3de&cfmid=cfm-002523,farmex,C,BRAND_ONLY_NAME_NO_MOLECULE_IN_TEXT,"el nombre solo trae cabecera comercial, ninguna molécula escrita",Lertus Gel 1% x 60 g,lertus,,,0,false,false,mass-only,gel,topical,,unresolved,ing+unit,false,diclofenaco 50mg,https://comparafarma-api.vercel.app/api/go?slug=farmex&matchKey=lertus%7C60000mg%7C60&url=https%3A%2F%2Ffarmex.cl%2Fproducts%2Flertus-gel-1-x-60-g%3F_pos%3D8%26_psq%3Ddiclofenaco%26_psid%3D02ee29693%26_ss%3De&cfmId=CFM-002523
ahumada|https://comparafarma-api.vercel.app/api/go?slug=ahumada&matchkey=merpal%7c60000mg%7c60&url=https%3a%2f%2fwww.farmaciasahumada.cl%2fmerpal-1-16-x-60-g-gel-topico-18555.html&cfmid=cfm-002312,ahumada,C,BRAND_ONLY_NAME_NO_MOLECULE_IN_TEXT,"el nombre solo trae cabecera comercial, ninguna molécula escrita","Merpal 1,16 % x 60 g Gel Topico",merpal,,,0,false,false,mass-only,gel,topical,,unresolved,ing+unit,false,diclofenaco 50mg,https://comparafarma-api.vercel.app/api/go?slug=ahumada&matchKey=merpal%7C60000mg%7C60&url=https%3A%2F%2Fwww.farmaciasahumada.cl%2Fmerpal-1-16-x-60-g-gel-topico-18555.html&cfmId=CFM-002312
ahumada|https://comparafarma-api.vercel.app/api/go?slug=ahumada&matchkey=merpal%7c20ml%7c20&url=https%3a%2f%2fwww.farmaciasahumada.cl%2fmerpal-15-mg-ml-x-20-ml-suspension-oral-para-gotas-21486.html&cfmid=cfm-002310,ahumada,C,BRAND_ONLY_NAME_NO_MOLECULE_IN_TEXT,"el nombre solo trae cabecera comercial, ninguna molécula escrita",Merpal 15 mg/mL x 20 mL Suspensión Oral Para Gotas,merpal,,,0,false,false,ratio,liquido-oral,oral,,unresolved,ing+unit,true,diclofenaco 50mg,https://comparafarma-api.vercel.app/api/go?slug=ahumada&matchKey=merpal%7C20ml%7C20&url=https%3A%2F%2Fwww.farmaciasahumada.cl%2Fmerpal-15-mg-ml-x-20-ml-suspension-oral-para-gotas-21486.html&cfmId=CFM-002310
cruz-verde|https://comparafarma-api.vercel.app/api/go?slug=cruz-verde&matchkey=merpal%7c110ml&url=https%3a%2f%2fwww.cruzverde.cl%2fmerpal-diclofenaco-dietilamonio-1-16-spray-110-ml%2f255151.html&cfmid=cfm-002309,cruz-verde,G,AMBIGUOUS_AGAINST_REGISTRY,"más de un concepto candidato en el registro, sin desempate","Merpal Diclofenaco Dietilamonio 1,16% Spray 110 mL",,diclofenaco,,1,false,true,absent,,,,ambiguous,conc+form+route+unit,false,diclofenaco 50mg,https://comparafarma-api.vercel.app/api/go?slug=cruz-verde&matchKey=merpal%7C110ml&url=https%3A%2F%2Fwww.cruzverde.cl%2Fmerpal-diclofenaco-dietilamonio-1-16-spray-110-ml%2F255151.html&cfmId=CFM-002309
ahumada|https://comparafarma-api.vercel.app/api/go?slug=ahumada&matchkey=dolodrops%7c25ml%7c25&url=https%3a%2f%2fwww.farmaciasahumada.cl%2fdolodrops-1-5-x-25-ml-suspension-oral-para-gotas-74333.html&cfmid=cfm-006695,ahumada,C,BRAND_ONLY_NAME_NO_MOLECULE_IN_TEXT,"el nombre solo trae cabecera comercial, ninguna molécula escrita","DoloDrops 1,5 % x 25 mL Suspensión Oral Para Gotas",dolodrops,,,0,false,false,absent,liquido-oral,oral,,unresolved,ing+conc+unit,false,diclofenaco 50mg,https://comparafarma-api.vercel.app/api/go?slug=ahumada&matchKey=dolodrops%7C25ml%7C25&url=https%3A%2F%2Fwww.farmaciasahumada.cl%2Fdolodrops-1-5-x-25-ml-suspension-oral-para-gotas-74333.html&cfmId=CFM-006695
ecofarmacias|https://comparafarma-api.vercel.app/api/go?slug=ecofarmacias&matchkey=artren%7c20ml&url=https%3a%2f%2fwww.ecofarmacias.cl%2fproducto%2fartren-diclofenaco-resinato-gotas-15-suspension-oral-20-ml%2f&cfmid=cfm-009269,ecofarmacias,G,AMBIGUOUS_AGAINST_REGISTRY,"más de un concepto candidato en el registro, sin desempate","Artren Diclofenaco Resinato gotas 1,5 % Suspensión Oral 20 Ml",,diclofenaco,,1,false,true,absent,liquido-oral,oral,,ambiguous,conc+unit,false,diclofenaco 50mg,https://comparafarma-api.vercel.app/api/go?slug=ecofarmacias&matchKey=artren%7C20ml&url=https%3A%2F%2Fwww.ecofarmacias.cl%2Fproducto%2Fartren-diclofenaco-resinato-gotas-15-suspension-oral-20-ml%2F&cfmId=CFM-009269
sermecoop|https://comparafarma-api.vercel.app/api/go?slug=sermecoop&matchkey=dolodrops%7c25ml&url=https%3a%2f%2fwww.farmaciasermecoop.cl%2findex.php%2fonline%2fdetalleproducto%3fp_%3d20086%26d_%3d1&cfmid=cfm-009265,sermecoop,G,AMBIGUOUS_AGAINST_REGISTRY,"más de un concepto candidato en el registro, sin desempate",Dolodrops (diclofenaco) Gotas 25ml,,diclofenaco,,1,false,true,absent,liquido-oral,oral,,ambiguous,conc+unit,false,diclofenaco 50mg,https://comparafarma-api.vercel.app/api/go?slug=sermecoop&matchKey=dolodrops%7C25ml&url=https%3A%2F%2Fwww.farmaciasermecoop.cl%2Findex.php%2Fonline%2Fdetalleproducto%3Fp_%3D20086%26d_%3D1&cfmId=CFM-009265
salcobrand|https://comparafarma-api.vercel.app/api/go?slug=salcobrand&matchkey=dolo%7c25ml&url=https%3a%2f%2fsalcobrand.cl%2fproducts%2fdolo-drops-diclofenaco-resinato-1-5-oral-gotas-25ml%3fdefault_sku%3d2971308&cfmid=cfm-009266,salcobrand,G,AMBIGUOUS_AGAINST_REGISTRY,"más de un concepto candidato en el registro, sin desempate",Dolo Drops Diclofenaco Resinato 1.5% Oral Gotas 25ml,,diclofenaco,,1,false,true,absent,liquido-oral,oral,,ambiguous,conc+unit,false,diclofenaco 50mg,https://comparafarma-api.vercel.app/api/go?slug=salcobrand&matchKey=dolo%7C25ml&url=https%3A%2F%2Fsalcobrand.cl%2Fproducts%2Fdolo-drops-diclofenaco-resinato-1-5-oral-gotas-25ml%3Fdefault_sku%3D2971308&cfmId=CFM-009266
ahumada|https://comparafarma-api.vercel.app/api/go?slug=ahumada&matchkey=lertus%7c25ml%7c25&url=https%3a%2f%2fwww.farmaciasahumada.cl%2flertus-15-mg-ml-x-25-ml-suspension-oral-para-gotas-7656.html&cfmid=cfm-002521,ahumada,C,BRAND_ONLY_NAME_NO_MOLECULE_IN_TEXT,"el nombre solo trae cabecera comercial, ninguna molécula escrita",Lertus 15 mg/mL x 25 mL Suspensión Oral Para Gotas,lertus,,,0,false,false,ratio,liquido-oral,oral,,unresolved,ing+unit,true,diclofenaco 50mg,https://comparafarma-api.vercel.app/api/go?slug=ahumada&matchKey=lertus%7C25ml%7C25&url=https%3A%2F%2Fwww.farmaciasahumada.cl%2Flertus-15-mg-ml-x-25-ml-suspension-oral-para-gotas-7656.html&cfmId=CFM-002521
cruz-verde|https://comparafarma-api.vercel.app/api/go?slug=cruz-verde&matchkey=lertus&url=https%3a%2f%2fwww.cruzverde.cl%2flertus-diclofenaco-sodico-1-gel-topico-60-gr%2f87009.html&cfmid=cfm-001791,cruz-verde,E,CONCENTRATION_MASS_ONLY_ON_NON_DISCRETE_FORM,"masa absoluta en forma gel, no es concentración completa",Lertus Diclofenaco Sódico 1% Gel Tópico 60 gr,,diclofenaco,,1,false,true,mass-only,gel,topical,,unresolved,unit,false,diclofenaco 50mg,https://comparafarma-api.vercel.app/api/go?slug=cruz-verde&matchKey=lertus&url=https%3A%2F%2Fwww.cruzverde.cl%2Flertus-diclofenaco-sodico-1-gel-topico-60-gr%2F87009.html&cfmId=CFM-001791
ahumada|https://comparafarma-api.vercel.app/api/go?slug=ahumada&matchkey=lertus%7c100mg%7c10&url=https%3a%2f%2fwww.farmaciasahumada.cl%2flertus-retard-100-mg-x-10-comprimidos-recubiertos-de-liberacion-prolongada-6707.html&cfmid=cfm-001789,ahumada,A,MISSING_ACTIVE_INGREDIENT_VOCABULARY,token(s) con forma de molécula fuera de vocabulario: retard,Lertus Retard 100 mg x 10 Comprimidos Recubiertos de Liberación Prolongada,lertus,,,0,false,false,mass-only,comprimido,oral,comprimido,unresolved,ing,true,diclofenaco 50mg,https://comparafarma-api.vercel.app/api/go?slug=ahumada&matchKey=lertus%7C100mg%7C10&url=https%3A%2F%2Fwww.farmaciasahumada.cl%2Flertus-retard-100-mg-x-10-comprimidos-recubiertos-de-liberacion-prolongada-6707.html&cfmId=CFM-001789
ahumada|https://comparafarma-api.vercel.app/api/go?slug=ahumada&matchkey=coxidol%7c90mg%7c14&url=https%3a%2f%2fwww.farmaciasahumada.cl%2fcoxidol-90-mg-x-14-comprimidos-recubiertos-89054.html&cfmid=cfm-002897,ahumada,C,BRAND_ONLY_NAME_NO_MOLECULE_IN_TEXT,"el nombre solo trae cabecera comercial, ninguna molécula escrita",Coxidol 90 mg x 14 Comprimidos Recubiertos,coxidol,,,0,false,false,mass-only,comprimido,oral,comprimido,unresolved,ing,true,diclofenaco 50mg,https://comparafarma-api.vercel.app/api/go?slug=ahumada&matchKey=coxidol%7C90mg%7C14&url=https%3A%2F%2Fwww.farmaciasahumada.cl%2Fcoxidol-90-mg-x-14-comprimidos-recubiertos-89054.html&cfmId=CFM-002897
ahumada|https://comparafarma-api.vercel.app/api/go?slug=ahumada&matchkey=flector%7c60000mg%7c60&url=https%3a%2f%2fwww.farmaciasahumada.cl%2fflector-1-29-x-60-g-gel-topico-44834.html&cfmid=cfm-007102,ahumada,C,BRAND_ONLY_NAME_NO_MOLECULE_IN_TEXT,"el nombre solo trae cabecera comercial, ninguna molécula escrita","Flector 1,29 % x 60 g Gel Tópico",flector,,,0,false,false,mass-only,gel,topical,,unresolved,ing+unit,false,diclofenaco 50mg,https://comparafarma-api.vercel.app/api/go?slug=ahumada&matchKey=flector%7C60000mg%7C60&url=https%3A%2F%2Fwww.farmaciasahumada.cl%2Fflector-1-29-x-60-g-gel-topico-44834.html&cfmId=CFM-007102
salcobrand|https://comparafarma-api.vercel.app/api/go?slug=salcobrand&matchkey=lertus%7c75mg%7c5&url=https%3a%2f%2fsalcobrand.cl%2fproducts%2flertus-b-diclofenaco-sodico-75mg-inyectable-5-ampollas%3fdefault_sku%3d3110600&cfmid=cfm-002537,salcobrand,E,CONCENTRATION_MASS_ONLY_ON_NON_DISCRETE_FORM,"masa absoluta en forma inyectable, no es concentración completa",Lertus (B) Diclofenaco Sódico 75mg Inyectable 5 Ampollas,,diclofenaco,,1,false,true,mass-only,inyectable,parenteral,ampolla,unresolved,,false,diclofenaco 50mg,https://comparafarma-api.vercel.app/api/go?slug=salcobrand&matchKey=lertus%7C75mg%7C5&url=https%3A%2F%2Fsalcobrand.cl%2Fproducts%2Flertus-b-diclofenaco-sodico-75mg-inyectable-5-ampollas%3Fdefault_sku%3D3110600&cfmId=CFM-002537
ahumada|https://comparafarma-api.vercel.app/api/go?slug=ahumada&matchkey=flectane%7c500mg%7c30&url=https%3a%2f%2fwww.farmaciasahumada.cl%2fflectane-500-mg-20-mg-x-30-comprimidos-con-recubrimiento-enterico-85558.html&cfmid=cfm-001199,ahumada,A,MISSING_ACTIVE_INGREDIENT_VOCABULARY,token(s) con forma de molécula fuera de vocabulario: recubrimiento+enterico,Flectane 500 mg/20 mg x 30 Comprimidos con Recubrimiento Entérico,flectane,,,2,true,false,mass-only,comprimido,oral,comprimido,unresolved,ing,true,diclofenaco 50mg,https://comparafarma-api.vercel.app/api/go?slug=ahumada&matchKey=flectane%7C500mg%7C30&url=https%3A%2F%2Fwww.farmaciasahumada.cl%2Fflectane-500-mg-20-mg-x-30-comprimidos-con-recubrimiento-enterico-85558.html&cfmId=CFM-001199
ahumada|https://comparafarma-api.vercel.app/api/go?slug=ahumada&matchkey=rumada%7c5mg%7c30&url=https%3a%2f%2fwww.farmaciasahumada.cl%2frumada-5-mg-10-mg--30-comprimidos-97042.html&cfmid=cfm-008757,ahumada,C,BRAND_ONLY_NAME_NO_MOLECULE_IN_TEXT,"el nombre solo trae cabecera comercial, ninguna molécula escrita","Rumada 5 mg / 10 mg, 30 comprimidos",rumada,,,2,true,false,mass-only,comprimido,oral,comprimido,unresolved,ing,true,diclofenaco 50mg,https://comparafarma-api.vercel.app/api/go?slug=ahumada&matchKey=rumada%7C5mg%7C30&url=https%3A%2F%2Fwww.farmaciasahumada.cl%2Frumada-5-mg-10-mg--30-comprimidos-97042.html&cfmId=CFM-008757
ecofarmacias|https://comparafarma-api.vercel.app/api/go?slug=ecofarmacias&matchkey=oftic%7c25ml&url=https%3a%2f%2fwww.ecofarmacias.cl%2fproducto%2foftic-gotas-diclofenaco-sodico-01-solucion-oftalmologica-25ml%2f&cfmid=cfm-003113,ecofarmacias,G,AMBIGUOUS_AGAINST_REGISTRY,"más de un concepto candidato en el registro, sin desempate","Oftic Gotas Diclofenaco Sodico 0,1% Solución Oftalmológica  25ml",,diclofenaco,,1,false,true,absent,liquido-oral,oral,,ambiguous,conc+unit,false,diclofenaco 50mg,https://comparafarma-api.vercel.app/api/go?slug=ecofarmacias&matchKey=oftic%7C25ml&url=https%3A%2F%2Fwww.ecofarmacias.cl%2Fproducto%2Foftic-gotas-diclofenaco-sodico-01-solucion-oftalmologica-25ml%2F&cfmId=CFM-003113
ahumada|https://comparafarma-api.vercel.app/api/go?slug=ahumada&matchkey=oftic%7c10ml%7c10&url=https%3a%2f%2fwww.farmaciasahumada.cl%2foftic-1-mg-ml-x-10-ml-solucion-oftalmica-9023.html&cfmid=cfm-002820,ahumada,C,BRAND_ONLY_NAME_NO_MOLECULE_IN_TEXT,"el nombre solo trae cabecera comercial, ninguna molécula escrita",Oftic 1 mg/mL x 10 mL Solucion Oftalmica,oftic,,,0,false,false,ratio,colirio,ophthalmic,,unresolved,ing+unit,true,diclofenaco 50mg,https://comparafarma-api.vercel.app/api/go?slug=ahumada&matchKey=oftic%7C10ml%7C10&url=https%3A%2F%2Fwww.farmaciasahumada.cl%2Foftic-1-mg-ml-x-10-ml-solucion-oftalmica-9023.html&cfmId=CFM-002820
cruz-verde|https://comparafarma-api.vercel.app/api/go?slug=cruz-verde&matchkey=lertus%7c3ml%7c5&url=https%3a%2f%2fwww.cruzverde.cl%2flertus-diclofenaco-sodico-75-mg-5-ampollas-de-3-ml%2f87016.html&cfmid=cfm-001794,cruz-verde,E,CONCENTRATION_MASS_ONLY_ON_NON_DISCRETE_FORM,"masa absoluta en forma inyectable, no es concentración completa",Lertus Diclofenaco Sodico 75 mg 5 Ampollas de 3 mL,,diclofenaco,,1,false,true,mass-only,inyectable,parenteral,ampolla,unresolved,,false,diclofenaco 50mg,https://comparafarma-api.vercel.app/api/go?slug=cruz-verde&matchKey=lertus%7C3ml%7C5&url=https%3A%2F%2Fwww.cruzverde.cl%2Flertus-diclofenaco-sodico-75-mg-5-ampollas-de-3-ml%2F87016.html&cfmId=CFM-001794
ecofarmacias|https://comparafarma-api.vercel.app/api/go?slug=ecofarmacias&matchkey=ofteno%7c5ml&url=https%3a%2f%2fwww.ecofarmacias.cl%2fproducto%2f3-a-ofteno-diclofenaco-01-sol-oftalmica-5ml%2f&cfmid=cfm-002829,ecofarmacias,D,CONCENTRATION_ABSENT,el nombre no declara concentración,"3-A Ofteno (Diclofenaco) 0,1% Sol. Oftalmica 5ml",,diclofenaco,,1,false,true,absent,colirio,ophthalmic,,unresolved,conc+unit,false,diclofenaco 50mg,https://comparafarma-api.vercel.app/api/go?slug=ecofarmacias&matchKey=ofteno%7C5ml&url=https%3A%2F%2Fwww.ecofarmacias.cl%2Fproducto%2F3-a-ofteno-diclofenaco-01-sol-oftalmica-5ml%2F&cfmId=CFM-002829
cruz-verde|https://comparafarma-api.vercel.app/api/go?slug=cruz-verde&matchkey=ofteno%7c5ml&url=https%3a%2f%2fwww.cruzverde.cl%2f3a-ofteno-diclofenaco-sodico-0-1-solucion-oftalmica-5-ml%2f53059.html&cfmid=cfm-002829,cruz-verde,D,CONCENTRATION_ABSENT,el nombre no declara concentración,"3A Ofteno Diclofenaco Sódico 0,1% Solución Oftálmica 5 mL",,diclofenaco,,1,false,true,absent,colirio,ophthalmic,,unresolved,conc+unit,false,diclofenaco 50mg,https://comparafarma-api.vercel.app/api/go?slug=cruz-verde&matchKey=ofteno%7C5ml&url=https%3A%2F%2Fwww.cruzverde.cl%2F3a-ofteno-diclofenaco-sodico-0-1-solucion-oftalmica-5-ml%2F53059.html&cfmId=CFM-002829
ahumada|https://comparafarma-api.vercel.app/api/go?slug=ahumada&matchkey=rumada%7c10mg%7c30&url=https%3a%2f%2fwww.farmaciasahumada.cl%2frumada-10-mg-10-mg--30-comprimidos-97043.html&cfmid=cfm-008759,ahumada,C,BRAND_ONLY_NAME_NO_MOLECULE_IN_TEXT,"el nombre solo trae cabecera comercial, ninguna molécula escrita","Rumada 10 mg / 10 mg, 30 comprimidos",rumada,,,2,true,false,mass-only,comprimido,oral,comprimido,unresolved,ing,true,diclofenaco 50mg,https://comparafarma-api.vercel.app/api/go?slug=ahumada&matchKey=rumada%7C10mg%7C30&url=https%3A%2F%2Fwww.farmaciasahumada.cl%2Frumada-10-mg-10-mg--30-comprimidos-97043.html&cfmId=CFM-008759
ahumada|https://comparafarma-api.vercel.app/api/go?slug=ahumada&matchkey=rumada%7c20mg%7c30&url=https%3a%2f%2fwww.farmaciasahumada.cl%2frumada-20-mg-10-mg--30-comprimidos-97044.html&cfmid=cfm-008758,ahumada,C,BRAND_ONLY_NAME_NO_MOLECULE_IN_TEXT,"el nombre solo trae cabecera comercial, ninguna molécula escrita","Rumada 20 mg / 10 mg, 30 comprimidos",rumada,,,2,true,false,mass-only,comprimido,oral,comprimido,unresolved,ing,true,diclofenaco 50mg,https://comparafarma-api.vercel.app/api/go?slug=ahumada&matchKey=rumada%7C20mg%7C30&url=https%3A%2F%2Fwww.farmaciasahumada.cl%2Frumada-20-mg-10-mg--30-comprimidos-97044.html&cfmId=CFM-008758
cruz-verde|https://comparafarma-api.vercel.app/api/go?slug=cruz-verde&matchkey=oftic%7c10ml&url=https%3a%2f%2fwww.cruzverde.cl%2foftic-diclofenaco-sodico-0-1-solucion-oftalmica-10-ml%2f6215.html&cfmid=cfm-002826,cruz-verde,D,CONCENTRATION_ABSENT,el nombre no declara concentración,"Oftic Diclofenaco Sodico 0,1% Solución Oftálmica 10 mL",,diclofenaco,,1,false,true,absent,colirio,ophthalmic,,unresolved,conc+unit,false,diclofenaco 50mg,https://comparafarma-api.vercel.app/api/go?slug=cruz-verde&matchKey=oftic%7C10ml&url=https%3A%2F%2Fwww.cruzverde.cl%2Foftic-diclofenaco-sodico-0-1-solucion-oftalmica-10-ml%2F6215.html&cfmId=CFM-002826
easyfarma|https://comparafarma-api.vercel.app/api/go?slug=easyfarma&matchkey=ibuprofeno%7c400mg%7c20&url=https%3a%2f%2fnuevo.easyfarma.cl%2f24657-ibuprofeno-400-mg-x-20.html&cfmid=cfm-000113,easyfarma,G,AMBIGUOUS_AGAINST_REGISTRY,"más de un concepto candidato en el registro, sin desempate",Ibuprofeno 400 mg x 20,,ibuprofeno,,1,false,true,mass-only,,,,ambiguous,form+route+unit,false,ibuprofeno+ibuprofeno 400mg,https://comparafarma-api.vercel.app/api/go?slug=easyfarma&matchKey=ibuprofeno%7C400mg%7C20&url=https%3A%2F%2Fnuevo.easyfarma.cl%2F24657-ibuprofeno-400-mg-x-20.html&cfmId=CFM-000113
farmex|https://comparafarma-api.vercel.app/api/go?slug=farmex&matchkey=pyriped%7c400mg%7c20&url=https%3a%2f%2ffarmex.cl%2fproducts%2fpyriped-400-mg-x-20-capsulas%3f_pos%3d4%26_psq%3dibuprofeno%26_psid%3d23f8ef932%26_ss%3de&cfmid=cfm-000148,farmex,C,BRAND_ONLY_NAME_NO_MOLECULE_IN_TEXT,"el nombre solo trae cabecera comercial, ninguna molécula escrita",Pyriped 400 mg x 20 cápsulas,pyriped,,,0,false,false,mass-only,capsula,oral,capsula,unresolved,ing,true,ibuprofeno+ibuprofeno 400mg,https://comparafarma-api.vercel.app/api/go?slug=farmex&matchKey=pyriped%7C400mg%7C20&url=https%3A%2F%2Ffarmex.cl%2Fproducts%2Fpyriped-400-mg-x-20-capsulas%3F_pos%3D4%26_psq%3Dibuprofeno%26_psid%3D23f8ef932%26_ss%3De&cfmId=CFM-000148
easyfarma|https://comparafarma-api.vercel.app/api/go?slug=easyfarma&matchkey=actron%7c400mg%7c10&url=https%3a%2f%2fnuevo.easyfarma.cl%2f25051-actron-400mg-x-10.html&cfmid=cfm-000114,easyfarma,H,TRUNCATED_SOURCE_NAME,la fuente entregó el nombre cortado,Actron 400 mg x 10 cápsulas...,actron,,,0,false,false,mass-only,capsula,oral,capsula,unresolved,ing,true,ibuprofeno+ibuprofeno 400mg,https://comparafarma-api.vercel.app/api/go?slug=easyfarma&matchKey=actron%7C400mg%7C10&url=https%3A%2F%2Fnuevo.easyfarma.cl%2F25051-actron-400mg-x-10.html&cfmId=CFM-000114
ahumada|https://comparafarma-api.vercel.app/api/go?slug=ahumada&matchkey=actron%7c400mg%7c10&url=https%3a%2f%2fwww.farmaciasahumada.cl%2factron-400-mg-x-10-capsulas-blandas-44354.html&cfmid=cfm-000114,ahumada,C,BRAND_ONLY_NAME_NO_MOLECULE_IN_TEXT,"el nombre solo trae cabecera comercial, ninguna molécula escrita",Actron 400 mg x 10 Cápsulas Blandas,actron,,,0,false,false,mass-only,capsula,oral,capsula,unresolved,ing,true,ibuprofeno+ibuprofeno 400mg,https://comparafarma-api.vercel.app/api/go?slug=ahumada&matchKey=actron%7C400mg%7C10&url=https%3A%2F%2Fwww.farmaciasahumada.cl%2Factron-400-mg-x-10-capsulas-blandas-44354.html&cfmId=CFM-000114
ahumada|https://comparafarma-api.vercel.app/api/go?slug=ahumada&matchkey=ibupirac%7c400mg%7c20&url=https%3a%2f%2fwww.farmaciasahumada.cl%2fibupirac-lc-400-mg-x-20-capsulas-blandas-62367.html&cfmid=cfm-000125,ahumada,C,BRAND_ONLY_NAME_NO_MOLECULE_IN_TEXT,"el nombre solo trae cabecera comercial, ninguna molécula escrita",Ibupirac LC 400 mg x 20 Cápsulas Blandas,ibupirac,,,0,false,false,mass-only,capsula,oral,capsula,unresolved,ing,true,ibuprofeno+ibuprofeno 400mg,https://comparafarma-api.vercel.app/api/go?slug=ahumada&matchKey=ibupirac%7C400mg%7C20&url=https%3A%2F%2Fwww.farmaciasahumada.cl%2Fibupirac-lc-400-mg-x-20-capsulas-blandas-62367.html&cfmId=CFM-000125
ahumada|https://comparafarma-api.vercel.app/api/go?slug=ahumada&matchkey=actron%7c400mg%7c20&url=https%3a%2f%2fwww.farmaciasahumada.cl%2factron-400mg-x-20-capsulas-blandas-89764.html&cfmid=cfm-000133,ahumada,C,BRAND_ONLY_NAME_NO_MOLECULE_IN_TEXT,"el nombre solo trae cabecera comercial, ninguna molécula escrita",Actron 400mg X 20 Capsulas Blandas,actron,,,0,false,false,mass-only,capsula,oral,capsula,unresolved,ing,true,ibuprofeno+ibuprofeno 400mg,https://comparafarma-api.vercel.app/api/go?slug=ahumada&matchKey=actron%7C400mg%7C20&url=https%3A%2F%2Fwww.farmaciasahumada.cl%2Factron-400mg-x-20-capsulas-blandas-89764.html&cfmId=CFM-000133
easyfarma|https://comparafarma-api.vercel.app/api/go?slug=easyfarma&matchkey=finagrip%7c10&url=https%3a%2f%2fnuevo.easyfarma.cl%2f105297-finagrip-10-comp-recubiertos.html&cfmid=cfm-001063,easyfarma,C,BRAND_ONLY_NAME_NO_MOLECULE_IN_TEXT,"el nombre solo trae cabecera comercial, ninguna molécula escrita",Finagrip 10 Comp. Recubiertos,finagrip,,,0,false,false,absent,comprimido,oral,comprimido,unresolved,ing+conc,false,ibuprofeno+ibuprofeno 400mg,https://comparafarma-api.vercel.app/api/go?slug=easyfarma&matchKey=finagrip%7C10&url=https%3A%2F%2Fnuevo.easyfarma.cl%2F105297-finagrip-10-comp-recubiertos.html&cfmId=CFM-001063
cruz-verde|https://comparafarma-api.vercel.app/api/go?slug=cruz-verde&matchkey=dolorub&url=https%3a%2f%2fwww.cruzverde.cl%2fdolorub-parche-dermico-18x13-cm-1-parche%2f292084.html&cfmid=cfm-000131,cruz-verde,A,MISSING_ACTIVE_INGREDIENT_VOCABULARY,token(s) con forma de molécula fuera de vocabulario: dermico,Dolorub Parche Dérmico 18x13 cm 1 Parche,dolorub,,,0,false,false,absent,parche,transdermal,parche,unresolved,ing+conc,false,ibuprofeno+ibuprofeno 400mg,https://comparafarma-api.vercel.app/api/go?slug=cruz-verde&matchKey=dolorub&url=https%3A%2F%2Fwww.cruzverde.cl%2Fdolorub-parche-dermico-18x13-cm-1-parche%2F292084.html&cfmId=CFM-000131
ecofarmacias|https://comparafarma-api.vercel.app/api/go?slug=ecofarmacias&matchkey=ibuprofeno&url=https%3a%2f%2fwww.ecofarmacias.cl%2fproducto%2fibupirac-flu-forte-suspension-descuento-caja-danada%2f&cfmid=cfm-000134,ecofarmacias,G,AMBIGUOUS_AGAINST_REGISTRY,"más de un concepto candidato en el registro, sin desempate",Ibuprofeno Ibupirac Flu Forte suspensión DESCUENTO caja dañada,,ibuprofeno,,1,false,true,absent,liquido-oral,oral,,ambiguous,conc+unit,false,ibuprofeno+ibuprofeno 400mg,https://comparafarma-api.vercel.app/api/go?slug=ecofarmacias&matchKey=ibuprofeno&url=https%3A%2F%2Fwww.ecofarmacias.cl%2Fproducto%2Fibupirac-flu-forte-suspension-descuento-caja-danada%2F&cfmId=CFM-000134
easyfarma|https://comparafarma-api.vercel.app/api/go?slug=easyfarma&matchkey=ibuprofeno%7c600mg%7c20&url=https%3a%2f%2fnuevo.easyfarma.cl%2f24658-ibuprofeno-600-mg-x-20.html&cfmid=cfm-000141,easyfarma,G,AMBIGUOUS_AGAINST_REGISTRY,"más de un concepto candidato en el registro, sin desempate",Ibuprofeno 600 mg  x 20,,ibuprofeno,,1,false,true,mass-only,,,,ambiguous,form+route+unit,false,ibuprofeno+ibuprofeno 400mg,https://comparafarma-api.vercel.app/api/go?slug=easyfarma&matchKey=ibuprofeno%7C600mg%7C20&url=https%3A%2F%2Fnuevo.easyfarma.cl%2F24658-ibuprofeno-600-mg-x-20.html&cfmId=CFM-000141
easyfarma|https://comparafarma-api.vercel.app/api/go?slug=easyfarma&matchkey=ibuprofeno%7c200mg&url=https%3a%2f%2fnuevo.easyfarma.cl%2f103076-ibuprofeno-jarabe-200-mg-5-ml.html&cfmid=cfm-001062,easyfarma,H,TRUNCATED_SOURCE_NAME,la fuente entregó el nombre cortado,Ibuprofeno Jarabe 200 mg /...,,ibuprofeno,,1,false,true,mass-only,liquido-oral,oral,,unresolved,unit,false,ibuprofeno+ibuprofeno 400mg,https://comparafarma-api.vercel.app/api/go?slug=easyfarma&matchKey=ibuprofeno%7C200mg&url=https%3A%2F%2Fnuevo.easyfarma.cl%2F103076-ibuprofeno-jarabe-200-mg-5-ml.html&cfmId=CFM-001062
easyfarma|https://comparafarma-api.vercel.app/api/go?slug=easyfarma&matchkey=actron%7c200mg&url=https%3a%2f%2fnuevo.easyfarma.cl%2f30382-actron-ra-200-mg-x-10-capsulas-blandas.html&cfmid=cfm-001060,easyfarma,H,TRUNCATED_SOURCE_NAME,la fuente entregó el nombre cortado,Actron RA 200 mg. 10...,actron,,,0,false,false,mass-only,,,,unresolved,ing+form+route+unit,false,ibuprofeno+ibuprofeno 400mg,https://comparafarma-api.vercel.app/api/go?slug=easyfarma&matchKey=actron%7C200mg&url=https%3A%2F%2Fnuevo.easyfarma.cl%2F30382-actron-ra-200-mg-x-10-capsulas-blandas.html&cfmId=CFM-001060
ahumada|https://comparafarma-api.vercel.app/api/go?slug=ahumada&matchkey=actron%7c200mg%7c10&url=https%3a%2f%2fwww.farmaciasahumada.cl%2factron-ra-200-mg-x-10-capsulas-blandas-60079.html&cfmid=cfm-000099,ahumada,C,BRAND_ONLY_NAME_NO_MOLECULE_IN_TEXT,"el nombre solo trae cabecera comercial, ninguna molécula escrita",Actron RA 200 mg x 10 Cápsulas Blandas,actron,,,0,false,false,mass-only,capsula,oral,capsula,unresolved,ing,true,ibuprofeno+ibuprofeno 400mg,https://comparafarma-api.vercel.app/api/go?slug=ahumada&matchKey=actron%7C200mg%7C10&url=https%3A%2F%2Fwww.farmaciasahumada.cl%2Factron-ra-200-mg-x-10-capsulas-blandas-60079.html&cfmId=CFM-000099
farmex|https://comparafarma-api.vercel.app/api/go?slug=farmex&matchkey=algiasol%7c100ml%7c100&url=https%3a%2f%2ffarmex.cl%2fproducts%2falgiasol-forte-susp-oral-200-mg-5-ml-x-100-ml%3f_pos%3d6%26_psq%3dibuprofeno%26_psid%3d23f8ef932%26_ss%3de&cfmid=cfm-001336,farmex,A,MISSING_ACTIVE_INGREDIENT_VOCABULARY,token(s) con forma de molécula fuera de vocabulario: susp,Algiasol Forte Susp. Oral 200 mg / 5 mL x 100 mL,algiasol,,,0,false,false,ratio,liquido-oral,oral,,unresolved,ing+unit,true,ibuprofeno+ibuprofeno 400mg,https://comparafarma-api.vercel.app/api/go?slug=farmex&matchKey=algiasol%7C100ml%7C100&url=https%3A%2F%2Ffarmex.cl%2Fproducts%2Falgiasol-forte-susp-oral-200-mg-5-ml-x-100-ml%3F_pos%3D6%26_psq%3Dibuprofeno%26_psid%3D23f8ef932%26_ss%3De&cfmId=CFM-001336
dr-simi|https://comparafarma-api.vercel.app/api/go?slug=dr-simi&matchkey=dolorub%7c45000mg&url=https%3a%2f%2fwww.drsimi.cl%2fdolorub-crema-ibuprofeno-5--crema-topica-tubo-45-gr-ch6156%2fp&cfmid=cfm-000153,dr-simi,E,CONCENTRATION_MASS_ONLY_ON_NON_DISCRETE_FORM,"masa absoluta en forma crema, no es concentración completa",Dolorub ibuprofeno 5 % crema 45 g,,ibuprofeno,,1,false,true,mass-only,crema,topical,,unresolved,unit,false,ibuprofeno+ibuprofeno 400mg,https://comparafarma-api.vercel.app/api/go?slug=dr-simi&matchKey=dolorub%7C45000mg&url=https%3A%2F%2Fwww.drsimi.cl%2Fdolorub-crema-ibuprofeno-5--crema-topica-tubo-45-gr-ch6156%2Fp&cfmId=CFM-000153
ahumada|https://comparafarma-api.vercel.app/api/go?slug=ahumada&matchkey=ibupirac%7c600mg%7c10&url=https%3a%2f%2fwww.farmaciasahumada.cl%2fibupirac-lc-600-mg-x-10-capsulas-blandas-74304.html&cfmid=cfm-000124,ahumada,C,BRAND_ONLY_NAME_NO_MOLECULE_IN_TEXT,"el nombre solo trae cabecera comercial, ninguna molécula escrita",Ibupirac LC 600 mg x 10 Cápsulas Blandas,ibupirac,,,0,false,false,mass-only,capsula,oral,capsula,unresolved,ing,true,ibuprofeno+ibuprofeno 400mg,https://comparafarma-api.vercel.app/api/go?slug=ahumada&matchKey=ibupirac%7C600mg%7C10&url=https%3A%2F%2Fwww.farmaciasahumada.cl%2Fibupirac-lc-600-mg-x-10-capsulas-blandas-74304.html&cfmId=CFM-000124
ecofarmacias|https://comparafarma-api.vercel.app/api/go?slug=ecofarmacias&matchkey=dolorub%7c60000mg&url=https%3a%2f%2fwww.ecofarmacias.cl%2fproducto%2fdolorub-ibuprofeno-gel-60g-descuento%2f&cfmid=cfm-000126,ecofarmacias,E,CONCENTRATION_MASS_ONLY_ON_NON_DISCRETE_FORM,"masa absoluta en forma gel, no es concentración completa",Dolorub Ibuprofeno Gel 60g DESCUENTO,,ibuprofeno,,1,false,true,mass-only,gel,topical,,unresolved,unit,false,ibuprofeno+ibuprofeno 400mg,https://comparafarma-api.vercel.app/api/go?slug=ecofarmacias&matchKey=dolorub%7C60000mg&url=https%3A%2F%2Fwww.ecofarmacias.cl%2Fproducto%2Fdolorub-ibuprofeno-gel-60g-descuento%2F&cfmId=CFM-000126
farmex|https://comparafarma-api.vercel.app/api/go?slug=farmex&matchkey=ibupirac%7c100ml%7c100&url=https%3a%2f%2ffarmex.cl%2fproducts%2fibupirac-forte-chemo%3f_pos%3d9%26_psq%3dibuprofeno%26_psid%3d23f8ef932%26_ss%3de&cfmid=cfm-000140,farmex,C,BRAND_ONLY_NAME_NO_MOLECULE_IN_TEXT,"el nombre solo trae cabecera comercial, ninguna molécula escrita",Ibupirac Forte Suspensión Oral 200 mg / 5 mL x 100 mL,ibupirac,,,0,false,false,ratio,liquido-oral,oral,,unresolved,ing+unit,true,ibuprofeno+ibuprofeno 400mg,https://comparafarma-api.vercel.app/api/go?slug=farmex&matchKey=ibupirac%7C100ml%7C100&url=https%3A%2F%2Ffarmex.cl%2Fproducts%2Fibupirac-forte-chemo%3F_pos%3D9%26_psq%3Dibuprofeno%26_psid%3D23f8ef932%26_ss%3De&cfmId=CFM-000140
cruz-verde|https://comparafarma-api.vercel.app/api/go?slug=cruz-verde&matchkey=strepfen%7c8.75mg&url=https%3a%2f%2fwww.cruzverde.cl%2fstrepfen-miel-y-limon-flurbiprofeno-8-75-mg-8-pastillas-de-disolucion-bucal%2f266170.html&cfmid=cfm-000116,cruz-verde,A,MISSING_ACTIVE_INGREDIENT_VOCABULARY,token(s) con forma de molécula fuera de vocabulario: miel+limon+flurbiprofeno+pastillas+disolucion+bucal,"Strepfen Miel y Limon Flurbiprofeno 8,75 mg 8 Pastillas de Disolución Bucal",strepfen,,,0,false,false,mass-only,comprimido,oral,comprimido,unresolved,ing,true,ibuprofeno+ibuprofeno 400mg,https://comparafarma-api.vercel.app/api/go?slug=cruz-verde&matchKey=strepfen%7C8.75mg&url=https%3A%2F%2Fwww.cruzverde.cl%2Fstrepfen-miel-y-limon-flurbiprofeno-8-75-mg-8-pastillas-de-disolucion-bucal%2F266170.html&cfmId=CFM-000116
ahumada|https://comparafarma-api.vercel.app/api/go?slug=ahumada&matchkey=ibufren%7c100ml&url=https%3a%2f%2fwww.farmaciasahumada.cl%2fibufren-fte-200mg-5ml-suspencion-oral-100ml-frasco-92941.html&cfmid=cfm-000137,ahumada,A,MISSING_ACTIVE_INGREDIENT_VOCABULARY,token(s) con forma de molécula fuera de vocabulario: suspencion,Ibufren Fte 200Mg/5Ml Suspención Oral 100Ml Frasco,ibufren,,,0,false,false,ratio,,oral,,unresolved,ing+form+unit,false,ibuprofeno+ibuprofeno 400mg,https://comparafarma-api.vercel.app/api/go?slug=ahumada&matchKey=ibufren%7C100ml&url=https%3A%2F%2Fwww.farmaciasahumada.cl%2Fibufren-fte-200mg-5ml-suspencion-oral-100ml-frasco-92941.html&cfmId=CFM-000137
ahumada|https://comparafarma-api.vercel.app/api/go?slug=ahumada&matchkey=dolorub%7c45000mg%7c45&url=https%3a%2f%2fwww.farmaciasahumada.cl%2fdolorub-5-x-45-g-crema-topica-79224.html&cfmid=cfm-000144,ahumada,C,BRAND_ONLY_NAME_NO_MOLECULE_IN_TEXT,"el nombre solo trae cabecera comercial, ninguna molécula escrita",Dolorub 5 % x 45 g Crema Topica,dolorub,,,0,false,false,mass-only,crema,topical,,unresolved,ing+unit,false,ibuprofeno+ibuprofeno 400mg,https://comparafarma-api.vercel.app/api/go?slug=ahumada&matchKey=dolorub%7C45000mg%7C45&url=https%3A%2F%2Fwww.farmaciasahumada.cl%2Fdolorub-5-x-45-g-crema-topica-79224.html&cfmId=CFM-000144
easyfarma|https://comparafarma-api.vercel.app/api/go?slug=easyfarma&matchkey=dolorub&url=https%3a%2f%2fnuevo.easyfarma.cl%2f104955-dolorub-5-crema-topica-con-aplicador-60-gr.html&cfmid=cfm-000131,easyfarma,H,TRUNCATED_SOURCE_NAME,la fuente entregó el nombre cortado,Dolorub 5% Crema Topica Con...,dolorub,,,0,false,false,absent,crema,topical,,unresolved,ing+conc+unit,false,ibuprofeno+ibuprofeno 400mg,https://comparafarma-api.vercel.app/api/go?slug=easyfarma&matchKey=dolorub&url=https%3A%2F%2Fnuevo.easyfarma.cl%2F104955-dolorub-5-crema-topica-con-aplicador-60-gr.html&cfmId=CFM-000131
cruz-verde|https://comparafarma-api.vercel.app/api/go?slug=cruz-verde&matchkey=dolorub&url=https%3a%2f%2fwww.cruzverde.cl%2fdolorub-ibuprofeno-5-crema-topica-60-gr%2f72106.html&cfmid=cfm-000131,cruz-verde,E,CONCENTRATION_MASS_ONLY_ON_NON_DISCRETE_FORM,"masa absoluta en forma crema, no es concentración completa",Dolorub Ibuprofeno 5% Crema Tópica 60 gr,,ibuprofeno,,1,false,true,mass-only,crema,topical,,unresolved,unit,false,ibuprofeno+ibuprofeno 400mg,https://comparafarma-api.vercel.app/api/go?slug=cruz-verde&matchKey=dolorub&url=https%3A%2F%2Fwww.cruzverde.cl%2Fdolorub-ibuprofeno-5-crema-topica-60-gr%2F72106.html&cfmId=CFM-000131
easyfarma|https://comparafarma-api.vercel.app/api/go?slug=easyfarma&matchkey=doraliv%7c600mg%7c10&url=https%3a%2f%2fnuevo.easyfarma.cl%2f104970-doraliv-600-mg-x-10-capsulas-blandas.html&cfmid=cfm-000138,easyfarma,H,TRUNCATED_SOURCE_NAME,la fuente entregó el nombre cortado,DorAliv 600 mg x 10...,doraliv,,,0,false,false,mass-only,,,,unresolved,ing+form+route+unit,false,ibuprofeno+ibuprofeno 400mg,https://comparafarma-api.vercel.app/api/go?slug=easyfarma&matchKey=doraliv%7C600mg%7C10&url=https%3A%2F%2Fnuevo.easyfarma.cl%2F104970-doraliv-600-mg-x-10-capsulas-blandas.html&cfmId=CFM-000138
ahumada|https://comparafarma-api.vercel.app/api/go?slug=ahumada&matchkey=deucodol%7c120ml%7c120&url=https%3a%2f%2fwww.farmaciasahumada.cl%2fdeucodol-forte-200-mg-5-ml-x-120-ml-suspension-oral-92249.html&cfmid=cfm-000101,ahumada,C,BRAND_ONLY_NAME_NO_MOLECULE_IN_TEXT,"el nombre solo trae cabecera comercial, ninguna molécula escrita",Deucodol Forte 200 mg/5 mL x 120 mL Suspension Oral,deucodol,,,0,false,false,ratio,liquido-oral,oral,,unresolved,ing+unit,true,ibuprofeno+ibuprofeno 400mg,https://comparafarma-api.vercel.app/api/go?slug=ahumada&matchKey=deucodol%7C120ml%7C120&url=https%3A%2F%2Fwww.farmaciasahumada.cl%2Fdeucodol-forte-200-mg-5-ml-x-120-ml-suspension-oral-92249.html&cfmId=CFM-000101
cruz-verde|https://comparafarma-api.vercel.app/api/go?slug=cruz-verde&matchkey=dolorub&url=https%3a%2f%2fwww.cruzverde.cl%2fdolorub-analgesica-antiinflamatoria-ibuprofeno-5-crema-topica-45-gr%2f273313.html&cfmid=cfm-000131,cruz-verde,E,CONCENTRATION_MASS_ONLY_ON_NON_DISCRETE_FORM,"masa absoluta en forma crema, no es concentración completa",Dolorub Analgesica-Antiinflamatoria Ibuprofeno 5% Crema Tópica 45 gr,,ibuprofeno,,1,false,true,mass-only,crema,topical,,unresolved,unit,false,ibuprofeno+ibuprofeno 400mg,https://comparafarma-api.vercel.app/api/go?slug=cruz-verde&matchKey=dolorub&url=https%3A%2F%2Fwww.cruzverde.cl%2Fdolorub-analgesica-antiinflamatoria-ibuprofeno-5-crema-topica-45-gr%2F273313.html&cfmId=CFM-000131
salcobrand|https://comparafarma-api.vercel.app/api/go?slug=salcobrand&matchkey=ibuprofeno%7c120ml&url=https%3a%2f%2fsalcobrand.cl%2fproducts%2fibuprofeno-200mg-jarabe-120ml%3fdefault_sku%3d577406&cfmid=cfm-000110,salcobrand,E,CONCENTRATION_MASS_ONLY_ON_NON_DISCRETE_FORM,"masa absoluta en forma liquido-oral, no es concentración completa",Ibuprofeno 200mg Jarabe 120ml,,ibuprofeno,,1,false,true,mass-only,liquido-oral,oral,,unresolved,unit,false,ibuprofeno+ibuprofeno 400mg,https://comparafarma-api.vercel.app/api/go?slug=salcobrand&matchKey=ibuprofeno%7C120ml&url=https%3A%2F%2Fsalcobrand.cl%2Fproducts%2Fibuprofeno-200mg-jarabe-120ml%3Fdefault_sku%3D577406&cfmId=CFM-000110
salcobrand|https://comparafarma-api.vercel.app/api/go?slug=salcobrand&matchkey=ipson%7c120ml&url=https%3a%2f%2fsalcobrand.cl%2fproducts%2fipson-forte-infantil-ibuprofeno-jarabe-120ml%3fdefault_sku%3d2971444&cfmid=cfm-000103,salcobrand,G,AMBIGUOUS_AGAINST_REGISTRY,"más de un concepto candidato en el registro, sin desempate",Ipson Forte Infantil Ibuprofeno 120ml,,ibuprofeno,,1,false,true,absent,,,,ambiguous,conc+form+route+unit,false,ibuprofeno+ibuprofeno 400mg,https://comparafarma-api.vercel.app/api/go?slug=salcobrand&matchKey=ipson%7C120ml&url=https%3A%2F%2Fsalcobrand.cl%2Fproducts%2Fipson-forte-infantil-ibuprofeno-jarabe-120ml%3Fdefault_sku%3D2971444&cfmId=CFM-000103
ahumada|https://comparafarma-api.vercel.app/api/go?slug=ahumada&matchkey=dolorub%7c60000mg%7c60&url=https%3a%2f%2fwww.farmaciasahumada.cl%2fdolorub-5-x-60-g-gel-dermico-87444.html&cfmid=cfm-000154,ahumada,A,MISSING_ACTIVE_INGREDIENT_VOCABULARY,token(s) con forma de molécula fuera de vocabulario: dermico,Dolorub 5% x 60 g Gel Dermico,dolorub,,,0,false,false,mass-only,gel,topical,,unresolved,ing+unit,false,ibuprofeno+ibuprofeno 400mg,https://comparafarma-api.vercel.app/api/go?slug=ahumada&matchKey=dolorub%7C60000mg%7C60&url=https%3A%2F%2Fwww.farmaciasahumada.cl%2Fdolorub-5-x-60-g-gel-dermico-87444.html&cfmId=CFM-000154
salcobrand|https://comparafarma-api.vercel.app/api/go?slug=salcobrand&matchkey=ipson%7c120ml&url=https%3a%2f%2fsalcobrand.cl%2fproducts%2fipson-infantil-ibuprofeno-jarabe-120ml%3fdefault_sku%3d2971304&cfmid=cfm-000103,salcobrand,G,AMBIGUOUS_AGAINST_REGISTRY,"más de un concepto candidato en el registro, sin desempate",Ipson Infantil Ibuprofeno 120ml,,ibuprofeno,,1,false,true,absent,,,,ambiguous,conc+form+route+unit,false,ibuprofeno+ibuprofeno 400mg,https://comparafarma-api.vercel.app/api/go?slug=salcobrand&matchKey=ipson%7C120ml&url=https%3A%2F%2Fsalcobrand.cl%2Fproducts%2Fipson-infantil-ibuprofeno-jarabe-120ml%3Fdefault_sku%3D2971304&cfmId=CFM-000103
easyfarma|https://comparafarma-api.vercel.app/api/go?slug=easyfarma&matchkey=doraliv%7c600mg&url=https%3a%2f%2fnuevo.easyfarma.cl%2f105031-doraliv-600-mg-20-caps-blandas.html&cfmid=cfm-001061,easyfarma,H,TRUNCATED_SOURCE_NAME,la fuente entregó el nombre cortado,DorAliv 600 Mg 20 Caps....,doraliv,,,0,false,false,mass-only,capsula,oral,capsula,unresolved,ing,true,ibuprofeno+ibuprofeno 400mg,https://comparafarma-api.vercel.app/api/go?slug=easyfarma&matchKey=doraliv%7C600mg&url=https%3A%2F%2Fnuevo.easyfarma.cl%2F105031-doraliv-600-mg-20-caps-blandas.html&cfmId=CFM-001061
easyfarma|https://comparafarma-api.vercel.app/api/go?slug=easyfarma&matchkey=actron%7c600mg%7c10&url=https%3a%2f%2fnuevo.easyfarma.cl%2f25052-actron-600mg-x-10.html&cfmid=cfm-000104,easyfarma,C,BRAND_ONLY_NAME_NO_MOLECULE_IN_TEXT,"el nombre solo trae cabecera comercial, ninguna molécula escrita",Actron 600 Mg 10 Cap blandas,actron,,,0,false,false,mass-only,capsula,oral,capsula,unresolved,ing,true,ibuprofeno+ibuprofeno 400mg,https://comparafarma-api.vercel.app/api/go?slug=easyfarma&matchKey=actron%7C600mg%7C10&url=https%3A%2F%2Fnuevo.easyfarma.cl%2F25052-actron-600mg-x-10.html&cfmId=CFM-000104
ahumada|https://comparafarma-api.vercel.app/api/go?slug=ahumada&matchkey=actron%7c600mg%7c10&url=https%3a%2f%2fwww.farmaciasahumada.cl%2factron-600-mg-x-10-capsulas-blandas-48361.html&cfmid=cfm-000104,ahumada,C,BRAND_ONLY_NAME_NO_MOLECULE_IN_TEXT,"el nombre solo trae cabecera comercial, ninguna molécula escrita",Actron 600 mg x 10 Cápsulas Blandas,actron,,,0,false,false,mass-only,capsula,oral,capsula,unresolved,ing,true,ibuprofeno+ibuprofeno 400mg,https://comparafarma-api.vercel.app/api/go?slug=ahumada&matchKey=actron%7C600mg%7C10&url=https%3A%2F%2Fwww.farmaciasahumada.cl%2Factron-600-mg-x-10-capsulas-blandas-48361.html&cfmId=CFM-000104
ahumada|https://comparafarma-api.vercel.app/api/go?slug=ahumada&matchkey=ipson%7c120ml%7c120&url=https%3a%2f%2fwww.farmaciasahumada.cl%2fipson-100-mg-5-ml-x-120-ml-suspension-oral-2531.html&cfmid=cfm-000151,ahumada,C,BRAND_ONLY_NAME_NO_MOLECULE_IN_TEXT,"el nombre solo trae cabecera comercial, ninguna molécula escrita",Ipson 100 mg/5 mL x 120 mL Suspensión Oral,ipson,,,0,false,false,ratio,liquido-oral,oral,,unresolved,ing+unit,true,ibuprofeno+ibuprofeno 400mg,https://comparafarma-api.vercel.app/api/go?slug=ahumada&matchKey=ipson%7C120ml%7C120&url=https%3A%2F%2Fwww.farmaciasahumada.cl%2Fipson-100-mg-5-ml-x-120-ml-suspension-oral-2531.html&cfmId=CFM-000151
ecofarmacias|https://comparafarma-api.vercel.app/api/go?slug=ecofarmacias&matchkey=ipsond%7c120ml&url=https%3a%2f%2fwww.ecofarmacias.cl%2fproducto%2fipson-d-ibuprofeno-pseudofedrina-clorhidrato-100-mg-15-mg-5-ml-120-ml%2f&cfmid=cfm-000106,ecofarmacias,F,DOSAGE_FORM_UNREADABLE,no se pudo leer forma farmacéutica canónica,"Ipson-D Ibuprofeno Pseudofedrina Clorhidrato 100 mg &#8211; 15 mg / 5 ml 120 Ml",,ibuprofeno,,1,false,true,ratio,,,,unresolved,form+route+unit,false,ibuprofeno+ibuprofeno 400mg,https://comparafarma-api.vercel.app/api/go?slug=ecofarmacias&matchKey=ipsond%7C120ml&url=https%3A%2F%2Fwww.ecofarmacias.cl%2Fproducto%2Fipson-d-ibuprofeno-pseudofedrina-clorhidrato-100-mg-15-mg-5-ml-120-ml%2F&cfmId=CFM-000106
ahumada|https://comparafarma-api.vercel.app/api/go?slug=ahumada&matchkey=niofen%7c120ml%7c120&url=https%3a%2f%2fwww.farmaciasahumada.cl%2fniofen-forte-200-mg-5-ml-x-120-ml-suspension-oral-11882.html&cfmid=cfm-000149,ahumada,C,BRAND_ONLY_NAME_NO_MOLECULE_IN_TEXT,"el nombre solo trae cabecera comercial, ninguna molécula escrita",Niofen Forte 200 mg/5 mL x 120 mL Suspensión Oral,niofen,,,0,false,false,ratio,liquido-oral,oral,,unresolved,ing+unit,true,ibuprofeno+ibuprofeno 400mg,https://comparafarma-api.vercel.app/api/go?slug=ahumada&matchKey=niofen%7C120ml%7C120&url=https%3A%2F%2Fwww.farmaciasahumada.cl%2Fniofen-forte-200-mg-5-ml-x-120-ml-suspension-oral-11882.html&cfmId=CFM-000149
ahumada|https://comparafarma-api.vercel.app/api/go?slug=ahumada&matchkey=ibupirac%7c100ml%7c100&url=https%3a%2f%2fwww.farmaciasahumada.cl%2fibupirac-forte-200-mg-5-ml-x-100-ml-suspension-oral-26091.html&cfmid=cfm-000140,ahumada,C,BRAND_ONLY_NAME_NO_MOLECULE_IN_TEXT,"el nombre solo trae cabecera comercial, ninguna molécula escrita",Ibupirac Forte 200 mg/5 mL x 100 mL Suspensión Oral,ibupirac,,,0,false,false,ratio,liquido-oral,oral,,unresolved,ing+unit,true,ibuprofeno+ibuprofeno 400mg,https://comparafarma-api.vercel.app/api/go?slug=ahumada&matchKey=ibupirac%7C100ml%7C100&url=https%3A%2F%2Fwww.farmaciasahumada.cl%2Fibupirac-forte-200-mg-5-ml-x-100-ml-suspension-oral-26091.html&cfmId=CFM-000140
ahumada|https://comparafarma-api.vercel.app/api/go?slug=ahumada&matchkey=ipson%7c120ml%7c120&url=https%3a%2f%2fwww.farmaciasahumada.cl%2fipson-forte-200-mg-5-ml-x-120-ml-suspension-oral-28936.html&cfmid=cfm-000151,ahumada,C,BRAND_ONLY_NAME_NO_MOLECULE_IN_TEXT,"el nombre solo trae cabecera comercial, ninguna molécula escrita",Ipson Forte 200 mg/5 mL x 120 mL Suspensión Oral,ipson,,,0,false,false,ratio,liquido-oral,oral,,unresolved,ing+unit,true,ibuprofeno+ibuprofeno 400mg,https://comparafarma-api.vercel.app/api/go?slug=ahumada&matchKey=ipson%7C120ml%7C120&url=https%3A%2F%2Fwww.farmaciasahumada.cl%2Fipson-forte-200-mg-5-ml-x-120-ml-suspension-oral-28936.html&cfmId=CFM-000151
ahumada|https://comparafarma-api.vercel.app/api/go?slug=ahumada&matchkey=actron%7c600mg%7c20&url=https%3a%2f%2fwww.farmaciasahumada.cl%2factron-600-mg-x-20-capsulas-blandas-89548.html&cfmid=cfm-000143,ahumada,C,BRAND_ONLY_NAME_NO_MOLECULE_IN_TEXT,"el nombre solo trae cabecera comercial, ninguna molécula escrita",Actron 600 mg x 20 Cápsulas Blandas,actron,,,0,false,false,mass-only,capsula,oral,capsula,unresolved,ing,true,ibuprofeno+ibuprofeno 400mg,https://comparafarma-api.vercel.app/api/go?slug=ahumada&matchKey=actron%7C600mg%7C20&url=https%3A%2F%2Fwww.farmaciasahumada.cl%2Factron-600-mg-x-20-capsulas-blandas-89548.html&cfmId=CFM-000143
salcobrand|https://comparafarma-api.vercel.app/api/go?slug=salcobrand&matchkey=pironal%7c100ml&url=https%3a%2f%2fsalcobrand.cl%2fproducts%2fpironal-flu-forte-ibuprofeno-pseudoefedrina-jarabe-100ml%3fdefault_sku%3d2591569&cfmid=cfm-000105,salcobrand,D,CONCENTRATION_ABSENT,el nombre no declara concentración,Pironal Flu Forte Ibuprofeno / Pseudoefedrina Jarabe 100ml,,ibuprofeno+pseudoefedrina,,2,true,true,absent,liquido-oral,oral,,unresolved,conc+unit,false,ibuprofeno+ibuprofeno 400mg,https://comparafarma-api.vercel.app/api/go?slug=salcobrand&matchKey=pironal%7C100ml&url=https%3A%2F%2Fsalcobrand.cl%2Fproducts%2Fpironal-flu-forte-ibuprofeno-pseudoefedrina-jarabe-100ml%3Fdefault_sku%3D2591569&cfmId=CFM-000105
ahumada|https://comparafarma-api.vercel.app/api/go?slug=ahumada&matchkey=simpertend%7c50mg%7c30&url=https%3a%2f%2fwww.farmaciasahumada.cl%2fsimperten-d-50-mg-12.5-mg-x-30-comprimidos-recubiertos-20238.html&cfmid=cfm-001211,ahumada,C,BRAND_ONLY_NAME_NO_MOLECULE_IN_TEXT,"el nombre solo trae cabecera comercial, ninguna molécula escrita",Simperten-D 50 mg/12.5 mg x 30 Comprimidos Recubiertos,simpertend,,,2,true,false,mass-only,comprimido,oral,comprimido,unresolved,ing,true,losartan+losartan 50mg,https://comparafarma-api.vercel.app/api/go?slug=ahumada&matchKey=simpertend%7C50mg%7C30&url=https%3A%2F%2Fwww.farmaciasahumada.cl%2Fsimperten-d-50-mg-12.5-mg-x-30-comprimidos-recubiertos-20238.html&cfmId=CFM-001211
ahumada|https://comparafarma-api.vercel.app/api/go?slug=ahumada&matchkey=hyzaar%7c50mg%7c30&url=https%3a%2f%2fwww.farmaciasahumada.cl%2fhyzaar-50-mg-12.5-mg-x-30-comprimidos-recubiertos-13167.html&cfmid=cfm-001214,ahumada,C,BRAND_ONLY_NAME_NO_MOLECULE_IN_TEXT,"el nombre solo trae cabecera comercial, ninguna molécula escrita",Hyzaar 50 mg/12.5 mg x 30 Comprimidos Recubiertos,hyzaar,,,2,true,false,mass-only,comprimido,oral,comprimido,unresolved,ing,true,losartan+losartan 50mg,https://comparafarma-api.vercel.app/api/go?slug=ahumada&matchKey=hyzaar%7C50mg%7C30&url=https%3A%2F%2Fwww.farmaciasahumada.cl%2Fhyzaar-50-mg-12.5-mg-x-30-comprimidos-recubiertos-13167.html&cfmId=CFM-001214
ahumada|https://comparafarma-api.vercel.app/api/go?slug=ahumada&matchkey=cozaar%7c50mg%7c30&url=https%3a%2f%2fwww.farmaciasahumada.cl%2fcozaar-50-mg-x-30-comprimidos-recubiertos-12911.html&cfmid=cfm-001229,ahumada,C,BRAND_ONLY_NAME_NO_MOLECULE_IN_TEXT,"el nombre solo trae cabecera comercial, ninguna molécula escrita",Cozaar 50 mg x 30 Comprimidos Recubiertos,cozaar,,,0,false,false,mass-only,comprimido,oral,comprimido,unresolved,ing,true,losartan+losartan 50mg,https://comparafarma-api.vercel.app/api/go?slug=ahumada&matchKey=cozaar%7C50mg%7C30&url=https%3A%2F%2Fwww.farmaciasahumada.cl%2Fcozaar-50-mg-x-30-comprimidos-recubiertos-12911.html&cfmId=CFM-001229
ahumada|https://comparafarma-api.vercel.app/api/go?slug=ahumada&matchkey=losapresd%7c50mg%7c30&url=https%3a%2f%2fwww.farmaciasahumada.cl%2flosapres-d-50-mg-12.5-mg-x-30-comprimidos-recubiertos-18296.html&cfmid=cfm-001210,ahumada,C,BRAND_ONLY_NAME_NO_MOLECULE_IN_TEXT,"el nombre solo trae cabecera comercial, ninguna molécula escrita",Losapres-D 50 mg/12.5 mg x 30 Comprimidos Recubiertos,losapresd,,,2,true,false,mass-only,comprimido,oral,comprimido,unresolved,ing,true,losartan+losartan 50mg,https://comparafarma-api.vercel.app/api/go?slug=ahumada&matchKey=losapresd%7C50mg%7C30&url=https%3A%2F%2Fwww.farmaciasahumada.cl%2Flosapres-d-50-mg-12.5-mg-x-30-comprimidos-recubiertos-18296.html&cfmId=CFM-001210
ahumada|https://comparafarma-api.vercel.app/api/go?slug=ahumada&matchkey=corodin%7c50mg%7c30&url=https%3a%2f%2fwww.farmaciasahumada.cl%2fcorodin-50-mg-x-30-comprimidos-recubiertos-28998.html&cfmid=cfm-001223,ahumada,C,BRAND_ONLY_NAME_NO_MOLECULE_IN_TEXT,"el nombre solo trae cabecera comercial, ninguna molécula escrita",Corodin 50 mg x 30 Comprimidos Recubiertos,corodin,,,0,false,false,mass-only,comprimido,oral,comprimido,unresolved,ing,true,losartan+losartan 50mg,https://comparafarma-api.vercel.app/api/go?slug=ahumada&matchKey=corodin%7C50mg%7C30&url=https%3A%2F%2Fwww.farmaciasahumada.cl%2Fcorodin-50-mg-x-30-comprimidos-recubiertos-28998.html&cfmId=CFM-001223
ahumada|https://comparafarma-api.vercel.app/api/go?slug=ahumada&matchkey=losapres%7c50mg%7c30&url=https%3a%2f%2fwww.farmaciasahumada.cl%2flosapres-50-mg-x-30-comprimidos-recubiertos-17995.html&cfmid=cfm-001213,ahumada,C,BRAND_ONLY_NAME_NO_MOLECULE_IN_TEXT,"el nombre solo trae cabecera comercial, ninguna molécula escrita",Losapres 50 mg x 30 Comprimidos Recubiertos,losapres,,,0,false,false,mass-only,comprimido,oral,comprimido,unresolved,ing,true,losartan+losartan 50mg,https://comparafarma-api.vercel.app/api/go?slug=ahumada&matchKey=losapres%7C50mg%7C30&url=https%3A%2F%2Fwww.farmaciasahumada.cl%2Flosapres-50-mg-x-30-comprimidos-recubiertos-17995.html&cfmId=CFM-001213
easyfarma|https://comparafarma-api.vercel.app/api/go?slug=easyfarma&matchkey=losartan&url=https%3a%2f%2fnuevo.easyfarma.cl%2f103505-losartan-hidroclorotiazida-50-mg-125-mg-x-30-comp-lab-opko.html&cfmid=cfm-001279,easyfarma,H,TRUNCATED_SOURCE_NAME,la fuente entregó el nombre cortado,Losartan +...,,losartan,,1,false,true,absent,,,,ambiguous,conc+form+route+unit,false,losartan+losartan 50mg,https://comparafarma-api.vercel.app/api/go?slug=easyfarma&matchKey=losartan&url=https%3A%2F%2Fnuevo.easyfarma.cl%2F103505-losartan-hidroclorotiazida-50-mg-125-mg-x-30-comp-lab-opko.html&cfmId=CFM-001279
easyfarma|https://comparafarma-api.vercel.app/api/go?slug=easyfarma&matchkey=losartan&url=https%3a%2f%2fnuevo.easyfarma.cl%2f64836-losartan-hidroclorotiazida-50-125-x-30-comp-ascend.html&cfmid=cfm-001279,easyfarma,H,TRUNCATED_SOURCE_NAME,la fuente entregó el nombre cortado,Losartan +...,,losartan,,1,false,true,absent,,,,ambiguous,conc+form+route+unit,false,losartan+losartan 50mg,https://comparafarma-api.vercel.app/api/go?slug=easyfarma&matchKey=losartan&url=https%3A%2F%2Fnuevo.easyfarma.cl%2F64836-losartan-hidroclorotiazida-50-125-x-30-comp-ascend.html&cfmId=CFM-001279
ecofarmacias|https://comparafarma-api.vercel.app/api/go?slug=ecofarmacias&matchkey=losartan%7c30&url=https%3a%2f%2fwww.ecofarmacias.cl%2fproducto%2flosartan-potasico-hidroclorotiazida-100-25-x-30-comprimidos-recubiertos-eurofarma%2f&cfmid=cfm-001208,ecofarmacias,G,AMBIGUOUS_AGAINST_REGISTRY,"más de un concepto candidato en el registro, sin desempate",Losartan + Hidroclorotiazida 100/25 x 30 Comp Eurofarma,,hidroclorotiazida+losartan,,2,true,true,absent,comprimido,oral,comprimido,ambiguous,conc,false,losartan+losartan 50mg,https://comparafarma-api.vercel.app/api/go?slug=ecofarmacias&matchKey=losartan%7C30&url=https%3A%2F%2Fwww.ecofarmacias.cl%2Fproducto%2Flosartan-potasico-hidroclorotiazida-100-25-x-30-comprimidos-recubiertos-eurofarma%2F&cfmId=CFM-001208
salcobrand|https://comparafarma-api.vercel.app/api/go?slug=salcobrand&matchkey=losartan%7c30&url=https%3a%2f%2fsalcobrand.cl%2fproducts%2flosartan-hidroclorotiazida-b-50-12-5-30-comprimidos-recubiertos%3fdefault_sku%3d580802&cfmid=cfm-001208,salcobrand,G,AMBIGUOUS_AGAINST_REGISTRY,"más de un concepto candidato en el registro, sin desempate",Losartan / Hidroclorotiazida (B) 50/12.5 30 Comprimidos Recubiertos,,hidroclorotiazida+losartan,,2,true,true,absent,comprimido,oral,comprimido,ambiguous,conc,false,losartan+losartan 50mg,https://comparafarma-api.vercel.app/api/go?slug=salcobrand&matchKey=losartan%7C30&url=https%3A%2F%2Fsalcobrand.cl%2Fproducts%2Flosartan-hidroclorotiazida-b-50-12-5-30-comprimidos-recubiertos%3Fdefault_sku%3D580802&cfmId=CFM-001208
salcobrand|https://comparafarma-api.vercel.app/api/go?slug=salcobrand&matchkey=lorsartan%7c30&url=https%3a%2f%2fsalcobrand.cl%2fproducts%2florsartan-potasico-hidroclorotiazida-50-12-5-30-comprimidos-recubiertos%3fdefault_sku%3d573676&cfmid=cfm-001216,salcobrand,D,CONCENTRATION_ABSENT,el nombre no declara concentración,Lorsartán Potásico / Hidroclorotiazida 50/12.5 30 Comprimidos Recubiertos,,hidroclorotiazida+lorsartan,,2,true,true,absent,comprimido,oral,comprimido,unresolved,conc,false,losartan+losartan 50mg,https://comparafarma-api.vercel.app/api/go?slug=salcobrand&matchKey=lorsartan%7C30&url=https%3A%2F%2Fsalcobrand.cl%2Fproducts%2Florsartan-potasico-hidroclorotiazida-50-12-5-30-comprimidos-recubiertos%3Fdefault_sku%3D573676&cfmId=CFM-001216
salcobrand|https://comparafarma-api.vercel.app/api/go?slug=salcobrand&matchkey=losapres%7c30&url=https%3a%2f%2fsalcobrand.cl%2fproducts%2flosapres-d-50-12-5-losartan-hidroclorotiazida-30-comprimidos-recubiertos%3fdefault_sku%3d2571194&cfmid=cfm-001218,salcobrand,G,AMBIGUOUS_AGAINST_REGISTRY,"más de un concepto candidato en el registro, sin desempate",Losapres D 50/12.5 Losartan / Hidroclorotiazida 30 Comprimidos Recubiertos,,hidroclorotiazida+losartan,,2,true,true,absent,comprimido,oral,comprimido,ambiguous,conc,false,losartan+losartan 50mg,https://comparafarma-api.vercel.app/api/go?slug=salcobrand&matchKey=losapres%7C30&url=https%3A%2F%2Fsalcobrand.cl%2Fproducts%2Flosapres-d-50-12-5-losartan-hidroclorotiazida-30-comprimidos-recubiertos%3Fdefault_sku%3D2571194&cfmId=CFM-001218
salcobrand|https://comparafarma-api.vercel.app/api/go?slug=salcobrand&matchkey=simpertend%7c30&url=https%3a%2f%2fsalcobrand.cl%2fproducts%2fsimperten-d-50-12-5-hidroclorotiazida-losartan-30-comprimidos-recubiertos%3fdefault_sku%3d439441&cfmid=cfm-001215,salcobrand,G,AMBIGUOUS_AGAINST_REGISTRY,"más de un concepto candidato en el registro, sin desempate",Simperten-D 50/12.5 Hidroclorotiazida / Losartan 30 Comprimidos Recubiertos,,hidroclorotiazida+losartan,,2,true,true,absent,comprimido,oral,comprimido,ambiguous,conc,false,losartan+losartan 50mg,https://comparafarma-api.vercel.app/api/go?slug=salcobrand&matchKey=simpertend%7C30&url=https%3A%2F%2Fsalcobrand.cl%2Fproducts%2Fsimperten-d-50-12-5-hidroclorotiazida-losartan-30-comprimidos-recubiertos%3Fdefault_sku%3D439441&cfmId=CFM-001215
salcobrand|https://comparafarma-api.vercel.app/api/go?slug=salcobrand&matchkey=losapres%7c30&url=https%3a%2f%2fsalcobrand.cl%2fproducts%2flosapres-d-100-25-losartan-hidroclorotiazida-30-comprimidos-recubiertos%3fdefault_sku%3d2571195&cfmid=cfm-001218,salcobrand,G,AMBIGUOUS_AGAINST_REGISTRY,"más de un concepto candidato en el registro, sin desempate",Losapres D 100/25 Losartán / Hidroclorotiazida 30 Comprimidos Recubiertos,,hidroclorotiazida+losartan,,2,true,true,absent,comprimido,oral,comprimido,ambiguous,conc,false,losartan+losartan 50mg,https://comparafarma-api.vercel.app/api/go?slug=salcobrand&matchKey=losapres%7C30&url=https%3A%2F%2Fsalcobrand.cl%2Fproducts%2Flosapres-d-100-25-losartan-hidroclorotiazida-30-comprimidos-recubiertos%3Fdefault_sku%3D2571195&cfmId=CFM-001218
salcobrand|https://comparafarma-api.vercel.app/api/go?slug=salcobrand&matchkey=hyzaar%7c30&url=https%3a%2f%2fsalcobrand.cl%2fproducts%2fhyzaar-losartan-potasico-hidroclorotiazida-30-comprimidos-recubiertos%3fdefault_sku%3d2028040&cfmid=cfm-001219,salcobrand,G,AMBIGUOUS_AGAINST_REGISTRY,"más de un concepto candidato en el registro, sin desempate",Hyzaar Losartán Potásico / Hidroclorotiazida 30 Comprimidos Recubiertos,,hidroclorotiazida+losartan,,2,true,true,absent,comprimido,oral,comprimido,ambiguous,conc,false,losartan+losartan 50mg,https://comparafarma-api.vercel.app/api/go?slug=salcobrand&matchKey=hyzaar%7C30&url=https%3A%2F%2Fsalcobrand.cl%2Fproducts%2Fhyzaar-losartan-potasico-hidroclorotiazida-30-comprimidos-recubiertos%3Fdefault_sku%3D2028040&cfmId=CFM-001219
salcobrand|https://comparafarma-api.vercel.app/api/go?slug=salcobrand&matchkey=hyzaar%7c30&url=https%3a%2f%2fsalcobrand.cl%2fproducts%2fhyzaar-forte-hidroclorotiazida-losartan-30-comprimidos-recubiertos%3fdefault_sku%3d2025365&cfmid=cfm-001219,salcobrand,G,AMBIGUOUS_AGAINST_REGISTRY,"más de un concepto candidato en el registro, sin desempate",Hyzaar Forte Hidroclorotiazida / Losartán 30 Comprimidos Recubiertos,,hidroclorotiazida+losartan,,2,true,true,absent,comprimido,oral,comprimido,ambiguous,conc,false,losartan+losartan 50mg,https://comparafarma-api.vercel.app/api/go?slug=salcobrand&matchKey=hyzaar%7C30&url=https%3A%2F%2Fsalcobrand.cl%2Fproducts%2Fhyzaar-forte-hidroclorotiazida-losartan-30-comprimidos-recubiertos%3Fdefault_sku%3D2025365&cfmId=CFM-001219
farmex|https://comparafarma-api.vercel.app/api/go?slug=farmex&matchkey=losapres%7c100mg%7c30&url=https%3a%2f%2ffarmex.cl%2fproducts%2flosapres-100-mg-x-30-comprimidos%3f_pos%3d8%26_psq%3dlosartan%26_psid%3dff82aac21%26_ss%3de&cfmid=cfm-001209,farmex,C,BRAND_ONLY_NAME_NO_MOLECULE_IN_TEXT,"el nombre solo trae cabecera comercial, ninguna molécula escrita",Losapres 100 mg x 30 comprimidos,losapres,,,0,false,false,mass-only,comprimido,oral,comprimido,unresolved,ing,true,losartan+losartan 50mg,https://comparafarma-api.vercel.app/api/go?slug=farmex&matchKey=losapres%7C100mg%7C30&url=https%3A%2F%2Ffarmex.cl%2Fproducts%2Flosapres-100-mg-x-30-comprimidos%3F_pos%3D8%26_psq%3Dlosartan%26_psid%3Dff82aac21%26_ss%3De&cfmId=CFM-001209
easyfarma|https://comparafarma-api.vercel.app/api/go?slug=easyfarma&matchkey=hyzaar%7c25mg&url=https%3a%2f%2fnuevo.easyfarma.cl%2f104325-hyzaar-forte-100-25-mg-30-comprimidos.html&cfmid=cfm-001281,easyfarma,H,TRUNCATED_SOURCE_NAME,la fuente entregó el nombre cortado,Hyzaar Forte 100/25 mg 30...,hyzaar,,,2,true,false,mass-only,,,,unresolved,ing+form+route+unit,false,losartan+losartan 50mg,https://comparafarma-api.vercel.app/api/go?slug=easyfarma&matchKey=hyzaar%7C25mg&url=https%3A%2F%2Fnuevo.easyfarma.cl%2F104325-hyzaar-forte-100-25-mg-30-comprimidos.html&cfmId=CFM-001281
ahumada|https://comparafarma-api.vercel.app/api/go?slug=ahumada&matchkey=hyzaar%7c100mg%7c30&url=https%3a%2f%2fwww.farmaciasahumada.cl%2fhyzaar-forte-100-mg-25-mg-x-30-comprimidos-recubiertos-25323.html&cfmid=cfm-001228,ahumada,C,BRAND_ONLY_NAME_NO_MOLECULE_IN_TEXT,"el nombre solo trae cabecera comercial, ninguna molécula escrita",Hyzaar Forte 100 mg/25 mg x 30 Comprimidos Recubiertos,hyzaar,,,2,true,false,mass-only,comprimido,oral,comprimido,unresolved,ing,true,losartan+losartan 50mg,https://comparafarma-api.vercel.app/api/go?slug=ahumada&matchKey=hyzaar%7C100mg%7C30&url=https%3A%2F%2Fwww.farmaciasahumada.cl%2Fhyzaar-forte-100-mg-25-mg-x-30-comprimidos-recubiertos-25323.html&cfmId=CFM-001228
farmex|https://comparafarma-api.vercel.app/api/go?slug=farmex&matchkey=simperten%7c100mg%7c30&url=https%3a%2f%2ffarmex.cl%2fproducts%2fsimperten-d-100-25-comprimidos-recubiertos-x-30-envio-gratis-dentro-de-santiago%3f_pos%3d9%26_psq%3dlosartan%26_psid%3dff82aac21%26_ss%3de&cfmid=cfm-007746,farmex,C,BRAND_ONLY_NAME_NO_MOLECULE_IN_TEXT,"el nombre solo trae cabecera comercial, ninguna molécula escrita",Simperten D 100 mg / 25 mg x 30 comprimidos,simperten,,,2,true,false,mass-only,comprimido,oral,comprimido,unresolved,ing,true,losartan+losartan 50mg,https://comparafarma-api.vercel.app/api/go?slug=farmex&matchKey=simperten%7C100mg%7C30&url=https%3A%2F%2Ffarmex.cl%2Fproducts%2Fsimperten-d-100-25-comprimidos-recubiertos-x-30-envio-gratis-dentro-de-santiago%3F_pos%3D9%26_psq%3Dlosartan%26_psid%3Dff82aac21%26_ss%3De&cfmId=CFM-007746
ahumada|https://comparafarma-api.vercel.app/api/go?slug=ahumada&matchkey=losapres%7c100mg%7c30&url=https%3a%2f%2fwww.farmaciasahumada.cl%2flosapres-100-mg-x-30-comprimidos-recubiertos-44597.html&cfmid=cfm-001209,ahumada,C,BRAND_ONLY_NAME_NO_MOLECULE_IN_TEXT,"el nombre solo trae cabecera comercial, ninguna molécula escrita",Losapres 100 mg x 30 Comprimidos Recubiertos,losapres,,,0,false,false,mass-only,comprimido,oral,comprimido,unresolved,ing,true,losartan+losartan 50mg,https://comparafarma-api.vercel.app/api/go?slug=ahumada&matchKey=losapres%7C100mg%7C30&url=https%3A%2F%2Fwww.farmaciasahumada.cl%2Flosapres-100-mg-x-30-comprimidos-recubiertos-44597.html&cfmId=CFM-001209
ahumada|https://comparafarma-api.vercel.app/api/go?slug=ahumada&matchkey=simpertend%7c100mg%7c30&url=https%3a%2f%2fwww.farmaciasahumada.cl%2fsimperten-d-100-mg-25-mg-x-30-comprimidos-recubiertos-38062.html&cfmid=cfm-001226,ahumada,C,BRAND_ONLY_NAME_NO_MOLECULE_IN_TEXT,"el nombre solo trae cabecera comercial, ninguna molécula escrita",Simperten-D 100 mg/25 mg x 30 Comprimidos Recubiertos,simpertend,,,2,true,false,mass-only,comprimido,oral,comprimido,unresolved,ing,true,losartan+losartan 50mg,https://comparafarma-api.vercel.app/api/go?slug=ahumada&matchKey=simpertend%7C100mg%7C30&url=https%3A%2F%2Fwww.farmaciasahumada.cl%2Fsimperten-d-100-mg-25-mg-x-30-comprimidos-recubiertos-38062.html&cfmId=CFM-001226
farmex|https://comparafarma-api.vercel.app/api/go?slug=farmex&matchkey=losapresd%7c25mg%7c30&url=https%3a%2f%2ffarmex.cl%2fproducts%2flosapres-d-100-25-mg-x-30-comprimidos%3f_pos%3d7%26_psq%3dlosartan%26_psid%3dff82aac21%26_ss%3de&cfmid=cfm-014939,farmex,C,BRAND_ONLY_NAME_NO_MOLECULE_IN_TEXT,"el nombre solo trae cabecera comercial, ninguna molécula escrita",Losapres-D 100 / 25 mg x 30 comprimidos,losapresd,,,2,true,false,mass-only,comprimido,oral,comprimido,unresolved,ing,true,losartan+losartan 50mg,https://comparafarma-api.vercel.app/api/go?slug=farmex&matchKey=losapresd%7C25mg%7C30&url=https%3A%2F%2Ffarmex.cl%2Fproducts%2Flosapres-d-100-25-mg-x-30-comprimidos%3F_pos%3D7%26_psq%3Dlosartan%26_psid%3Dff82aac21%26_ss%3De&cfmId=CFM-014939
ahumada|https://comparafarma-api.vercel.app/api/go?slug=ahumada&matchkey=cordiax%7c80mg%7c40&url=https%3a%2f%2fwww.farmaciasahumada.cl%2fcordiax-am-80-mg-10-mg-x-40-comprimidos-91008.html&cfmid=cfm-000971,ahumada,C,BRAND_ONLY_NAME_NO_MOLECULE_IN_TEXT,"el nombre solo trae cabecera comercial, ninguna molécula escrita",Cordiax AM 80 mg/10 mg x 40 Comprimidos,cordiax,,,2,true,false,mass-only,comprimido,oral,comprimido,unresolved,ing,true,losartan+losartan 50mg,https://comparafarma-api.vercel.app/api/go?slug=ahumada&matchKey=cordiax%7C80mg%7C40&url=https%3A%2F%2Fwww.farmaciasahumada.cl%2Fcordiax-am-80-mg-10-mg-x-40-comprimidos-91008.html&cfmId=CFM-000971
ahumada|https://comparafarma-api.vercel.app/api/go?slug=ahumada&matchkey=losapresd%7c100mg%7c30&url=https%3a%2f%2fwww.farmaciasahumada.cl%2flosapres-d-100-mg-25-mg-x-30-comprimidos-recubiertos-44599.html&cfmid=cfm-001221,ahumada,C,BRAND_ONLY_NAME_NO_MOLECULE_IN_TEXT,"el nombre solo trae cabecera comercial, ninguna molécula escrita",Losapres-D 100 mg/25 mg x 30 Comprimidos Recubiertos,losapresd,,,2,true,false,mass-only,comprimido,oral,comprimido,unresolved,ing,true,losartan+losartan 50mg,https://comparafarma-api.vercel.app/api/go?slug=ahumada&matchKey=losapresd%7C100mg%7C30&url=https%3A%2F%2Fwww.farmaciasahumada.cl%2Flosapres-d-100-mg-25-mg-x-30-comprimidos-recubiertos-44599.html&cfmId=CFM-001221
easyfarma|https://comparafarma-api.vercel.app/api/go?slug=easyfarma&matchkey=simpertend%7c25mg&url=https%3a%2f%2fnuevo.easyfarma.cl%2f24731-simperten-d-100-25-x-30.html&cfmid=cfm-001280,easyfarma,H,TRUNCATED_SOURCE_NAME,la fuente entregó el nombre cortado,Simperten-D 100/25 mg. 30...,simpertend,,,2,true,false,mass-only,,,,unresolved,ing+form+route+unit,false,losartan+losartan 50mg,https://comparafarma-api.vercel.app/api/go?slug=easyfarma&matchKey=simpertend%7C25mg&url=https%3A%2F%2Fnuevo.easyfarma.cl%2F24731-simperten-d-100-25-x-30.html&cfmId=CFM-001280
ahumada|https://comparafarma-api.vercel.app/api/go?slug=ahumada&matchkey=cozaar%7c100mg%7c30&url=https%3a%2f%2fwww.farmaciasahumada.cl%2fcozaar-100-mg-x-30-comprimidos-recubiertos-38549.html&cfmid=cfm-001217,ahumada,C,BRAND_ONLY_NAME_NO_MOLECULE_IN_TEXT,"el nombre solo trae cabecera comercial, ninguna molécula escrita",Cozaar 100 mg x 30 Comprimidos Recubiertos,cozaar,,,0,false,false,mass-only,comprimido,oral,comprimido,unresolved,ing,true,losartan+losartan 50mg,https://comparafarma-api.vercel.app/api/go?slug=ahumada&matchKey=cozaar%7C100mg%7C30&url=https%3A%2F%2Fwww.farmaciasahumada.cl%2Fcozaar-100-mg-x-30-comprimidos-recubiertos-38549.html&cfmId=CFM-001217
ahumada|https://comparafarma-api.vercel.app/api/go?slug=ahumada&matchkey=tellmi%7c10mg%7c30&url=https%3a%2f%2fwww.farmaciasahumada.cl%2ftellmi-am-80-10-mg-30-comprimidos-94885.html&cfmid=cfm-001222,ahumada,C,BRAND_ONLY_NAME_NO_MOLECULE_IN_TEXT,"el nombre solo trae cabecera comercial, ninguna molécula escrita",Tellmi Am 80/10 Mg 30 Comprimidos,tellmi,,,2,true,false,mass-only,comprimido,oral,comprimido,unresolved,ing,true,losartan+losartan 50mg,https://comparafarma-api.vercel.app/api/go?slug=ahumada&matchKey=tellmi%7C10mg%7C30&url=https%3A%2F%2Fwww.farmaciasahumada.cl%2Ftellmi-am-80-10-mg-30-comprimidos-94885.html&cfmId=CFM-001222
ahumada|https://comparafarma-api.vercel.app/api/go?slug=ahumada&matchkey=iltuxam%7c25mg%7c28&url=https%3a%2f%2fwww.farmaciasahumada.cl%2filtuxam-hct-40-5-25-mg-%252828-comprimidos%2529-96996.html&cfmid=cfm-000998,ahumada,C,BRAND_ONLY_NAME_NO_MOLECULE_IN_TEXT,"el nombre solo trae cabecera comercial, ninguna molécula escrita",Iltuxam HCT 40/5/25 mg (28 comprimidos),iltuxam,,,3,true,false,mass-only,,,comprimido,unresolved,ing+form+route,false,losartan+losartan 50mg,https://comparafarma-api.vercel.app/api/go?slug=ahumada&matchKey=iltuxam%7C25mg%7C28&url=https%3A%2F%2Fwww.farmaciasahumada.cl%2Filtuxam-hct-40-5-25-mg-%252828-comprimidos%2529-96996.html&cfmId=CFM-000998
ahumada|https://comparafarma-api.vercel.app/api/go?slug=ahumada&matchkey=iltuxam%7c12.5mg%7c28&url=https%3a%2f%2fwww.farmaciasahumada.cl%2filtuxam-hct-20-5-12-5-mg-%252828-comprimidos%2529-96997.html&cfmid=cfm-000995,ahumada,C,BRAND_ONLY_NAME_NO_MOLECULE_IN_TEXT,"el nombre solo trae cabecera comercial, ninguna molécula escrita","Iltuxam HCT 20/5/12,5 mg (28 comprimidos)",iltuxam,,,3,true,false,mass-only,,,comprimido,unresolved,ing+form+route,false,losartan+losartan 50mg,https://comparafarma-api.vercel.app/api/go?slug=ahumada&matchKey=iltuxam%7C12.5mg%7C28&url=https%3A%2F%2Fwww.farmaciasahumada.cl%2Filtuxam-hct-20-5-12-5-mg-%252828-comprimidos%2529-96997.html&cfmId=CFM-000995
cruz-verde|https://comparafarma-api.vercel.app/api/go?slug=cruz-verde&matchkey=lomex%7c20mg%7c28&url=https%3a%2f%2fwww.cruzverde.cl%2flomex-20-mg-x-28-caps%2f6294.html&cfmid=cfm-001202,cruz-verde,A,MISSING_ACTIVE_INGREDIENT_VOCABULARY,token(s) con forma de molécula fuera de vocabulario: caps,Lomex 20 Mg X 28 Caps,lomex,,,0,false,false,mass-only,capsula,oral,capsula,unresolved,ing,true,omeprazol+omeprazol 20mg,https://comparafarma-api.vercel.app/api/go?slug=cruz-verde&matchKey=lomex%7C20mg%7C28&url=https%3A%2F%2Fwww.cruzverde.cl%2Flomex-20-mg-x-28-caps%2F6294.html&cfmId=CFM-001202
easyfarma|https://comparafarma-api.vercel.app/api/go?slug=easyfarma&matchkey=omeprazol%7c40mg&url=https%3a%2f%2fnuevo.easyfarma.cl%2f105093-omeprazol-40-mg-iv-polvo-liofilizado-10-frascos-ampolla-vence-10-2025-stock-1.html&cfmid=cfm-014980,easyfarma,H,TRUNCATED_SOURCE_NAME,la fuente entregó el nombre cortado,Omeprazol 40 Mg IV Polvo...,,omeprazol,,1,false,true,mass-only,liquido-oral,oral,,unresolved,unit,false,omeprazol+omeprazol 20mg,https://comparafarma-api.vercel.app/api/go?slug=easyfarma&matchKey=omeprazol%7C40mg&url=https%3A%2F%2Fnuevo.easyfarma.cl%2F105093-omeprazol-40-mg-iv-polvo-liofilizado-10-frascos-ampolla-vence-10-2025-stock-1.html&cfmId=CFM-014980
ahumada|https://comparafarma-api.vercel.app/api/go?slug=ahumada&matchkey=obexol%7c37.7mg%7c30&url=https%3a%2f%2fwww.farmaciasahumada.cl%2fobexol-37-7-mg-x-30-capsulas-80565.html&cfmid=cfm-001206,ahumada,C,BRAND_ONLY_NAME_NO_MOLECULE_IN_TEXT,"el nombre solo trae cabecera comercial, ninguna molécula escrita","Obexol 37,7 mg x 30 Cápsulas",obexol,,,0,false,false,mass-only,capsula,oral,capsula,unresolved,ing,true,omeprazol+omeprazol 20mg,https://comparafarma-api.vercel.app/api/go?slug=ahumada&matchKey=obexol%7C37.7mg%7C30&url=https%3A%2F%2Fwww.farmaciasahumada.cl%2Fobexol-37-7-mg-x-30-capsulas-80565.html&cfmId=CFM-001206
easyfarma|https://comparafarma-api.vercel.app/api/go?slug=easyfarma&matchkey=esomeprazol%7c20mg&url=https%3a%2f%2fnuevo.easyfarma.cl%2f53312-esomeprazol-20-mg-30-comp-opko.html&cfmid=cfm-001200,easyfarma,H,TRUNCATED_SOURCE_NAME,la fuente entregó el nombre cortado,Esomeprazol 20 mg 30...,,esomeprazol,,1,false,true,mass-only,,,,ambiguous,form+route+unit,false,omeprazol+omeprazol 20mg,https://comparafarma-api.vercel.app/api/go?slug=easyfarma&matchKey=esomeprazol%7C20mg&url=https%3A%2F%2Fnuevo.easyfarma.cl%2F53312-esomeprazol-20-mg-30-comp-opko.html&cfmId=CFM-001200
easyfarma|https://comparafarma-api.vercel.app/api/go?slug=easyfarma&matchkey=esomeprazol%7c20mg%7c30&url=https%3a%2f%2fnuevo.easyfarma.cl%2f102263-esomeprazol-20-mg-x-30-capsulas-lab-hetero.html&cfmid=cfm-001203,easyfarma,H,TRUNCATED_SOURCE_NAME,la fuente entregó el nombre cortado,Esomeprazol  20 mg x 30...,,esomeprazol,,1,false,true,mass-only,,,,ambiguous,form+route+unit,false,omeprazol+omeprazol 20mg,https://comparafarma-api.vercel.app/api/go?slug=easyfarma&matchKey=esomeprazol%7C20mg%7C30&url=https%3A%2F%2Fnuevo.easyfarma.cl%2F102263-esomeprazol-20-mg-x-30-capsulas-lab-hetero.html&cfmId=CFM-001203
easyfarma|https://comparafarma-api.vercel.app/api/go?slug=easyfarma&matchkey=esomeprazol%7c20mg&url=https%3a%2f%2fnuevo.easyfarma.cl%2f105275-esomeprazol-20-mg-30-capsulas-lab-hetero.html&cfmid=cfm-001200,easyfarma,H,TRUNCATED_SOURCE_NAME,la fuente entregó el nombre cortado,Esomeprazol 20 Mg 30...,,esomeprazol,,1,false,true,mass-only,,,,ambiguous,form+route+unit,false,omeprazol+omeprazol 20mg,https://comparafarma-api.vercel.app/api/go?slug=easyfarma&matchKey=esomeprazol%7C20mg&url=https%3A%2F%2Fnuevo.easyfarma.cl%2F105275-esomeprazol-20-mg-30-capsulas-lab-hetero.html&cfmId=CFM-001200
dr-simi|https://comparafarma-api.vercel.app/api/go?slug=dr-simi&matchkey=tapsin%7c500mg%7cd&url=https%3a%2f%2fwww.drsimi.cl%2ftapsin-instaflu-polvo-dia-ch6155%2fp&cfmid=cfm-000037,dr-simi,E,CONCENTRATION_MASS_ONLY_ON_NON_DISCRETE_FORM,"masa absoluta en forma liquido-oral, no es concentración completa",Tapsin InstaFLU día paracetamol 500 mg pseudoefedrina 60 mg 1 sobre polvo para solución oral 5 g,,paracetamol+pseudoefedrina,,2,true,true,mass-only,liquido-oral,oral,sobre,unresolved,,false,paracetamol+paracetamol 500mg+tapsin,https://comparafarma-api.vercel.app/api/go?slug=dr-simi&matchKey=tapsin%7C500mg%7Cd&url=https%3A%2F%2Fwww.drsimi.cl%2Ftapsin-instaflu-polvo-dia-ch6155%2Fp&cfmId=CFM-000037
ahumada|https://comparafarma-api.vercel.app/api/go?slug=ahumada&matchkey=kitadol%7c500mg%7c24&url=https%3a%2f%2fwww.farmaciasahumada.cl%2fkitadol-500-mg-x-24-comprimidos-15414.html&cfmid=cfm-000013,ahumada,C,BRAND_ONLY_NAME_NO_MOLECULE_IN_TEXT,"el nombre solo trae cabecera comercial, ninguna molécula escrita",Kitadol 500 mg x 24 Comprimidos,kitadol,,,0,false,false,mass-only,comprimido,oral,comprimido,unresolved,ing,true,paracetamol+paracetamol 500mg,https://comparafarma-api.vercel.app/api/go?slug=ahumada&matchKey=kitadol%7C500mg%7C24&url=https%3A%2F%2Fwww.farmaciasahumada.cl%2Fkitadol-500-mg-x-24-comprimidos-15414.html&cfmId=CFM-000013
ahumada|https://comparafarma-api.vercel.app/api/go?slug=ahumada&matchkey=panadol%7c500mg%7c12&url=https%3a%2f%2fwww.farmaciasahumada.cl%2fpanadol-advance-500mg-x-12-comprimidos-89765.html&cfmid=cfm-000027,ahumada,A,MISSING_ACTIVE_INGREDIENT_VOCABULARY,token(s) con forma de molécula fuera de vocabulario: advance,Panadol Advance 500mg x 12 Comprimidos,panadol,,,0,false,false,mass-only,comprimido,oral,comprimido,unresolved,ing,true,paracetamol+paracetamol 500mg,https://comparafarma-api.vercel.app/api/go?slug=ahumada&matchKey=panadol%7C500mg%7C12&url=https%3A%2F%2Fwww.farmaciasahumada.cl%2Fpanadol-advance-500mg-x-12-comprimidos-89765.html&cfmId=CFM-000027
ahumada|https://comparafarma-api.vercel.app/api/go?slug=ahumada&matchkey=panadol%7c500mg%7c48&url=https%3a%2f%2fwww.farmaciasahumada.cl%2fpanadol-advance-500mg-x-48-comprimidos-89766.html&cfmid=cfm-000066,ahumada,A,MISSING_ACTIVE_INGREDIENT_VOCABULARY,token(s) con forma de molécula fuera de vocabulario: advance,Panadol Advance 500mg x 48 Comprimidos,panadol,,,0,false,false,mass-only,comprimido,oral,comprimido,unresolved,ing,true,paracetamol+paracetamol 500mg,https://comparafarma-api.vercel.app/api/go?slug=ahumada&matchKey=panadol%7C500mg%7C48&url=https%3A%2F%2Fwww.farmaciasahumada.cl%2Fpanadol-advance-500mg-x-48-comprimidos-89766.html&cfmId=CFM-000066
easyfarma|https://comparafarma-api.vercel.app/api/go?slug=easyfarma&matchkey=paracetamol&url=https%3a%2f%2fnuevo.easyfarma.cl%2f26770-paracetamol-infantil-gotas.html&cfmid=cfm-000591,easyfarma,H,TRUNCATED_SOURCE_NAME,la fuente entregó el nombre cortado,Paracetamol Infantil Gotas...,,paracetamol,,1,false,true,absent,liquido-oral,oral,,ambiguous,conc+unit,false,paracetamol+paracetamol 500mg+tapsin,https://comparafarma-api.vercel.app/api/go?slug=easyfarma&matchKey=paracetamol&url=https%3A%2F%2Fnuevo.easyfarma.cl%2F26770-paracetamol-infantil-gotas.html&cfmId=CFM-000591
easyfarma|https://comparafarma-api.vercel.app/api/go?slug=easyfarma&matchkey=paracetamol&url=https%3a%2f%2fnuevo.easyfarma.cl%2f103813-paracetamol-infantil-100-mg-ml-15-ml-lab-chile.html&cfmid=cfm-000591,easyfarma,H,TRUNCATED_SOURCE_NAME,la fuente entregó el nombre cortado,Paracetamol Infantil 100...,,paracetamol,,1,false,true,absent,,,,ambiguous,conc+form+route+unit,false,paracetamol+paracetamol 500mg+tapsin,https://comparafarma-api.vercel.app/api/go?slug=easyfarma&matchKey=paracetamol&url=https%3A%2F%2Fnuevo.easyfarma.cl%2F103813-paracetamol-infantil-100-mg-ml-15-ml-lab-chile.html&cfmId=CFM-000591
farmex|https://comparafarma-api.vercel.app/api/go?slug=farmex&matchkey=tapsin%7c20&url=https%3a%2f%2ffarmex.cl%2fproducts%2ftapsin-forte-x-20-comp%3f_pos%3d10%26_psq%3dparacetamol%26_psid%3d6b32f1a5b%26_ss%3de&cfmid=cfm-000408,farmex,C,BRAND_ONLY_NAME_NO_MOLECULE_IN_TEXT,"el nombre solo trae cabecera comercial, ninguna molécula escrita",Tapsin Forte x 20 comprimidos,tapsin,,,0,false,false,absent,comprimido,oral,comprimido,unresolved,ing+conc,false,paracetamol+paracetamol 500mg,https://comparafarma-api.vercel.app/api/go?slug=farmex&matchKey=tapsin%7C20&url=https%3A%2F%2Ffarmex.cl%2Fproducts%2Ftapsin-forte-x-20-comp%3F_pos%3D10%26_psq%3Dparacetamol%26_psid%3D6b32f1a5b%26_ss%3De&cfmId=CFM-000408
easyfarma|https://comparafarma-api.vercel.app/api/go?slug=easyfarma&matchkey=anacin%7c8&url=https%3a%2f%2fnuevo.easyfarma.cl%2f104495-anacin-max-8-comp.html&cfmid=cfm-001057,easyfarma,C,BRAND_ONLY_NAME_NO_MOLECULE_IN_TEXT,"el nombre solo trae cabecera comercial, ninguna molécula escrita",Anacin Max 8 Comp,anacin,,,0,false,false,absent,comprimido,oral,comprimido,unresolved,ing+conc,false,paracetamol+paracetamol 500mg+tapsin,https://comparafarma-api.vercel.app/api/go?slug=easyfarma&matchKey=anacin%7C8&url=https%3A%2F%2Fnuevo.easyfarma.cl%2F104495-anacin-max-8-comp.html&cfmId=CFM-001057
salcobrand|https://comparafarma-api.vercel.app/api/go?slug=salcobrand&matchkey=tapsi%7c10&url=https%3a%2f%2fsalcobrand.cl%2fproducts%2ftapsi-n-m-b-paracetamol-10-comprimidos-recubiertos%3fdefault_sku%3d1990016&cfmid=cfm-000053,salcobrand,G,AMBIGUOUS_AGAINST_REGISTRY,"más de un concepto candidato en el registro, sin desempate",Tapsí­n M (B) Paracetamol 10 Comprimidos Recubiertos,,paracetamol,,1,false,true,absent,comprimido,oral,comprimido,ambiguous,conc,false,paracetamol+paracetamol 500mg+tapsin,https://comparafarma-api.vercel.app/api/go?slug=salcobrand&matchKey=tapsi%7C10&url=https%3A%2F%2Fsalcobrand.cl%2Fproducts%2Ftapsi-n-m-b-paracetamol-10-comprimidos-recubiertos%3Fdefault_sku%3D1990016&cfmId=CFM-000053
salcobrand|https://comparafarma-api.vercel.app/api/go?slug=salcobrand&matchkey=kitadol%7c16&url=https%3a%2f%2fsalcobrand.cl%2fproducts%2fkitadol-parcetamol-infantil-16-comprimidos-masticables%3fdefault_sku%3d438063&cfmid=cfm-000032,salcobrand,A,MISSING_ACTIVE_INGREDIENT_VOCABULARY,token(s) con forma de molécula fuera de vocabulario: parcetamol,Kitadol Parcetamol Infantil 16 Comprimidos Masticables,kitadol,,,0,false,false,absent,comprimido,oral,comprimido,unresolved,ing+conc,false,paracetamol+paracetamol 500mg,https://comparafarma-api.vercel.app/api/go?slug=salcobrand&matchKey=kitadol%7C16&url=https%3A%2F%2Fsalcobrand.cl%2Fproducts%2Fkitadol-parcetamol-infantil-16-comprimidos-masticables%3Fdefault_sku%3D438063&cfmId=CFM-000032
salcobrand|https://comparafarma-api.vercel.app/api/go?slug=salcobrand&matchkey=tapsin%7c16&url=https%3a%2f%2fsalcobrand.cl%2fproducts%2ftapsin-infantil-b-paracetamol-16-comprimidos%3fdefault_sku%3d1990147&cfmid=cfm-000407,salcobrand,G,AMBIGUOUS_AGAINST_REGISTRY,"más de un concepto candidato en el registro, sin desempate",Tapsín Infantil (B) Paracetamol 16 Comprimidos,,paracetamol,,1,false,true,absent,comprimido,oral,comprimido,ambiguous,conc,false,paracetamol+paracetamol 500mg,https://comparafarma-api.vercel.app/api/go?slug=salcobrand&matchKey=tapsin%7C16&url=https%3A%2F%2Fsalcobrand.cl%2Fproducts%2Ftapsin-infantil-b-paracetamol-16-comprimidos%3Fdefault_sku%3D1990147&cfmId=CFM-000407
easyfarma|https://comparafarma-api.vercel.app/api/go?slug=easyfarma&matchkey=cortigrip%7cn&url=https%3a%2f%2fnuevo.easyfarma.cl%2f25895-cortigrip-dia-noche-x-15.html&cfmid=cfm-001055,easyfarma,H,TRUNCATED_SOURCE_NAME,la fuente entregó el nombre cortado,Cortigrip Dia y Noche 15...,cortigrip,,,0,false,false,absent,,,,unresolved,ing+conc+form+route+unit,false,paracetamol+paracetamol 500mg+tapsin,https://comparafarma-api.vercel.app/api/go?slug=easyfarma&matchKey=cortigrip%7Cn&url=https%3A%2F%2Fnuevo.easyfarma.cl%2F25895-cortigrip-dia-noche-x-15.html&cfmId=CFM-001055
salcobrand|https://comparafarma-api.vercel.app/api/go?slug=salcobrand&matchkey=tapsin%7c20&url=https%3a%2f%2fsalcobrand.cl%2fproducts%2ftapsin-forte-b-paracetamol-20-comprimidos-recubiertos%3fdefault_sku%3d1990787&cfmid=cfm-000408,salcobrand,G,AMBIGUOUS_AGAINST_REGISTRY,"más de un concepto candidato en el registro, sin desempate",Tapsin Forte (B) Paracetamol  20 Comprimidos Recubiertos,,paracetamol,,1,false,true,absent,comprimido,oral,comprimido,ambiguous,conc,false,paracetamol+paracetamol 500mg+tapsin,https://comparafarma-api.vercel.app/api/go?slug=salcobrand&matchKey=tapsin%7C20&url=https%3A%2F%2Fsalcobrand.cl%2Fproducts%2Ftapsin-forte-b-paracetamol-20-comprimidos-recubiertos%3Fdefault_sku%3D1990787&cfmId=CFM-000408
easyfarma|https://comparafarma-api.vercel.app/api/go?slug=easyfarma&matchkey=paracetamol&url=https%3a%2f%2fnuevo.easyfarma.cl%2f104846-paracetamol-tramadol-325-375-mg-x-30-comp.html&cfmid=cfm-000591,easyfarma,H,TRUNCATED_SOURCE_NAME,la fuente entregó el nombre cortado,Paracetamol/Tramadol...,,paracetamol+tramadol,,2,true,true,absent,,,,ambiguous,conc+form+route+unit,false,paracetamol+paracetamol 500mg+tapsin,https://comparafarma-api.vercel.app/api/go?slug=easyfarma&matchKey=paracetamol&url=https%3A%2F%2Fnuevo.easyfarma.cl%2F104846-paracetamol-tramadol-325-375-mg-x-30-comp.html&cfmId=CFM-000591
farmex|https://comparafarma-api.vercel.app/api/go?slug=farmex&matchkey=brevex%7c20&url=https%3a%2f%2ffarmex.cl%2fproducts%2fbrevex-x-20-comprimidos-recubiertos%3f_pos%3d3%26_psq%3dparacetamol%26_psid%3d6b32f1a5b%26_ss%3de&cfmid=cfm-001056,farmex,C,BRAND_ONLY_NAME_NO_MOLECULE_IN_TEXT,"el nombre solo trae cabecera comercial, ninguna molécula escrita",Brevex x 20 comprimidos,brevex,,,0,false,false,absent,comprimido,oral,comprimido,unresolved,ing+conc,false,paracetamol+paracetamol 500mg,https://comparafarma-api.vercel.app/api/go?slug=farmex&matchKey=brevex%7C20&url=https%3A%2F%2Ffarmex.cl%2Fproducts%2Fbrevex-x-20-comprimidos-recubiertos%3F_pos%3D3%26_psq%3Dparacetamol%26_psid%3D6b32f1a5b%26_ss%3De&cfmId=CFM-001056
easyfarma|https://comparafarma-api.vercel.app/api/go?slug=easyfarma&matchkey=brevex%7c20&url=https%3a%2f%2fnuevo.easyfarma.cl%2f25025-brevex-x-20.html&cfmid=cfm-001056,easyfarma,C,BRAND_ONLY_NAME_NO_MOLECULE_IN_TEXT,"el nombre solo trae cabecera comercial, ninguna molécula escrita",Brevex 20 comprimidos,brevex,,,0,false,false,absent,comprimido,oral,comprimido,unresolved,ing+conc,false,paracetamol+paracetamol 500mg+tapsin,https://comparafarma-api.vercel.app/api/go?slug=easyfarma&matchKey=brevex%7C20&url=https%3A%2F%2Fnuevo.easyfarma.cl%2F25025-brevex-x-20.html&cfmId=CFM-001056
easyfarma|https://comparafarma-api.vercel.app/api/go?slug=easyfarma&matchkey=cronus%7c30&url=https%3a%2f%2fnuevo.easyfarma.cl%2f104166-cronus-x-30-comprimidos.html&cfmid=cfm-001054,easyfarma,C,BRAND_ONLY_NAME_NO_MOLECULE_IN_TEXT,"el nombre solo trae cabecera comercial, ninguna molécula escrita",Cronus x 30 comprimidos,cronus,,,0,false,false,absent,comprimido,oral,comprimido,unresolved,ing+conc,false,paracetamol+paracetamol 500mg+tapsin,https://comparafarma-api.vercel.app/api/go?slug=easyfarma&matchKey=cronus%7C30&url=https%3A%2F%2Fnuevo.easyfarma.cl%2F104166-cronus-x-30-comprimidos.html&cfmId=CFM-001054
salcobrand|https://comparafarma-api.vercel.app/api/go?slug=salcobrand&matchkey=tapsin%7c5000mg%7cd&url=https%3a%2f%2fsalcobrand.cl%2fproducts%2ftapsin-limonada-b-paracetamol-dia-5g%3fdefault_sku%3d1991100&cfmid=cfm-000009,salcobrand,F,DOSAGE_FORM_UNREADABLE,no se pudo leer forma farmacéutica canónica,Tapsin Limonada (B) Paracetamol Día 5g,,paracetamol,,1,false,true,mass-only,,,,unresolved,form+route+unit,false,paracetamol+paracetamol 500mg+tapsin,https://comparafarma-api.vercel.app/api/go?slug=salcobrand&matchKey=tapsin%7C5000mg%7Cd&url=https%3A%2F%2Fsalcobrand.cl%2Fproducts%2Ftapsin-limonada-b-paracetamol-dia-5g%3Fdefault_sku%3D1991100&cfmId=CFM-000009
salcobrand|https://comparafarma-api.vercel.app/api/go?slug=salcobrand&matchkey=tapsin%7c5000mg%7cn&url=https%3a%2f%2fsalcobrand.cl%2fproducts%2ftapsin-limonada-noche-b-paracetamol-5g%3fdefault_sku%3d1999956&cfmid=cfm-000005,salcobrand,F,DOSAGE_FORM_UNREADABLE,no se pudo leer forma farmacéutica canónica,Tapsín Limonada Noche (B) Paracetamol 5g,,paracetamol,,1,false,true,mass-only,,,,unresolved,form+route+unit,false,paracetamol+paracetamol 500mg+tapsin,https://comparafarma-api.vercel.app/api/go?slug=salcobrand&matchKey=tapsin%7C5000mg%7Cn&url=https%3A%2F%2Fsalcobrand.cl%2Fproducts%2Ftapsin-limonada-noche-b-paracetamol-5g%3Fdefault_sku%3D1999956&cfmId=CFM-000005
ecofarmacias|https://comparafarma-api.vercel.app/api/go?slug=ecofarmacias&matchkey=kitadol%7c15ml&url=https%3a%2f%2fwww.ecofarmacias.cl%2fproducto%2fkitadol-paracetamol-infantil-gotas-100mg-15ml-descuento%2f&cfmid=cfm-000043,ecofarmacias,E,CONCENTRATION_MASS_ONLY_ON_NON_DISCRETE_FORM,"masa absoluta en forma liquido-oral, no es concentración completa",Kitadol Paracetamol Infantil gotas 100mg 15ml DESCUENTO,,paracetamol,,1,false,true,mass-only,liquido-oral,oral,,unresolved,unit,false,paracetamol+paracetamol 500mg,https://comparafarma-api.vercel.app/api/go?slug=ecofarmacias&matchKey=kitadol%7C15ml&url=https%3A%2F%2Fwww.ecofarmacias.cl%2Fproducto%2Fkitadol-paracetamol-infantil-gotas-100mg-15ml-descuento%2F&cfmId=CFM-000043
ahumada|https://comparafarma-api.vercel.app/api/go?slug=ahumada&matchkey=kitadol%7c160mg%7c16&url=https%3a%2f%2fwww.farmaciasahumada.cl%2fkitadol-160-mg-x-16-comprimidos-masticables-61992.html&cfmid=cfm-000016,ahumada,C,BRAND_ONLY_NAME_NO_MOLECULE_IN_TEXT,"el nombre solo trae cabecera comercial, ninguna molécula escrita",Kitadol 160 mg x 16 Comprimidos Masticables,kitadol,,,0,false,false,mass-only,comprimido,oral,comprimido,unresolved,ing,true,paracetamol+paracetamol 500mg,https://comparafarma-api.vercel.app/api/go?slug=ahumada&matchKey=kitadol%7C160mg%7C16&url=https%3A%2F%2Fwww.farmaciasahumada.cl%2Fkitadol-160-mg-x-16-comprimidos-masticables-61992.html&cfmId=CFM-000016
cruz-verde|https://comparafarma-api.vercel.app/api/go?slug=cruz-verde&matchkey=paracetamol%7c15ml&url=https%3a%2f%2fwww.cruzverde.cl%2fparacetamol-100-mg-gotas-15-ml%2f199085.html&cfmid=cfm-000039,cruz-verde,E,CONCENTRATION_MASS_ONLY_ON_NON_DISCRETE_FORM,"masa absoluta en forma liquido-oral, no es concentración completa",Paracetamol 100 mg Gotas 15 mL,,paracetamol,,1,false,true,mass-only,liquido-oral,oral,,unresolved,unit,false,paracetamol+paracetamol 500mg,https://comparafarma-api.vercel.app/api/go?slug=cruz-verde&matchKey=paracetamol%7C15ml&url=https%3A%2F%2Fwww.cruzverde.cl%2Fparacetamol-100-mg-gotas-15-ml%2F199085.html&cfmId=CFM-000039
salcobrand|https://comparafarma-api.vercel.app/api/go?slug=salcobrand&matchkey=paracetamol%7c15ml&url=https%3a%2f%2fsalcobrand.cl%2fproducts%2fparacetamol-gotas-15ml%3fdefault_sku%3d434052&cfmid=cfm-000039,salcobrand,G,AMBIGUOUS_AGAINST_REGISTRY,"más de un concepto candidato en el registro, sin desempate",Paracetamol Gotas 15ml,,paracetamol,,1,false,true,absent,liquido-oral,oral,,ambiguous,conc+unit,false,paracetamol+paracetamol 500mg,https://comparafarma-api.vercel.app/api/go?slug=salcobrand&matchKey=paracetamol%7C15ml&url=https%3A%2F%2Fsalcobrand.cl%2Fproducts%2Fparacetamol-gotas-15ml%3Fdefault_sku%3D434052&cfmId=CFM-000039
farmex|https://comparafarma-api.vercel.app/api/go?slug=farmex&matchkey=alividol%7c1000mg%7c20&url=https%3a%2f%2ffarmex.cl%2fproducts%2falividol-1000-mg-x-20-comprimidos%3f_pos%3d8%26_psq%3dparacetamol%26_psid%3d6b32f1a5b%26_ss%3de&cfmid=cfm-000727,farmex,C,BRAND_ONLY_NAME_NO_MOLECULE_IN_TEXT,"el nombre solo trae cabecera comercial, ninguna molécula escrita",Alividol 1000 mg x 20 comprimidos,alividol,,,0,false,false,mass-only,comprimido,oral,comprimido,unresolved,ing,true,paracetamol+paracetamol 500mg,https://comparafarma-api.vercel.app/api/go?slug=farmex&matchKey=alividol%7C1000mg%7C20&url=https%3A%2F%2Ffarmex.cl%2Fproducts%2Falividol-1000-mg-x-20-comprimidos%3F_pos%3D8%26_psq%3Dparacetamol%26_psid%3D6b32f1a5b%26_ss%3De&cfmId=CFM-000727
ahumada|https://comparafarma-api.vercel.app/api/go?slug=ahumada&matchkey=tapsin%7c160mg%7c16&url=https%3a%2f%2fwww.farmaciasahumada.cl%2ftapsin-160-mg-x-16-comprimidos-masticables-39823.html&cfmid=cfm-000004,ahumada,C,BRAND_ONLY_NAME_NO_MOLECULE_IN_TEXT,"el nombre solo trae cabecera comercial, ninguna molécula escrita",Tapsin 160 mg x 16 Comprimidos Masticables,tapsin,,,0,false,false,mass-only,comprimido,oral,comprimido,unresolved,ing,true,paracetamol+paracetamol 500mg+tapsin,https://comparafarma-api.vercel.app/api/go?slug=ahumada&matchKey=tapsin%7C160mg%7C16&url=https%3A%2F%2Fwww.farmaciasahumada.cl%2Ftapsin-160-mg-x-16-comprimidos-masticables-39823.html&cfmId=CFM-000004
ahumada|https://comparafarma-api.vercel.app/api/go?slug=ahumada&matchkey=panadol%7c80mg%7c20&url=https%3a%2f%2fwww.farmaciasahumada.cl%2fpanadol-80-mg-x-20-comprimidos-masticables-88058.html&cfmid=cfm-000059,ahumada,C,BRAND_ONLY_NAME_NO_MOLECULE_IN_TEXT,"el nombre solo trae cabecera comercial, ninguna molécula escrita",Panadol 80 mg x 20 Comprimidos Masticables,panadol,,,0,false,false,mass-only,comprimido,oral,comprimido,unresolved,ing,true,paracetamol+paracetamol 500mg,https://comparafarma-api.vercel.app/api/go?slug=ahumada&matchKey=panadol%7C80mg%7C20&url=https%3A%2F%2Fwww.farmaciasahumada.cl%2Fpanadol-80-mg-x-20-comprimidos-masticables-88058.html&cfmId=CFM-000059
ahumada|https://comparafarma-api.vercel.app/api/go?slug=ahumada&matchkey=gesidol%7c15ml%7c15&url=https%3a%2f%2fwww.farmaciasahumada.cl%2fgesidol-infantil-100-mg-ml-x-15-ml-solucion-oral-para-gotas-88023.html&cfmid=cfm-000581,ahumada,C,BRAND_ONLY_NAME_NO_MOLECULE_IN_TEXT,"el nombre solo trae cabecera comercial, ninguna molécula escrita",Gesidol Infantil 100 mg/mL x 15 mL Solución Oral Para Gotas,gesidol,,,0,false,false,ratio,liquido-oral,oral,,unresolved,ing+unit,true,paracetamol+paracetamol 500mg,https://comparafarma-api.vercel.app/api/go?slug=ahumada&matchKey=gesidol%7C15ml%7C15&url=https%3A%2F%2Fwww.farmaciasahumada.cl%2Fgesidol-infantil-100-mg-ml-x-15-ml-solucion-oral-para-gotas-88023.html&cfmId=CFM-000581
ahumada|https://comparafarma-api.vercel.app/api/go?slug=ahumada&matchkey=panadol%7c15ml&url=https%3a%2f%2fwww.farmaciasahumada.cl%2fpanadol-ninos-100mg-ml-gotas-15ml-90333.html&cfmid=cfm-000035,ahumada,A,MISSING_ACTIVE_INGREDIENT_VOCABULARY,token(s) con forma de molécula fuera de vocabulario: ninos,Panadol Niños 100mg/Ml Gotas 15ml,panadol,,,0,false,false,ratio,liquido-oral,oral,,unresolved,ing+unit,true,paracetamol+paracetamol 500mg,https://comparafarma-api.vercel.app/api/go?slug=ahumada&matchKey=panadol%7C15ml&url=https%3A%2F%2Fwww.farmaciasahumada.cl%2Fpanadol-ninos-100mg-ml-gotas-15ml-90333.html&cfmId=CFM-000035
easyfarma|https://comparafarma-api.vercel.app/api/go?slug=easyfarma&matchkey=algiafin%7c60ml%7c60&url=https%3a%2f%2fnuevo.easyfarma.cl%2f25683-algiafin-jarabe-x-60ml.html&cfmid=cfm-001059,easyfarma,C,BRAND_ONLY_NAME_NO_MOLECULE_IN_TEXT,"el nombre solo trae cabecera comercial, ninguna molécula escrita",Algiafin Jarabe x 60 ml,algiafin,,,0,false,false,absent,liquido-oral,oral,,unresolved,ing+conc+unit,false,paracetamol+paracetamol 500mg+tapsin,https://comparafarma-api.vercel.app/api/go?slug=easyfarma&matchKey=algiafin%7C60ml%7C60&url=https%3A%2F%2Fnuevo.easyfarma.cl%2F25683-algiafin-jarabe-x-60ml.html&cfmId=CFM-001059
salcobrand|https://comparafarma-api.vercel.app/api/go?slug=salcobrand&matchkey=gesidol%7c15ml&url=https%3a%2f%2fsalcobrand.cl%2fproducts%2fgesidol-infantil-b-paracetamol-gotas-15ml%3fdefault_sku%3d2350155&cfmid=cfm-000028,salcobrand,G,AMBIGUOUS_AGAINST_REGISTRY,"más de un concepto candidato en el registro, sin desempate",Gesidol Infantil (B) Paracetamol Gotas 15ml,,paracetamol,,1,false,true,absent,liquido-oral,oral,,ambiguous,conc+unit,false,paracetamol+paracetamol 500mg,https://comparafarma-api.vercel.app/api/go?slug=salcobrand&matchKey=gesidol%7C15ml&url=https%3A%2F%2Fsalcobrand.cl%2Fproducts%2Fgesidol-infantil-b-paracetamol-gotas-15ml%3Fdefault_sku%3D2350155&cfmId=CFM-000028
cruz-verde|https://comparafarma-api.vercel.app/api/go?slug=cruz-verde&matchkey=bromhexina%7c100ml&url=https%3a%2f%2fwww.cruzverde.cl%2fbromhexina-4-mg-5ml-jarabe-100-ml%2f2161.html&cfmid=cfm-000057,cruz-verde,C,BRAND_ONLY_NAME_NO_MOLECULE_IN_TEXT,"el nombre solo trae cabecera comercial, ninguna molécula escrita",Bromhexina 4 mg/5mL Jarabe 100 mL,bromhexina,,,0,false,false,ratio,liquido-oral,oral,,unresolved,ing+unit,true,paracetamol+paracetamol 500mg,https://comparafarma-api.vercel.app/api/go?slug=cruz-verde&matchKey=bromhexina%7C100ml&url=https%3A%2F%2Fwww.cruzverde.cl%2Fbromhexina-4-mg-5ml-jarabe-100-ml%2F2161.html&cfmId=CFM-000057
easyfarma|https://comparafarma-api.vercel.app/api/go?slug=easyfarma&matchkey=alividol%7c1000mg&url=https%3a%2f%2fnuevo.easyfarma.cl%2f103867-alividol-1000-mg-20-comprimidos.html&cfmid=cfm-001058,easyfarma,H,TRUNCATED_SOURCE_NAME,la fuente entregó el nombre cortado,Alividol 1000 mg 20...,alividol,,,0,false,false,mass-only,,,,unresolved,ing+form+route+unit,false,paracetamol+paracetamol 500mg+tapsin,https://comparafarma-api.vercel.app/api/go?slug=easyfarma&matchKey=alividol%7C1000mg&url=https%3A%2F%2Fnuevo.easyfarma.cl%2F103867-alividol-1000-mg-20-comprimidos.html&cfmId=CFM-001058
salcobrand|https://comparafarma-api.vercel.app/api/go?slug=salcobrand&matchkey=kitadol%7c15ml&url=https%3a%2f%2fsalcobrand.cl%2fproducts%2fkitadol-parcetamol-infantil-gotas-15ml%3fdefault_sku%3d430991&cfmid=cfm-000043,salcobrand,A,MISSING_ACTIVE_INGREDIENT_VOCABULARY,token(s) con forma de molécula fuera de vocabulario: parcetamol,Kitadol Parcetamol Infantil Gotas 15ml,kitadol,,,0,false,false,absent,liquido-oral,oral,,unresolved,ing+conc+unit,false,paracetamol+paracetamol 500mg,https://comparafarma-api.vercel.app/api/go?slug=salcobrand&matchKey=kitadol%7C15ml&url=https%3A%2F%2Fsalcobrand.cl%2Fproducts%2Fkitadol-parcetamol-infantil-gotas-15ml%3Fdefault_sku%3D430991&cfmId=CFM-000043
salcobrand|https://comparafarma-api.vercel.app/api/go?slug=salcobrand&matchkey=panadol%7c15ml&url=https%3a%2f%2fsalcobrand.cl%2fproducts%2fpanadol-ninos-paracetamol-gotas-15ml%3fdefault_sku%3d581365&cfmid=cfm-000035,salcobrand,G,AMBIGUOUS_AGAINST_REGISTRY,"más de un concepto candidato en el registro, sin desempate",Panadol Niños Paracetamol Gotas 15ml,,paracetamol,,1,false,true,absent,liquido-oral,oral,,ambiguous,conc+unit,false,paracetamol+paracetamol 500mg,https://comparafarma-api.vercel.app/api/go?slug=salcobrand&matchKey=panadol%7C15ml&url=https%3A%2F%2Fsalcobrand.cl%2Fproducts%2Fpanadol-ninos-paracetamol-gotas-15ml%3Fdefault_sku%3D581365&cfmId=CFM-000035
salcobrand|https://comparafarma-api.vercel.app/api/go?slug=salcobrand&matchkey=tapsin%7c15ml&url=https%3a%2f%2fsalcobrand.cl%2fproducts%2ftapsin-infantil-gotas-b-paracetamol-15ml%3fdefault_sku%3d1996968&cfmid=cfm-000051,salcobrand,G,AMBIGUOUS_AGAINST_REGISTRY,"más de un concepto candidato en el registro, sin desempate",Tapsin Infantil Gotas (B) Paracetamol 15ml,,paracetamol,,1,false,true,absent,liquido-oral,oral,,ambiguous,conc+unit,false,paracetamol+paracetamol 500mg+tapsin,https://comparafarma-api.vercel.app/api/go?slug=salcobrand&matchKey=tapsin%7C15ml&url=https%3A%2F%2Fsalcobrand.cl%2Fproducts%2Ftapsin-infantil-gotas-b-paracetamol-15ml%3Fdefault_sku%3D1996968&cfmId=CFM-000051
salcobrand|https://comparafarma-api.vercel.app/api/go?slug=salcobrand&matchkey=xumadol%7c1000mg%7c20&url=https%3a%2f%2fsalcobrand.cl%2fproducts%2fxumadol-paracetamol-1-g-20-sobres-efervescentes%3fdefault_sku%3d340011&cfmid=cfm-000075,salcobrand,E,CONCENTRATION_MASS_ONLY_ON_NON_DISCRETE_FORM,"masa absoluta en forma liquido-oral, no es concentración completa",Xumadol Paracetamol 1g 20 Sobres Efervescentes,,paracetamol,,1,false,true,mass-only,liquido-oral,oral,sobre,unresolved,,false,paracetamol+paracetamol 500mg,https://comparafarma-api.vercel.app/api/go?slug=salcobrand&matchKey=xumadol%7C1000mg%7C20&url=https%3A%2F%2Fsalcobrand.cl%2Fproducts%2Fxumadol-paracetamol-1-g-20-sobres-efervescentes%3Fdefault_sku%3D340011&cfmId=CFM-000075
ahumada|https://comparafarma-api.vercel.app/api/go?slug=ahumada&matchkey=tapsin%7c1000mg%7c20&url=https%3a%2f%2fwww.farmaciasahumada.cl%2ftapsin-1g-efervescente-x-20-sobres-89070.html&cfmid=cfm-000006,ahumada,C,BRAND_ONLY_NAME_NO_MOLECULE_IN_TEXT,"el nombre solo trae cabecera comercial, ninguna molécula escrita",Tapsin 1g Efervescente X 20 Sobres,tapsin,,,0,false,false,mass-only,liquido-oral,oral,sobre,unresolved,ing,false,paracetamol+paracetamol 500mg+tapsin,https://comparafarma-api.vercel.app/api/go?slug=ahumada&matchKey=tapsin%7C1000mg%7C20&url=https%3A%2F%2Fwww.farmaciasahumada.cl%2Ftapsin-1g-efervescente-x-20-sobres-89070.html&cfmId=CFM-000006
ahumada|https://comparafarma-api.vercel.app/api/go?slug=ahumada&matchkey=winasorb%7c60ml%7c60&url=https%3a%2f%2fwww.farmaciasahumada.cl%2fwinasorb-150-mg-5-ml-x-60-ml-jarabe-74375.html&cfmid=cfm-000052,ahumada,C,BRAND_ONLY_NAME_NO_MOLECULE_IN_TEXT,"el nombre solo trae cabecera comercial, ninguna molécula escrita",Winasorb 150 mg/5 mL x 60 mL Jarabe,winasorb,,,0,false,false,ratio,liquido-oral,oral,,unresolved,ing+unit,true,paracetamol+paracetamol 500mg,https://comparafarma-api.vercel.app/api/go?slug=ahumada&matchKey=winasorb%7C60ml%7C60&url=https%3A%2F%2Fwww.farmaciasahumada.cl%2Fwinasorb-150-mg-5-ml-x-60-ml-jarabe-74375.html&cfmId=CFM-000052
farmex|https://comparafarma-api.vercel.app/api/go?slug=farmex&matchkey=xumadol%7c1000mg%7c20&url=https%3a%2f%2ffarmex.cl%2fproducts%2fxumadol-1-gr-x-20-comprimidos%3f_pos%3d1%26_psq%3dparacetamol%26_psid%3d6b32f1a5b%26_ss%3de&cfmid=cfm-000075,farmex,C,BRAND_ONLY_NAME_NO_MOLECULE_IN_TEXT,"el nombre solo trae cabecera comercial, ninguna molécula escrita",Xumadol 1 g x 20 comprimidos,xumadol,,,0,false,false,mass-only,comprimido,oral,comprimido,unresolved,ing,true,paracetamol+paracetamol 500mg,https://comparafarma-api.vercel.app/api/go?slug=farmex&matchKey=xumadol%7C1000mg%7C20&url=https%3A%2F%2Ffarmex.cl%2Fproducts%2Fxumadol-1-gr-x-20-comprimidos%3F_pos%3D1%26_psq%3Dparacetamol%26_psid%3D6b32f1a5b%26_ss%3De&cfmId=CFM-000075
cruz-verde|https://comparafarma-api.vercel.app/api/go?slug=cruz-verde&matchkey=sales%7c4&url=https%3a%2f%2fwww.cruzverde.cl%2fsales-para-rehidratacion-90-cloruro-de-sodio-3-5-gr-polvo-para-suspension-oral-4-sobres-sabor-limon%2f265800.html&cfmid=cfm-000083,cruz-verde,A,MISSING_ACTIVE_INGREDIENT_VOCABULARY,token(s) con forma de molécula fuera de vocabulario: rehidratacion+sabor+limon,"Sales para Rehidratación 90 Cloruro de Sodio 3,5 gr Polvo para Suspensión Oral 4 Sobres Sabor Limón",sales,,,0,false,false,mass-only,liquido-oral,oral,sobre,unresolved,ing,false,paracetamol+paracetamol 500mg,https://comparafarma-api.vercel.app/api/go?slug=cruz-verde&matchKey=sales%7C4&url=https%3A%2F%2Fwww.cruzverde.cl%2Fsales-para-rehidratacion-90-cloruro-de-sodio-3-5-gr-polvo-para-suspension-oral-4-sobres-sabor-limon%2F265800.html&cfmId=CFM-000083
dr-simi|https://comparafarma-api.vercel.app/api/go?slug=dr-simi&matchkey=tapsin%7c1000mg%7c20&url=https%3a%2f%2fwww.drsimi.cl%2ftapsin-sc-paracetamol-1-gr-polvo-para-solucion-oral-efervescente%2fp&cfmid=cfm-000006,dr-simi,E,CONCENTRATION_MASS_ONLY_ON_NON_DISCRETE_FORM,"masa absoluta en forma liquido-oral, no es concentración completa",Tapsin SC paracetamol 1 g 20 sobres polvo para solución oral efervescente,,paracetamol,,1,false,true,mass-only,liquido-oral,oral,sobre,unresolved,,false,paracetamol+paracetamol 500mg+tapsin,https://comparafarma-api.vercel.app/api/go?slug=dr-simi&matchKey=tapsin%7C1000mg%7C20&url=https%3A%2F%2Fwww.drsimi.cl%2Ftapsin-sc-paracetamol-1-gr-polvo-para-solucion-oral-efervescente%2Fp&cfmId=CFM-000006
ecofarmacias|https://comparafarma-api.vercel.app/api/go?slug=ecofarmacias&matchkey=kitadol%7c100ml&url=https%3a%2f%2fwww.ecofarmacias.cl%2fproducto%2fkitadol-paracetamol-infantil-jarabe-100ml%2f&cfmid=cfm-000078,ecofarmacias,G,AMBIGUOUS_AGAINST_REGISTRY,"más de un concepto candidato en el registro, sin desempate",Kitadol Paracetamol Infantil Jarabe 100ml,,paracetamol,,1,false,true,absent,liquido-oral,oral,,ambiguous,conc+unit,false,paracetamol+paracetamol 500mg,https://comparafarma-api.vercel.app/api/go?slug=ecofarmacias&matchKey=kitadol%7C100ml&url=https%3A%2F%2Fwww.ecofarmacias.cl%2Fproducto%2Fkitadol-paracetamol-infantil-jarabe-100ml%2F&cfmId=CFM-000078
ahumada|https://comparafarma-api.vercel.app/api/go?slug=ahumada&matchkey=kitadol%7c60ml%7c60&url=https%3a%2f%2fwww.farmaciasahumada.cl%2fkitadol-120-mg-5-ml-x-60-ml-jarabe-9209.html&cfmid=cfm-000184,ahumada,C,BRAND_ONLY_NAME_NO_MOLECULE_IN_TEXT,"el nombre solo trae cabecera comercial, ninguna molécula escrita",Kitadol 120 mg/5 mL x 60 mL Jarabe,kitadol,,,0,false,false,ratio,liquido-oral,oral,,unresolved,ing+unit,true,paracetamol+paracetamol 500mg,https://comparafarma-api.vercel.app/api/go?slug=ahumada&matchKey=kitadol%7C60ml%7C60&url=https%3A%2F%2Fwww.farmaciasahumada.cl%2Fkitadol-120-mg-5-ml-x-60-ml-jarabe-9209.html&cfmId=CFM-000184
ahumada|https://comparafarma-api.vercel.app/api/go?slug=ahumada&matchkey=gesidol%7c100ml%7c100&url=https%3a%2f%2fwww.farmaciasahumada.cl%2fgesidol-infantil-120-mg-5-ml-x-100-ml-jarabe-88022.html&cfmid=cfm-000594,ahumada,C,BRAND_ONLY_NAME_NO_MOLECULE_IN_TEXT,"el nombre solo trae cabecera comercial, ninguna molécula escrita",Gesidol Infantil 120 mg/5 mL x 100 mL Jarabe,gesidol,,,0,false,false,ratio,liquido-oral,oral,,unresolved,ing+unit,true,paracetamol+paracetamol 500mg,https://comparafarma-api.vercel.app/api/go?slug=ahumada&matchKey=gesidol%7C100ml%7C100&url=https%3A%2F%2Fwww.farmaciasahumada.cl%2Fgesidol-infantil-120-mg-5-ml-x-100-ml-jarabe-88022.html&cfmId=CFM-000594
salcobrand|https://comparafarma-api.vercel.app/api/go?slug=salcobrand&matchkey=panadol%7c90ml&url=https%3a%2f%2fsalcobrand.cl%2fproducts%2fpanadol-ninos-paracetamol-jarabe-90ml%3fdefault_sku%3d581367&cfmid=cfm-000086,salcobrand,G,AMBIGUOUS_AGAINST_REGISTRY,"más de un concepto candidato en el registro, sin desempate",Panadol Niños Paracetamol Jarabe 90ml,,paracetamol,,1,false,true,absent,liquido-oral,oral,,ambiguous,conc+unit,false,paracetamol+paracetamol 500mg,https://comparafarma-api.vercel.app/api/go?slug=salcobrand&matchKey=panadol%7C90ml&url=https%3A%2F%2Fsalcobrand.cl%2Fproducts%2Fpanadol-ninos-paracetamol-jarabe-90ml%3Fdefault_sku%3D581367&cfmId=CFM-000086
ahumada|https://comparafarma-api.vercel.app/api/go?slug=ahumada&matchkey=kitadol%7c100ml%7c100&url=https%3a%2f%2fwww.farmaciasahumada.cl%2fkitadol-infantil-120-mg-5-ml-x-100-ml-jarabe-92659.html&cfmid=cfm-000015,ahumada,C,BRAND_ONLY_NAME_NO_MOLECULE_IN_TEXT,"el nombre solo trae cabecera comercial, ninguna molécula escrita",Kitadol Infantil 120 mg/5 mL x 100 mL Jarabe,kitadol,,,0,false,false,ratio,liquido-oral,oral,,unresolved,ing+unit,true,paracetamol+paracetamol 500mg,https://comparafarma-api.vercel.app/api/go?slug=ahumada&matchKey=kitadol%7C100ml%7C100&url=https%3A%2F%2Fwww.farmaciasahumada.cl%2Fkitadol-infantil-120-mg-5-ml-x-100-ml-jarabe-92659.html&cfmId=CFM-000015
ahumada|https://comparafarma-api.vercel.app/api/go?slug=ahumada&matchkey=panadol%7c90ml&url=https%3a%2f%2fwww.farmaciasahumada.cl%2fpanadol-ninos-160mg-5ml-jarabe-90ml-90335.html&cfmid=cfm-000086,ahumada,A,MISSING_ACTIVE_INGREDIENT_VOCABULARY,token(s) con forma de molécula fuera de vocabulario: ninos,Panadol Niños 160mg/5ml Jarabe 90ml,panadol,,,0,false,false,ratio,liquido-oral,oral,,unresolved,ing+unit,true,paracetamol+paracetamol 500mg,https://comparafarma-api.vercel.app/api/go?slug=ahumada&matchKey=panadol%7C90ml&url=https%3A%2F%2Fwww.farmaciasahumada.cl%2Fpanadol-ninos-160mg-5ml-jarabe-90ml-90335.html&cfmId=CFM-000086
cruz-verde|https://comparafarma-api.vercel.app/api/go?slug=cruz-verde&matchkey=sales%7c8&url=https%3a%2f%2fwww.cruzverde.cl%2fsales-para-rehidratacion-60-cloruro-de-sodio-3-5-gr-polvo-para-suspension-oral-8-sobres-sabor-fresa%2f265799.html&cfmid=cfm-000090,cruz-verde,A,MISSING_ACTIVE_INGREDIENT_VOCABULARY,token(s) con forma de molécula fuera de vocabulario: rehidratacion+sabor+fresa,"Sales para Rehidratación 60 Cloruro de Sodio 3,5 gr Polvo para Suspensión Oral 8 Sobres Sabor Fresa",sales,,,0,false,false,mass-only,liquido-oral,oral,sobre,unresolved,ing,false,paracetamol+paracetamol 500mg,https://comparafarma-api.vercel.app/api/go?slug=cruz-verde&matchKey=sales%7C8&url=https%3A%2F%2Fwww.cruzverde.cl%2Fsales-para-rehidratacion-60-cloruro-de-sodio-3-5-gr-polvo-para-suspension-oral-8-sobres-sabor-fresa%2F265799.html&cfmId=CFM-000090
cruz-verde|https://comparafarma-api.vercel.app/api/go?slug=cruz-verde&matchkey=salbutamol%7c20ml&url=https%3a%2f%2fwww.cruzverde.cl%2fsalbutamol-0-5-solucion-para-nebulizacion-20-ml%2f268913.html&cfmid=cfm-000095,cruz-verde,D,CONCENTRATION_ABSENT,el nombre no declara concentración,"Salbutamol 0,5% Solución para Nebulización 20 mL",,salbutamol,,1,false,true,absent,inhalador,inhalation,,unresolved,conc+unit,false,paracetamol+paracetamol 500mg,https://comparafarma-api.vercel.app/api/go?slug=cruz-verde&matchKey=salbutamol%7C20ml&url=https%3A%2F%2Fwww.cruzverde.cl%2Fsalbutamol-0-5-solucion-para-nebulizacion-20-ml%2F268913.html&cfmId=CFM-000095
cruz-verde|https://comparafarma-api.vercel.app/api/go?slug=cruz-verde&matchkey=ipratropio%7c20ml&url=https%3a%2f%2fwww.cruzverde.cl%2fipratropio-bromuro-0-025-solucion-para-inhalacion-20-ml%2f264185.html&cfmid=cfm-000089,cruz-verde,A,MISSING_ACTIVE_INGREDIENT_VOCABULARY,token(s) con forma de molécula fuera de vocabulario: bromuro,"Ipratropio Bromuro 0,025% Solución para Inhalación 20 mL",ipratropio,,,0,false,false,absent,inhalador,inhalation,,unresolved,ing+conc+unit,false,paracetamol+paracetamol 500mg,https://comparafarma-api.vercel.app/api/go?slug=cruz-verde&matchKey=ipratropio%7C20ml&url=https%3A%2F%2Fwww.cruzverde.cl%2Fipratropio-bromuro-0-025-solucion-para-inhalacion-20-ml%2F264185.html&cfmId=CFM-000089
cruz-verde|https://comparafarma-api.vercel.app/api/go?slug=cruz-verde&matchkey=bonavid%7c2ml&url=https%3a%2f%2fwww.cruzverde.cl%2fbonavid-colecalciferol-300-000-ui-solucion-oral-para-gotas-2-ml%2f290034.html&cfmid=cfm-000084,cruz-verde,A,MISSING_ACTIVE_INGREDIENT_VOCABULARY,token(s) con forma de molécula fuera de vocabulario: colecalciferol,Bonavid Colecalciferol 300.000 UI Solución Oral para Gotas 2 mL,bonavid,,,0,false,false,absent,liquido-oral,oral,,unresolved,ing+conc+unit,false,paracetamol+paracetamol 500mg,https://comparafarma-api.vercel.app/api/go?slug=cruz-verde&matchKey=bonavid%7C2ml&url=https%3A%2F%2Fwww.cruzverde.cl%2Fbonavid-colecalciferol-300-000-ui-solucion-oral-para-gotas-2-ml%2F290034.html&cfmId=CFM-000084
cruz-verde|https://comparafarma-api.vercel.app/api/go?slug=cruz-verde&matchkey=lirex%7c2.5mg%7c30&url=https%3a%2f%2fwww.cruzverde.cl%2flirex-tibolona-2-5-mg-30-comprimidos%2f67406.html&cfmid=cfm-000087,cruz-verde,A,MISSING_ACTIVE_INGREDIENT_VOCABULARY,token(s) con forma de molécula fuera de vocabulario: tibolona,"Lirex Tibolona 2,5 mg 30 Comprimidos",lirex,,,0,false,false,mass-only,comprimido,oral,comprimido,unresolved,ing,true,paracetamol+paracetamol 500mg,https://comparafarma-api.vercel.app/api/go?slug=cruz-verde&matchKey=lirex%7C2.5mg%7C30&url=https%3A%2F%2Fwww.cruzverde.cl%2Flirex-tibolona-2-5-mg-30-comprimidos%2F67406.html&cfmId=CFM-000087
cruz-verde|https://comparafarma-api.vercel.app/api/go?slug=cruz-verde&matchkey=uroplus&url=https%3a%2f%2fwww.cruzverde.cl%2furoplus-fosfomicina-3-gr-granulos-para-solucion-oral-1-sobre%2f391927.html&cfmid=cfm-000073,cruz-verde,A,MISSING_ACTIVE_INGREDIENT_VOCABULARY,token(s) con forma de molécula fuera de vocabulario: fosfomicina,Uroplus Fosfomicina 3 gr Granulos para Solucion Oral 1 Sobre,uroplus,,,0,false,false,mass-only,liquido-oral,oral,sobre,unresolved,ing,false,paracetamol+paracetamol 500mg,https://comparafarma-api.vercel.app/api/go?slug=cruz-verde&matchKey=uroplus&url=https%3A%2F%2Fwww.cruzverde.cl%2Furoplus-fosfomicina-3-gr-granulos-para-solucion-oral-1-sobre%2F391927.html&cfmId=CFM-000073
cruz-verde|https://comparafarma-api.vercel.app/api/go?slug=cruz-verde&matchkey=combodart%7c0.5mg%7c30&url=https%3a%2f%2fwww.cruzverde.cl%2fcombodart-0-5-0-4-dutasteride-0-5-mg-tamsulosina-0-4-mg-30-capsulas-blandas%2f265918.html&cfmid=cfm-000094,cruz-verde,A,MISSING_ACTIVE_INGREDIENT_VOCABULARY,token(s) con forma de molécula fuera de vocabulario: dutasteride+tamsulosina,"Combodart 0,5/0,4 Dutasteride 0,5 mg Tamsulosina 0,4 mg 30 Cápsulas Blandas",combodart,,,2,true,false,mass-only,capsula,oral,capsula,unresolved,ing,true,paracetamol+paracetamol 500mg,https://comparafarma-api.vercel.app/api/go?slug=cruz-verde&matchKey=combodart%7C0.5mg%7C30&url=https%3A%2F%2Fwww.cruzverde.cl%2Fcombodart-0-5-0-4-dutasteride-0-5-mg-tamsulosina-0-4-mg-30-capsulas-blandas%2F265918.html&cfmId=CFM-000094
cruz-verde|https://comparafarma-api.vercel.app/api/go?slug=cruz-verde&matchkey=trelegy%7c92mcg&url=https%3a%2f%2fwww.cruzverde.cl%2ftrelegy-ellipta-92-mcg-polvo-para-inhalacion-oral-30-dosis%2f295825.html&cfmid=cfm-000082,cruz-verde,A,MISSING_ACTIVE_INGREDIENT_VOCABULARY,token(s) con forma de molécula fuera de vocabulario: ellipta,Trelegy Ellipta 92 mcg Polvo Para Inhalacion Oral 30 Dosis,trelegy,,,0,false,false,mass-only,inhalador,inhalation,,unresolved,ing+unit,false,paracetamol+paracetamol 500mg,https://comparafarma-api.vercel.app/api/go?slug=cruz-verde&matchKey=trelegy%7C92mcg&url=https%3A%2F%2Fwww.cruzverde.cl%2Ftrelegy-ellipta-92-mcg-polvo-para-inhalacion-oral-30-dosis%2F295825.html&cfmId=CFM-000082
ecofarmacias|https://comparafarma-api.vercel.app/api/go?slug=ecofarmacias&matchkey=tapsin%7cn%7c6&url=https%3a%2f%2fwww.ecofarmacias.cl%2fproducto%2ftapsin-x-6-noche%2f&cfmid=cfm-000847,ecofarmacias,A,MISSING_ACTIVE_INGREDIENT_VOCABULARY,token(s) con forma de molécula fuera de vocabulario: maver,Tapsin X 6 comprimidos Noche (Maver),tapsin,,,0,false,false,absent,comprimido,oral,comprimido,unresolved,ing+conc,false,tapsin,https://comparafarma-api.vercel.app/api/go?slug=ecofarmacias&matchKey=tapsin%7Cn%7C6&url=https%3A%2F%2Fwww.ecofarmacias.cl%2Fproducto%2Ftapsin-x-6-noche%2F&cfmId=CFM-000847
ecofarmacias|https://comparafarma-api.vercel.app/api/go?slug=ecofarmacias&matchkey=tapsin%7c6&url=https%3a%2f%2fwww.ecofarmacias.cl%2fproducto%2ftapsin-x-6-analgesico%2f&cfmid=cfm-000046,ecofarmacias,A,MISSING_ACTIVE_INGREDIENT_VOCABULARY,token(s) con forma de molécula fuera de vocabulario: maver,Tapsin X 6 Comprimidos (Maver),tapsin,,,0,false,false,absent,comprimido,oral,comprimido,unresolved,ing+conc,false,tapsin,https://comparafarma-api.vercel.app/api/go?slug=ecofarmacias&matchKey=tapsin%7C6&url=https%3A%2F%2Fwww.ecofarmacias.cl%2Fproducto%2Ftapsin-x-6-analgesico%2F&cfmId=CFM-000046
ecofarmacias|https://comparafarma-api.vercel.app/api/go?slug=ecofarmacias&matchkey=tapsin%7c6&url=https%3a%2f%2fwww.ecofarmacias.cl%2fproducto%2ftapsin-forte-x-6-comprimidos-recubiertos%2f&cfmid=cfm-000046,ecofarmacias,C,BRAND_ONLY_NAME_NO_MOLECULE_IN_TEXT,"el nombre solo trae cabecera comercial, ninguna molécula escrita",Tapsin Forte X 6 comprimidos recubiertos,tapsin,,,0,false,false,absent,comprimido,oral,comprimido,unresolved,ing+conc,false,tapsin,https://comparafarma-api.vercel.app/api/go?slug=ecofarmacias&matchKey=tapsin%7C6&url=https%3A%2F%2Fwww.ecofarmacias.cl%2Fproducto%2Ftapsin-forte-x-6-comprimidos-recubiertos%2F&cfmId=CFM-000046
ecofarmacias|https://comparafarma-api.vercel.app/api/go?slug=ecofarmacias&matchkey=tapsin%7cn&url=https%3a%2f%2fwww.ecofarmacias.cl%2fproducto%2ftapsin-sobre-noche%2f&cfmid=cfm-000012,ecofarmacias,A,MISSING_ACTIVE_INGREDIENT_VOCABULARY,token(s) con forma de molécula fuera de vocabulario: maver,Tapsin Sobre Noche (Maver),tapsin,,,0,false,false,absent,liquido-oral,oral,sobre,unresolved,ing+conc,false,tapsin,https://comparafarma-api.vercel.app/api/go?slug=ecofarmacias&matchKey=tapsin%7Cn&url=https%3A%2F%2Fwww.ecofarmacias.cl%2Fproducto%2Ftapsin-sobre-noche%2F&cfmId=CFM-000012
ecofarmacias|https://comparafarma-api.vercel.app/api/go?slug=ecofarmacias&matchkey=tapsin%7cd&url=https%3a%2f%2fwww.ecofarmacias.cl%2fproducto%2ftapsin-sobre-dia%2f&cfmid=cfm-000614,ecofarmacias,A,MISSING_ACTIVE_INGREDIENT_VOCABULARY,token(s) con forma de molécula fuera de vocabulario: maver,Tapsin Sobre Dia (Maver),tapsin,,,0,false,false,absent,liquido-oral,oral,sobre,unresolved,ing+conc,false,tapsin,https://comparafarma-api.vercel.app/api/go?slug=ecofarmacias&matchKey=tapsin%7Cd&url=https%3A%2F%2Fwww.ecofarmacias.cl%2Fproducto%2Ftapsin-sobre-dia%2F&cfmId=CFM-000614
sermecoop|https://comparafarma-api.vercel.app/api/go?slug=sermecoop&matchkey=tapsin%7cd&url=https%3a%2f%2fwww.farmaciasermecoop.cl%2findex.php%2fonline%2fdetalleproducto%3fp_%3d12198%26d_%3d1&cfmid=cfm-000614,sermecoop,A,MISSING_ACTIVE_INGREDIENT_VOCABULARY,token(s) con forma de molécula fuera de vocabulario: limonada,Tapsin Dia Limonada Sobre (ai),tapsin,,,0,false,false,absent,liquido-oral,oral,sobre,unresolved,ing+conc,false,tapsin,https://comparafarma-api.vercel.app/api/go?slug=sermecoop&matchKey=tapsin%7Cd&url=https%3A%2F%2Fwww.farmaciasermecoop.cl%2Findex.php%2Fonline%2Fdetalleproducto%3Fp_%3D12198%26d_%3D1&cfmId=CFM-000614
sermecoop|https://comparafarma-api.vercel.app/api/go?slug=sermecoop&matchkey=tapsin%7cn&url=https%3a%2f%2fwww.farmaciasermecoop.cl%2findex.php%2fonline%2fdetalleproducto%3fp_%3d12199%26d_%3d1&cfmid=cfm-000012,sermecoop,A,MISSING_ACTIVE_INGREDIENT_VOCABULARY,token(s) con forma de molécula fuera de vocabulario: limonada,Tapsin Noche Limonada Sobre (ai),tapsin,,,0,false,false,absent,liquido-oral,oral,sobre,unresolved,ing+conc,false,tapsin,https://comparafarma-api.vercel.app/api/go?slug=sermecoop&matchKey=tapsin%7Cn&url=https%3A%2F%2Fwww.farmaciasermecoop.cl%2Findex.php%2Fonline%2Fdetalleproducto%3Fp_%3D12199%26d_%3D1&cfmId=CFM-000012
farmex|https://comparafarma-api.vercel.app/api/go?slug=farmex&matchkey=tapsin%7c5000mg%7cn&url=https%3a%2f%2ffarmex.cl%2fproducts%2ftapsin-noche-polvo-sabor-limon-miel-y-jengibre-sobre-de-5-g-1-sobre-1%3f_pos%3d10%26_psq%3dtapsin%26_psid%3d4dae14247%26_ss%3de&cfmid=cfm-000005,farmex,A,MISSING_ACTIVE_INGREDIENT_VOCABULARY,token(s) con forma de molécula fuera de vocabulario: sabor+limon+miel+jengibre,"Tapsin Noche Polvo - Sabor Limón, Miel y Jengibre - Sobre de 5 g x (1 sobre)",tapsin,,,0,false,false,mass-only,liquido-oral,oral,sobre,unresolved,ing,false,tapsin,https://comparafarma-api.vercel.app/api/go?slug=farmex&matchKey=tapsin%7C5000mg%7Cn&url=https%3A%2F%2Ffarmex.cl%2Fproducts%2Ftapsin-noche-polvo-sabor-limon-miel-y-jengibre-sobre-de-5-g-1-sobre-1%3F_pos%3D10%26_psq%3Dtapsin%26_psid%3D4dae14247%26_ss%3De&cfmId=CFM-000005
farmex|https://comparafarma-api.vercel.app/api/go?slug=farmex&matchkey=tapsin%7cn&url=https%3a%2f%2ffarmex.cl%2fproducts%2ftapsin-insta-flu-polvo-noche%3f_pos%3d5%26_psq%3dtapsin%26_psid%3d4dae14247%26_ss%3de&cfmid=cfm-000012,farmex,A,MISSING_ACTIVE_INGREDIENT_VOCABULARY,token(s) con forma de molécula fuera de vocabulario: insta,Tapsin Insta Flu Polvo Noche,tapsin,,,0,false,false,absent,liquido-oral,oral,,unresolved,ing+conc+unit,false,tapsin,https://comparafarma-api.vercel.app/api/go?slug=farmex&matchKey=tapsin%7Cn&url=https%3A%2F%2Ffarmex.cl%2Fproducts%2Ftapsin-insta-flu-polvo-noche%3F_pos%3D5%26_psq%3Dtapsin%26_psid%3D4dae14247%26_ss%3De&cfmId=CFM-000012
salcobrand|https://comparafarma-api.vercel.app/api/go?slug=salcobrand&matchkey=tapsin%7cn&url=https%3a%2f%2fsalcobrand.cl%2fproducts%2ftapsin-instaflu-b-paracetamol-polvo-noche-1-sobre%3fdefault_sku%3d587987&cfmid=cfm-000012,salcobrand,D,CONCENTRATION_ABSENT,el nombre no declara concentración,Tapsin Instaflu (B) Paracetamol Polvo Noche 1 Sobre,,paracetamol,,1,false,true,absent,liquido-oral,oral,sobre,unresolved,conc,false,tapsin,https://comparafarma-api.vercel.app/api/go?slug=salcobrand&matchKey=tapsin%7Cn&url=https%3A%2F%2Fsalcobrand.cl%2Fproducts%2Ftapsin-instaflu-b-paracetamol-polvo-noche-1-sobre%3Fdefault_sku%3D587987&cfmId=CFM-000012
dr-simi|https://comparafarma-api.vercel.app/api/go?slug=dr-simi&matchkey=tapsin%7c5000mg%7cd&url=https%3a%2f%2fwww.drsimi.cl%2ftapsin-compuesto-antigripal-dia-aroma-limon-miel-jengibre-polvo-para-solucion-oral-en-sobres%2fp&cfmid=cfm-000009,dr-simi,A,MISSING_ACTIVE_INGREDIENT_VOCABULARY,token(s) con forma de molécula fuera de vocabulario: caliente+compuesto,Tapsin caliente compuesto día polvo para solución oral 5 g,tapsin,,,0,false,false,mass-only,liquido-oral,oral,,unresolved,ing+unit,false,tapsin,https://comparafarma-api.vercel.app/api/go?slug=dr-simi&matchKey=tapsin%7C5000mg%7Cd&url=https%3A%2F%2Fwww.drsimi.cl%2Ftapsin-compuesto-antigripal-dia-aroma-limon-miel-jengibre-polvo-para-solucion-oral-en-sobres%2Fp&cfmId=CFM-000009
dr-simi|https://comparafarma-api.vercel.app/api/go?slug=dr-simi&matchkey=tapsin%7c5000mg%7cn&url=https%3a%2f%2fwww.drsimi.cl%2ftapsin-compuesto-antigripal-noche-aroma-limon-miel-jengibre-polvo-para-solucion-oral-en-sobres%2fp&cfmid=cfm-000005,dr-simi,A,MISSING_ACTIVE_INGREDIENT_VOCABULARY,token(s) con forma de molécula fuera de vocabulario: caliente+compuesto,Tapsin caliente compuesto noche polvo para solución oral 5 g,tapsin,,,0,false,false,mass-only,liquido-oral,oral,,unresolved,ing+unit,false,tapsin,https://comparafarma-api.vercel.app/api/go?slug=dr-simi&matchKey=tapsin%7C5000mg%7Cn&url=https%3A%2F%2Fwww.drsimi.cl%2Ftapsin-compuesto-antigripal-noche-aroma-limon-miel-jengibre-polvo-para-solucion-oral-en-sobres%2Fp&cfmId=CFM-000005
ahumada|https://comparafarma-api.vercel.app/api/go?slug=ahumada&matchkey=tapsin%7c5000mg%7cd&url=https%3a%2f%2fwww.farmaciasahumada.cl%2ftapsin-compuesto-dia-5g-1-sobre-polvo-para-solucion-oral-9235.html&cfmid=cfm-000009,ahumada,A,MISSING_ACTIVE_INGREDIENT_VOCABULARY,token(s) con forma de molécula fuera de vocabulario: compuesto,Tapsin Compuesto Dia 5g 1 Sobre Polvo Para Solución Oral,tapsin,,,0,false,false,mass-only,liquido-oral,oral,sobre,unresolved,ing,false,tapsin,https://comparafarma-api.vercel.app/api/go?slug=ahumada&matchKey=tapsin%7C5000mg%7Cd&url=https%3A%2F%2Fwww.farmaciasahumada.cl%2Ftapsin-compuesto-dia-5g-1-sobre-polvo-para-solucion-oral-9235.html&cfmId=CFM-000009
ahumada|https://comparafarma-api.vercel.app/api/go?slug=ahumada&matchkey=tapsin%7c5000mg%7cn&url=https%3a%2f%2fwww.farmaciasahumada.cl%2ftapsin-compuesto-noche-5g-1-sobre-polvo-para-solucion-oral-15226.html&cfmid=cfm-000005,ahumada,A,MISSING_ACTIVE_INGREDIENT_VOCABULARY,token(s) con forma de molécula fuera de vocabulario: compuesto,Tapsin Compuesto Noche 5g 1 Sobre Polvo Para Solución Oral,tapsin,,,0,false,false,mass-only,liquido-oral,oral,sobre,unresolved,ing,false,tapsin,https://comparafarma-api.vercel.app/api/go?slug=ahumada&matchKey=tapsin%7C5000mg%7Cn&url=https%3A%2F%2Fwww.farmaciasahumada.cl%2Ftapsin-compuesto-noche-5g-1-sobre-polvo-para-solucion-oral-15226.html&cfmId=CFM-000005
ahumada|https://comparafarma-api.vercel.app/api/go?slug=ahumada&matchkey=tapsin%7cn&url=https%3a%2f%2fwww.farmaciasahumada.cl%2ftapsin-compuesto-antigripal-caliente-noche-limon--miel--jengibre-x-1-sobre-polvo-para-solucion-oral-88321.html&cfmid=cfm-000012,ahumada,A,MISSING_ACTIVE_INGREDIENT_VOCABULARY,token(s) con forma de molécula fuera de vocabulario: compuesto+antigripal+caliente+limon+miel+jengibre,"Tapsin Compuesto Antigripal Caliente Noche Limón, Miel, Jengibre x 1 Sobre Polvo Para Solucion Oral",tapsin,,,0,false,false,absent,liquido-oral,oral,sobre,unresolved,ing+conc,false,tapsin,https://comparafarma-api.vercel.app/api/go?slug=ahumada&matchKey=tapsin%7Cn&url=https%3A%2F%2Fwww.farmaciasahumada.cl%2Ftapsin-compuesto-antigripal-caliente-noche-limon--miel--jengibre-x-1-sobre-polvo-para-solucion-oral-88321.html&cfmId=CFM-000012
cruz-verde|https://comparafarma-api.vercel.app/api/go?slug=cruz-verde&matchkey=tapsin%7c400mg%7cd&url=https%3a%2f%2fwww.cruzverde.cl%2ftapsin-dia-compuesto-antigripal-paracetamol-400-mg-noscapina-10-mg-cafeina-33-mg-polvo-para-soluc-oral-1-sobre-sabor-limon-miel-jengibre%2f300607.html&cfmid=cfm-000853,cruz-verde,E,CONCENTRATION_MASS_ONLY_ON_NON_DISCRETE_FORM,"masa absoluta en forma liquido-oral, no es concentración completa",Tapsin Dia Compuesto Antigripal Paracetamol 400 mg Noscapina 10 mg Cafeina 33 mg Polvo para Soluc.Oral  1 Sobre Sabor Limon / Miel / Jengibre,,cafeina+noscapina+paracetamol,,3,true,true,mass-only,liquido-oral,oral,sobre,unresolved,,false,tapsin,https://comparafarma-api.vercel.app/api/go?slug=cruz-verde&matchKey=tapsin%7C400mg%7Cd&url=https%3A%2F%2Fwww.cruzverde.cl%2Ftapsin-dia-compuesto-antigripal-paracetamol-400-mg-noscapina-10-mg-cafeina-33-mg-polvo-para-soluc-oral-1-sobre-sabor-limon-miel-jengibre%2F300607.html&cfmId=CFM-000853
salcobrand|https://comparafarma-api.vercel.app/api/go?slug=salcobrand&matchkey=tapsin%7cd&url=https%3a%2f%2fsalcobrand.cl%2fproducts%2ftapsin-instaflu-b-paracetamol-polvo-dia-1-sobre%3fdefault_sku%3d587870&cfmid=cfm-000614,salcobrand,D,CONCENTRATION_ABSENT,el nombre no declara concentración,Tapsin Instaflu (B) Paracetamol  Polvo Día 1 Sobre,,paracetamol,,1,false,true,absent,liquido-oral,oral,sobre,unresolved,conc,false,tapsin,https://comparafarma-api.vercel.app/api/go?slug=salcobrand&matchKey=tapsin%7Cd&url=https%3A%2F%2Fsalcobrand.cl%2Fproducts%2Ftapsin-instaflu-b-paracetamol-polvo-dia-1-sobre%3Fdefault_sku%3D587870&cfmId=CFM-000614
cruz-verde|https://comparafarma-api.vercel.app/api/go?slug=cruz-verde&matchkey=tapsin%7c400mg%7cn&url=https%3a%2f%2fwww.cruzverde.cl%2ftapsin-noche-compuesto-antigripal-paracetamol-400-mg-noscapina-10-mg-clorfenamina-4-mg-polvo-para-soluc-oral-1-sobre-sabor-limon-miel-jengibre%2f300604.html&cfmid=cfm-000844,cruz-verde,E,CONCENTRATION_MASS_ONLY_ON_NON_DISCRETE_FORM,"masa absoluta en forma liquido-oral, no es concentración completa",Tapsin Noche Compuesto Antigripal Paracetamol 400 mg Noscapina 10 mg Clorfenamina 4 mg Polvo para Soluc.Oral 1 Sobre Sabor Limon / Miel / Jengibre,,clorfenamina+noscapina+paracetamol,,3,true,true,mass-only,liquido-oral,oral,sobre,unresolved,,false,tapsin,https://comparafarma-api.vercel.app/api/go?slug=cruz-verde&matchKey=tapsin%7C400mg%7Cn&url=https%3A%2F%2Fwww.cruzverde.cl%2Ftapsin-noche-compuesto-antigripal-paracetamol-400-mg-noscapina-10-mg-clorfenamina-4-mg-polvo-para-soluc-oral-1-sobre-sabor-limon-miel-jengibre%2F300604.html&cfmId=CFM-000844
cruz-verde|https://comparafarma-api.vercel.app/api/go?slug=cruz-verde&matchkey=tapsin%7c650mg%7cn&url=https%3a%2f%2fwww.cruzverde.cl%2ftapsin-plus-noche-paracetamol-650-mg-solucion-oral-1-sobre%2f72203.html&cfmid=cfm-000842,cruz-verde,E,CONCENTRATION_MASS_ONLY_ON_NON_DISCRETE_FORM,"masa absoluta en forma liquido-oral, no es concentración completa",Tapsin Plus Noche Paracetamol 650 mg Solución Oral 1 Sobre,,paracetamol,,1,false,true,mass-only,liquido-oral,oral,sobre,unresolved,,false,tapsin,https://comparafarma-api.vercel.app/api/go?slug=cruz-verde&matchKey=tapsin%7C650mg%7Cn&url=https%3A%2F%2Fwww.cruzverde.cl%2Ftapsin-plus-noche-paracetamol-650-mg-solucion-oral-1-sobre%2F72203.html&cfmId=CFM-000842
cruz-verde|https://comparafarma-api.vercel.app/api/go?slug=cruz-verde&matchkey=tapsin%7c650mg%7cd&url=https%3a%2f%2fwww.cruzverde.cl%2ftapsin-plus-dia-paracetamol-650-mg-solucion-oral-1-sobre%2f72202.html&cfmid=cfm-000854,cruz-verde,E,CONCENTRATION_MASS_ONLY_ON_NON_DISCRETE_FORM,"masa absoluta en forma liquido-oral, no es concentración completa",Tapsin Plus Día Paracetamol 650 mg Solución Oral 1 Sobre,,paracetamol,,1,false,true,mass-only,liquido-oral,oral,sobre,unresolved,,false,tapsin,https://comparafarma-api.vercel.app/api/go?slug=cruz-verde&matchKey=tapsin%7C650mg%7Cd&url=https%3A%2F%2Fwww.cruzverde.cl%2Ftapsin-plus-dia-paracetamol-650-mg-solucion-oral-1-sobre%2F72202.html&cfmId=CFM-000854
ahumada|https://comparafarma-api.vercel.app/api/go?slug=ahumada&matchkey=tapsin%7c5000mg%7cd&url=https%3a%2f%2fwww.farmaciasahumada.cl%2ftapsin-instaflu-polvo-dia-5-g-93351.html&cfmid=cfm-000009,ahumada,A,MISSING_ACTIVE_INGREDIENT_VOCABULARY,token(s) con forma de molécula fuera de vocabulario: instaflu,Tapsin Instaflu Polvo Dia 5 g,tapsin,,,0,false,false,mass-only,liquido-oral,oral,,unresolved,ing+unit,false,tapsin,https://comparafarma-api.vercel.app/api/go?slug=ahumada&matchKey=tapsin%7C5000mg%7Cd&url=https%3A%2F%2Fwww.farmaciasahumada.cl%2Ftapsin-instaflu-polvo-dia-5-g-93351.html&cfmId=CFM-000009
ecofarmacias|https://comparafarma-api.vercel.app/api/go?slug=ecofarmacias&matchkey=tapsin&url=https%3a%2f%2fwww.ecofarmacias.cl%2fproducto%2ftapsin-m-migrana-por10-comprimidos-maver-descuento-c-arrugada%2f&cfmid=cfm-001075,ecofarmacias,A,MISSING_ACTIVE_INGREDIENT_VOCABULARY,token(s) con forma de molécula fuera de vocabulario: migrana+maver+descuento+arrugada,Tapsin M Migraña por10 comprimidos (Maver) DESCUENTO c.arrugada,tapsin,,,0,false,false,absent,comprimido,oral,comprimido,unresolved,ing+conc,false,tapsin,https://comparafarma-api.vercel.app/api/go?slug=ecofarmacias&matchKey=tapsin&url=https%3A%2F%2Fwww.ecofarmacias.cl%2Fproducto%2Ftapsin-m-migrana-por10-comprimidos-maver-descuento-c-arrugada%2F&cfmId=CFM-001075
ahumada|https://comparafarma-api.vercel.app/api/go?slug=ahumada&matchkey=tapsin%7cd&url=https%3a%2f%2fwww.farmaciasahumada.cl%2ftapsin-compuesto-antigripal-caliente-dia-limon--miel--jengibre-x-1-sobre-polvo-para-solucion-oral-88322.html&cfmid=cfm-000614,ahumada,A,MISSING_ACTIVE_INGREDIENT_VOCABULARY,token(s) con forma de molécula fuera de vocabulario: compuesto+antigripal+caliente+limon+miel+jengibre,"Tapsin Compuesto Antigripal Caliente Día Limón, Miel, Jengibre x 1 Sobre Polvo Para Solucion Oral",tapsin,,,0,false,false,absent,liquido-oral,oral,sobre,unresolved,ing+conc,false,tapsin,https://comparafarma-api.vercel.app/api/go?slug=ahumada&matchKey=tapsin%7Cd&url=https%3A%2F%2Fwww.farmaciasahumada.cl%2Ftapsin-compuesto-antigripal-caliente-dia-limon--miel--jengibre-x-1-sobre-polvo-para-solucion-oral-88322.html&cfmId=CFM-000614
cruz-verde|https://comparafarma-api.vercel.app/api/go?slug=cruz-verde&matchkey=tapsin%7cd&url=https%3a%2f%2fwww.cruzverde.cl%2ftapsin-insta-flu-polvo-dia%2f573946.html&cfmid=cfm-000614,cruz-verde,A,MISSING_ACTIVE_INGREDIENT_VOCABULARY,token(s) con forma de molécula fuera de vocabulario: insta,Tapsin Insta Flu Polvo Día,tapsin,,,0,false,false,absent,liquido-oral,oral,,unresolved,ing+conc+unit,false,tapsin,https://comparafarma-api.vercel.app/api/go?slug=cruz-verde&matchKey=tapsin%7Cd&url=https%3A%2F%2Fwww.cruzverde.cl%2Ftapsin-insta-flu-polvo-dia%2F573946.html&cfmId=CFM-000614
cruz-verde|https://comparafarma-api.vercel.app/api/go?slug=cruz-verde&matchkey=tapsin%7cn&url=https%3a%2f%2fwww.cruzverde.cl%2ftapsin-insta-flu-polvo-noche%2f573947.html&cfmid=cfm-000012,cruz-verde,A,MISSING_ACTIVE_INGREDIENT_VOCABULARY,token(s) con forma de molécula fuera de vocabulario: insta,Tapsin Insta Flu  Polvo Noche,tapsin,,,0,false,false,absent,liquido-oral,oral,,unresolved,ing+conc+unit,false,tapsin,https://comparafarma-api.vercel.app/api/go?slug=cruz-verde&matchKey=tapsin%7Cn&url=https%3A%2F%2Fwww.cruzverde.cl%2Ftapsin-insta-flu-polvo-noche%2F573947.html&cfmId=CFM-000012
dr-simi|https://comparafarma-api.vercel.app/api/go?slug=dr-simi&matchkey=tapsin%7c5000mg%7cn&url=https%3a%2f%2fwww.drsimi.cl%2ftapsin-instaflu-polvo-noche-ch6157%2fp&cfmid=cfm-000005,dr-simi,A,MISSING_ACTIVE_INGREDIENT_VOCABULARY,token(s) con forma de molécula fuera de vocabulario: instaflu,Tapsin InstaFLU noche 1 sobre polvo para solución oral 5 g,tapsin,,,0,false,false,mass-only,liquido-oral,oral,sobre,unresolved,ing,false,tapsin,https://comparafarma-api.vercel.app/api/go?slug=dr-simi&matchKey=tapsin%7C5000mg%7Cn&url=https%3A%2F%2Fwww.drsimi.cl%2Ftapsin-instaflu-polvo-noche-ch6157%2Fp&cfmId=CFM-000005
farmex|https://comparafarma-api.vercel.app/api/go?slug=farmex&matchkey=tapsin%7c500mg%7c24&url=https%3a%2f%2ffarmex.cl%2fproducts%2ftapsin-puro-sin-cafeina-500-mg-x-24-comp%3f_pos%3d9%26_psq%3dtapsin%26_psid%3d4dae14247%26_ss%3de&cfmid=cfm-000003,farmex,A,MISSING_ACTIVE_INGREDIENT_VOCABULARY,token(s) con forma de molécula fuera de vocabulario: puro,Tapsin Puro Sin Cafeina 500 mg x 24 comprimidos,tapsin,,cafeina,0,false,false,mass-only,comprimido,oral,comprimido,unresolved,ing,true,tapsin,https://comparafarma-api.vercel.app/api/go?slug=farmex&matchKey=tapsin%7C500mg%7C24&url=https%3A%2F%2Ffarmex.cl%2Fproducts%2Ftapsin-puro-sin-cafeina-500-mg-x-24-comp%3F_pos%3D9%26_psq%3Dtapsin%26_psid%3D4dae14247%26_ss%3De&cfmId=CFM-000003
ecofarmacias|https://comparafarma-api.vercel.app/api/go?slug=ecofarmacias&matchkey=tapsin%7c12&url=https%3a%2f%2fwww.ecofarmacias.cl%2fproducto%2ftapsin-x-12-analgesico%2f&cfmid=cfm-000109,ecofarmacias,A,MISSING_ACTIVE_INGREDIENT_VOCABULARY,token(s) con forma de molécula fuera de vocabulario: maver,Tapsin X 12 comprimidos (Maver),tapsin,,,0,false,false,absent,comprimido,oral,comprimido,unresolved,ing+conc,false,tapsin,https://comparafarma-api.vercel.app/api/go?slug=ecofarmacias&matchKey=tapsin%7C12&url=https%3A%2F%2Fwww.ecofarmacias.cl%2Fproducto%2Ftapsin-x-12-analgesico%2F&cfmId=CFM-000109
ecofarmacias|https://comparafarma-api.vercel.app/api/go?slug=ecofarmacias&matchkey=tapsin%7c12&url=https%3a%2f%2fwww.ecofarmacias.cl%2fproducto%2ftapsin-nocturno-x-12-capsulas%2f&cfmid=cfm-000109,ecofarmacias,A,MISSING_ACTIVE_INGREDIENT_VOCABULARY,token(s) con forma de molécula fuera de vocabulario: nocturno,Tapsin Nocturno X 12 cápsulas,tapsin,,,0,false,false,absent,capsula,oral,capsula,unresolved,ing+conc,false,tapsin,https://comparafarma-api.vercel.app/api/go?slug=ecofarmacias&matchKey=tapsin%7C12&url=https%3A%2F%2Fwww.ecofarmacias.cl%2Fproducto%2Ftapsin-nocturno-x-12-capsulas%2F&cfmId=CFM-000109
ahumada|https://comparafarma-api.vercel.app/api/go?slug=ahumada&matchkey=tapsin%7c12&url=https%3a%2f%2fwww.farmaciasahumada.cl%2ftapsin-nocturno-caja-12-comp.displ.-40942.html&cfmid=cfm-000109,ahumada,A,MISSING_ACTIVE_INGREDIENT_VOCABULARY,token(s) con forma de molécula fuera de vocabulario: nocturno+displ,Tapsin Nocturno Caja 12 Comp.Displ.,tapsin,,,0,false,false,absent,comprimido,oral,comprimido,unresolved,ing+conc,false,tapsin,https://comparafarma-api.vercel.app/api/go?slug=ahumada&matchKey=tapsin%7C12&url=https%3A%2F%2Fwww.farmaciasahumada.cl%2Ftapsin-nocturno-caja-12-comp.displ.-40942.html&cfmId=CFM-000109
ecofarmacias|https://comparafarma-api.vercel.app/api/go?slug=ecofarmacias&matchkey=tapsin%7c12&url=https%3a%2f%2fwww.ecofarmacias.cl%2fproducto%2ftapsin-mujer%2f&cfmid=cfm-000109,ecofarmacias,A,MISSING_ACTIVE_INGREDIENT_VOCABULARY,token(s) con forma de molécula fuera de vocabulario: mujer+maver,Tapsin Mujer x12 comprimidos (Maver),tapsin,,,0,false,false,absent,comprimido,oral,comprimido,unresolved,ing+conc,false,tapsin,https://comparafarma-api.vercel.app/api/go?slug=ecofarmacias&matchKey=tapsin%7C12&url=https%3A%2F%2Fwww.ecofarmacias.cl%2Fproducto%2Ftapsin-mujer%2F&cfmId=CFM-000109
ecofarmacias|https://comparafarma-api.vercel.app/api/go?slug=ecofarmacias&matchkey=tapsin%7c10&url=https%3a%2f%2fwww.ecofarmacias.cl%2fproducto%2ftapsin-m-migrana-por10-comprimidos-maver%2f&cfmid=cfm-000855,ecofarmacias,A,MISSING_ACTIVE_INGREDIENT_VOCABULARY,token(s) con forma de molécula fuera de vocabulario: migrana+maver,Tapsin M Migraña por 10 comprimidos (Maver),tapsin,,,0,false,false,absent,comprimido,oral,comprimido,unresolved,ing+conc,false,tapsin,https://comparafarma-api.vercel.app/api/go?slug=ecofarmacias&matchKey=tapsin%7C10&url=https%3A%2F%2Fwww.ecofarmacias.cl%2Fproducto%2Ftapsin-m-migrana-por10-comprimidos-maver%2F&cfmId=CFM-000855
ahumada|https://comparafarma-api.vercel.app/api/go?slug=ahumada&matchkey=tapsin%7c10&url=https%3a%2f%2fwww.farmaciasahumada.cl%2ftapsin-m-x-10-comprimidos-recubiertos-83374.html&cfmid=cfm-000855,ahumada,C,BRAND_ONLY_NAME_NO_MOLECULE_IN_TEXT,"el nombre solo trae cabecera comercial, ninguna molécula escrita",Tapsin M x 10 Comprimidos Recubiertos,tapsin,,,0,false,false,absent,comprimido,oral,comprimido,unresolved,ing+conc,false,tapsin,https://comparafarma-api.vercel.app/api/go?slug=ahumada&matchKey=tapsin%7C10&url=https%3A%2F%2Fwww.farmaciasahumada.cl%2Ftapsin-m-x-10-comprimidos-recubiertos-83374.html&cfmId=CFM-000855
farmex|https://comparafarma-api.vercel.app/api/go?slug=farmex&matchkey=tapsin%7c12&url=https%3a%2f%2ffarmex.cl%2fproducts%2ftapsin-periodo-x-12-comprimidos%3f_pos%3d7%26_psq%3dtapsin%26_psid%3d4dae14247%26_ss%3de&cfmid=cfm-000109,farmex,A,MISSING_ACTIVE_INGREDIENT_VOCABULARY,token(s) con forma de molécula fuera de vocabulario: periodo,Tapsin Periodo x 12 comprimidos,tapsin,,,0,false,false,absent,comprimido,oral,comprimido,unresolved,ing+conc,false,tapsin,https://comparafarma-api.vercel.app/api/go?slug=farmex&matchKey=tapsin%7C12&url=https%3A%2F%2Ffarmex.cl%2Fproducts%2Ftapsin-periodo-x-12-comprimidos%3F_pos%3D7%26_psq%3Dtapsin%26_psid%3D4dae14247%26_ss%3De&cfmId=CFM-000109
farmex|https://comparafarma-api.vercel.app/api/go?slug=farmex&matchkey=tapsin%7c10&url=https%3a%2f%2ffarmex.cl%2fproducts%2ftapsin-m%3f_pos%3d4%26_psq%3dtapsin%26_psid%3d4dae14247%26_ss%3de&cfmid=cfm-000855,farmex,A,MISSING_ACTIVE_INGREDIENT_VOCABULARY,token(s) con forma de molécula fuera de vocabulario: migrana,Tapsin Migraña x 10 comprimidos,tapsin,,,0,false,false,absent,comprimido,oral,comprimido,unresolved,ing+conc,false,tapsin,https://comparafarma-api.vercel.app/api/go?slug=farmex&matchKey=tapsin%7C10&url=https%3A%2F%2Ffarmex.cl%2Fproducts%2Ftapsin-m%3F_pos%3D4%26_psq%3Dtapsin%26_psid%3D4dae14247%26_ss%3De&cfmId=CFM-000855
ahumada|https://comparafarma-api.vercel.app/api/go?slug=ahumada&matchkey=tapsin%7c12&url=https%3a%2f%2fwww.farmaciasahumada.cl%2ftapsin-periodo-x-12-comprimidos-65476.html&cfmid=cfm-000109,ahumada,A,MISSING_ACTIVE_INGREDIENT_VOCABULARY,token(s) con forma de molécula fuera de vocabulario: periodo,Tapsin Periodo x 12 Comprimidos,tapsin,,,0,false,false,absent,comprimido,oral,comprimido,unresolved,ing+conc,false,tapsin,https://comparafarma-api.vercel.app/api/go?slug=ahumada&matchKey=tapsin%7C12&url=https%3A%2F%2Fwww.farmaciasahumada.cl%2Ftapsin-periodo-x-12-comprimidos-65476.html&cfmId=CFM-000109
salcobrand|https://comparafarma-api.vercel.app/api/go?slug=salcobrand&matchkey=tapsin%7c12&url=https%3a%2f%2fsalcobrand.cl%2fproducts%2ftapsin-nocturno-b-paracetamol-12-comprimidos%3fdefault_sku%3d1990005&cfmid=cfm-000109,salcobrand,G,AMBIGUOUS_AGAINST_REGISTRY,"más de un concepto candidato en el registro, sin desempate",Tapsín Nocturno (B) Paracetamol 12 Comprimidos,,paracetamol,,1,false,true,absent,comprimido,oral,comprimido,ambiguous,conc,false,tapsin,https://comparafarma-api.vercel.app/api/go?slug=salcobrand&matchKey=tapsin%7C12&url=https%3A%2F%2Fsalcobrand.cl%2Fproducts%2Ftapsin-nocturno-b-paracetamol-12-comprimidos%3Fdefault_sku%3D1990005&cfmId=CFM-000109
salcobrand|https://comparafarma-api.vercel.app/api/go?slug=salcobrand&matchkey=tapsin%7c12&url=https%3a%2f%2fsalcobrand.cl%2fproducts%2ftapsin-periodo-b-paracetamol-12-comprimidos%3fdefault_sku%3d1990782&cfmid=cfm-000109,salcobrand,A,MISSING_ACTIVE_INGREDIENT_VOCABULARY,token(s) con forma de molécula fuera de vocabulario: periodo,Tapsin Periodo 12 Comprimidos,tapsin,,,0,false,false,absent,comprimido,oral,comprimido,unresolved,ing+conc,false,tapsin,https://comparafarma-api.vercel.app/api/go?slug=salcobrand&matchKey=tapsin%7C12&url=https%3A%2F%2Fsalcobrand.cl%2Fproducts%2Ftapsin-periodo-b-paracetamol-12-comprimidos%3Fdefault_sku%3D1990782&cfmId=CFM-000109
cruz-verde|https://comparafarma-api.vercel.app/api/go?slug=cruz-verde&matchkey=tapsin%7c25mg%7c12&url=https%3a%2f%2fwww.cruzverde.cl%2ftapsin-periodo-pamabrom-25-mg-12-comprimidos%2f259891.html&cfmid=cfm-001889,cruz-verde,A,MISSING_ACTIVE_INGREDIENT_VOCABULARY,token(s) con forma de molécula fuera de vocabulario: periodo+pamabrom,Tapsin Periodo Pamabrom 25 mg 12 Comprimidos,tapsin,,,0,false,false,mass-only,comprimido,oral,comprimido,unresolved,ing,true,tapsin,https://comparafarma-api.vercel.app/api/go?slug=cruz-verde&matchKey=tapsin%7C25mg%7C12&url=https%3A%2F%2Fwww.cruzverde.cl%2Ftapsin-periodo-pamabrom-25-mg-12-comprimidos%2F259891.html&cfmId=CFM-001889
farmex|https://comparafarma-api.vercel.app/api/go?slug=farmex&matchkey=tapsin%7c15ml%7c15&url=https%3a%2f%2ffarmex.cl%2fproducts%2ftapsin-infantil-gotas-100-mg-ml-x-15-ml%3f_pos%3d6%26_psq%3dtapsin%26_psid%3d4dae14247%26_ss%3de&cfmid=cfm-000050,farmex,C,BRAND_ONLY_NAME_NO_MOLECULE_IN_TEXT,"el nombre solo trae cabecera comercial, ninguna molécula escrita",Tapsin Infantil Gotas 100 mg / mL x 15 mL,tapsin,,,0,false,false,ratio,liquido-oral,oral,,unresolved,ing+unit,true,tapsin,https://comparafarma-api.vercel.app/api/go?slug=farmex&matchKey=tapsin%7C15ml%7C15&url=https%3A%2F%2Ffarmex.cl%2Fproducts%2Ftapsin-infantil-gotas-100-mg-ml-x-15-ml%3F_pos%3D6%26_psq%3Dtapsin%26_psid%3D4dae14247%26_ss%3De&cfmId=CFM-000050
ahumada|https://comparafarma-api.vercel.app/api/go?slug=ahumada&matchkey=tapsin%7c500mg%7c24&url=https%3a%2f%2fwww.farmaciasahumada.cl%2ftapsin-puro-sin-cafeina-500-mg-x-24-comprimidos-60770.html&cfmid=cfm-000003,ahumada,A,MISSING_ACTIVE_INGREDIENT_VOCABULARY,token(s) con forma de molécula fuera de vocabulario: puro,Tapsin Puro Sin Cafeina 500 mg x 24 Comprimidos,tapsin,,cafeina,0,false,false,mass-only,comprimido,oral,comprimido,unresolved,ing,true,tapsin,https://comparafarma-api.vercel.app/api/go?slug=ahumada&matchKey=tapsin%7C500mg%7C24&url=https%3A%2F%2Fwww.farmaciasahumada.cl%2Ftapsin-puro-sin-cafeina-500-mg-x-24-comprimidos-60770.html&cfmId=CFM-000003
ahumada|https://comparafarma-api.vercel.app/api/go?slug=ahumada&matchkey=tapsin%7c12&url=https%3a%2f%2fwww.farmaciasahumada.cl%2ftapsin-duo-x-12-comprimidos-recubiertos-92243.html&cfmid=cfm-000109,ahumada,C,BRAND_ONLY_NAME_NO_MOLECULE_IN_TEXT,"el nombre solo trae cabecera comercial, ninguna molécula escrita",Tapsin Duo x 12 Comprimidos Recubiertos,tapsin,,,0,false,false,absent,comprimido,oral,comprimido,unresolved,ing+conc,false,tapsin,https://comparafarma-api.vercel.app/api/go?slug=ahumada&matchKey=tapsin%7C12&url=https%3A%2F%2Fwww.farmaciasahumada.cl%2Ftapsin-duo-x-12-comprimidos-recubiertos-92243.html&cfmId=CFM-000109
ecofarmacias|https://comparafarma-api.vercel.app/api/go?slug=ecofarmacias&matchkey=tapsin%7c30&url=https%3a%2f%2fwww.ecofarmacias.cl%2fproducto%2ftapsin-periodo-x-30-comprimidos-maver%2f&cfmid=cfm-000102,ecofarmacias,A,MISSING_ACTIVE_INGREDIENT_VOCABULARY,token(s) con forma de molécula fuera de vocabulario: periodo+maver,Tapsin Periodo x 30 comprimidos (Maver),tapsin,,,0,false,false,absent,comprimido,oral,comprimido,unresolved,ing+conc,false,tapsin,https://comparafarma-api.vercel.app/api/go?slug=ecofarmacias&matchKey=tapsin%7C30&url=https%3A%2F%2Fwww.ecofarmacias.cl%2Fproducto%2Ftapsin-periodo-x-30-comprimidos-maver%2F&cfmId=CFM-000102
ecofarmacias|https://comparafarma-api.vercel.app/api/go?slug=ecofarmacias&matchkey=tapsin%7c20&url=https%3a%2f%2fwww.ecofarmacias.cl%2fproducto%2ftapsin-forte-x-20%2f&cfmid=cfm-000408,ecofarmacias,A,MISSING_ACTIVE_INGREDIENT_VOCABULARY,token(s) con forma de molécula fuera de vocabulario: maver,Tapsin Forte X 20 comprimidos (Maver),tapsin,,,0,false,false,absent,comprimido,oral,comprimido,unresolved,ing+conc,false,tapsin,https://comparafarma-api.vercel.app/api/go?slug=ecofarmacias&matchKey=tapsin%7C20&url=https%3A%2F%2Fwww.ecofarmacias.cl%2Fproducto%2Ftapsin-forte-x-20%2F&cfmId=CFM-000408
ahumada|https://comparafarma-api.vercel.app/api/go?slug=ahumada&matchkey=tapsin%7c20&url=https%3a%2f%2fwww.farmaciasahumada.cl%2ftapsin-forte-x-20-comprimidos-recubiertos-63630.html&cfmid=cfm-000408,ahumada,C,BRAND_ONLY_NAME_NO_MOLECULE_IN_TEXT,"el nombre solo trae cabecera comercial, ninguna molécula escrita",Tapsin Forte x 20 Comprimidos Recubiertos,tapsin,,,0,false,false,absent,comprimido,oral,comprimido,unresolved,ing+conc,false,tapsin,https://comparafarma-api.vercel.app/api/go?slug=ahumada&matchKey=tapsin%7C20&url=https%3A%2F%2Fwww.farmaciasahumada.cl%2Ftapsin-forte-x-20-comprimidos-recubiertos-63630.html&cfmId=CFM-000408
ecofarmacias|https://comparafarma-api.vercel.app/api/go?slug=ecofarmacias&matchkey=tapsin%7c30&url=https%3a%2f%2fwww.ecofarmacias.cl%2fproducto%2ftapsin-analgesico-x-30-comprimidos%2f&cfmid=cfm-000102,ecofarmacias,A,MISSING_ACTIVE_INGREDIENT_VOCABULARY,token(s) con forma de molécula fuera de vocabulario: analgesico+maver,Tapsin Analgésico x 30 comprimidos (Maver),tapsin,,,0,false,false,absent,comprimido,oral,comprimido,unresolved,ing+conc,false,tapsin,https://comparafarma-api.vercel.app/api/go?slug=ecofarmacias&matchKey=tapsin%7C30&url=https%3A%2F%2Fwww.ecofarmacias.cl%2Fproducto%2Ftapsin-analgesico-x-30-comprimidos%2F&cfmId=CFM-000102
farmex|https://comparafarma-api.vercel.app/api/go?slug=farmex&matchkey=tapsin%7cn%7c18&url=https%3a%2f%2ffarmex.cl%2fproducts%2ftapsin-instaflu-dia-y-noche-x-18-comp%3f_pos%3d8%26_psq%3dtapsin%26_psid%3d4dae14247%26_ss%3de&cfmid=cfm-000667,farmex,A,MISSING_ACTIVE_INGREDIENT_VOCABULARY,token(s) con forma de molécula fuera de vocabulario: instaflu,Tapsin InstaFlu Dia y Noche x 18 comprimidos,tapsin,,,0,false,false,absent,comprimido,oral,comprimido,unresolved,ing+conc,false,tapsin,https://comparafarma-api.vercel.app/api/go?slug=farmex&matchKey=tapsin%7Cn%7C18&url=https%3A%2F%2Ffarmex.cl%2Fproducts%2Ftapsin-instaflu-dia-y-noche-x-18-comp%3F_pos%3D8%26_psq%3Dtapsin%26_psid%3D4dae14247%26_ss%3De&cfmId=CFM-000667
salcobrand|https://comparafarma-api.vercel.app/api/go?slug=salcobrand&matchkey=tapsin%7c6&url=https%3a%2f%2fsalcobrand.cl%2fproducts%2ftapsin-instaflu-d-n-b-paracetamol-6-comprimidos%3fdefault_sku%3d590737&cfmid=cfm-000046,salcobrand,G,AMBIGUOUS_AGAINST_REGISTRY,"más de un concepto candidato en el registro, sin desempate",Tapsin Instaflu D/N (B) Paracetamol  6 Comprimidos,,paracetamol,,1,false,true,absent,comprimido,oral,comprimido,ambiguous,conc,false,tapsin,https://comparafarma-api.vercel.app/api/go?slug=salcobrand&matchKey=tapsin%7C6&url=https%3A%2F%2Fsalcobrand.cl%2Fproducts%2Ftapsin-instaflu-d-n-b-paracetamol-6-comprimidos%3Fdefault_sku%3D590737&cfmId=CFM-000046
ecofarmacias|https://comparafarma-api.vercel.app/api/go?slug=ecofarmacias&matchkey=tapsin%7c18&url=https%3a%2f%2fwww.ecofarmacias.cl%2fproducto%2ftapsin-dn-plus-x-18-comprimidos%2f&cfmid=cfm-000048,ecofarmacias,A,MISSING_ACTIVE_INGREDIENT_VOCABULARY,token(s) con forma de molécula fuera de vocabulario: compuesto,Tapsin DN Compuesto + Plus x 18 Comprimidos,tapsin,,,0,false,false,absent,comprimido,oral,comprimido,unresolved,ing+conc,false,tapsin,https://comparafarma-api.vercel.app/api/go?slug=ecofarmacias&matchKey=tapsin%7C18&url=https%3A%2F%2Fwww.ecofarmacias.cl%2Fproducto%2Ftapsin-dn-plus-x-18-comprimidos%2F&cfmId=CFM-000048
ahumada|https://comparafarma-api.vercel.app/api/go?slug=ahumada&matchkey=tapsin%7c15ml%7c15&url=https%3a%2f%2fwww.farmaciasahumada.cl%2ftapsin-100-mg-ml--x-15-ml-solucion-oral-para-gotas-19274.html&cfmid=cfm-000050,ahumada,C,BRAND_ONLY_NAME_NO_MOLECULE_IN_TEXT,"el nombre solo trae cabecera comercial, ninguna molécula escrita",Tapsin 100 mg/mL  x 15 mL Solución Oral Para Gotas,tapsin,,,0,false,false,ratio,liquido-oral,oral,,unresolved,ing+unit,true,tapsin,https://comparafarma-api.vercel.app/api/go?slug=ahumada&matchKey=tapsin%7C15ml%7C15&url=https%3A%2F%2Fwww.farmaciasahumada.cl%2Ftapsin-100-mg-ml--x-15-ml-solucion-oral-para-gotas-19274.html&cfmId=CFM-000050
ahumada|https://comparafarma-api.vercel.app/api/go?slug=ahumada&matchkey=tapsin%7c30&url=https%3a%2f%2fwww.farmaciasahumada.cl%2ftapsin-x-30-comprimidos-88013.html&cfmid=cfm-000102,ahumada,C,BRAND_ONLY_NAME_NO_MOLECULE_IN_TEXT,"el nombre solo trae cabecera comercial, ninguna molécula escrita",Tapsin x 30 Comprimidos,tapsin,,,0,false,false,absent,comprimido,oral,comprimido,unresolved,ing+conc,false,tapsin,https://comparafarma-api.vercel.app/api/go?slug=ahumada&matchKey=tapsin%7C30&url=https%3A%2F%2Fwww.farmaciasahumada.cl%2Ftapsin-x-30-comprimidos-88013.html&cfmId=CFM-000102
salcobrand|https://comparafarma-api.vercel.app/api/go?slug=salcobrand&matchkey=tapsin%7c18&url=https%3a%2f%2fsalcobrand.cl%2fproducts%2ftapsin-dn-plus-b-paracetamol-18-comprimidos-recubiertos%3fdefault_sku%3d1990216&cfmid=cfm-000048,salcobrand,G,AMBIGUOUS_AGAINST_REGISTRY,"más de un concepto candidato en el registro, sin desempate",Tapsín DN Plus (B) Paracetamol 18 Comprimidos Recubiertos,,paracetamol,,1,false,true,absent,comprimido,oral,comprimido,ambiguous,conc,false,tapsin,https://comparafarma-api.vercel.app/api/go?slug=salcobrand&matchKey=tapsin%7C18&url=https%3A%2F%2Fsalcobrand.cl%2Fproducts%2Ftapsin-dn-plus-b-paracetamol-18-comprimidos-recubiertos%3Fdefault_sku%3D1990216&cfmId=CFM-000048
ahumada|https://comparafarma-api.vercel.app/api/go?slug=ahumada&matchkey=tapsin%7cn%7c18&url=https%3a%2f%2fwww.farmaciasahumada.cl%2ftapsin-dia-noche-plus-antigripal-18-comprimidos-recubiertos-85868.html&cfmid=cfm-000667,ahumada,A,MISSING_ACTIVE_INGREDIENT_VOCABULARY,token(s) con forma de molécula fuera de vocabulario: antigripal,Tapsin Día Noche Plus Antigripal 18 Comprimidos Recubiertos,tapsin,,,0,false,false,absent,comprimido,oral,comprimido,unresolved,ing+conc,false,tapsin,https://comparafarma-api.vercel.app/api/go?slug=ahumada&matchKey=tapsin%7Cn%7C18&url=https%3A%2F%2Fwww.farmaciasahumada.cl%2Ftapsin-dia-noche-plus-antigripal-18-comprimidos-recubiertos-85868.html&cfmId=CFM-000667
ecofarmacias|https://comparafarma-api.vercel.app/api/go?slug=ecofarmacias&matchkey=tapsin%7c30&url=https%3a%2f%2fwww.ecofarmacias.cl%2fproducto%2ftapsin-m-migrana-x-30-comprimidos-maver%2f&cfmid=cfm-000102,ecofarmacias,A,MISSING_ACTIVE_INGREDIENT_VOCABULARY,token(s) con forma de molécula fuera de vocabulario: migrana+maver,Tapsin M Migraña X 30 Comprimidos (Maver),tapsin,,,0,false,false,absent,comprimido,oral,comprimido,unresolved,ing+conc,false,tapsin,https://comparafarma-api.vercel.app/api/go?slug=ecofarmacias&matchKey=tapsin%7C30&url=https%3A%2F%2Fwww.ecofarmacias.cl%2Fproducto%2Ftapsin-m-migrana-x-30-comprimidos-maver%2F&cfmId=CFM-000102
ahumada|https://comparafarma-api.vercel.app/api/go?slug=ahumada&matchkey=tapsin%7c30&url=https%3a%2f%2fwww.farmaciasahumada.cl%2ftapsin-m-30-cap-89354.html&cfmid=cfm-000102,ahumada,C,BRAND_ONLY_NAME_NO_MOLECULE_IN_TEXT,"el nombre solo trae cabecera comercial, ninguna molécula escrita",Tapsin M 30 Cap,tapsin,,,0,false,false,absent,capsula,oral,capsula,unresolved,ing+conc,false,tapsin,https://comparafarma-api.vercel.app/api/go?slug=ahumada&matchKey=tapsin%7C30&url=https%3A%2F%2Fwww.farmaciasahumada.cl%2Ftapsin-m-30-cap-89354.html&cfmId=CFM-000102
ahumada|https://comparafarma-api.vercel.app/api/go?slug=ahumada&matchkey=tapsin%7cn%7c6&url=https%3a%2f%2fwww.farmaciasahumada.cl%2ftapsin-instaflu-dia-noche-6-comprimidos-95020.html&cfmid=cfm-000847,ahumada,A,MISSING_ACTIVE_INGREDIENT_VOCABULARY,token(s) con forma de molécula fuera de vocabulario: instaflu,Tapsin Instaflu Día Noche 6 Comprimidos,tapsin,,,0,false,false,absent,comprimido,oral,comprimido,unresolved,ing+conc,false,tapsin,https://comparafarma-api.vercel.app/api/go?slug=ahumada&matchKey=tapsin%7Cn%7C6&url=https%3A%2F%2Fwww.farmaciasahumada.cl%2Ftapsin-instaflu-dia-noche-6-comprimidos-95020.html&cfmId=CFM-000847
ahumada|https://comparafarma-api.vercel.app/api/go?slug=ahumada&matchkey=tapsin%7c5000mg%7cn%7c6&url=https%3a%2f%2fwww.farmaciasahumada.cl%2ftapsin-compuesto-noche-5-g-6-sobres-polvo-para-solucion-oral-84865.html&cfmid=cfm-000600,ahumada,A,MISSING_ACTIVE_INGREDIENT_VOCABULARY,token(s) con forma de molécula fuera de vocabulario: compuesto,Tapsin Compuesto Noche 5 g 6 Sobres Polvo para Solución Oral,tapsin,,,0,false,false,mass-only,liquido-oral,oral,sobre,unresolved,ing,false,tapsin,https://comparafarma-api.vercel.app/api/go?slug=ahumada&matchKey=tapsin%7C5000mg%7Cn%7C6&url=https%3A%2F%2Fwww.farmaciasahumada.cl%2Ftapsin-compuesto-noche-5-g-6-sobres-polvo-para-solucion-oral-84865.html&cfmId=CFM-000600
ahumada|https://comparafarma-api.vercel.app/api/go?slug=ahumada&matchkey=tapsin%7c5000mg%7cd%7c6&url=https%3a%2f%2fwww.farmaciasahumada.cl%2ftapsin-compuesto-dia-5-g-x-6-sobres-polvo-para-solucion-oral-84866.html&cfmid=cfm-001890,ahumada,A,MISSING_ACTIVE_INGREDIENT_VOCABULARY,token(s) con forma de molécula fuera de vocabulario: compuesto,Tapsin Compuesto Dia 5 g x 6 Sobres Polvo Para Solución Oral,tapsin,,,0,false,false,mass-only,liquido-oral,oral,sobre,unresolved,ing,false,tapsin,https://comparafarma-api.vercel.app/api/go?slug=ahumada&matchKey=tapsin%7C5000mg%7Cd%7C6&url=https%3A%2F%2Fwww.farmaciasahumada.cl%2Ftapsin-compuesto-dia-5-g-x-6-sobres-polvo-para-solucion-oral-84866.html&cfmId=CFM-001890
salcobrand|https://comparafarma-api.vercel.app/api/go?slug=salcobrand&matchkey=tapsin%7cn%7c6&url=https%3a%2f%2fsalcobrand.cl%2fproducts%2ftapsin-limonada-noche-b-paracetamol-6-sobres%3fdefault_sku%3d1993124&cfmid=cfm-000847,salcobrand,D,CONCENTRATION_ABSENT,el nombre no declara concentración,Tapsín Limonada Noche (B) Paracetamol 6 Sobres,,paracetamol,,1,false,true,absent,liquido-oral,oral,sobre,unresolved,conc,false,tapsin,https://comparafarma-api.vercel.app/api/go?slug=salcobrand&matchKey=tapsin%7Cn%7C6&url=https%3A%2F%2Fsalcobrand.cl%2Fproducts%2Ftapsin-limonada-noche-b-paracetamol-6-sobres%3Fdefault_sku%3D1993124&cfmId=CFM-000847
salcobrand|https://comparafarma-api.vercel.app/api/go?slug=salcobrand&matchkey=tapsin%7cd%7c6&url=https%3a%2f%2fsalcobrand.cl%2fproducts%2ftapsin-limonada-b-paracetamol-dia-6-sobres%3fdefault_sku%3d1990181&cfmid=cfm-000851,salcobrand,D,CONCENTRATION_ABSENT,el nombre no declara concentración,Tapsín Limonada (B) Paracetamol Día 6 Sobres,,paracetamol,,1,false,true,absent,liquido-oral,oral,sobre,unresolved,conc,false,tapsin,https://comparafarma-api.vercel.app/api/go?slug=salcobrand&matchKey=tapsin%7Cd%7C6&url=https%3A%2F%2Fsalcobrand.cl%2Fproducts%2Ftapsin-limonada-b-paracetamol-dia-6-sobres%3Fdefault_sku%3D1990181&cfmId=CFM-000851
dr-simi|https://comparafarma-api.vercel.app/api/go?slug=dr-simi&matchkey=tapsin%7c18&url=https%3a%2f%2fwww.drsimi.cl%2ftapsininstaflu-dn-12-6-comprimidos%2fp&cfmid=cfm-000048,dr-simi,A,MISSING_ACTIVE_INGREDIENT_VOCABULARY,token(s) con forma de molécula fuera de vocabulario: instaflu,Tapsin instaFLU DN 18 comprimidos,tapsin,,,0,false,false,absent,comprimido,oral,comprimido,unresolved,ing+conc,false,tapsin,https://comparafarma-api.vercel.app/api/go?slug=dr-simi&matchKey=tapsin%7C18&url=https%3A%2F%2Fwww.drsimi.cl%2Ftapsininstaflu-dn-12-6-comprimidos%2Fp&cfmId=CFM-000048
dr-simi|https://comparafarma-api.vercel.app/api/go?slug=dr-simi&matchkey=tapsin%7c18&url=https%3a%2f%2fwww.drsimi.cl%2fparacet-nosc-cafe-ascor-dia-clorf-noche-ch6100-1%2fp&cfmid=cfm-000048,dr-simi,A,MISSING_ACTIVE_INGREDIENT_VOCABULARY,token(s) con forma de molécula fuera de vocabulario: compuesto,Tapsin compuesto DN plus 18 comprimidos recubiertos,tapsin,,,0,false,false,absent,comprimido,oral,comprimido,unresolved,ing+conc,false,tapsin,https://comparafarma-api.vercel.app/api/go?slug=dr-simi&matchKey=tapsin%7C18&url=https%3A%2F%2Fwww.drsimi.cl%2Fparacet-nosc-cafe-ascor-dia-clorf-noche-ch6100-1%2Fp&cfmId=CFM-000048
salcobrand|https://comparafarma-api.vercel.app/api/go?slug=salcobrand&matchkey=tapsin%7c30&url=https%3a%2f%2fsalcobrand.cl%2fproducts%2ftapsin-forte-b-paracetamol-frasco-30-comprimidos%3fdefault_sku%3d574818&cfmid=cfm-000102,salcobrand,G,AMBIGUOUS_AGAINST_REGISTRY,"más de un concepto candidato en el registro, sin desempate",Tapsin Forte (B) Paracetamol  Frasco 30 Comprimidos,,paracetamol,,1,false,true,absent,comprimido,oral,comprimido,ambiguous,conc,false,tapsin,https://comparafarma-api.vercel.app/api/go?slug=salcobrand&matchKey=tapsin%7C30&url=https%3A%2F%2Fsalcobrand.cl%2Fproducts%2Ftapsin-forte-b-paracetamol-frasco-30-comprimidos%3Fdefault_sku%3D574818&cfmId=CFM-000102
farmex|https://comparafarma-api.vercel.app/api/go?slug=farmex&matchkey=tapsin%7c1000mg%7c20&url=https%3a%2f%2ffarmex.cl%2fproducts%2ftapsin-sc-1-gr-x-20-comp%3f_pos%3d1%26_psq%3dtapsin%26_psid%3d4dae14247%26_ss%3de&cfmid=cfm-000006,farmex,C,BRAND_ONLY_NAME_NO_MOLECULE_IN_TEXT,"el nombre solo trae cabecera comercial, ninguna molécula escrita",Tapsin 1000 SC 1 g x 20 comprimidos,tapsin,,,0,false,false,mass-only,comprimido,oral,comprimido,unresolved,ing,true,tapsin,https://comparafarma-api.vercel.app/api/go?slug=farmex&matchKey=tapsin%7C1000mg%7C20&url=https%3A%2F%2Ffarmex.cl%2Fproducts%2Ftapsin-sc-1-gr-x-20-comp%3F_pos%3D1%26_psq%3Dtapsin%26_psid%3D4dae14247%26_ss%3De&cfmId=CFM-000006
ecofarmacias|https://comparafarma-api.vercel.app/api/go?slug=ecofarmacias&matchkey=tapsin%7c20&url=https%3a%2f%2fwww.ecofarmacias.cl%2fproducto%2ftapsin-sc-polvo-para-solucion-efervescente-paracetamol-1gr-x-20-sobres%2f&cfmid=cfm-000408,ecofarmacias,E,CONCENTRATION_MASS_ONLY_ON_NON_DISCRETE_FORM,"masa absoluta en forma liquido-oral, no es concentración completa",Tapsin SC Polvo Para Solución Efervescente Paracetamol 1gr X 20 Sobres,,paracetamol,,1,false,true,mass-only,liquido-oral,oral,sobre,unresolved,,false,tapsin,https://comparafarma-api.vercel.app/api/go?slug=ecofarmacias&matchKey=tapsin%7C20&url=https%3A%2F%2Fwww.ecofarmacias.cl%2Fproducto%2Ftapsin-sc-polvo-para-solucion-efervescente-paracetamol-1gr-x-20-sobres%2F&cfmId=CFM-000408
farmex|https://comparafarma-api.vercel.app/api/go?slug=farmex&matchkey=tapsin%7c1000mg%7c20&url=https%3a%2f%2ffarmex.cl%2fproducts%2ftapsin-efervecente-1-g-x-20-sobres%3f_pos%3d3%26_psq%3dtapsin%26_psid%3d4dae14247%26_ss%3de&cfmid=cfm-000006,farmex,A,MISSING_ACTIVE_INGREDIENT_VOCABULARY,token(s) con forma de molécula fuera de vocabulario: efervecente,Tapsin Efervecente 1 g x 20 sobres,tapsin,,,0,false,false,mass-only,liquido-oral,oral,sobre,unresolved,ing,false,tapsin,https://comparafarma-api.vercel.app/api/go?slug=farmex&matchKey=tapsin%7C1000mg%7C20&url=https%3A%2F%2Ffarmex.cl%2Fproducts%2Ftapsin-efervecente-1-g-x-20-sobres%3F_pos%3D3%26_psq%3Dtapsin%26_psid%3D4dae14247%26_ss%3De&cfmId=CFM-000006
salcobrand|https://comparafarma-api.vercel.app/api/go?slug=salcobrand&matchkey=tapsin%7c20&url=https%3a%2f%2fsalcobrand.cl%2fproducts%2ftapsin-sc-efervescente-b-paracetamol-20-sobres%3fdefault_sku%3d577402&cfmid=cfm-000408,salcobrand,D,CONCENTRATION_ABSENT,el nombre no declara concentración,Tapsin SC Efervescente (B) Paracetamol 20 Sobres,,paracetamol,,1,false,true,absent,liquido-oral,oral,sobre,unresolved,conc,false,tapsin,https://comparafarma-api.vercel.app/api/go?slug=salcobrand&matchKey=tapsin%7C20&url=https%3A%2F%2Fsalcobrand.cl%2Fproducts%2Ftapsin-sc-efervescente-b-paracetamol-20-sobres%3Fdefault_sku%3D577402&cfmId=CFM-000408
salcobrand|https://comparafarma-api.vercel.app/api/go?slug=salcobrand&matchkey=tapsi%7c18&url=https%3a%2f%2fsalcobrand.cl%2fproducts%2ftapsi-n-instaflu-dn-18-comprimidos%3fdefault_sku%3d574821&cfmid=cfm-001551,salcobrand,A,MISSING_ACTIVE_INGREDIENT_VOCABULARY,token(s) con forma de molécula fuera de vocabulario: instaflu,Tapsí­n Instaflu DN 18 Comprimidos,tapsi,,,0,false,false,absent,comprimido,oral,comprimido,unresolved,ing+conc,false,tapsin,https://comparafarma-api.vercel.app/api/go?slug=salcobrand&matchKey=tapsi%7C18&url=https%3A%2F%2Fsalcobrand.cl%2Fproducts%2Ftapsi-n-instaflu-dn-18-comprimidos%3Fdefault_sku%3D574821&cfmId=CFM-001551
ahumada|https://comparafarma-api.vercel.app/api/go?slug=ahumada&matchkey=tapsin%7c30&url=https%3a%2f%2fwww.farmaciasahumada.cl%2ftapsin-forte-x-30-comprimidos-recubiertos-88014.html&cfmid=cfm-000102,ahumada,C,BRAND_ONLY_NAME_NO_MOLECULE_IN_TEXT,"el nombre solo trae cabecera comercial, ninguna molécula escrita",Tapsin Forte x 30 Comprimidos Recubiertos,tapsin,,,0,false,false,absent,comprimido,oral,comprimido,unresolved,ing+conc,false,tapsin,https://comparafarma-api.vercel.app/api/go?slug=ahumada&matchKey=tapsin%7C30&url=https%3A%2F%2Fwww.farmaciasahumada.cl%2Ftapsin-forte-x-30-comprimidos-recubiertos-88014.html&cfmId=CFM-000102
salcobrand|https://comparafarma-api.vercel.app/api/go?slug=salcobrand&matchkey=tapsin%7c12&url=https%3a%2f%2fsalcobrand.cl%2fproducts%2ftapsin-instaflu-compuesto-plus-12-comprimidos%3fdefault_sku%3d595157&cfmid=cfm-000109,salcobrand,A,MISSING_ACTIVE_INGREDIENT_VOCABULARY,token(s) con forma de molécula fuera de vocabulario: instaflu+compuesto,Tapsin Instaflu Compuesto Plus 12 Comprimidos,tapsin,,,0,false,false,absent,comprimido,oral,comprimido,unresolved,ing+conc,false,tapsin,https://comparafarma-api.vercel.app/api/go?slug=salcobrand&matchKey=tapsin%7C12&url=https%3A%2F%2Fsalcobrand.cl%2Fproducts%2Ftapsin-instaflu-compuesto-plus-12-comprimidos%3Fdefault_sku%3D595157&cfmId=CFM-000109
cruz-verde|https://comparafarma-api.vercel.app/api/go?slug=cruz-verde&matchkey=tapsin%7c1000mg&url=https%3a%2f%2fwww.cruzverde.cl%2ftapsin-sc-paracetamol-1000-mg-polvo-para-soluc-oral-efervescente-1-sobre-sabor-limon%2f387700.html&cfmid=cfm-000848,cruz-verde,E,CONCENTRATION_MASS_ONLY_ON_NON_DISCRETE_FORM,"masa absoluta en forma liquido-oral, no es concentración completa",Tapsin SC Paracetamol 1000 mg Polvo para Soluc. Oral Efervescente 1 Sobre Sabor Limon,,paracetamol,,1,false,true,mass-only,liquido-oral,oral,sobre,unresolved,,false,tapsin,https://comparafarma-api.vercel.app/api/go?slug=cruz-verde&matchKey=tapsin%7C1000mg&url=https%3A%2F%2Fwww.cruzverde.cl%2Ftapsin-sc-paracetamol-1000-mg-polvo-para-soluc-oral-efervescente-1-sobre-sabor-limon%2F387700.html&cfmId=CFM-000848
salcobrand|https://comparafarma-api.vercel.app/api/go?slug=salcobrand&matchkey=tapsin%7c30&url=https%3a%2f%2fsalcobrand.cl%2fproducts%2ftapsin-m-30-comprimidos-recubiertos%3fdefault_sku%3d578147&cfmid=cfm-000102,salcobrand,C,BRAND_ONLY_NAME_NO_MOLECULE_IN_TEXT,"el nombre solo trae cabecera comercial, ninguna molécula escrita",Tapsín M 30 Comprimidos Recubiertos,tapsin,,,0,false,false,absent,comprimido,oral,comprimido,unresolved,ing+conc,false,tapsin,https://comparafarma-api.vercel.app/api/go?slug=salcobrand&matchKey=tapsin%7C30&url=https%3A%2F%2Fsalcobrand.cl%2Fproducts%2Ftapsin-m-30-comprimidos-recubiertos%3Fdefault_sku%3D578147&cfmId=CFM-000102
cruz-verde|https://comparafarma-api.vercel.app/api/go?slug=cruz-verde&matchkey=tapsin%7c100ml&url=https%3a%2f%2fwww.cruzverde.cl%2ftapsin-infantil-suspension-100ml%2f575404.html&cfmid=cfm-000081,cruz-verde,C,BRAND_ONLY_NAME_NO_MOLECULE_IN_TEXT,"el nombre solo trae cabecera comercial, ninguna molécula escrita",Tapsin  Infantil Suspensión  100Ml,tapsin,,,0,false,false,absent,liquido-oral,oral,,unresolved,ing+conc+unit,false,tapsin,https://comparafarma-api.vercel.app/api/go?slug=cruz-verde&matchKey=tapsin%7C100ml&url=https%3A%2F%2Fwww.cruzverde.cl%2Ftapsin-infantil-suspension-100ml%2F575404.html&cfmId=CFM-000081
ahumada|https://comparafarma-api.vercel.app/api/go?slug=ahumada&matchkey=tapsin%7c100ml&url=https%3a%2f%2fwww.farmaciasahumada.cl%2ftapsin-infantil-120-mg--5-ml-suspension-oral-sabor-frambuesa-100-ml-95294.html&cfmid=cfm-000081,ahumada,A,MISSING_ACTIVE_INGREDIENT_VOCABULARY,token(s) con forma de molécula fuera de vocabulario: sabor+frambuesa,Tapsin Infantil 120 mg/ 5 mL Suspensión Oral Sabor Frambuesa 100 mL,tapsin,,,0,false,false,ratio,liquido-oral,oral,,unresolved,ing+unit,true,tapsin,https://comparafarma-api.vercel.app/api/go?slug=ahumada&matchKey=tapsin%7C100ml&url=https%3A%2F%2Fwww.farmaciasahumada.cl%2Ftapsin-infantil-120-mg--5-ml-suspension-oral-sabor-frambuesa-100-ml-95294.html&cfmId=CFM-000081
ahumada|https://comparafarma-api.vercel.app/api/go?slug=ahumada&matchkey=tapsin%7c1000mg%7c20&url=https%3a%2f%2fwww.farmaciasahumada.cl%2ftapsin-1000-mg-sc-x-20-comprimidos-recubiertos-88629.html&cfmid=cfm-000006,ahumada,C,BRAND_ONLY_NAME_NO_MOLECULE_IN_TEXT,"el nombre solo trae cabecera comercial, ninguna molécula escrita",Tapsin 1000 mg SC x 20 Comprimidos Recubiertos,tapsin,,,0,false,false,mass-only,comprimido,oral,comprimido,unresolved,ing,true,tapsin,https://comparafarma-api.vercel.app/api/go?slug=ahumada&matchKey=tapsin%7C1000mg%7C20&url=https%3A%2F%2Fwww.farmaciasahumada.cl%2Ftapsin-1000-mg-sc-x-20-comprimidos-recubiertos-88629.html&cfmId=CFM-000006
