query,pharmacy,rawProductName,displayProductName,laboratory,activeIngredient,strength,quantity,unitCountKey,commercialVariantKey,dosageFormClass,combinationKey,matchKey,presentationKey,price,channel,stock,onlineUrl
ambroxol,araucomed,Tocalm Infantil 15mg/5ml jarabe 100 ml.,Tocalm Infantil 15mg/5ml jarabe 100 ml.,null,tocalm,15mg,null,null,infantil,fluid-oral,null,tocalm|100ml,tocalm|100ml|bio:unknown|brand:unknown|var:infantil|form:fluid-oral,790,store,false,https://farmacia.araucomed.com/mucoliticos-y-expectorantes/tocalm-infantil-15mg-5ml-jarabe-100ml
ambroxol,cruz-verde,Tocalm Pediatrico Ambroxol 15 mg/5mL Jarabe 100 mL,Tocalm Infantil 15mg/5ml jarabe 100 ml.,null,tocalm,15mg,null,null,infantil,fluid-oral,null,tocalm|100ml,tocalm|100ml|bio:unknown|brand:unknown|var:infantil|form:fluid-oral,4290,store,true,https://www.cruzverde.cl/tocalm-pediatrico-ambroxol-15-mg-5ml-jarabe-100-ml/111094.html
ambroxol,araucomed,Ambroxol 30mg/5ml jarabe adulto 100 ml. (Ascend),Ambroxol 30mg/5ml jarabe adulto 100 ml. (Ascend),Ascend,ambroxol,30mg,null,null,null,fluid-oral,null,ambroxol|100ml,ambroxol|100ml|bio:unknown|brand:ascend|form:fluid-oral,790,store,false,https://farmacia.araucomed.com/mucoliticos-y-expectorantes/ambroxol-30mg-5ml-jarabe-adulto-100-ml-ascend
ambroxol,araucomed,Ambroxol 30mg/5ml Jarabe Adulto 100ml (Andromaco),Ambroxol 30mg/5ml Jarabe Adulto 100ml (Andromaco),Andrómaco,ambroxol,30mg,null,null,null,fluid-oral,null,ambroxol|100ml,ambroxol|100ml|bio:unknown|brand:andromaco|form:fluid-oral,800,store,false,https://farmacia.araucomed.com/mucoliticos-y-expectorantes/ambroxol-30mg-5ml-jarabe-100ml-andromaco
ambroxol,araucomed,Ambroxol 15mg/5ml jarabe 100ml (Eurofarma),Ambroxol 15mg/5ml jarabe 100ml (Eurofarma),Eurofarma,ambroxol,15mg,null,null,null,fluid-oral,null,ambroxol|100ml,ambroxol|100ml|bio:unknown|brand:eurofarma|form:fluid-oral,900,store,false,https://farmacia.araucomed.com/mucoliticos-y-expectorantes/ambroxol-15mg-5ml-jarabe-100ml-eurofarma
ambroxol,ecofarmacias,Jarabe Ambroxol clorhidrato 30mg5ml 100ml (Hospifarma) DESCUENTO,Ambroxol 30mg/5ml Jarabe 100ml,null,ambroxol,100ml,null,null,null,fluid-oral,null,ambroxol|100ml,ambroxol|100ml|bio:unknown|brand:unknown|form:fluid-oral,990,store,false,https://www.ecofarmacias.cl/producto/jarabe-ambroxol-clorhidrato-30mg5ml-100ml-hospifarma-descuento/
ambroxol,sermecoop,Ambroxol 30mg/5ml Jarabe 100ml,Ambroxol 30mg/5ml Jarabe 100ml,null,ambroxol,30mg,null,null,null,fluid-oral,null,ambroxol|100ml,ambroxol|100ml|bio:unknown|brand:unknown|form:fluid-oral,2390,store,false,https://www.farmaciasermecoop.cl/index.php/online/detalleproducto?p_=1602&d_=1
ambroxol,ahumada,Ambroxol 30mg./5ml. Jarabe Fco. 100ml,Ambroxol 30mg/5ml Jarabe 100ml,null,ambroxol,30mg,null,null,null,fluid-oral,null,ambroxol|100ml,ambroxol|100ml|bio:unknown|brand:unknown|form:fluid-oral,3374,cmr,true,https://www.farmaciasahumada.cl/ambroxol-30mg.-5ml.-jarabe-fco.-100ml-84384.html
ambroxol,cruz-verde,Ambroxol 15 mg/5mL Jarabe 100 mL,Ambroxol 30mg/5ml Jarabe 100ml,null,ambroxol,15mg,null,null,null,fluid-oral,null,ambroxol|100ml,ambroxol|100ml|bio:unknown|brand:unknown|form:fluid-oral,5490,store,true,https://www.cruzverde.cl/ambroxol-15-mg-5ml-jarabe-100-ml/2224.html
ambroxol,ecofarmacias,Ambroxol clorhidrato 30mg 100ml Ascend DESCUENTO,Ambroxol clorhidrato 30mg 100ml Ascend DESCUENTO,null,ambroxol,30mg,null,null,null,null,null,ambroxol|100ml,ambroxol|100ml|bio:unknown|brand:unknown,1100,store,false,https://www.ecofarmacias.cl/producto/ambroxol-clorhidrato-30mg-100ml-ascend-descuento/
ambroxol,araucomed,Ambroxol 30mg/5ml Jarabe Adulto 100ml (Seven Pharma),Ambroxol 30mg/5ml Jarabe Adulto 100ml (Seven Pharma),Seven Pharma,ambroxol,30mg,null,null,null,fluid-oral,null,ambroxol|100ml,ambroxol|100ml|bio:unknown|brand:sevenpharma|form:fluid-oral,1200,store,false,https://farmacia.araucomed.com/mucoliticos-y-expectorantes/ambroxol-30mg-5ml-jarabe-adulto-100ml-seven-pharma
ambroxol,farmex,Ambroxol Jarabe Infantil 15 mg / 5 mL x 100 mL,Ambroxol Jarabe Infantil 15 mg / 5 mL x 100 mL,ANDROMACO,ambroxol,15mg,null,null,infantil,fluid-oral,null,ambroxol|100ml|100,ambroxol|100ml|100|bio:unknown|brand:andromaco|var:infantil|form:fluid-oral,1390,store,false,https://farmex.cl/products/ambroxol-jarabe-infantil-15-mg-5-ml-x-100-ml?_pos=8&_psq=ambroxol&_psid=373877236&_ss=e
ambroxol,araucomed,Ambroxol 15mg/5ml jarabe infantil x 100 ml. (Ascend),Ambroxol 15mg/5ml jarabe infantil x 100 ml. (Ascend),Ascend,ambroxol,15mg,null,null,null,fluid-oral,null,ambroxol|100ml|100,ambroxol|100ml|100|bio:unknown|brand:ascend|form:fluid-oral,1490,store,true,https://farmacia.araucomed.com/mucoliticos-y-expectorantes/ambroxol-15mg-5ml-jarabe-infantil-x-100-ml-ascend
ambroxol,araucomed,Ambroxol 30mg/5ml Jarabe Adulto x 100 ml. (Hospifarma),Ambroxol 30mg/5ml Jarabe Adulto x 100 ml. (Hospifarma),Hospifarma,ambroxol,30mg,null,null,null,fluid-oral,null,ambroxol|100ml|100,ambroxol|100ml|100|bio:unknown|brand:hospifarma|form:fluid-oral,1490,store,false,https://farmacia.araucomed.com/mucoliticos-y-expectorantes/ambroxol-30mg-5ml-jarabe-120-ml-hospifarma
ambroxol,farmex,Ambroxol Jarabe Adultos 30 mg / 5 mL x 100 mL,Ambroxol Jarabe Adultos 30 mg / 5 mL x 100 mL,ANDROMACO,ambroxol,30mg,null,null,null,fluid-oral,null,ambroxol|100ml|100,ambroxol|100ml|100|bio:unknown|brand:andromaco|form:fluid-oral,1690,store,false,https://farmex.cl/products/ambroxol-jarabe-adultos-30-mg-5-ml-x-100-ml?_pos=6&_psq=ambroxol&_psid=373877236&_ss=e
ambroxol,ecofarmacias,Ambroxol Infantil 100ml (Andromaco),Ambroxol Infantil 100ml (Andromaco),null,ambroxol,100ml,null,null,infantil,null,null,ambroxol|100ml,ambroxol|100ml|bio:unknown|brand:unknown|var:infantil,1890,store,false,https://www.ecofarmacias.cl/producto/ambroxol-infantil-100ml/
ambroxol,araucomed,Ambroxol 15mg/5ml jarabe infantil x 100 ml. (Mintlab),Ambroxol 15mg/5ml jarabe infantil x 100 ml. (Mintlab),Mintlab,ambroxol,15mg,null,null,null,fluid-oral,null,ambroxol|100ml|100,ambroxol|100ml|100|bio:unknown|brand:mintlab|form:fluid-oral,1990,store,false,https://farmacia.araucomed.com/mucoliticos-y-expectorantes/ambroxol-15mg-5ml-jarabe-100ml-mintlab
ambroxol,araucomed,Ambroxol 30mg/5ml Jarabe Adulto 100 ml. (Mintlab),Ambroxol 30mg/5ml Jarabe Adulto 100 ml. (Mintlab),Mintlab,ambroxol,30mg,null,null,null,fluid-oral,null,ambroxol|100ml,ambroxol|100ml|bio:unknown|brand:mintlab|form:fluid-oral,1990,store,false,https://farmacia.araucomed.com/mucoliticos-y-expectorantes/ambroxol-30mg-5ml-jarabe-100ml-mintlab
ambroxol,araucomed,Ambroxol 30mg/5ml Jarabe Adulto 100ml (Opko),Ambroxol 30mg/5ml Jarabe Adulto 100ml (Opko),Opko,ambroxol,30mg,null,null,null,fluid-oral,null,ambroxol|100ml,ambroxol|100ml|bio:unknown|brand:opko|form:fluid-oral,1990,store,false,https://farmacia.araucomed.com/mucoliticos-y-expectorantes/ambroxol-30mg-5ml-jarabe-100ml-opko
ambroxol,araucomed,Mintamox Adulto 30mg/5ml jarabe 100ml,Mintamox Adulto 30mg/5ml jarabe 100ml,Mintlab,mintamox,30mg,null,null,null,fluid-oral,null,mintamox|100ml,mintamox|100ml|bio:unknown|brand:mintlab|form:fluid-oral,2490,store,false,https://farmacia.araucomed.com/mucoliticos-y-expectorantes/mintamox-adulto-30mg-5ml-jarabe-100ml
ambroxol,araucomed,Mintamox Infantil 15mg/5ml jarabe 100ml,Mintamox Infantil 15mg/5ml jarabe 100ml,Mintlab,mintamox,15mg,null,null,infantil,fluid-oral,null,mintamox|100ml,mintamox|100ml|bio:unknown|brand:mintlab|var:infantil|form:fluid-oral,2490,store,false,https://farmacia.araucomed.com/mucoliticos-y-expectorantes/mintamox-infantil-15mg-5ml-jarabe-100ml
ambroxol,ecofarmacias,Tocalm Ambroxol Jarabe Adulto 100 mL (Prater),Tocalm Ambroxol Jarabe Adulto 100 mL (Prater),null,tocalm,100ml,null,null,ambroxol,fluid-oral,null,tocalm|100ml,tocalm|100ml|bio:unknown|brand:unknown|var:ambroxol|form:fluid-oral,2980,store,false,https://www.ecofarmacias.cl/producto/tocalm-ambroxol-jarabe-adulto-100-ml-prater/
ambroxol,cruz-verde,Tocalm Adulto Ambroxol 30 mg/5mL Jarabe 100 mL,Tocalm Ambroxol Jarabe Adulto 100 mL (Prater),null,tocalm,30mg,null,null,ambroxol,fluid-oral,null,tocalm|100ml,tocalm|100ml|bio:unknown|brand:unknown|var:ambroxol|form:fluid-oral,3990,store,true,https://www.cruzverde.cl/tocalm-adulto-ambroxol-30-mg-5ml-jarabe-100-ml/111093.html
ambroxol,araucomed,Tocalm Adulto 30mg/5ml jarabe 100 ml.,Tocalm Adulto 30mg/5ml jarabe 100 ml.,null,tocalm,30mg,null,null,null,fluid-oral,null,tocalm|100ml,tocalm|100ml|bio:unknown|brand:unknown|form:fluid-oral,2990,store,false,https://farmacia.araucomed.com/mucoliticos-y-expectorantes/tocalm-adulto-30mg-5ml-jarabe-100ml
ambroxol,ecofarmacias,Pazbronq Ambroxol Clorhidrato 30 Mg/ 5 Ml Jarabe 100 Ml,Pazbronq Ambroxol Clorhidrato 30 Mg/ 5 Ml Jarabe 100 Ml,null,pazbronq,30mg,null,null,ambroxol,fluid-oral,null,pazbronq|100ml,pazbronq|100ml|bio:unknown|brand:unknown|var:ambroxol|form:fluid-oral,2990,store,false,https://www.ecofarmacias.cl/producto/pazbronq-ambroxol-clorhidrato-30-mg-5-ml-jarabe-100-ml/
ambroxol,easyfarma,Ambroxol Pediatrico 15mg/5...,Ambroxol Pediatrico 15mg/5...,null,ambroxol,15mg,null,null,infantil,null,null,ambroxol|15mg,ambroxol|15mg|bio:unknown|brand:ascend|var:infantil,2990,store,true,https://nuevo.easyfarma.cl/105165-ambroxol-pediatrico-15mg-5-ml-100-ml-ascend.html
ambroxol,easyfarma,Amrodil 30 Mg/5ml 100 Ml,Amrodil 30 Mg/5ml 100 Ml,null,amrodil,30mg,null,null,null,null,null,amrodil|100ml,amrodil|100ml|bio:unknown|brand:unknown,2990,store,true,https://nuevo.easyfarma.cl/105664-amrodil-30-mg-5ml-100-ml.html
ambroxol,salcobrand,Ambroxol 30mg/5ml Jarabe 100ml,Ambroxol 30mg/5ml Jarabe 100ml,Ambroxol,ambroxol,30mg,null,null,null,fluid-oral,null,ambroxol|100ml,ambroxol|100ml|bio:unknown|brand:ambroxol|form:fluid-oral,3255,online,true,https://salcobrand.cl/products/ambroxol-30mg-5ml-jaraabe-100ml?default_sku=1763358
ambroxol,ahumada,Tocalm Adulto 30 mg/5 mL x 100 mL Jarabe,Tocalm Adulto 30 mg/5 mL x 100 mL Jarabe,null,tocalm,30mg,null,null,null,fluid-oral,null,tocalm|100ml|100,tocalm|100ml|100|bio:true|brand:unknown|form:fluid-oral,3292,cmr,true,https://www.farmaciasahumada.cl/tocalm-adulto-30-mg-5-ml-x-100-ml-jarabe-47395.html
ambroxol,dr-simi,Tocalm ambroxol 15 mg/5 mL jarabe pediátrico 100 mL,Tocalm ambroxol 15 mg/5 mL jarabe pediátrico 100 mL,PRATER,tocalm,15mg,null,null,ambroxol,fluid-oral,null,tocalm|100ml,tocalm|100ml|bio:true|brand:prater|var:ambroxol|form:fluid-oral,3400,store,true,https://www.drsimi.cl/tocalm-15-mg-5ml-jarabe-infantil-100-ml/p
ambroxol,araucomed,Muxol Pediátrico 15mg/5ml jarabe x 100 ml.,Muxol Pediátrico 15mg/5ml jarabe x 100 ml.,null,muxol,15mg,null,null,infantil,fluid-oral,null,muxol|100ml|100,muxol|100ml|100|bio:unknown|brand:unknown|var:infantil|form:fluid-oral,3490,store,true,https://farmacia.araucomed.com/mucoliticos-y-expectorantes/muxol-pediatrico-15mg-5ml-jarabe-100ml
ambroxol,cruz-verde,Mintamox Pediatrico Ambroxol 15 mg/5mL Jarabe 100 mL,Mintamox Pediatrico Ambroxol 15 mg/5mL Jarabe 100 mL,null,mintamox,15mg,null,null,infantil,fluid-oral,null,mintamox|100ml,mintamox|100ml|bio:unknown|brand:unknown|var:infantil|form:fluid-oral,3690,store,true,https://www.cruzverde.cl/mintamox-pediatrico-ambroxol-15-mg-5ml-jarabe-100-ml/193055.html
ambroxol,ahumada,Tocalm Pediatrico 15 mg/5 mL x 100 mL Jarabe,Tocalm Pediatrico 15 mg/5 mL x 100 mL Jarabe,null,tocalm,15mg,null,null,infantil,fluid-oral,null,tocalm|100ml|100,tocalm|100ml|100|bio:true|brand:unknown|var:infantil|form:fluid-oral,3787,cmr,true,https://www.farmaciasahumada.cl/tocalm-pediatrico-15-mg-5-ml-x-100-ml-jarabe-47393.html
ambroxol,cruz-verde,Mintamox Adulto Ambroxol 30 mg / 5 mL Jarabe 100 mL,Mintamox Adulto Ambroxol 30 mg / 5 mL Jarabe 100 mL,null,mintamox,30mg,null,null,ambroxol,fluid-oral,null,mintamox|100ml,mintamox|100ml|bio:unknown|brand:unknown|var:ambroxol|form:fluid-oral,3790,store,true,https://www.cruzverde.cl/mintamox-adulto-ambroxol-30-mg-5-ml-jarabe-100-ml/193049.html
ambroxol,salcobrand,Muxol Adulto Ambroxol Jarabe 100ml,Muxol Adulto Ambroxol Jarabe 100ml,Muxol,muxol,100ml,null,null,ambroxol,fluid-oral,null,muxol|100ml,muxol|100ml|bio:unknown|brand:muxol|var:ambroxol|form:fluid-oral,3921,sbpay,true,https://salcobrand.cl/products/muxol-adulto-ambroxol-jarabe-100ml?default_sku=2979230
ambroxol,araucomed,Muxol Adulto 30mg/5ml jarabe 100ml,Muxol Adulto 30mg/5ml jarabe 100ml,null,muxol,30mg,null,null,null,fluid-oral,null,muxol|100ml,muxol|100ml|bio:unknown|brand:unknown|form:fluid-oral,3990,store,true,https://farmacia.araucomed.com/mucoliticos-y-expectorantes/muxol-adulto-30mg-5ml-jarabe-100ml
ambroxol,sermecoop,Muxol (ambroxol) 15mg/5ml Jarabe 100ml,Muxol Adulto 30mg/5ml jarabe 100ml,null,muxol,15mg,null,null,null,fluid-oral,null,muxol|100ml,muxol|100ml|bio:unknown|brand:unknown|form:fluid-oral,4890,store,true,https://www.farmaciasermecoop.cl/index.php/online/detalleproducto?p_=16812&d_=1
ambroxol,cruz-verde,Muxol Jarabe Adulto Ambroxol 600 mg / 100 ml,Muxol Jarabe Adulto Ambroxol 600 mg / 100 ml,null,muxol,600mg,null,null,ambroxol,fluid-oral,null,muxol|100ml,muxol|100ml|bio:unknown|brand:unknown|var:ambroxol|form:fluid-oral,4590,store,true,https://www.cruzverde.cl/muxol-jarabe-adulto-ambroxol-600-mg-100-ml/6179.html
ambroxol,ahumada,MUXOL JARABE ADULTO Ambroxol Clorhidrato 600 mg 100 ml,MUXOL JARABE ADULTO Ambroxol Clorhidrato 600 mg 100 ml,null,muxol,600mg,null,null,ambroxol,fluid-oral,null,muxol|100ml,muxol|100ml|bio:true|brand:unknown|var:ambroxol|form:fluid-oral,4590,store,true,https://www.farmaciasahumada.cl/muxol-jarabe-adulto-ambroxol-clorhidrato-600-mg-100-ml-9257.html
ambroxol,araucomed,Broncot 15mg/5ml Jarabe x 120 ml.,Broncot 15mg/5ml Jarabe x 120 ml.,null,broncot,15mg,null,null,null,fluid-oral,null,broncot|120ml|120,broncot|120ml|120|bio:unknown|brand:unknown|form:fluid-oral,4990,store,true,https://farmacia.araucomed.com/mucoliticos-y-expectorantes/broncot-gft-15mg-5ml-sin-azucar-120ml
ambroxol,farmex,Muxol Jarabe adulto Ambroxol 30 mg / 5 mL x 100 mL,Muxol Jarabe adulto Ambroxol 30 mg / 5 mL x 100 mL,EUROLAB,muxol,30mg,null,null,ambroxol,fluid-oral,null,muxol|100ml|100,muxol|100ml|100|bio:unknown|brand:eurolab|var:ambroxol|form:fluid-oral,5190,store,true,https://farmex.cl/products/muxol-jarabe-adulto-ambroxol?_pos=1&_psq=ambroxol&_psid=373877236&_ss=e
ambroxol,easyfarma,Muxol Adulto Jarabe...,Muxol Adulto Jarabe...,null,muxol,null,null,null,null,fluid-oral,null,muxol,muxol|bio:unknown|brand:unknown|form:fluid-oral,5490,store,true,https://nuevo.easyfarma.cl/25414-muxol-adulto-jarabe-x-100ml.html
ambroxol,easyfarma,Muxol Pediatrico Jarabe x...,Muxol Pediatrico Jarabe x...,null,muxol,null,null,null,infantil,fluid-oral,null,muxol,muxol|bio:unknown|brand:unknown|var:infantil|form:fluid-oral,5490,store,true,https://nuevo.easyfarma.cl/25413-muxol-pediatrico-jarabe-x-100ml.html
ambroxol,salcobrand,Muxol Pediátrico Ambroxol Jarabe 100ml,Muxol Pediátrico Ambroxol Jarabe 100ml,Muxol Pediatrico,muxol,100ml,null,null,infantil,fluid-oral,null,muxol|100ml,muxol|100ml|bio:unknown|brand:muxolpediatrico|var:infantil|form:fluid-oral,5829,sbpay,true,https://salcobrand.cl/products/muxol-pediatrico-ambroxol-jarabe-100ml?default_sku=2979220
ambroxol,araucomed,Broncot Forte 30mg/5ml sin azucar 120 ml.,Broncot Forte 30mg/5ml sin azucar 120 ml.,null,broncot,30mg,null,null,forte,null,null,broncot|120ml,broncot|120ml|bio:unknown|brand:unknown|var:forte,5990,store,true,https://farmacia.araucomed.com/mucoliticos-y-expectorantes/broncot-gft-forte-30mg-5ml-sin-azucar-120ml
ambroxol,cruz-verde,Muxol Jarabe Pediátrico Ambroxol 300 mg / 100 ml,Muxol Jarabe Pediátrico Ambroxol 300 mg / 100 ml,null,muxol,300mg,null,null,infantil,fluid-oral,null,muxol|100ml,muxol|100ml|bio:unknown|brand:unknown|var:infantil|form:fluid-oral,6190,store,true,https://www.cruzverde.cl/muxol-jarabe-pediatrico-ambroxol-300-mg-100-ml/6178.html
ambroxol,ahumada,Muxol Jarabe Pediátrico Ambroxol Clorhidrato 300 mg 100 ml,Muxol Jarabe Pediátrico Ambroxol Clorhidrato 300 mg 100 ml,null,muxol,300mg,null,null,infantil,fluid-oral,null,muxol|100ml,muxol|100ml|bio:true|brand:unknown|var:infantil|form:fluid-oral,6190,store,true,https://www.farmaciasahumada.cl/muxol-jarabe-pediatrico-ambroxol-clorhidrato-300-mg-100-ml-9166.html
ambroxol,araucomed,"Broncot 7,5mg/ml gotas x 30 ml.","Broncot 7,5mg/ml gotas x 30 ml.",null,broncot,7.5mg,null,null,null,fluid-oral,null,broncot|30ml|30,broncot|30ml|30|bio:unknown|brand:unknown|form:fluid-oral,6490,store,false,https://farmacia.araucomed.com/mucoliticos-y-expectorantes/broncot-75mg-ml-gotas-30ml
ambroxol,ahumada,Broncot Fte G.F.T. S/Azu. 30mg/5ml 120ml,Broncot Fte G.F.T. S/Azu. 30mg/5ml 120ml,null,broncot,30mg,null,null,fte,null,null,broncot|120ml,broncot|120ml|bio:unknown|brand:unknown|var:fte,7807,cmr,true,https://www.farmaciasahumada.cl/broncot-fte-g.f.t.-s-azu.-30mg-5ml-120ml-50483.html
ambroxol,easyfarma,"Broncot Gotas 7,5 mg/ml x...","Broncot Gotas 7,5 mg/ml x...",null,broncot,7.5mg,null,null,null,fluid-oral,null,broncot|7.5mg,broncot|7.5mg|bio:unknown|brand:unknown|form:fluid-oral,7990,store,true,https://nuevo.easyfarma.cl/26341-broncot-gotas-x-30ml.html
ambroxol,salcobrand,Broncot Ambroxol 30mg/5ml 120ml,Broncot Ambroxol 30mg/5ml 120ml,Broncot,broncot,30mg,null,null,ambroxol,null,null,broncot|120ml,broncot|120ml|bio:unknown|brand:broncot|var:ambroxol,8095,online,true,https://salcobrand.cl/products/broncot-ambroxol-30mg-5ml-120ml?default_sku=2830326
ambroxol,cruz-verde,Mucosolvan-Dual Infantil 120Ml,Mucosolvan-Dual Infantil 120Ml,null,mucosolvandual,120ml,null,null,infantil,null,null,mucosolvandual|120ml,mucosolvandual|120ml|bio:unknown|brand:unknown|var:infantil,8290,store,false,https://www.cruzverde.cl/mucosolvan-dual-infantil-120ml/65002.html
ambroxol,easyfarma,Broncot Pediatrico GFT...,Broncot Pediatrico GFT...,null,broncot,null,null,null,infantil,null,null,broncot,broncot|bio:unknown|brand:unknown|var:infantil,8990,store,true,https://nuevo.easyfarma.cl/24773-broncot-gft-jarabe.html
ambroxol,ahumada,Broncot GFT 15 mg/5 mL x 120 mL Jarabe,Broncot GFT 15 mg/5 mL x 120 mL Jarabe,null,broncot,15mg,null,null,gft,fluid-oral,null,broncot|120ml|120,broncot|120ml|120|bio:unknown|brand:unknown|var:gft|form:fluid-oral,9427,cmr,true,https://www.farmaciasahumada.cl/broncot-gft-15-mg-5-ml-x-120-ml-jarabe-50485.html
ambroxol,salcobrand,Muxol Ambroxol 20 Comprimidos,Muxol Ambroxol 20 Comprimidos,Muxol,muxol,null,20,20,ambroxol,solid-oral,null,muxol|20,muxol|20|bio:unknown|brand:muxol|var:ambroxol|form:solid-oral,10031,online,true,https://salcobrand.cl/products/muxol-ambroxol-20-comprimidos?default_sku=2979200
ambroxol,cruz-verde,Muxol Ambroxol 30 mg 20 Comprimidos,Muxol Ambroxol 30 mg 20 Comprimidos,null,muxol,30mg,20,20,ambroxol,solid-oral,null,muxol|30mg|20,muxol|30mg|20|bio:unknown|brand:unknown|var:ambroxol|form:solid-oral,11190,store,true,https://www.cruzverde.cl/muxol-ambroxol-30-mg-20-comprimidos/6176.html
ambroxol,ahumada,Broncot 7.5 mg/ml Gotas Fco. 30ml,Broncot 7.5 mg/ml Gotas Fco. 30ml,null,broncot,7.5mg,null,null,null,fluid-oral,null,broncot|30ml,broncot|30ml|bio:unknown|brand:unknown|form:fluid-oral,13402,cmr,true,https://www.farmaciasahumada.cl/broncot-7.5-mg-ml-gotas-fco.-30ml-4499.html
ambroxol,cruz-verde,Broncot GFT Pediatrico Ambroxol 15 mg/5mL Jarabe 120 mL,Broncot GFT Pediatrico Ambroxol 15 mg/5mL Jarabe 120 mL,null,broncot,15mg,null,null,gft,fluid-oral,null,broncot|120ml,broncot|120ml|bio:unknown|brand:unknown|var:gft|form:fluid-oral,13540,store,true,https://www.cruzverde.cl/broncot-gft-pediatrico-ambroxol-15-mg-5ml-jarabe-120-ml/256478.html
ambroxol,salcobrand,Broncot Ambroxol Clorhidrato 7.5mg/ml Gotas 30ml,Broncot Ambroxol Clorhidrato 7.5mg/ml Gotas 30ml,Broncot,broncot,7.5mg,null,null,ambroxol,fluid-oral,null,broncot|30ml,broncot|30ml|bio:unknown|brand:broncot|var:ambroxol|form:fluid-oral,15311,online,true,https://salcobrand.cl/products/broncot-ambroxol-clorhidrato-7-5mg-ml-gotas-30ml?default_sku=2836255
ambroxol,cruz-verde,"Broncot Ambroxol 7,5 mg/mL Gotas 30 mL","Broncot Ambroxol 7,5 mg/mL Gotas 30 mL",null,broncot,7.5mg,null,null,ambroxol,fluid-oral,null,broncot|30ml,broncot|30ml|bio:unknown|brand:unknown|var:ambroxol|form:fluid-oral,16990,store,true,https://www.cruzverde.cl/broncot-ambroxol-7-5-mg-ml-gotas-30-ml/4081.html
amoxicilina suspension,sermecoop,Amoxicilina 250 Mg/5 Ml Jarabe X 60 Ml,Amoxicilina 250 Mg/5 Ml Jarabe X 60 Ml,null,amoxicilina,250mg,null,null,null,fluid-oral,null,amoxicilina|60ml|60,amoxicilina|60ml|60|bio:unknown|brand:unknown|form:fluid-oral,1390,store,false,https://www.farmaciasermecoop.cl/index.php/online/detalleproducto?p_=19997&d_=1
amoxicilina suspension,sermecoop,Amoxicilina 250mg/5ml Suspensión Oral 60ml,Amoxicilina 250mg/5ml Jarabe 60ml,Amoxicilina,amoxicilina,250mg,null,null,null,fluid-oral,null,amoxicilina|60ml,amoxicilina|60ml|bio:unknown|brand:unknown|form:fluid-oral,1590,store,false,https://www.farmaciasermecoop.cl/index.php/online/detalleproducto?p_=1713&d_=1
amoxicilina suspension,ahumada,Amoxicilina 250 mg/5 mL susp. Frasco 60 mL,Amoxicilina 250mg/5ml Jarabe 60ml,Amoxicilina,amoxicilina,250mg,null,null,null,fluid-oral,null,amoxicilina|60ml,amoxicilina|60ml|bio:unknown|brand:unknown|form:fluid-oral,2022,store,true,https://www.farmaciasahumada.cl/amoxicilina-250-mg-5-ml-susp.-frasco-60-ml-94434.html
amoxicilina suspension,salcobrand,Amoxicilina 250mg/5ml Jarabe 60ml,Amoxicilina 250mg/5ml Jarabe 60ml,Amoxicilina,amoxicilina,250mg,null,null,null,fluid-oral,null,amoxicilina|60ml,amoxicilina|60ml|bio:unknown|brand:unknown|form:fluid-oral,2815,online,true,https://salcobrand.cl/products/amoxicilina-250mg-5ml-jarabe-60ml?default_sku=590259
amoxicilina suspension,cruz-verde,Amoxicilina 250 mg/5mL Jarabe 60 mL,Amoxicilina 250mg/5ml Jarabe 60ml,Amoxicilina,amoxicilina,250mg,null,null,null,fluid-oral,null,amoxicilina|60ml,amoxicilina|60ml|bio:unknown|brand:unknown|form:fluid-oral,3290,store,true,https://www.cruzverde.cl/amoxicilina-250-mg-5ml-jarabe-60-ml/199013.html
amoxicilina suspension,dr-simi,Amoxicilina 250 mg/5 mL polvo para suspensión oral 60 mL,Amoxicilina 250 mg/5 mL polvo para suspensión oral 60 mL,HOSPIFARMA,amoxicilina,250mg,null,null,null,fluid-oral,null,amoxicilina|60ml,amoxicilina|60ml|bio:false|brand:hospifarma|form:fluid-oral,2200,store,true,https://www.drsimi.cl/amoxicilina-250-mg-5ml-suspension-60-ml/p
amoxicilina suspension,dr-simi,Amoxicilina 500 mg/5 mL polvo para suspensión oral 60 mL,Amoxicilina 500 mg/5 mL polvo para suspensión oral 60 mL,OPKO,amoxicilina,500mg,null,null,null,fluid-oral,null,amoxicilina|60ml,amoxicilina|60ml|bio:false|brand:opko|form:fluid-oral,2400,store,true,https://www.drsimi.cl/amoxicilina-500-mg-5ml-suspension-60-ml/p
amoxicilina suspension,ecofarmacias,"Amoxicilina / Ácido Clavulánico 250/62,5 Polvo Para Suspensión Oral","Amoxicilina / Ácido Clavulánico 250/62,5 Polvo Para Suspensión Oral",null,amoxicilina,null,null,null,null,fluid-oral,acido,amoxicilina,amoxicilina|bio:unknown|brand:unknown|combo:acido|form:fluid-oral,2690,store,false,https://www.ecofarmacias.cl/producto/amoxicilina-acido-clavulanico-250-625-polvo-para-suspension-oral/
amoxicilina suspension,ecofarmacias,Amoxicilina Acido Clavulanico 400/57mg Suspensión oral 70ml,Amoxicilina Acido Clavulanico 400/57mg Suspensión oral 70ml,null,amoxicilina,57mg,null,null,null,fluid-oral,acido,amoxicilina|70ml,amoxicilina|70ml|bio:unknown|brand:unknown|combo:acido|form:fluid-oral,5960,store,false,https://www.ecofarmacias.cl/producto/amoxicilina-acido-clavulanico-400-57mg-suspension-oral-70ml/
amoxicilina suspension,araucomed,Amoxicilina Acido Clavulanico 400/57mg Suspensión oral 70ml (Seven Pharma),Amoxicilina Acido Clavulanico 400/57mg Suspensión oral 70ml (Seven Pharma),Seven Pharma,amoxicilina,57mg,null,null,null,fluid-oral,acido,amoxicilina|70ml,amoxicilina|70ml|bio:unknown|brand:sevenpharma|combo:acido|form:fluid-oral,6290,store,true,https://farmacia.araucomed.com/antibioticos/amoxicilina-acido-clavulanico-400-57mg-suspension-oral-70ml-seven-pharma
amoxicilina suspension,araucomed,Amoxicilina Acido Clavulanico 400/57mg Suspensión oral 70ml (Hospifarma),Amoxicilina Acido Clavulanico 400/57mg Suspensión oral 70ml (Hospifarma),Hospifarma,amoxicilina,57mg,null,null,null,fluid-oral,acido,amoxicilina|70ml,amoxicilina|70ml|bio:unknown|brand:hospifarma|combo:acido|form:fluid-oral,6290,store,true,https://farmacia.araucomed.com/antibioticos/zolimax-duo-400-57-x70ml
amoxicilina suspension,dr-simi,Amoxicilina 400 mg ácido clavulánico 57 mg polvo para suspensión oral 70 mL,Amoxicilina 400 mg ácido clavulánico 57 mg polvo para suspensión oral 70 mL,SEVEN PHARMA,amoxicilina,400mg,null,null,null,fluid-oral,null,amoxicilina|70ml,amoxicilina|70ml|bio:false|brand:sevenpharma|form:fluid-oral,7960,store,true,https://www.drsimi.cl/amoxicilina-ac-clav-400-57-1-polvo-para-suspension-oral-ch50380-1/p
amoxicilina suspension,sermecoop,Amoxicilina/Ácido Clavulánico Suspension 400/57 Mg X 70 Ml,Amoxicilina/Ácido Clavulánico Suspension 400/57 Mg X 70 Ml,null,amoxicilina,57mg,null,null,null,fluid-oral,acido,amoxicilina|70ml|70,amoxicilina|70ml|70|bio:unknown|brand:unknown|combo:acido|form:fluid-oral,8990,store,false,https://www.farmaciasermecoop.cl/index.php/online/detalleproducto?p_=21044&d_=1
amoxicilina suspension,araucomed,Amoval Duo 400mg/5ml solucion oral 70ml,Amoval Duo 400mg/5ml solucion oral 70ml,null,amoval,400mg,null,null,duo,fluid-oral,null,amoval|70ml,amoval|70ml|bio:unknown|brand:unknown|var:duo|form:fluid-oral,9790,store,true,https://farmacia.araucomed.com/antibioticos/amoval-duo-400mg-5ml-solucion-oral-70ml
amoxicilina suspension,sermecoop,Amoval Duo 400 (amoxicilina) 400mg/5ml Susp Oral 70ml,Amoval Duo 400mg/5ml solucion oral 70ml,null,amoval,400mg,null,null,duo,fluid-oral,null,amoval|70ml,amoval|70ml|bio:unknown|brand:unknown|var:duo|form:fluid-oral,12790,store,false,https://www.farmaciasermecoop.cl/index.php/online/detalleproducto?p_=19627&d_=1
amoxicilina suspension,araucomed,Amoval 250mg/5ml jarabe 100ml,Amoval 250mg/5ml jarabe 100ml,null,amoval,250mg,null,null,null,fluid-oral,null,amoval|100ml,amoval|100ml|bio:unknown|brand:unknown|form:fluid-oral,10490,store,true,https://farmacia.araucomed.com/antibioticos/amoval-250mg-5ml-jarabe-100ml
amoxicilina suspension,sermecoop,Amoval (amoxicilina) 250mg/5ml Suspensión Oral 100ml,Amoval 250mg/5ml jarabe 100ml,null,amoval,250mg,null,null,null,fluid-oral,null,amoval|100ml,amoval|100ml|bio:unknown|brand:unknown|form:fluid-oral,12790,store,true,https://www.farmaciasermecoop.cl/index.php/online/detalleproducto?p_=1692&d_=1
amoxicilina suspension,araucomed,Clavinex Duo Forte 800/57 suspensión oral 35 ml.,Clavinex Duo Forte 800/57 suspensión oral 35 ml.,null,clavinex,35ml,null,null,duo,fluid-oral,null,clavinex|35ml,clavinex|35ml|bio:unknown|brand:unknown|var:duo|form:fluid-oral,13490,store,true,https://farmacia.araucomed.com/antibioticos/clavinex-duo-forte-800-57-suspension-oral-35-ml
amoxicilina suspension,dr-simi,Clavam Duo amoxicilina 400 mg ácido clavulánico 57 mg polvo para suspensión oral 70 mL,Clavam Duo amoxicilina 400 mg ácido clavulánico 57 mg polvo para suspensión oral 70 mL,EUROFARMA,clavam,400mg,null,null,duo,fluid-oral,null,clavam|70ml,clavam|70ml|bio:false|brand:eurofarma|var:duo|form:fluid-oral,13960,store,true,https://www.drsimi.cl/amoxicilina-ac--clav-400-57-1-polvo-para-suspension-oral-con-solvente-70-ml-amoxicilina-acido-clavulanico/p
amoxicilina suspension,araucomed,Clavinex Duo 400/57 solución oral x 35 ml.,Clavinex Duo 400/57 solución oral x 35 ml.,null,clavinex,35ml,null,null,duo,fluid-oral,null,clavinex|35ml|35,clavinex|35ml|35|bio:unknown|brand:unknown|var:duo|form:fluid-oral,13990,store,true,https://farmacia.araucomed.com/antibioticos/clavinex-duo-400-57-solucion-oral-x-35-ml
amoxicilina suspension,ecofarmacias,Amoval Amoxicilina 250 mg/5ml Suspensión x 100 mL DESCUENTO,Amoval 250 mg/5 mL x 100 mL Polvo Para Suspensión Oral,null,amoval,250mg,null,null,null,fluid-oral,null,amoval|100ml|100,amoval|100ml|100|bio:unknown|brand:unknown|form:fluid-oral,14200,store,true,https://www.ecofarmacias.cl/producto/amoval-amoxicilina-250-mg-5ml-suspension-x-100-ml-descuento/
amoxicilina suspension,ahumada,Amoval 250 mg/5 mL x 100 mL Polvo Para Suspensión Oral,Amoval 250 mg/5 mL x 100 mL Polvo Para Suspensión Oral,null,amoval,250mg,null,null,null,fluid-oral,null,amoval|100ml|100,amoval|100ml|100|bio:unknown|brand:unknown|form:fluid-oral,17302,cmr,true,https://www.farmaciasahumada.cl/amoval-250-mg-5-ml-x-100-ml-polvo-para-suspension-oral-11211.html
amoxicilina suspension,sermecoop,Amoval Duo (amoxicilina) 1000mg/5ml Jarabe X50 Ml,Amoval Duo (amoxicilina) 1000mg/5ml Jarabe X50 Ml,null,amoval,1000mg,null,null,duo,fluid-oral,null,amoval|50ml|50,amoval|50ml|50|bio:unknown|brand:unknown|var:duo|form:fluid-oral,14390,store,false,https://www.farmaciasermecoop.cl/index.php/online/detalleproducto?p_=20756&d_=1
amoxicilina suspension,ahumada,Amoval Duo 1000 mg/5 mL x 50 mL Polvo Para Suspensión Oral Con Solvente,Amoval Duo (amoxicilina) 1000mg/5ml Jarabe X50 Ml,null,amoval,1000mg,null,null,duo,fluid-oral,null,amoval|50ml|50,amoval|50ml|50|bio:unknown|brand:unknown|var:duo|form:fluid-oral,16237,cmr,true,https://www.farmaciasahumada.cl/amoval-duo-1000-mg-5-ml-x-50-ml-polvo-para-suspension-oral-con-solvente-47367.html
amoxicilina suspension,araucomed,Amoval Duo 1000mg/5ml solucion oral 120ml,Amoval Duo 1000mg/5ml solucion oral 120ml,null,amoval,1000mg,null,null,duo,fluid-oral,null,amoval|120ml,amoval|120ml|bio:unknown|brand:unknown|var:duo|form:fluid-oral,17990,store,true,https://farmacia.araucomed.com/antibioticos/amoval-duo-1000mg-5ml-solucion-oral-120ml
amoxicilina suspension,ecofarmacias,Maximox 400/57 Amoxicilina 57 mg/5mL Suspensión 70 mL,Maximox 400/57 Amoxicilina 57 mg/5mL Suspensión 70 mL,null,maximox,57mg,null,null,null,fluid-oral,null,maximox|70ml,maximox|70ml|bio:unknown|brand:unknown|form:fluid-oral,18190,store,false,https://www.ecofarmacias.cl/producto/maximox-400-57-amoxicilina-57-mg-5ml-suspension-70-ml/
amoxicilina suspension,ahumada,Amoval Duo  400 mg/5mL x 70 mL Polvo Para Suspensión Oral,Amoval Duo  400 mg/5mL x 70 mL Polvo Para Suspensión Oral,null,amoval,400mg,null,null,duo,fluid-oral,null,amoval|70ml|70,amoval|70ml|70|bio:unknown|brand:unknown|var:duo|form:fluid-oral,18284,cmr,true,https://www.farmaciasahumada.cl/amoval-duo--400-mg-5ml-x-70-ml-polvo-para-suspension-oral-23097.html
amoxicilina suspension,sermecoop,Amoval Duo (amoxicilina) 1000mg/5ml Suspensión Oral 90ml,Amoval Duo (amoxicilina) 1000mg/5ml Suspensión Oral 90ml,null,amoval,1000mg,null,null,duo,fluid-oral,null,amoval|90ml,amoval|90ml|bio:unknown|brand:unknown|var:duo|form:fluid-oral,19990,store,false,https://www.farmaciasermecoop.cl/index.php/online/detalleproducto?p_=20757&d_=1
amoxicilina suspension,ahumada,Maximox 400 mg/57 mg x 70 mL Polvo Para Suspensión Oral Con Solvente,Maximox 400 mg/57 mg x 70 mL Polvo Para Suspensión Oral Con Solvente,null,maximox,400mg,null,null,null,fluid-oral,null,maximox|70ml|70,maximox|70ml|70|bio:unknown|brand:unknown|form:fluid-oral,20467,cmr,true,https://www.farmaciasahumada.cl/maximox-400-mg-57-mg-x-70-ml-polvo-para-suspension-oral-con-solvente-68506.html
amoxicilina suspension,araucomed,Clavinex Duo Forte 800/57 suspensión oral 70 ml.,Clavinex Duo Forte 800/57 suspensión oral 70 ml.,null,clavinex,70ml,null,null,duo,fluid-oral,null,clavinex|70ml,clavinex|70ml|bio:unknown|brand:unknown|var:duo|form:fluid-oral,20990,store,true,https://farmacia.araucomed.com/antibioticos/clavinex-duo-forte-800-57-solucion-oral-70ml
amoxicilina suspension,ecofarmacias,Clavinex Duo Forte Amoxicilina 70ml susp oral DESCUENTO,Clavinex Duo Forte 800/57 suspensión oral 70 ml.,null,clavinex,70ml,null,null,duo,fluid-oral,null,clavinex|70ml,clavinex|70ml|bio:unknown|brand:unknown|var:duo|form:fluid-oral,21990,store,false,https://www.ecofarmacias.cl/producto/clavinex-duo-forte-amoxicilina-70ml-acido-clavulanico-susp-oral-descuento/
amoxicilina suspension,ahumada,Amobiotic BID 1000 mg/5 mL x 90 mL Polvo para Suspensión Oral con Solvente,Amobiotic BID 1000 mg/5 mL x 90 mL Polvo para Suspensión Oral con Solvente,null,amobiotic,1000mg,null,null,bid,fluid-oral,null,amobiotic|90ml|90,amobiotic|90ml|90|bio:unknown|brand:unknown|var:bid|form:fluid-oral,21029,cmr,true,https://www.farmaciasahumada.cl/amobiotic-bid-1000-mg-5-ml-x-90-ml-polvo-para-suspension-oral-con-solvente-40951.html
amoxicilina suspension,ahumada,Ambilan Bid 400/57 Suspensión Oral 70 mL,Ambilan Bid 400/57 Suspensión Oral 70 mL,null,ambilan,70ml,null,null,bid,fluid-oral,null,ambilan|70ml,ambilan|70ml|bio:unknown|brand:unknown|var:bid|form:fluid-oral,21102,store,true,https://www.farmaciasahumada.cl/ambilan-bid-400-57-suspension-oral-70-ml-94520.html
amoxicilina suspension,ahumada,Amoval Duo 1000 mg/5 mL x 90 mL Polvo Para Suspensión Oral Con Solvente,Amoval Duo 1000 mg/5 mL x 90 mL Polvo Para Suspensión Oral Con Solvente,null,amoval,1000mg,null,null,duo,fluid-oral,null,amoval|90ml|90,amoval|90ml|90|bio:unknown|brand:unknown|var:duo|form:fluid-oral,21104,cmr,true,https://www.farmaciasahumada.cl/amoval-duo-1000-mg-5-ml-x-90-ml-polvo-para-suspension-oral-con-solvente-47369.html
amoxicilina suspension,ahumada,Amoval Duo 1000 mg/5ml x 120 ml Polvo para Suspensión Oral con Solvente,Amoval Duo 1000 mg/5ml x 120 ml Polvo para Suspensión Oral con Solvente,null,amoval,1000mg,null,null,duo,fluid-oral,null,amoval|120ml|120,amoval|120ml|120|bio:unknown|brand:unknown|var:duo|form:fluid-oral,21337,cmr,true,https://www.farmaciasahumada.cl/amoval-duo-1000-mg-5ml-x-120-ml-polvo-para-suspension-oral-con-solvente-89898.html
amoxicilina suspension,salcobrand,Ambilan Bid Forte Amoxicilina / Ácido Clavulánico Suspensión Oral 70ml,Ambilan Bid Forte Amoxicilina / Ácido Clavulánico Suspensión Oral 70ml,Ambilan Bid,ambilan,70ml,null,null,null,fluid-oral,acido,ambilan|70ml,ambilan|70ml|bio:unknown|brand:ambilanbid|combo:acido|form:fluid-oral,23839,online,true,https://salcobrand.cl/products/ambilan-bid-forte-amoxicilina-acido-clavulanico-suspension-oral-70ml?default_sku=590255
amoxicilina suspension,sermecoop,Ambilan Bid Forte (amoxicilina/clavulanico) 800/57mg Susp Oral 90ml,Ambilan Bid Forte (amoxicilina/clavulanico) 800/57mg Susp Oral 90ml,null,ambilan,57mg,null,null,null,fluid-oral,clavulanico,ambilan|90ml,ambilan|90ml|bio:unknown|brand:unknown|combo:clavulanico|form:fluid-oral,25990,store,false,https://www.farmaciasermecoop.cl/index.php/online/detalleproducto?p_=21758&d_=1
amoxicilina suspension,ahumada,Ambilan Bid Forte 800 mg/57 mg x 90 mL Polvo Para Suspensión Oral,Ambilan Bid Forte 800 mg/57 mg x 90 mL Polvo Para Suspensión Oral,null,ambilan,800mg,null,null,bid,fluid-oral,null,ambilan|90ml|90,ambilan|90ml|90|bio:unknown|brand:unknown|var:bid|form:fluid-oral,27742,cmr,true,https://www.farmaciasahumada.cl/ambilan-bid-forte-800-mg-57-mg-x-90-ml-polvo-para-suspension-oral-46933.html
amoxicilina suspension,ahumada,Clavinex Duo Forte 800 mg/57 mg/5 ml x 100 ml Polvo para Suspensión Oral con Solvente,Clavinex Duo Forte 800 mg/57 mg/5 ml x 100 ml Polvo para Suspensión Oral con Solvente,null,clavinex,800mg,null,null,duo,fluid-oral,null,clavinex|100ml|100,clavinex|100ml|100|bio:unknown|brand:unknown|var:duo|form:fluid-oral,28132,cmr,true,https://www.farmaciasahumada.cl/clavinex-duo-forte-800-mg-57-mg-5-ml-x-100-ml-polvo-para-suspension-oral-con-solvente-87875.html
amoxicilina suspension,salcobrand,Ambilan Bid Forte Amoxicilina / Ácido Clavulánico Suspensión Oral 90ml,Ambilan Bid Forte Amoxicilina / Ácido Clavulánico Suspensión Oral 90ml,Ambilan Bid,ambilan,90ml,null,null,null,fluid-oral,acido,ambilan|90ml,ambilan|90ml|bio:unknown|brand:ambilanbid|combo:acido|form:fluid-oral,28399,online,true,https://salcobrand.cl/products/ambilan-bid-forte-amoxicilina-acido-clavulanico-suspension-oral-90ml?default_sku=438212
amoxicilina suspension,farmex,"Amoxicilina 500 mg / 5 mL x 60 mL ""Ley Cenabast""","Amoxicilina 500 mg / 5 mL x 60 mL ""Ley Cenabast""",OPKO,amoxicilina,500mg,null,null,null,null,null,amoxicilina|60ml|60,amoxicilina|60ml|60|bio:unknown|brand:opko,1795,store,true,https://farmex.cl/products/amoxicilina-500-mg-5-ml-x-60-ml-ley-cenabast?_pos=7&_psq=amoxicilina&_psid=77b57d3eb&_ss=e
amoxicilina suspension,easyfarma,Amoxicilina 250 mg/5ml 60...,Amoxicilina 250 mg/5ml 60...,null,amoxicilina,250mg,null,null,null,null,null,amoxicilina|5ml,amoxicilina|5ml|bio:unknown|brand:curaespring,1990,store,true,https://nuevo.easyfarma.cl/102869-amoxicilina-250-mg-5ml-60-ml-curaespring.html
amoxicilina suspension,easyfarma,Amoxicilina 250mg/5ml x 60 ml,Amoxicilina 250mg/5ml x 60 ml,null,amoxicilina,250mg,null,null,null,null,null,amoxicilina|60ml|60,amoxicilina|60ml|60|bio:unknown|brand:unknown,1990,store,true,https://nuevo.easyfarma.cl/32707-amoxicilina-250mg-5ml.html
amoxicilina suspension,ecofarmacias,Amoxicilina 250 mg/5 ml 60 ml (CuraeSpring),Amoxicilina 250 mg/5 ml 60 ml (CuraeSpring),null,amoxicilina,250mg,null,null,null,null,null,amoxicilina|60ml,amoxicilina|60ml|bio:true|brand:unknown,2100,store,false,https://www.ecofarmacias.cl/producto/amoxicilina-250-mg-5-ml-60-ml-curaespring/
amoxicilina suspension,easyfarma,Amoxicilina 500 mg/5mL...,Amoxicilina 500 mg/5mL...,null,amoxicilina,500mg,null,null,null,null,null,amoxicilina|5ml,amoxicilina|5ml|bio:unknown|brand:unknown,2990,store,true,https://nuevo.easyfarma.cl/26106-amoxicilina-500mg-susp-60-ml.html
amoxicilina suspension,easyfarma,Amoxicilina 500mg/5ml 60 Ml...,Amoxicilina 500mg/5ml 60 Ml...,null,amoxicilina,500mg,null,null,null,null,null,amoxicilina|60ml,amoxicilina|60ml|bio:unknown|brand:opko,2990,store,true,https://nuevo.easyfarma.cl/103873-amoxicilina-500mg-5ml-60-ml-lab-opko.html
amoxicilina suspension,easyfarma,Amoxicilina/Acido...,Amoxicilina/Acido...,null,amoxicilina,null,null,null,null,null,acido,amoxicilina,amoxicilina|bio:unknown|brand:unknown|combo:acido,7490,store,true,https://nuevo.easyfarma.cl/102872-amoxicilina-acido-clavulanico-400mg-57mg-70-ml.html
amoxicilina suspension,easyfarma,Amoxicilina + Acido...,Amoxicilina + Acido...,null,amoxicilina,null,null,null,null,null,acido,amoxicilina,amoxicilina|bio:unknown|brand:ascend|combo:acido,7990,store,true,https://nuevo.easyfarma.cl/103308-amoxicilina-acido-clavulanico-500-125-x-20-comp-lab-ascend.html
amoxicilina suspension,easyfarma,Amoxicilina + Ac...,Amoxicilina + Ac...,null,amoxicilina,null,null,null,ac,null,null,amoxicilina,amoxicilina|bio:unknown|brand:unknown|var:ac,10490,store,true,https://nuevo.easyfarma.cl/32716-amoxicilina-acido-clavulanico-875-125-mg-x-20.html
amoxicilina suspension,ecofarmacias,Synulox (Amoxicilina 200mg-Ácido clauvuláncio 50mg) **Uso Veterinario**,Synulox (Amoxicilina 200mg-Ácido clauvuláncio 50mg) **Uso Veterinario**,null,synulox,200mg,null,null,uso,null,null,synulox|200mg,synulox|200mg|bio:unknown|brand:unknown|var:uso,10790,store,false,https://www.ecofarmacias.cl/producto/synulox-amoxicilina-200mg-acido-clauvulancio-50mg-uso-perritos/
amoxicilina suspension,ecofarmacias,Amobiotic Bid 1000 Con Solvente Amoxicilina 1000mg/ 5 ml 90 Ml,Amobiotic Bid 1000 Con Solvente Amoxicilina 1000mg/ 5 ml 90 Ml,null,amobiotic,1000mg,null,null,bid,null,null,amobiotic|90ml,amobiotic|90ml|bio:true|brand:unknown|var:bid,18490,store,true,https://www.ecofarmacias.cl/producto/amobiotic-bid-1000-con-solvente-amoxicilina-1000mg-5-ml-90-ml/
amoxicilina suspension,ecofarmacias,Clavinex duo forte amoxicilina 800mg ácido clavulánico 57mg 100ml DESCUENTO,Clavinex duo forte amoxicilina 800mg ácido clavulánico 57mg 100ml DESCUENTO,null,clavinex,800mg,null,null,duo,null,null,clavinex|100ml,clavinex|100ml|bio:unknown|brand:unknown|var:duo,22490,store,false,https://www.ecofarmacias.cl/producto/clavinex-duo-forte-amoxicilina-800mg-acido-clavulanico-57mg-100ml-descuento/
amoxicilina suspension,ecofarmacias,Clavinex Duo Amoxicilina 400 Mg / Acido Clavulánico 57 mg 70 Ml,Clavinex Duo Amoxicilina 400 Mg / Acido Clavulánico 57 mg 70 Ml,null,clavinex,400mg,null,null,null,null,acido,clavinex|70ml,clavinex|70ml|bio:unknown|brand:unknown|combo:acido,27690,store,true,https://www.ecofarmacias.cl/producto/clavinex-duo-amoxicilina-400-mg-acido-clavulanico-57-mg-70-ml/
amoxicilina suspension,ahumada,Zomel HP Triterapia 1 g/500 mg/20 mg 14 Blister,Zomel HP Triterapia 1 g/500 mg/20 mg 14 Blister,null,zomel,500mg,null,null,null,null,triterapia,zomel|500mg,zomel|500mg|bio:unknown|brand:unknown|combo:triterapia,43582,cmr,true,https://www.farmaciasahumada.cl/zomel-hp-triterapia-1-g-500-mg-20-mg-14-blister-75761.html
amoxicilina suspension,farmex,Amoxicilina 750 mg x 10 comprimidos.,Amoxicilina 750mg 10 Comprimidos,Amoxicilina,amoxicilina,750mg,10,10,null,solid-oral,null,amoxicilina|750mg|10,amoxicilina|750mg|10|bio:unknown|brand:unknown|form:solid-oral,1572,store,true,https://farmex.cl/products/amoxicilina-750-mg-x-10-comprimidos?_pos=8&_psq=amoxicilina&_psid=77b57d3eb&_ss=e
amoxicilina suspension,sermecoop,Amoxicilina 750mg 10 Comprimidos,Amoxicilina 750mg 10 Comprimidos,Amoxicilina,amoxicilina,750mg,10,10,null,solid-oral,null,amoxicilina|750mg|10,amoxicilina|750mg|10|bio:unknown|brand:unknown|form:solid-oral,3290,store,true,https://www.farmaciasermecoop.cl/index.php/online/detalleproducto?p_=1701&d_=1
amoxicilina suspension,cruz-verde,Amoxicilina 750 mg 10 Comprimidos,Amoxicilina 750mg 10 Comprimidos,Amoxicilina,amoxicilina,750mg,10,10,null,solid-oral,null,amoxicilina|750mg|10,amoxicilina|750mg|10|bio:unknown|brand:unknown|form:solid-oral,4990,store,true,https://www.cruzverde.cl/amoxicilina-750-mg-10-comprimidos/199267.html
amoxicilina suspension,salcobrand,Amoxicilina 750mg 10 Comprimidos,Amoxicilina 750mg 10 Comprimidos,Amoxicilina,amoxicilina,750mg,10,10,null,solid-oral,null,amoxicilina|750mg|10,amoxicilina|750mg|10|bio:unknown|brand:unknown|form:solid-oral,7039,online,true,https://salcobrand.cl/products/amoxicilina-750mg-10-comprimidos?default_sku=2201054
amoxicilina suspension,araucomed,Amoxicilina 500 mg x 21 cápsulas. (Mintlab),Amoxicilina 500 mg x 21 cápsulas. (Mintlab),Mintlab,amoxicilina,500mg,21,21,null,solid-oral,null,amoxicilina|500mg|21,amoxicilina|500mg|21|bio:unknown|brand:mintlab|form:solid-oral,1690,store,true,https://farmacia.araucomed.com/antibioticos/amoxicilina-500mg-x21cap-mintlab
amoxicilina suspension,farmex,Amoxicilina 750 mg x 10 comprimidos,Amoxicilina 750 mg x 10 comprimidos,MINTLAB,amoxicilina,750mg,10,10,null,solid-oral,null,amoxicilina|750mg|10,amoxicilina|750mg|10|bio:unknown|brand:mintlab|form:solid-oral,1690,store,true,https://farmex.cl/products/amoxicilina-comprimidos?_pos=1&_psq=amoxicilina&_psid=77b57d3eb&_ss=e
amoxicilina suspension,ecofarmacias,Amoxicilina 500 mg x 21 cápsulas (DFM) CENABAST,Amoxicilina 500mg 21 Comprimidos,null,amoxicilina,500mg,21,21,null,solid-oral,null,amoxicilina|500mg|21,amoxicilina|500mg|21|bio:true|brand:unknown|form:solid-oral,1890,store,true,https://www.ecofarmacias.cl/producto/amoxicilina-500-mg-x-21-capsulas-dfm-cenabast/
amoxicilina suspension,sermecoop,Amoxicilina 500mg 21 Comprimidos,Amoxicilina 500mg 21 Comprimidos,null,amoxicilina,500mg,21,21,null,solid-oral,null,amoxicilina|500mg|21,amoxicilina|500mg|21|bio:true|brand:unknown|form:solid-oral,2490,store,false,https://www.farmaciasermecoop.cl/index.php/online/detalleproducto?p_=19027&d_=1
amoxicilina suspension,easyfarma,Amoxicilina 750 Mg 10 Comp...,Amoxicilina 750 Mg 10 Comp...,null,amoxicilina,750mg,10,10,null,solid-oral,null,amoxicilina|750mg|10,amoxicilina|750mg|10|bio:unknown|brand:milab|form:solid-oral,1990,store,true,https://nuevo.easyfarma.cl/102790-amoxicilina-750-mg-10-comp-lab-milab.html
amoxicilina suspension,farmex,Amoxicilina 500 mg x 21 cápsulas,Amoxicilina 500 mg x 21 cápsulas,OPKO,amoxicilina,500mg,21,21,null,solid-oral,null,amoxicilina|500mg|21,amoxicilina|500mg|21|bio:unknown|brand:opko|form:solid-oral,2090,store,true,https://farmex.cl/products/amoxicilina-500-mg-x-21-capsulas-opko?_pos=4&_psq=amoxicilina&_psid=77b57d3eb&_ss=e
amoxicilina suspension,dr-simi,Amoxicilina 500 mg 21 cápsulas,Amoxicilina 500 mg 21 cápsulas,OPKO,amoxicilina,500mg,21,21,null,solid-oral,null,amoxicilina|500mg|21,amoxicilina|500mg|21|bio:true|brand:opko|form:solid-oral,2800,store,true,https://www.drsimi.cl/amoxicilina-500-mg-21-capsulas/p
amoxicilina suspension,dr-simi,Amoxicilina 750 mg 10 comprimidos,Amoxicilina 750 mg 10 comprimidos,MILAB,amoxicilina,750mg,10,10,null,solid-oral,null,amoxicilina|750mg|10,amoxicilina|750mg|10|bio:true|brand:milab|form:solid-oral,2920,store,true,https://www.drsimi.cl/amoxicilina-750-mg-10-comprimidos/p
amoxicilina suspension,easyfarma,Amoxicilina 500 mg 21 Caps....,Amoxicilina 500 mg 21 Caps....,null,amoxicilina,500mg,21,21,null,solid-oral,null,amoxicilina|500mg,amoxicilina|500mg|bio:unknown|brand:mintlab|form:solid-oral,2990,store,true,https://nuevo.easyfarma.cl/41837-amoxicilina-500mg-x-21-caps-lab-mintlab.html
amoxicilina suspension,ecofarmacias,Amoxicilina+Acido Clavulanico Clav 500/125  X 20 Comprimidos Recubiertos (Cenabast),Amoxicilina+Acido Clavulanico Clav 500/125  X 20 Comprimidos Recubiertos (Cenabast),null,amoxicilina,null,20,20,null,solid-oral,acido,amoxicilina|20,amoxicilina|20|bio:true|brand:unknown|combo:acido|form:solid-oral,4980,store,true,https://www.ecofarmacias.cl/producto/amoxicilinaacido-clavulanico-clav-500-125-x-20-comprimidos-recubiertos-cenabast/
amoxicilina suspension,cruz-verde,Amoxicilina 500 mg 21 Cápsulas,Amoxicilina (B) 500mg 21 Cápsulas,Amoxicilina,amoxicilina,500mg,21,21,null,solid-oral,null,amoxicilina|500mg|21,amoxicilina|500mg|21|bio:unknown|brand:unknown|form:solid-oral,4990,store,true,https://www.cruzverde.cl/amoxicilina-500-mg-21-capsulas/296838.html
amoxicilina suspension,salcobrand,Amoxicilina (B) 500mg 21 Cápsulas,Amoxicilina (B) 500mg 21 Cápsulas,Amoxicilina,amoxicilina,500mg,21,21,null,solid-oral,null,amoxicilina|500mg|21,amoxicilina|500mg|21|bio:unknown|brand:unknown|form:solid-oral,5015,online,true,https://salcobrand.cl/products/opko-amoxicilina-b-500mg-21-capsulas?default_sku=1763363
amoxicilina suspension,araucomed,Amoxicilina Acido Clavulanico 500/125 x 20 comprimidos (Ascend),Amoxicilina Acido Clavulanico 500/125 x 20 comprimidos (Ascend),Ascend,amoxicilina,null,20,20,null,solid-oral,null,amoxicilina|20,amoxicilina|20|bio:unknown|brand:ascend|form:solid-oral,4990,store,true,https://farmacia.araucomed.com/antibioticos/amoxicilina-acido-clavulanico-500-125-x-20-comprimidos-ascend
amoxicilina suspension,araucomed,Medoclav 875/125 x 14 comprimidos. (Pharmatech),Medoclav 875/125 x 14 comprimidos. (Pharmatech),Pharmatech,medoclav,null,14,14,null,solid-oral,null,medoclav|14,medoclav|14|bio:unknown|brand:pharmatech|form:solid-oral,4990,store,true,https://farmacia.araucomed.com/antibioticos/medoclav-875-125-x-14-comprimidos-pharmatech
amoxicilina suspension,farmex,Amoxicilina + Ácido Clavulánico 500 mg / 125 mg x 20 comprimidos,Amoxicilina + Ácido Clavulánico 500 mg / 125 mg x 20 comprimidos,ASCEND,amoxicilina,500mg,20,20,null,solid-oral,acido,amoxicilina|500mg|20,amoxicilina|500mg|20|bio:unknown|brand:ascend|combo:acido|form:solid-oral,5895,store,true,https://farmex.cl/products/amoxicilina-acido-clavulanico-500-125-mg-x-20-comprimidos-recubiertos?_pos=6&_psq=amoxicilina&_psid=77b57d3eb&_ss=e
amoxicilina suspension,araucomed,Amoxicilina Acido Clavulanico 875/125mg x 20 comprimidos. (CuraeSpring),Amoxicilina Acido Clavulanico 875/125mg x 20 comprimidos. (CuraeSpring),CuraeSpring,amoxicilina,125mg,20,20,null,solid-oral,acido,amoxicilina|125mg|20,amoxicilina|125mg|20|bio:unknown|brand:curaespring|combo:acido|form:solid-oral,5990,store,true,https://farmacia.araucomed.com/antibioticos/amoxicilina-acido-clavulanico-875-125mg-x-20-comprimidos-curaespring
amoxicilina suspension,farmex,Amoxicilina + Ácido Clavulánico 875 mg / 125 mg x 14 comprimidos,Amoxicilina + Ácido Clavulánico 875 mg / 125 mg x 14 comprimidos,opko,amoxicilina,875mg,14,14,null,solid-oral,acido,amoxicilina|875mg|14,amoxicilina|875mg|14|bio:unknown|brand:opko|combo:acido|form:solid-oral,5990,store,true,https://farmex.cl/products/amoxicilina-ac-clavulanico-875-125-x-14-comp?_pos=5&_psq=amoxicilina&_psid=77b57d3eb&_ss=e
amoxicilina suspension,farmex,Amoxicilina + Ácido Clavulánico 875 mg / 125 mg x 20 comprimidos,Amoxicilina + Ácido Clavulánico 875 mg / 125 mg x 20 comprimidos,CuraeSpring,amoxicilina,875mg,20,20,null,solid-oral,acido,amoxicilina|875mg|20,amoxicilina|875mg|20|bio:unknown|brand:curaespring|combo:acido|form:solid-oral,6695,store,true,https://farmex.cl/products/amoxicilina-acido-clavulanico-875-mg-125-mg-x-20-comprimidos-2?_pos=2&_psq=amoxicilina&_psid=77b57d3eb&_ss=e
amoxicilina suspension,ecofarmacias,Amoxicilina+ácido Clavulánico 875mg 125mg por 20 comprimidos Ascend (Cenabast),Amoxicilina 875mg/acido Clavulanico 125mg 20 Comprimidos,null,amoxicilina,875mg,20,20,null,solid-oral,acido,amoxicilina|875mg|20,amoxicilina|875mg|20|bio:true|brand:unknown|combo:acido|form:solid-oral,6770,store,true,https://www.ecofarmacias.cl/producto/amoxicilinaacido-clavulanico-875mg-125mg-por-20-comp-descuento/
amoxicilina suspension,sermecoop,Amoxicilina 875mg/acido Clavulanico 125mg 20 Comprimidos,Amoxicilina 875mg/acido Clavulanico 125mg 20 Comprimidos,null,amoxicilina,875mg,20,20,null,solid-oral,acido,amoxicilina|875mg|20,amoxicilina|875mg|20|bio:true|brand:unknown|combo:acido|form:solid-oral,8990,store,false,https://www.farmaciasermecoop.cl/index.php/online/detalleproducto?p_=1719&d_=1
amoxicilina suspension,sermecoop,Amoxicilina 500mg/acido Clavulanico 125mg 20 Comprimidos Ethon,Amoxicilina 500mg/acido Clavulanico 125mg 20 Comprimidos Ethon,null,amoxicilina,500mg,20,20,null,solid-oral,acido,amoxicilina|500mg|20,amoxicilina|500mg|20|bio:true|brand:unknown|combo:acido|form:solid-oral,6890,store,false,https://www.farmaciasermecoop.cl/index.php/online/detalleproducto?p_=1716&d_=1
amoxicilina suspension,dr-simi,Amoxicilina 500 mg ácido clavulánico 125 mg 20 comprimidos recubiertos,Amoxicilina 500 mg ácido clavulánico 125 mg 20 comprimidos recubiertos,ASCEND,amoxicilina,500mg,20,20,null,solid-oral,null,amoxicilina|500mg|20,amoxicilina|500mg|20|bio:true|brand:ascend|form:solid-oral,7800,store,true,https://www.drsimi.cl/amoxicilina-acido-clavulanico-500-125-comprimidos-recubiertos/p
amoxicilina suspension,sermecoop,Amoxicilina 875mg/acido Clavulanico 125mg 14 Comprimidos,Amoxicilina 875mg/acido Clavulanico 125mg 14 Comprimidos,null,amoxicilina,875mg,14,14,null,solid-oral,acido,amoxicilina|875mg|14,amoxicilina|875mg|14|bio:true|brand:unknown|combo:acido|form:solid-oral,7990,store,false,https://www.farmaciasermecoop.cl/index.php/online/detalleproducto?p_=1703&d_=1
amoxicilina suspension,sermecoop,Amoxicilina/Ácido Clavulánico 875/125 Mg X 14 Comprimidos Recubiertos,Amoxicilina/Ácido Clavulánico 875/125 Mg X 14 Comprimidos Recubiertos,null,amoxicilina,125mg,14,14,null,solid-oral,acido,amoxicilina|125mg|14,amoxicilina|125mg|14|bio:true|brand:unknown|combo:acido|form:solid-oral,7990,store,false,https://www.farmaciasermecoop.cl/index.php/online/detalleproducto?p_=21197&d_=1
amoxicilina suspension,dr-simi,Amoxicilina 875 mg ácido clavulánico 125 mg 14 comprimidos recubiertos,Amoxicilina 875 mg ácido clavulánico 125 mg 14 comprimidos recubiertos,OPKO,amoxicilina,875mg,14,14,null,solid-oral,null,amoxicilina|875mg|14,amoxicilina|875mg|14|bio:true|brand:opko|form:solid-oral,8200,store,true,https://www.drsimi.cl/amoxicilina-acido-clavulanico-875-125-comprimidos-recubiertos/p
amoxicilina suspension,cruz-verde,Amoxicilina 500 mg + Acido Clavulánico 125 mg 20 Comprimidos,Amoxicilina 500 mg + Acido Clavulánico 125 mg 20 Comprimidos,null,amoxicilina,500mg,20,20,null,solid-oral,acido,amoxicilina|500mg|20,amoxicilina|500mg|20|bio:unknown|brand:unknown|combo:acido|form:solid-oral,8990,store,true,https://www.cruzverde.cl/amoxicilina-500-mg-acido-clavulanico-125-mg-20-comprimidos/275149.html
amoxicilina suspension,sermecoop,Amoxicilina/Ácido Clavulánico 875/125 Mg X 20 Comprimidos Recubiertos,Amoxicilina/Ácido Clavulánico 875/125 Mg X 20 Comprimidos Recubiertos,null,amoxicilina,125mg,20,20,null,solid-oral,acido,amoxicilina|125mg|20,amoxicilina|125mg|20|bio:true|brand:unknown|combo:acido|form:solid-oral,8990,store,false,https://www.farmaciasermecoop.cl/index.php/online/detalleproducto?p_=20201&d_=1
amoxicilina suspension,araucomed,Amobiotic 1 g. x 14 comprimidos.,Amobiotic 1 g. x 14 comprimidos.,Laboratorio Chile,amobiotic,1000mg,14,14,null,solid-oral,null,amobiotic|1000mg|14,amobiotic|1000mg|14|bio:unknown|brand:chile|form:solid-oral,9490,store,true,https://farmacia.araucomed.com/antibioticos/amobiotic-1g-x14com
amoxicilina suspension,ecofarmacias,Novamox amoxicilina 1gr 14 comprimidos dispersables Pasteur DESCUENTO,Novamox amoxicilina 1gr 14 comprimidos dispersables Pasteur DESCUENTO,null,novamox,null,14,14,null,solid-oral,null,novamox|14,novamox|14|bio:unknown|brand:unknown|form:solid-oral,9990,store,false,https://www.ecofarmacias.cl/producto/novamox-amoxicilina-1gr-14-comprimidos-dispersables-pasteur-descuento/
amoxicilina suspension,salcobrand,Amoxicilina / Ácido Clavulánico (B) 875/125 14 Comprimidos Recubiertos,Amoxicilina / Ácido Clavulánico (B) 875/125 14 Comprimidos Recubiertos,Amoxicilina / Ácido Clavulánico,amoxicilina,null,14,14,null,solid-oral,acido,amoxicilina|14,amoxicilina|14|bio:unknown|brand:unknown|combo:acido|form:solid-oral,10823,online,true,https://salcobrand.cl/products/opko-amoxicilina-acido-clavulanico-b-875-125-14-comprimidos-recubiertos?default_sku=1768030
amoxicilina suspension,dr-simi,Novamox amoxicilina 1 g 14 comprimidos dispersables,Novamox amoxicilina 1 g 14 comprimidos dispersables,PASTEUR,novamox,1000mg,14,14,null,solid-oral,null,novamox|1000mg|14,novamox|1000mg|14|bio:true|brand:pasteur|form:solid-oral,11400,store,true,https://www.drsimi.cl/novamox-amoxicilina-1-gr-14-comprimidos-dispersables/p
amoxicilina suspension,salcobrand,Amoxicilina / Acido Clavulánico (B) 500/125 20 Comprimidos Recubiertos,Amoxicilina / Acido Clavulánico (B) 500/125 20 Comprimidos Recubiertos,Amoxicilina+Clavulanico,amoxicilina,null,20,20,null,solid-oral,acido,amoxicilina|20,amoxicilina|20|bio:unknown|brand:unknown|combo:acido|form:solid-oral,11527,online,true,https://salcobrand.cl/products/amoxicilina-acido-clavulanico-b-500-125-20-comprimidos-recubiertos?default_sku=1763275
amoxicilina suspension,araucomed,Optamox 875 mg x 14 comprimidos,Optamox 875 mg x 14 comprimidos,Pharma Investi,optamox,875mg,14,14,null,solid-oral,null,optamox|875mg|14,optamox|875mg|14|bio:unknown|brand:pharmainvesti|form:solid-oral,11990,store,true,https://farmacia.araucomed.com/antibioticos/optamox-875-mg-x-14-comprimidos
amoxicilina suspension,salcobrand,Maximox (B) 875/125 Amoxicilina / ícido Clavulánico 14 Comprimidos Recubiertos,Maximox (B) 875/125 Amoxicilina / ícido Clavulánico 14 Comprimidos Recubiertos,Maximox,maximox,null,14,14,cido,solid-oral,null,maximox|14,maximox|14|bio:unknown|brand:maximox|var:cido|form:solid-oral,12282,online,true,https://salcobrand.cl/products/acido-clavulanico-125mg-amoxicilina-875mg-oral-solido-83a0ca42-b9c7-4c3b-b584-25d831bd287e?default_sku=2501113
amoxicilina suspension,ecofarmacias,Amobiotic Amoxicilina 1g x 14 comprimidos dispersables Lab Chile DESCUENTO,Amobiotic Amoxicilina 1g x 14 comprimidos dispersables Lab Chile DESCUENTO,null,amobiotic,1000mg,14,14,null,solid-oral,null,amobiotic|1000mg|14,amobiotic|1000mg|14|bio:true|brand:unknown|form:solid-oral,12950,store,false,https://www.ecofarmacias.cl/producto/amobiotic-amoxicilina-1g-x-14-comprimidos-dispersables-lab-chile-descuento/
amoxicilina suspension,salcobrand,Novamox (B) Amoxicilina 1g 14 Comprimidos,Novamox (B) Amoxicilina 1g 14 Comprimidos,Novamox,novamox,1000mg,14,14,null,solid-oral,null,novamox|1000mg|14,novamox|1000mg|14|bio:unknown|brand:novamox|form:solid-oral,13463,online,true,https://salcobrand.cl/products/novamox-b-amoxicilina-1g-14-comprimidos?default_sku=2501096
amoxicilina suspension,ahumada,Optamox 875 mg x 21 Comprimidos Recubiertos,Optamox 875 mg x 21 Comprimidos Recubiertos,null,optamox,875mg,21,21,null,solid-oral,null,optamox|875mg|21,optamox|875mg|21|bio:true|brand:unknown|form:solid-oral,13567,cmr,true,https://www.farmaciasahumada.cl/optamox-875-mg-x-21-comprimidos-recubiertos-64562.html
amoxicilina suspension,ahumada,Amobiotic 1 g x 14 Comprimidos Dispersables,Amobiotic 1 g x 14 Comprimidos Dispersables,null,amobiotic,1000mg,14,14,null,solid-oral,null,amobiotic|1000mg|14,amobiotic|1000mg|14|bio:unknown|brand:unknown|form:solid-oral,13792,cmr,true,https://www.farmaciasahumada.cl/amobiotic-1-g-x-14-comprimidos-dispersables-20397.html
amoxicilina suspension,cruz-verde,Amobiotic Amoxicilina 1000 mg 14 Comprimidos,Amobiotic 1 g x 14 Comprimidos Dispersables,null,amobiotic,1000mg,14,14,null,solid-oral,null,amobiotic|1000mg|14,amobiotic|1000mg|14|bio:unknown|brand:unknown|form:solid-oral,19990,store,true,https://www.cruzverde.cl/amobiotic-amoxicilina-1000-mg-14-comprimidos/1451.html
amoxicilina suspension,araucomed,Amoval 1 gramo x 14 comprimidos dispersables.,Amoval 1 gramo x 14 comprimidos dispersables.,null,amoval,null,14,14,null,solid-oral,null,amoval|14,amoval|14|bio:unknown|brand:unknown|form:solid-oral,13890,store,true,https://farmacia.araucomed.com/antibioticos/amoval-1g-x14com
amoxicilina suspension,ecofarmacias,Amoval Amoxicilina 1gr 14 Comprimidos Dispersables,Amoval 1 gramo x 14 comprimidos dispersables.,null,amoval,null,14,14,null,solid-oral,null,amoval|14,amoval|14|bio:unknown|brand:unknown|form:solid-oral,14470,store,true,https://www.ecofarmacias.cl/producto/amoval-amoxicilina-1gr-14-comprimidos-dispersables/
amoxicilina suspension,sermecoop,Amoval (amoxicilina) 1gr 14 Comprimidos Dispersable,Amoval 1 gramo x 14 comprimidos dispersables.,null,amoval,null,14,14,null,solid-oral,null,amoval|14,amoval|14|bio:unknown|brand:unknown|form:solid-oral,16990,store,false,https://www.farmaciasermecoop.cl/index.php/online/detalleproducto?p_=19426&d_=1
amoxicilina suspension,sermecoop,Amobiotic (amoxicilina) 1gr 14 Comprimidos Dispersables,Amobiotic (amoxicilina) 1gr 14 Comprimidos Dispersables,null,amobiotic,null,14,14,null,solid-oral,null,amobiotic|14,amobiotic|14|bio:unknown|brand:unknown|form:solid-oral,13990,store,false,https://www.farmaciasermecoop.cl/index.php/online/detalleproducto?p_=19025&d_=1
amoxicilina suspension,ahumada,Clavam Duo 875 mg/125 mg x 14 Comprimidos Recubiertos,Clavam Duo 875 mg/125 mg x 14 Comprimidos Recubiertos,null,clavam,875mg,14,14,duo,solid-oral,null,clavam|875mg|14,clavam|875mg|14|bio:true|brand:unknown|var:duo|form:solid-oral,14024,store,true,https://www.farmaciasahumada.cl/clavam-duo-875-mg-125-mg-x-14-comprimidos-recubiertos-76448.html
amoxicilina suspension,salcobrand,Amoval Amoxicilina 1g 14 Comprimidos Dispersables,Amoval Amoxicilina 1g 14 Comprimidos Dispersables,Amoval,amoval,1000mg,14,14,null,solid-oral,null,amoval|1000mg|14,amoval|1000mg|14|bio:unknown|brand:amoval|form:solid-oral,14549,online,true,https://salcobrand.cl/products/amoval-amoxicilina-1g-14-comprimidos-dispersables?default_sku=2970138
amoxicilina suspension,ahumada,AMOVAL Amoxicilina 1 g 14 comprimidos,AMOVAL Amoxicilina 1 g 14 comprimidos,null,amoval,1000mg,14,14,null,solid-oral,null,amoval|1000mg|14,amoval|1000mg|14|bio:true|brand:unknown|form:solid-oral,14632,cmr,true,https://www.farmaciasahumada.cl/amoval-amoxicilina-1-g-14-comprimidos-16344.html
amoxicilina suspension,dr-simi,Optamox amoxicilina 875 mg 21 comprimidos recubiertos,Optamox amoxicilina 875 mg 21 comprimidos recubiertos,MEGALABS,optamox,875mg,21,21,null,solid-oral,null,optamox|875mg|21,optamox|875mg|21|bio:false|brand:megalabs|form:solid-oral,15200,store,true,https://www.drsimi.cl/optamox-amoxicilina-875-mg-21-comprimidos/p
amoxicilina suspension,cruz-verde,Novamox Amoxicilina 1000 mg 14 Comprimidos Dispersable,Novamox Amoxicilina 1000 mg 14 Comprimidos Dispersable,null,novamox,1000mg,14,14,null,solid-oral,null,novamox|1000mg|14,novamox|1000mg|14|bio:unknown|brand:unknown|form:solid-oral,15290,store,true,https://www.cruzverde.cl/novamox-amoxicilina-1000-mg-14-comprimidos-dispersable/260321.html
amoxicilina suspension,sermecoop,Amoval (amoxicilina) 500mg 21 Comprimidos,Amoval Amoxicilina 500 mg 21 Comprimidos,null,amoval,500mg,21,21,null,solid-oral,null,amoval|500mg|21,amoval|500mg|21|bio:unknown|brand:unknown|form:solid-oral,15390,store,true,https://www.farmaciasermecoop.cl/index.php/online/detalleproducto?p_=20450&d_=1
amoxicilina suspension,cruz-verde,Amoval Amoxicilina 500 mg 21 Comprimidos,Amoval Amoxicilina 500 mg 21 Comprimidos,null,amoval,500mg,21,21,null,solid-oral,null,amoval|500mg|21,amoval|500mg|21|bio:unknown|brand:unknown|form:solid-oral,28240,store,true,https://www.cruzverde.cl/amoval-amoxicilina-500-mg-21-comprimidos/6093.html
amoxicilina suspension,salcobrand,Moxivulan Ácido Clavulánico 125mg Amoxicilina 875mg 14 Comprimidos Recubiertos,Moxivulan Ácido Clavulánico 125mg Amoxicilina 875mg 14 Comprimidos Recubiertos,Moxivulan,moxivulan,125mg,14,14,null,solid-oral,null,moxivulan|125mg|14,moxivulan|125mg|14|bio:unknown|brand:moxivulan|form:solid-oral,15399,online,true,https://salcobrand.cl/products/moxivulan-acido-clavulanico-125mg-amoxicilina-875mg-14-comprimidos-recubiertos?default_sku=3310312
amoxicilina suspension,salcobrand,Maximox (B) 875/125 Amoxicilina / ícido Clavulánico 20 Comprimidos Recubiertos,Maximox (B) 875/125 Amoxicilina / ícido Clavulánico 20 Comprimidos Recubiertos,Maximox,maximox,null,20,20,cido,solid-oral,null,maximox|20,maximox|20|bio:unknown|brand:maximox|var:cido|form:solid-oral,15959,online,true,https://salcobrand.cl/products/acido-clavulanico-125mg-amoxicilina-875mg-oral-solido-717e7b95-7249-428c-b210-d0853378111c?default_sku=2501114
amoxicilina suspension,ahumada,Novamox 1 g x 20 Comprimidos Dispersables,Novamox 1 g x 20 Comprimidos Dispersables,null,novamox,1000mg,20,20,null,solid-oral,null,novamox|1000mg|20,novamox|1000mg|20|bio:true|brand:unknown|form:solid-oral,16087,cmr,true,https://www.farmaciasahumada.cl/novamox-1-g-x-20-comprimidos-dispersables-88103.html
amoxicilina suspension,ahumada,Optamox 875 mg x 14 Comprimidos Recubiertos,Optamox 875 mg x 14 Comprimidos Recubiertos,null,optamox,875mg,14,14,null,solid-oral,null,optamox|875mg|14,optamox|875mg|14|bio:true|brand:unknown|form:solid-oral,16274,cmr,true,https://www.farmaciasahumada.cl/optamox-875-mg-x-14-comprimidos-recubiertos-28045.html
amoxicilina suspension,ahumada,AMOVAL Amoxicilina 1 g 20 comprimidos,AMOVAL Amoxicilina 1 g 20 comprimidos,null,amoval,1000mg,20,20,null,solid-oral,null,amoval|1000mg|20,amoval|1000mg|20|bio:true|brand:unknown|form:solid-oral,16762,cmr,true,https://www.farmaciasahumada.cl/amoval-amoxicilina-1-g-20-comprimidos-39171.html
amoxicilina suspension,dr-simi,Amoxicilina 250 mg 500 cápsulas,Amoxicilina 250 mg 500 cápsulas,DR. SIMI,amoxicilina,250mg,500,500,null,solid-oral,null,amoxicilina|250mg|500,amoxicilina|250mg|500|bio:false|brand:drsimi|form:solid-oral,16807,store,false,https://www.drsimi.cl/amoxicilina-250-mg-500-capsulas/p
amoxicilina suspension,araucomed,Amoval 1 gramo x 20 comprimidos dispersables.,Amoval Amoxicilina 1gr 20 Comprimidos,null,amoval,null,20,20,null,solid-oral,null,amoval|20,amoval|20|bio:unknown|brand:unknown|form:solid-oral,16990,store,true,https://farmacia.araucomed.com/antibioticos/amoval-1g-x20com
amoxicilina suspension,ecofarmacias,Amoval Amoxicilina 1gr 20 Comprimidos,Amoval Amoxicilina 1gr 20 Comprimidos,null,amoval,null,20,20,null,solid-oral,null,amoval|20,amoval|20|bio:unknown|brand:unknown|form:solid-oral,19150,store,false,https://www.ecofarmacias.cl/producto/amoval-amoxicilina-1gr-20-comprimidos/
amoxicilina suspension,sermecoop,Amoval (amoxicilina) 1gr 20 Comprimidos Dispersable,Amoval Amoxicilina 1gr 20 Comprimidos,null,amoval,null,20,20,null,solid-oral,null,amoval|20,amoval|20|bio:unknown|brand:unknown|form:solid-oral,19690,store,false,https://www.farmaciasermecoop.cl/index.php/online/detalleproducto?p_=19424&d_=1
amoxicilina suspension,cruz-verde,Moxivulan 875/125 Amoxicilina 875 mg Ácido Clavulánico 125 mg 14 Comprimidos Recubiertos,Moxivulan 875/125 Amoxicilina 875 mg Ácido Clavulánico 125 mg 14 Comprimidos Recubiertos,null,moxivulan,875mg,14,14,null,solid-oral,null,moxivulan|875mg|14,moxivulan|875mg|14|bio:unknown|brand:unknown|form:solid-oral,17340,store,true,https://www.cruzverde.cl/moxivulan-875-125-amoxicilina-875-mg-acido-clavulanico-125-mg-14-comprimidos-recubiertos/392524.html
amoxicilina suspension,cruz-verde,Optamox Amoxicilina 875 mg 21 Comprimidos,Optamox Amoxicilina 875 mg 21 Comprimidos,null,optamox,875mg,21,21,null,solid-oral,null,optamox|875mg|21,optamox|875mg|21|bio:unknown|brand:unknown|form:solid-oral,17590,store,true,https://www.cruzverde.cl/optamox-amoxicilina-875-mg-21-comprimidos/259180.html
amoxicilina suspension,salcobrand,Novamox (B) Amoxicilina 1g 20 Comprimidos,Novamox (B) Amoxicilina 1g 20 Comprimidos,Novamox,novamox,1000mg,20,20,null,solid-oral,null,novamox|1000mg|20,novamox|1000mg|20|bio:unknown|brand:novamox|form:solid-oral,18127,online,true,https://salcobrand.cl/products/novamox-b-amoxicilina-1g-20-comprimidos?default_sku=574764
amoxicilina suspension,cruz-verde,Amoval Amoxicilina 1000 mg 14 Comprimidos,Amoval Amoxicilina 1000 mg 14 Comprimidos,null,amoval,1000mg,14,14,null,solid-oral,null,amoval|1000mg|14,amoval|1000mg|14|bio:unknown|brand:unknown|form:solid-oral,18540,store,true,https://www.cruzverde.cl/amoval-amoxicilina-1000-mg-14-comprimidos/6261.html
amoxicilina suspension,cruz-verde,Zolimax Duo 875/125 Amoxicilina 875 mg 14 Comprimidos,Zolimax Duo 875/125 Amoxicilina 875 mg 14 Comprimidos,null,zolimax,875mg,14,14,duo,solid-oral,null,zolimax|875mg|14,zolimax|875mg|14|bio:unknown|brand:unknown|var:duo|form:solid-oral,19540,store,true,https://www.cruzverde.cl/zolimax-duo-875-125-amoxicilina-875-mg-14-comprimidos/292268.html
amoxicilina suspension,cruz-verde,Zolimax Duo 875/125 Amoxicilina 875 mg 20 Comprimidos,Zolimax Duo 875/125 Amoxicilina 875 mg 20 Comprimidos,null,zolimax,875mg,20,20,duo,solid-oral,null,zolimax|875mg|20,zolimax|875mg|20|bio:unknown|brand:unknown|var:duo|form:solid-oral,19791,store,true,https://www.cruzverde.cl/zolimax-duo-875-125-amoxicilina-875-mg-20-comprimidos/292269.html
amoxicilina suspension,cruz-verde,Optamox Amoxicilina 875 mg 14 Comprimidos Recubiertos,Optamox Amoxicilina 875 mg 14 Comprimidos Recubiertos,null,optamox,875mg,14,14,null,solid-oral,null,optamox|875mg|14,optamox|875mg|14|bio:unknown|brand:unknown|form:solid-oral,20590,store,true,https://www.cruzverde.cl/optamox-amoxicilina-875-mg-14-comprimidos-recubiertos/161148.html
amoxicilina suspension,cruz-verde,Novamox Amoxicilina 1000 mg 20 Comprimidos,Novamox Amoxicilina 1000 mg 20 Comprimidos,null,novamox,1000mg,20,20,null,solid-oral,null,novamox|1000mg|20,novamox|1000mg|20|bio:unknown|brand:unknown|form:solid-oral,20590,store,true,https://www.cruzverde.cl/novamox-amoxicilina-1000-mg-20-comprimidos/259836.html
amoxicilina suspension,sermecoop,Ambilan Bid (amoxicilina/clavulanico) 875/125mg 14 Comprimidos,Ambilan Bid (amoxicilina/clavulanico) 875/125mg 14 Comprimidos,null,ambilan,125mg,14,14,null,solid-oral,clavulanico,ambilan|125mg|14,ambilan|125mg|14|bio:unknown|brand:unknown|combo:clavulanico|form:solid-oral,22090,store,false,https://www.farmaciasermecoop.cl/index.php/online/detalleproducto?p_=19281&d_=1
amoxicilina suspension,salcobrand,Clavam Duo (B) Amoxicilina / ícido Clavulánico 875/125 14 Comprimidos Recubiertos,Clavam Duo (B) Amoxicilina / ícido Clavulánico 875/125 14 Comprimidos Recubiertos,Clavam Duo,clavam,null,14,14,duo,solid-oral,null,clavam|14,clavam|14|bio:unknown|brand:clavamduo|var:duo|form:solid-oral,22791,online,true,https://salcobrand.cl/products/acido-clavulanico-125mg-amoxicilina-875mg-oral-solido-557ff42a-e4f7-41e5-afa0-b21c0e4e3a55?default_sku=3402056
amoxicilina suspension,araucomed,Clavinex Duo CD 875/125 x 14 comprimidos.,Clavinex Duo CD 875/125 x 14 comprimidos.,null,clavinex,null,14,14,duo,solid-oral,null,clavinex|14,clavinex|14|bio:unknown|brand:unknown|var:duo|form:solid-oral,23490,store,true,https://farmacia.araucomed.com/antibioticos/clavinex-duo-cd-875-125-x14com
amoxicilina suspension,cruz-verde,Clavam Duo Amoxicilina 875 mg 14 Comprimidos Recubierto,Clavam Duo Amoxicilina 875 mg 14 Comprimidos Recubierto,null,clavam,875mg,14,14,duo,solid-oral,null,clavam|875mg|14,clavam|875mg|14|bio:unknown|brand:unknown|var:duo|form:solid-oral,24250,store,true,https://www.cruzverde.cl/clavam-duo-amoxicilina-875-mg-14-comprimidos-recubierto/268905.html
amoxicilina suspension,cruz-verde,Amoval Amoxicilina 1000 mg 20 Comprimidos,Amoval Amoxicilina 1000 mg 20 Comprimidos,null,amoval,1000mg,20,20,null,solid-oral,null,amoval|1000mg|20,amoval|1000mg|20|bio:unknown|brand:unknown|form:solid-oral,24580,store,true,https://www.cruzverde.cl/amoval-amoxicilina-1000-mg-20-comprimidos/6376.html
amoxicilina suspension,salcobrand,Clavam Duo (B) Amoxicilina / ícido Clavulánico 875/125 20 Comprimidos Recubiertos,Clavam Duo (B) Amoxicilina / ícido Clavulánico 875/125 20 Comprimidos Recubiertos,Clavam Duo,clavam,null,20,20,duo,solid-oral,null,clavam|20,clavam|20|bio:unknown|brand:clavamduo|var:duo|form:solid-oral,25343,online,true,https://salcobrand.cl/products/acido-clavulanico-125mg-amoxicilina-875mg-oral-solido-173dd599-892c-4243-923c-7305fe1fdf4b?default_sku=3402057
amoxicilina suspension,cruz-verde,Maximox Amoxicilina 875 mg 14 Comprimidos Recubierto,Maximox Amoxicilina 875 mg 14 Comprimidos Recubierto,null,maximox,875mg,14,14,null,solid-oral,null,maximox|875mg|14,maximox|875mg|14|bio:unknown|brand:unknown|form:solid-oral,26690,store,true,https://www.cruzverde.cl/maximox-amoxicilina-875-mg-14-comprimidos-recubierto/259539.html
amoxicilina suspension,cruz-verde,Amobiotic Amoxicilina 1000 mg 20 Comprimidos,Amobiotic Amoxicilina 1000 mg 20 Comprimidos,null,amobiotic,1000mg,20,20,null,solid-oral,null,amobiotic|1000mg|20,amobiotic|1000mg|20|bio:unknown|brand:unknown|form:solid-oral,27290,store,true,https://www.cruzverde.cl/amobiotic-amoxicilina-1000-mg-20-comprimidos/1505.html
amoxicilina suspension,araucomed,Clavinex Duo CD 875/125 mg. x 20 comprimidos dispersables.,Clavinex Duo CD 875/125 mg. x 20 comprimidos dispersables.,null,clavinex,125mg,20,20,duo,solid-oral,null,clavinex|125mg|20,clavinex|125mg|20|bio:unknown|brand:unknown|var:duo|form:solid-oral,27490,store,true,https://farmacia.araucomed.com/antibioticos/clavinex-duo-cd-875-125-x20com
amoxicilina suspension,ahumada,Ambilan Bid 875/125 20 Comprimidos Recubiertos,Ambilan Bid 875/125 20 Comprimidos Recubiertos,null,ambilan,null,20,20,bid,solid-oral,null,ambilan|20,ambilan|20|bio:true|brand:unknown|var:bid|form:solid-oral,27509,store,true,https://www.farmaciasahumada.cl/ambilan-bid-875-125-20-comprimidos-recubiertos-94711.html
amoxicilina suspension,ahumada,Clavinex Duo CD 875 mg/125 mg x 14 Comprimidos Dispersables,Clavinex Duo CD Amoxicilina 875 mg 14 Comprimidos,null,clavinex,875mg,14,14,duo,solid-oral,null,clavinex|875mg|14,clavinex|875mg|14|bio:unknown|brand:unknown|var:duo|form:solid-oral,27862,cmr,true,https://www.farmaciasahumada.cl/clavinex-duo-cd-875-mg-125-mg-x-14-comprimidos-dispersables-81775.html
amoxicilina suspension,cruz-verde,Clavinex Duo CD Amoxicilina 875 mg 14 Comprimidos,Clavinex Duo CD Amoxicilina 875 mg 14 Comprimidos,null,clavinex,875mg,14,14,duo,solid-oral,null,clavinex|875mg|14,clavinex|875mg|14|bio:unknown|brand:unknown|var:duo|form:solid-oral,35790,store,true,https://www.cruzverde.cl/clavinex-duo-cd-amoxicilina-875-mg-14-comprimidos/277271.html
amoxicilina suspension,cruz-verde,Clavam Duo Amoxicilina 875 mg 20 Comprimidos Recubierto,Clavam Duo Amoxicilina 875 mg 20 Comprimidos Recubierto,null,clavam,875mg,20,20,duo,solid-oral,null,clavam|875mg|20,clavam|875mg|20|bio:unknown|brand:unknown|var:duo|form:solid-oral,27890,store,true,https://www.cruzverde.cl/clavam-duo-amoxicilina-875-mg-20-comprimidos-recubierto/272673.html
amoxicilina suspension,cruz-verde,Maximox Amoxicilina 875 mg 20 Comprimidos Recubierto,Maximox Amoxicilina 875 mg 20 Comprimidos Recubierto,null,maximox,875mg,20,20,null,solid-oral,null,maximox|875mg|20,maximox|875mg|20|bio:unknown|brand:unknown|form:solid-oral,27890,store,true,https://www.cruzverde.cl/maximox-amoxicilina-875-mg-20-comprimidos-recubierto/260548.html
amoxicilina suspension,salcobrand,Amoval (B) Amoxicilina 750mg 21 Comprimidos Recubiertos,Amoval (B) Amoxicilina 750mg 21 Comprimidos Recubiertos,Amoval,amoval,750mg,21,21,null,solid-oral,null,amoval|750mg|21,amoval|750mg|21|bio:unknown|brand:amoval|form:solid-oral,28423,online,true,https://salcobrand.cl/products/amoval-b-amoxicilina-750mg-21-comprimidos-recubiertos?default_sku=2970170
amoxicilina suspension,sermecoop,Ambilan Bid (amoxicilina/clavulanico) 875/125mg 20 Comprimidos,Ambilan Bid (amoxicilina/clavulanico) 875/125mg 20 Comprimidos,null,ambilan,125mg,20,20,null,solid-oral,clavulanico,ambilan|125mg|20,ambilan|125mg|20|bio:unknown|brand:unknown|combo:clavulanico|form:solid-oral,28890,store,false,https://www.farmaciasermecoop.cl/index.php/online/detalleproducto?p_=19191&d_=1
amoxicilina suspension,cruz-verde,Amoval Amoxicilina 750 mg 21 Comprimidos,Amoval Amoxicilina 750 mg 21 Comprimidos,null,amoval,750mg,21,21,null,solid-oral,null,amoval|750mg|21,amoval|750mg|21|bio:unknown|brand:unknown|form:solid-oral,30940,store,true,https://www.cruzverde.cl/amoval-amoxicilina-750-mg-21-comprimidos/6116.html
amoxicilina suspension,salcobrand,Clavinex Duo CD Amoxicilina / Ácido Clavulánico 14 Comprimidos Dispersables,Clavinex Duo CD Amoxicilina / Ácido Clavulánico 14 Comprimidos Dispersables,Clavinex Duo,clavinex,null,14,14,null,solid-oral,acido,clavinex|14,clavinex|14|bio:unknown|brand:clavinexduo|combo:acido|form:solid-oral,31679,online,true,https://salcobrand.cl/products/clavinex-duo-cd-amoxicilina-acido-clavulanico-14-comprimidos-dispersables?default_sku=2974206
amoxicilina suspension,cruz-verde,Clavinex Duo CD Amoxicilina 875 mg 20 Comprimidos,Clavinex Duo CD Amoxicilina 875 mg 20 Comprimidos,null,clavinex,875mg,20,20,duo,solid-oral,null,clavinex|875mg|20,clavinex|875mg|20|bio:unknown|brand:unknown|var:duo|form:solid-oral,45790,store,true,https://www.cruzverde.cl/clavinex-duo-cd-amoxicilina-875-mg-20-comprimidos/277270.html
amoxicilina,sermecoop,Amoxicilina 250 Mg/5 Ml Jarabe X 60 Ml,Amoxicilina 250 Mg/5 Ml Jarabe X 60 Ml,null,amoxicilina,250mg,null,null,null,fluid-oral,null,amoxicilina|60ml|60,amoxicilina|60ml|60|bio:unknown|brand:unknown|form:fluid-oral,1390,store,false,https://www.farmaciasermecoop.cl/index.php/online/detalleproducto?p_=19997&d_=1
amoxicilina,farmex,Amoxicilina 750 mg x 10 comprimidos.,Amoxicilina 750mg 10 Comprimidos,Amoxicilina,amoxicilina,750mg,10,10,null,solid-oral,null,amoxicilina|750mg|10,amoxicilina|750mg|10|bio:unknown|brand:unknown|form:solid-oral,1572,store,true,https://farmex.cl/products/amoxicilina-750-mg-x-10-comprimidos?_pos=8&_psq=amoxicilina&_psid=77b57d3eb&_ss=e
amoxicilina,sermecoop,Amoxicilina 750mg 10 Comprimidos,Amoxicilina 750mg 10 Comprimidos,Amoxicilina,amoxicilina,750mg,10,10,null,solid-oral,null,amoxicilina|750mg|10,amoxicilina|750mg|10|bio:unknown|brand:unknown|form:solid-oral,3290,store,true,https://www.farmaciasermecoop.cl/index.php/online/detalleproducto?p_=1701&d_=1
amoxicilina,cruz-verde,Amoxicilina 750 mg 10 Comprimidos,Amoxicilina 750mg 10 Comprimidos,Amoxicilina,amoxicilina,750mg,10,10,null,solid-oral,null,amoxicilina|750mg|10,amoxicilina|750mg|10|bio:unknown|brand:unknown|form:solid-oral,4990,store,true,https://www.cruzverde.cl/amoxicilina-750-mg-10-comprimidos/199267.html
amoxicilina,salcobrand,Amoxicilina 750mg 10 Comprimidos,Amoxicilina 750mg 10 Comprimidos,Amoxicilina,amoxicilina,750mg,10,10,null,solid-oral,null,amoxicilina|750mg|10,amoxicilina|750mg|10|bio:unknown|brand:unknown|form:solid-oral,7039,online,true,https://salcobrand.cl/products/amoxicilina-750mg-10-comprimidos?default_sku=2201054
amoxicilina,sermecoop,Amoxicilina 250mg/5ml Suspensión Oral 60ml,Amoxicilina 250mg/5ml Jarabe 60ml,Amoxicilina,amoxicilina,250mg,null,null,null,fluid-oral,null,amoxicilina|60ml,amoxicilina|60ml|bio:unknown|brand:unknown|form:fluid-oral,1590,store,false,https://www.farmaciasermecoop.cl/index.php/online/detalleproducto?p_=1713&d_=1
amoxicilina,ahumada,Amoxicilina 250 mg/5 mL susp. Frasco 60 mL,Amoxicilina 250mg/5ml Jarabe 60ml,Amoxicilina,amoxicilina,250mg,null,null,null,fluid-oral,null,amoxicilina|60ml,amoxicilina|60ml|bio:unknown|brand:unknown|form:fluid-oral,2022,store,true,https://www.farmaciasahumada.cl/amoxicilina-250-mg-5-ml-susp.-frasco-60-ml-94434.html
amoxicilina,salcobrand,Amoxicilina 250mg/5ml Jarabe 60ml,Amoxicilina 250mg/5ml Jarabe 60ml,Amoxicilina,amoxicilina,250mg,null,null,null,fluid-oral,null,amoxicilina|60ml,amoxicilina|60ml|bio:unknown|brand:unknown|form:fluid-oral,2815,online,true,https://salcobrand.cl/products/amoxicilina-250mg-5ml-jarabe-60ml?default_sku=590259
amoxicilina,cruz-verde,Amoxicilina 250 mg/5mL Jarabe 60 mL,Amoxicilina 250mg/5ml Jarabe 60ml,Amoxicilina,amoxicilina,250mg,null,null,null,fluid-oral,null,amoxicilina|60ml,amoxicilina|60ml|bio:unknown|brand:unknown|form:fluid-oral,3290,store,true,https://www.cruzverde.cl/amoxicilina-250-mg-5ml-jarabe-60-ml/199013.html
amoxicilina,araucomed,Amoxicilina 500 mg x 21 cápsulas. (Mintlab),Amoxicilina 500 mg x 21 cápsulas. (Mintlab),Mintlab,amoxicilina,500mg,21,21,null,solid-oral,null,amoxicilina|500mg|21,amoxicilina|500mg|21|bio:unknown|brand:mintlab|form:solid-oral,1690,store,true,https://farmacia.araucomed.com/antibioticos/amoxicilina-500mg-x21cap-mintlab
amoxicilina,farmex,Amoxicilina 750 mg x 10 comprimidos,Amoxicilina 750 mg x 10 comprimidos,MINTLAB,amoxicilina,750mg,10,10,null,solid-oral,null,amoxicilina|750mg|10,amoxicilina|750mg|10|bio:unknown|brand:mintlab|form:solid-oral,1690,store,true,https://farmex.cl/products/amoxicilina-comprimidos?_pos=1&_psq=amoxicilina&_psid=77b57d3eb&_ss=e
amoxicilina,farmex,"Amoxicilina 500 mg / 5 mL x 60 mL ""Ley Cenabast""","Amoxicilina 500 mg / 5 mL x 60 mL ""Ley Cenabast""",OPKO,amoxicilina,500mg,null,null,null,null,null,amoxicilina|60ml|60,amoxicilina|60ml|60|bio:unknown|brand:opko,1795,store,true,https://farmex.cl/products/amoxicilina-500-mg-5-ml-x-60-ml-ley-cenabast?_pos=7&_psq=amoxicilina&_psid=77b57d3eb&_ss=e
amoxicilina,ecofarmacias,Amoxicilina 500 mg x 21 cápsulas (DFM) CENABAST,Amoxicilina 500mg 21 Comprimidos,null,amoxicilina,500mg,21,21,null,solid-oral,null,amoxicilina|500mg|21,amoxicilina|500mg|21|bio:true|brand:unknown|form:solid-oral,1890,store,true,https://www.ecofarmacias.cl/producto/amoxicilina-500-mg-x-21-capsulas-dfm-cenabast/
amoxicilina,sermecoop,Amoxicilina 500mg 21 Comprimidos,Amoxicilina 500mg 21 Comprimidos,null,amoxicilina,500mg,21,21,null,solid-oral,null,amoxicilina|500mg|21,amoxicilina|500mg|21|bio:true|brand:unknown|form:solid-oral,2490,store,false,https://www.farmaciasermecoop.cl/index.php/online/detalleproducto?p_=19027&d_=1
amoxicilina,easyfarma,Amoxicilina 250 mg/5ml 60...,Amoxicilina 250 mg/5ml 60...,null,amoxicilina,250mg,null,null,null,null,null,amoxicilina|5ml,amoxicilina|5ml|bio:unknown|brand:curaespring,1990,store,true,https://nuevo.easyfarma.cl/102869-amoxicilina-250-mg-5ml-60-ml-curaespring.html
amoxicilina,easyfarma,Amoxicilina 250mg/5ml x 60 ml,Amoxicilina 250mg/5ml x 60 ml,null,amoxicilina,250mg,null,null,null,null,null,amoxicilina|60ml|60,amoxicilina|60ml|60|bio:unknown|brand:unknown,1990,store,true,https://nuevo.easyfarma.cl/32707-amoxicilina-250mg-5ml.html
amoxicilina,easyfarma,Amoxicilina 750 Mg 10 Comp...,Amoxicilina 750 Mg 10 Comp...,null,amoxicilina,750mg,10,10,null,solid-oral,null,amoxicilina|750mg|10,amoxicilina|750mg|10|bio:unknown|brand:milab|form:solid-oral,1990,store,true,https://nuevo.easyfarma.cl/102790-amoxicilina-750-mg-10-comp-lab-milab.html
amoxicilina,farmex,Amoxicilina 500 mg x 21 cápsulas,Amoxicilina 500 mg x 21 cápsulas,OPKO,amoxicilina,500mg,21,21,null,solid-oral,null,amoxicilina|500mg|21,amoxicilina|500mg|21|bio:unknown|brand:opko|form:solid-oral,2090,store,true,https://farmex.cl/products/amoxicilina-500-mg-x-21-capsulas-opko?_pos=4&_psq=amoxicilina&_psid=77b57d3eb&_ss=e
amoxicilina,ecofarmacias,Amoxicilina 250 mg/5 ml 60 ml (CuraeSpring),Amoxicilina 250 mg/5 ml 60 ml (CuraeSpring),null,amoxicilina,250mg,null,null,null,null,null,amoxicilina|60ml,amoxicilina|60ml|bio:true|brand:unknown,2100,store,false,https://www.ecofarmacias.cl/producto/amoxicilina-250-mg-5-ml-60-ml-curaespring/
amoxicilina,dr-simi,Amoxicilina 250 mg/5 mL polvo para suspensión oral 60 mL,Amoxicilina 250 mg/5 mL polvo para suspensión oral 60 mL,HOSPIFARMA,amoxicilina,250mg,null,null,null,fluid-oral,null,amoxicilina|60ml,amoxicilina|60ml|bio:false|brand:hospifarma|form:fluid-oral,2200,store,true,https://www.drsimi.cl/amoxicilina-250-mg-5ml-suspension-60-ml/p
amoxicilina,dr-simi,Amoxicilina 500 mg/5 mL polvo para suspensión oral 60 mL,Amoxicilina 500 mg/5 mL polvo para suspensión oral 60 mL,OPKO,amoxicilina,500mg,null,null,null,fluid-oral,null,amoxicilina|60ml,amoxicilina|60ml|bio:false|brand:opko|form:fluid-oral,2400,store,true,https://www.drsimi.cl/amoxicilina-500-mg-5ml-suspension-60-ml/p
amoxicilina,ecofarmacias,"Amoxicilina / Ácido Clavulánico 250/62,5 Polvo Para Suspensión Oral","Amoxicilina / Ácido Clavulánico 250/62,5 Polvo Para Suspensión Oral",null,amoxicilina,null,null,null,null,fluid-oral,acido,amoxicilina,amoxicilina|bio:unknown|brand:unknown|combo:acido|form:fluid-oral,2690,store,false,https://www.ecofarmacias.cl/producto/amoxicilina-acido-clavulanico-250-625-polvo-para-suspension-oral/
amoxicilina,dr-simi,Amoxicilina 500 mg 21 cápsulas,Amoxicilina 500 mg 21 cápsulas,OPKO,amoxicilina,500mg,21,21,null,solid-oral,null,amoxicilina|500mg|21,amoxicilina|500mg|21|bio:true|brand:opko|form:solid-oral,2800,store,true,https://www.drsimi.cl/amoxicilina-500-mg-21-capsulas/p
amoxicilina,dr-simi,Amoxicilina 750 mg 10 comprimidos,Amoxicilina 750 mg 10 comprimidos,MILAB,amoxicilina,750mg,10,10,null,solid-oral,null,amoxicilina|750mg|10,amoxicilina|750mg|10|bio:true|brand:milab|form:solid-oral,2920,store,true,https://www.drsimi.cl/amoxicilina-750-mg-10-comprimidos/p
amoxicilina,easyfarma,Amoxicilina 500 mg 21 Caps....,Amoxicilina 500 mg 21 Caps....,null,amoxicilina,500mg,21,21,null,solid-oral,null,amoxicilina|500mg,amoxicilina|500mg|bio:unknown|brand:mintlab|form:solid-oral,2990,store,true,https://nuevo.easyfarma.cl/41837-amoxicilina-500mg-x-21-caps-lab-mintlab.html
amoxicilina,easyfarma,Amoxicilina 500 mg/5mL...,Amoxicilina 500 mg/5mL...,null,amoxicilina,500mg,null,null,null,null,null,amoxicilina|5ml,amoxicilina|5ml|bio:unknown|brand:unknown,2990,store,true,https://nuevo.easyfarma.cl/26106-amoxicilina-500mg-susp-60-ml.html
amoxicilina,easyfarma,Amoxicilina 500mg/5ml 60 Ml...,Amoxicilina 500mg/5ml 60 Ml...,null,amoxicilina,500mg,null,null,null,null,null,amoxicilina|60ml,amoxicilina|60ml|bio:unknown|brand:opko,2990,store,true,https://nuevo.easyfarma.cl/103873-amoxicilina-500mg-5ml-60-ml-lab-opko.html
amoxicilina,ecofarmacias,Amoxicilina+Acido Clavulanico Clav 500/125  X 20 Comprimidos Recubiertos (Cenabast),Amoxicilina+Acido Clavulanico Clav 500/125  X 20 Comprimidos Recubiertos (Cenabast),null,amoxicilina,null,20,20,null,solid-oral,acido,amoxicilina|20,amoxicilina|20|bio:true|brand:unknown|combo:acido|form:solid-oral,4980,store,true,https://www.ecofarmacias.cl/producto/amoxicilinaacido-clavulanico-clav-500-125-x-20-comprimidos-recubiertos-cenabast/
amoxicilina,cruz-verde,Amoxicilina 500 mg 21 Cápsulas,Amoxicilina (B) 500mg 21 Cápsulas,Amoxicilina,amoxicilina,500mg,21,21,null,solid-oral,null,amoxicilina|500mg|21,amoxicilina|500mg|21|bio:unknown|brand:unknown|form:solid-oral,4990,store,true,https://www.cruzverde.cl/amoxicilina-500-mg-21-capsulas/296838.html
amoxicilina,salcobrand,Amoxicilina (B) 500mg 21 Cápsulas,Amoxicilina (B) 500mg 21 Cápsulas,Amoxicilina,amoxicilina,500mg,21,21,null,solid-oral,null,amoxicilina|500mg|21,amoxicilina|500mg|21|bio:unknown|brand:unknown|form:solid-oral,5015,online,true,https://salcobrand.cl/products/opko-amoxicilina-b-500mg-21-capsulas?default_sku=1763363
amoxicilina,araucomed,Amoxicilina Acido Clavulanico 500/125 x 20 comprimidos (Ascend),Amoxicilina Acido Clavulanico 500/125 x 20 comprimidos (Ascend),Ascend,amoxicilina,null,20,20,null,solid-oral,null,amoxicilina|20,amoxicilina|20|bio:unknown|brand:ascend|form:solid-oral,4990,store,true,https://farmacia.araucomed.com/antibioticos/amoxicilina-acido-clavulanico-500-125-x-20-comprimidos-ascend
amoxicilina,araucomed,Medoclav 875/125 x 14 comprimidos. (Pharmatech),Medoclav 875/125 x 14 comprimidos. (Pharmatech),Pharmatech,medoclav,null,14,14,null,solid-oral,null,medoclav|14,medoclav|14|bio:unknown|brand:pharmatech|form:solid-oral,4990,store,true,https://farmacia.araucomed.com/antibioticos/medoclav-875-125-x-14-comprimidos-pharmatech
amoxicilina,farmex,Amoxicilina + Ácido Clavulánico 500 mg / 125 mg x 20 comprimidos,Amoxicilina + Ácido Clavulánico 500 mg / 125 mg x 20 comprimidos,ASCEND,amoxicilina,500mg,20,20,null,solid-oral,acido,amoxicilina|500mg|20,amoxicilina|500mg|20|bio:unknown|brand:ascend|combo:acido|form:solid-oral,5895,store,true,https://farmex.cl/products/amoxicilina-acido-clavulanico-500-125-mg-x-20-comprimidos-recubiertos?_pos=6&_psq=amoxicilina&_psid=77b57d3eb&_ss=e
amoxicilina,ecofarmacias,Amoxicilina Acido Clavulanico 400/57mg Suspensión oral 70ml,Amoxicilina Acido Clavulanico 400/57mg Suspensión oral 70ml,null,amoxicilina,57mg,null,null,null,fluid-oral,acido,amoxicilina|70ml,amoxicilina|70ml|bio:unknown|brand:unknown|combo:acido|form:fluid-oral,5960,store,false,https://www.ecofarmacias.cl/producto/amoxicilina-acido-clavulanico-400-57mg-suspension-oral-70ml/
amoxicilina,araucomed,Amoxicilina Acido Clavulanico 875/125mg x 20 comprimidos. (CuraeSpring),Amoxicilina Acido Clavulanico 875/125mg x 20 comprimidos. (CuraeSpring),CuraeSpring,amoxicilina,125mg,20,20,null,solid-oral,acido,amoxicilina|125mg|20,amoxicilina|125mg|20|bio:unknown|brand:curaespring|combo:acido|form:solid-oral,5990,store,true,https://farmacia.araucomed.com/antibioticos/amoxicilina-acido-clavulanico-875-125mg-x-20-comprimidos-curaespring
amoxicilina,farmex,Amoxicilina + Ácido Clavulánico 875 mg / 125 mg x 14 comprimidos,Amoxicilina + Ácido Clavulánico 875 mg / 125 mg x 14 comprimidos,opko,amoxicilina,875mg,14,14,null,solid-oral,acido,amoxicilina|875mg|14,amoxicilina|875mg|14|bio:unknown|brand:opko|combo:acido|form:solid-oral,5990,store,true,https://farmex.cl/products/amoxicilina-ac-clavulanico-875-125-x-14-comp?_pos=5&_psq=amoxicilina&_psid=77b57d3eb&_ss=e
amoxicilina,araucomed,Amoxicilina Acido Clavulanico 400/57mg Suspensión oral 70ml (Seven Pharma),Amoxicilina Acido Clavulanico 400/57mg Suspensión oral 70ml (Seven Pharma),Seven Pharma,amoxicilina,57mg,null,null,null,fluid-oral,acido,amoxicilina|70ml,amoxicilina|70ml|bio:unknown|brand:sevenpharma|combo:acido|form:fluid-oral,6290,store,true,https://farmacia.araucomed.com/antibioticos/amoxicilina-acido-clavulanico-400-57mg-suspension-oral-70ml-seven-pharma
amoxicilina,araucomed,Amoxicilina Acido Clavulanico 400/57mg Suspensión oral 70ml (Hospifarma),Amoxicilina Acido Clavulanico 400/57mg Suspensión oral 70ml (Hospifarma),Hospifarma,amoxicilina,57mg,null,null,null,fluid-oral,acido,amoxicilina|70ml,amoxicilina|70ml|bio:unknown|brand:hospifarma|combo:acido|form:fluid-oral,6290,store,true,https://farmacia.araucomed.com/antibioticos/zolimax-duo-400-57-x70ml
amoxicilina,farmex,Amoxicilina + Ácido Clavulánico 875 mg / 125 mg x 20 comprimidos,Amoxicilina + Ácido Clavulánico 875 mg / 125 mg x 20 comprimidos,CuraeSpring,amoxicilina,875mg,20,20,null,solid-oral,acido,amoxicilina|875mg|20,amoxicilina|875mg|20|bio:unknown|brand:curaespring|combo:acido|form:solid-oral,6695,store,true,https://farmex.cl/products/amoxicilina-acido-clavulanico-875-mg-125-mg-x-20-comprimidos-2?_pos=2&_psq=amoxicilina&_psid=77b57d3eb&_ss=e
amoxicilina,ecofarmacias,Amoxicilina+ácido Clavulánico 875mg 125mg por 20 comprimidos Ascend (Cenabast),Amoxicilina 875mg/acido Clavulanico 125mg 20 Comprimidos,null,amoxicilina,875mg,20,20,null,solid-oral,acido,amoxicilina|875mg|20,amoxicilina|875mg|20|bio:true|brand:unknown|combo:acido|form:solid-oral,6770,store,true,https://www.ecofarmacias.cl/producto/amoxicilinaacido-clavulanico-875mg-125mg-por-20-comp-descuento/
amoxicilina,sermecoop,Amoxicilina 875mg/acido Clavulanico 125mg 20 Comprimidos,Amoxicilina 875mg/acido Clavulanico 125mg 20 Comprimidos,null,amoxicilina,875mg,20,20,null,solid-oral,acido,amoxicilina|875mg|20,amoxicilina|875mg|20|bio:true|brand:unknown|combo:acido|form:solid-oral,8990,store,false,https://www.farmaciasermecoop.cl/index.php/online/detalleproducto?p_=1719&d_=1
amoxicilina,sermecoop,Amoxicilina 500mg/acido Clavulanico 125mg 20 Comprimidos Ethon,Amoxicilina 500mg/acido Clavulanico 125mg 20 Comprimidos Ethon,null,amoxicilina,500mg,20,20,null,solid-oral,acido,amoxicilina|500mg|20,amoxicilina|500mg|20|bio:true|brand:unknown|combo:acido|form:solid-oral,6890,store,false,https://www.farmaciasermecoop.cl/index.php/online/detalleproducto?p_=1716&d_=1
amoxicilina,easyfarma,Amoxicilina/Acido...,Amoxicilina/Acido...,null,amoxicilina,null,null,null,null,null,acido,amoxicilina,amoxicilina|bio:unknown|brand:unknown|combo:acido,7490,store,true,https://nuevo.easyfarma.cl/102872-amoxicilina-acido-clavulanico-400mg-57mg-70-ml.html
amoxicilina,dr-simi,Amoxicilina 500 mg ácido clavulánico 125 mg 20 comprimidos recubiertos,Amoxicilina 500 mg ácido clavulánico 125 mg 20 comprimidos recubiertos,ASCEND,amoxicilina,500mg,20,20,null,solid-oral,null,amoxicilina|500mg|20,amoxicilina|500mg|20|bio:true|brand:ascend|form:solid-oral,7800,store,true,https://www.drsimi.cl/amoxicilina-acido-clavulanico-500-125-comprimidos-recubiertos/p
amoxicilina,dr-simi,Amoxicilina 400 mg ácido clavulánico 57 mg polvo para suspensión oral 70 mL,Amoxicilina 400 mg ácido clavulánico 57 mg polvo para suspensión oral 70 mL,SEVEN PHARMA,amoxicilina,400mg,null,null,null,fluid-oral,null,amoxicilina|70ml,amoxicilina|70ml|bio:false|brand:sevenpharma|form:fluid-oral,7960,store,true,https://www.drsimi.cl/amoxicilina-ac-clav-400-57-1-polvo-para-suspension-oral-ch50380-1/p
amoxicilina,sermecoop,Amoxicilina 875mg/acido Clavulanico 125mg 14 Comprimidos,Amoxicilina 875mg/acido Clavulanico 125mg 14 Comprimidos,null,amoxicilina,875mg,14,14,null,solid-oral,acido,amoxicilina|875mg|14,amoxicilina|875mg|14|bio:true|brand:unknown|combo:acido|form:solid-oral,7990,store,false,https://www.farmaciasermecoop.cl/index.php/online/detalleproducto?p_=1703&d_=1
amoxicilina,sermecoop,Amoxicilina/Ácido Clavulánico 875/125 Mg X 14 Comprimidos Recubiertos,Amoxicilina/Ácido Clavulánico 875/125 Mg X 14 Comprimidos Recubiertos,null,amoxicilina,125mg,14,14,null,solid-oral,acido,amoxicilina|125mg|14,amoxicilina|125mg|14|bio:true|brand:unknown|combo:acido|form:solid-oral,7990,store,false,https://www.farmaciasermecoop.cl/index.php/online/detalleproducto?p_=21197&d_=1
amoxicilina,easyfarma,Amoxicilina + Acido...,Amoxicilina + Acido...,null,amoxicilina,null,null,null,null,null,acido,amoxicilina,amoxicilina|bio:unknown|brand:ascend|combo:acido,7990,store,true,https://nuevo.easyfarma.cl/103308-amoxicilina-acido-clavulanico-500-125-x-20-comp-lab-ascend.html
amoxicilina,dr-simi,Amoxicilina 875 mg ácido clavulánico 125 mg 14 comprimidos recubiertos,Amoxicilina 875 mg ácido clavulánico 125 mg 14 comprimidos recubiertos,OPKO,amoxicilina,875mg,14,14,null,solid-oral,null,amoxicilina|875mg|14,amoxicilina|875mg|14|bio:true|brand:opko|form:solid-oral,8200,store,true,https://www.drsimi.cl/amoxicilina-acido-clavulanico-875-125-comprimidos-recubiertos/p
amoxicilina,cruz-verde,Amoxicilina 500 mg + Acido Clavulánico 125 mg 20 Comprimidos,Amoxicilina 500 mg + Acido Clavulánico 125 mg 20 Comprimidos,null,amoxicilina,500mg,20,20,null,solid-oral,acido,amoxicilina|500mg|20,amoxicilina|500mg|20|bio:unknown|brand:unknown|combo:acido|form:solid-oral,8990,store,true,https://www.cruzverde.cl/amoxicilina-500-mg-acido-clavulanico-125-mg-20-comprimidos/275149.html
amoxicilina,sermecoop,Amoxicilina/Ácido Clavulánico Suspension 400/57 Mg X 70 Ml,Amoxicilina/Ácido Clavulánico Suspension 400/57 Mg X 70 Ml,null,amoxicilina,57mg,null,null,null,fluid-oral,acido,amoxicilina|70ml|70,amoxicilina|70ml|70|bio:unknown|brand:unknown|combo:acido|form:fluid-oral,8990,store,false,https://www.farmaciasermecoop.cl/index.php/online/detalleproducto?p_=21044&d_=1
amoxicilina,sermecoop,Amoxicilina/Ácido Clavulánico 875/125 Mg X 20 Comprimidos Recubiertos,Amoxicilina/Ácido Clavulánico 875/125 Mg X 20 Comprimidos Recubiertos,null,amoxicilina,125mg,20,20,null,solid-oral,acido,amoxicilina|125mg|20,amoxicilina|125mg|20|bio:true|brand:unknown|combo:acido|form:solid-oral,8990,store,false,https://www.farmaciasermecoop.cl/index.php/online/detalleproducto?p_=20201&d_=1
amoxicilina,araucomed,Amobiotic 1 g. x 14 comprimidos.,Amobiotic 1 g. x 14 comprimidos.,Laboratorio Chile,amobiotic,1000mg,14,14,null,solid-oral,null,amobiotic|1000mg|14,amobiotic|1000mg|14|bio:unknown|brand:chile|form:solid-oral,9490,store,true,https://farmacia.araucomed.com/antibioticos/amobiotic-1g-x14com
amoxicilina,araucomed,Amoval Duo 400mg/5ml solucion oral 70ml,Amoval Duo 400mg/5ml solucion oral 70ml,null,amoval,400mg,null,null,duo,fluid-oral,null,amoval|70ml,amoval|70ml|bio:unknown|brand:unknown|var:duo|form:fluid-oral,9790,store,true,https://farmacia.araucomed.com/antibioticos/amoval-duo-400mg-5ml-solucion-oral-70ml
amoxicilina,sermecoop,Amoval Duo 400 (amoxicilina) 400mg/5ml Susp Oral 70ml,Amoval Duo 400mg/5ml solucion oral 70ml,null,amoval,400mg,null,null,duo,fluid-oral,null,amoval|70ml,amoval|70ml|bio:unknown|brand:unknown|var:duo|form:fluid-oral,12790,store,false,https://www.farmaciasermecoop.cl/index.php/online/detalleproducto?p_=19627&d_=1
amoxicilina,ecofarmacias,Novamox amoxicilina 1gr 14 comprimidos dispersables Pasteur DESCUENTO,Novamox amoxicilina 1gr 14 comprimidos dispersables Pasteur DESCUENTO,null,novamox,null,14,14,null,solid-oral,null,novamox|14,novamox|14|bio:unknown|brand:unknown|form:solid-oral,9990,store,false,https://www.ecofarmacias.cl/producto/novamox-amoxicilina-1gr-14-comprimidos-dispersables-pasteur-descuento/
amoxicilina,araucomed,Amoval 250mg/5ml jarabe 100ml,Amoval 250mg/5ml jarabe 100ml,null,amoval,250mg,null,null,null,fluid-oral,null,amoval|100ml,amoval|100ml|bio:unknown|brand:unknown|form:fluid-oral,10490,store,true,https://farmacia.araucomed.com/antibioticos/amoval-250mg-5ml-jarabe-100ml
amoxicilina,sermecoop,Amoval (amoxicilina) 250mg/5ml Suspensión Oral 100ml,Amoval 250mg/5ml jarabe 100ml,null,amoval,250mg,null,null,null,fluid-oral,null,amoval|100ml,amoval|100ml|bio:unknown|brand:unknown|form:fluid-oral,12790,store,true,https://www.farmaciasermecoop.cl/index.php/online/detalleproducto?p_=1692&d_=1
amoxicilina,easyfarma,Amoxicilina + Ac...,Amoxicilina + Ac...,null,amoxicilina,null,null,null,ac,null,null,amoxicilina,amoxicilina|bio:unknown|brand:unknown|var:ac,10490,store,true,https://nuevo.easyfarma.cl/32716-amoxicilina-acido-clavulanico-875-125-mg-x-20.html
amoxicilina,ecofarmacias,Synulox (Amoxicilina 200mg-Ácido clauvuláncio 50mg) **Uso Veterinario**,Synulox (Amoxicilina 200mg-Ácido clauvuláncio 50mg) **Uso Veterinario**,null,synulox,200mg,null,null,uso,null,null,synulox|200mg,synulox|200mg|bio:unknown|brand:unknown|var:uso,10790,store,false,https://www.ecofarmacias.cl/producto/synulox-amoxicilina-200mg-acido-clauvulancio-50mg-uso-perritos/
amoxicilina,salcobrand,Amoxicilina / Ácido Clavulánico (B) 875/125 14 Comprimidos Recubiertos,Amoxicilina / Ácido Clavulánico (B) 875/125 14 Comprimidos Recubiertos,Amoxicilina / Ácido Clavulánico,amoxicilina,null,14,14,null,solid-oral,acido,amoxicilina|14,amoxicilina|14|bio:unknown|brand:unknown|combo:acido|form:solid-oral,10823,online,true,https://salcobrand.cl/products/opko-amoxicilina-acido-clavulanico-b-875-125-14-comprimidos-recubiertos?default_sku=1768030
amoxicilina,dr-simi,Novamox amoxicilina 1 g 14 comprimidos dispersables,Novamox amoxicilina 1 g 14 comprimidos dispersables,PASTEUR,novamox,1000mg,14,14,null,solid-oral,null,novamox|1000mg|14,novamox|1000mg|14|bio:true|brand:pasteur|form:solid-oral,11400,store,true,https://www.drsimi.cl/novamox-amoxicilina-1-gr-14-comprimidos-dispersables/p
amoxicilina,salcobrand,Amoxicilina / Acido Clavulánico (B) 500/125 20 Comprimidos Recubiertos,Amoxicilina / Acido Clavulánico (B) 500/125 20 Comprimidos Recubiertos,Amoxicilina+Clavulanico,amoxicilina,null,20,20,null,solid-oral,acido,amoxicilina|20,amoxicilina|20|bio:unknown|brand:unknown|combo:acido|form:solid-oral,11527,online,true,https://salcobrand.cl/products/amoxicilina-acido-clavulanico-b-500-125-20-comprimidos-recubiertos?default_sku=1763275
amoxicilina,araucomed,Optamox 875 mg x 14 comprimidos,Optamox 875 mg x 14 comprimidos,Pharma Investi,optamox,875mg,14,14,null,solid-oral,null,optamox|875mg|14,optamox|875mg|14|bio:unknown|brand:pharmainvesti|form:solid-oral,11990,store,true,https://farmacia.araucomed.com/antibioticos/optamox-875-mg-x-14-comprimidos
amoxicilina,salcobrand,Maximox (B) 875/125 Amoxicilina / ícido Clavulánico 14 Comprimidos Recubiertos,Maximox (B) 875/125 Amoxicilina / ícido Clavulánico 14 Comprimidos Recubiertos,Maximox,maximox,null,14,14,cido,solid-oral,null,maximox|14,maximox|14|bio:unknown|brand:maximox|var:cido|form:solid-oral,12282,online,true,https://salcobrand.cl/products/acido-clavulanico-125mg-amoxicilina-875mg-oral-solido-83a0ca42-b9c7-4c3b-b584-25d831bd287e?default_sku=2501113
amoxicilina,ecofarmacias,Amobiotic Amoxicilina 1g x 14 comprimidos dispersables Lab Chile DESCUENTO,Amobiotic Amoxicilina 1g x 14 comprimidos dispersables Lab Chile DESCUENTO,null,amobiotic,1000mg,14,14,null,solid-oral,null,amobiotic|1000mg|14,amobiotic|1000mg|14|bio:true|brand:unknown|form:solid-oral,12950,store,false,https://www.ecofarmacias.cl/producto/amobiotic-amoxicilina-1g-x-14-comprimidos-dispersables-lab-chile-descuento/
amoxicilina,salcobrand,Novamox (B) Amoxicilina 1g 14 Comprimidos,Novamox (B) Amoxicilina 1g 14 Comprimidos,Novamox,novamox,1000mg,14,14,null,solid-oral,null,novamox|1000mg|14,novamox|1000mg|14|bio:unknown|brand:novamox|form:solid-oral,13463,online,true,https://salcobrand.cl/products/novamox-b-amoxicilina-1g-14-comprimidos?default_sku=2501096
amoxicilina,araucomed,Clavinex Duo Forte 800/57 suspensión oral 35 ml.,Clavinex Duo Forte 800/57 suspensión oral 35 ml.,null,clavinex,35ml,null,null,duo,fluid-oral,null,clavinex|35ml,clavinex|35ml|bio:unknown|brand:unknown|var:duo|form:fluid-oral,13490,store,true,https://farmacia.araucomed.com/antibioticos/clavinex-duo-forte-800-57-suspension-oral-35-ml
amoxicilina,ahumada,Optamox 875 mg x 21 Comprimidos Recubiertos,Optamox 875 mg x 21 Comprimidos Recubiertos,null,optamox,875mg,21,21,null,solid-oral,null,optamox|875mg|21,optamox|875mg|21|bio:true|brand:unknown|form:solid-oral,13567,cmr,true,https://www.farmaciasahumada.cl/optamox-875-mg-x-21-comprimidos-recubiertos-64562.html
amoxicilina,ahumada,Amobiotic 1 g x 14 Comprimidos Dispersables,Amobiotic 1 g x 14 Comprimidos Dispersables,null,amobiotic,1000mg,14,14,null,solid-oral,null,amobiotic|1000mg|14,amobiotic|1000mg|14|bio:unknown|brand:unknown|form:solid-oral,13792,cmr,true,https://www.farmaciasahumada.cl/amobiotic-1-g-x-14-comprimidos-dispersables-20397.html
amoxicilina,cruz-verde,Amobiotic Amoxicilina 1000 mg 14 Comprimidos,Amobiotic 1 g x 14 Comprimidos Dispersables,null,amobiotic,1000mg,14,14,null,solid-oral,null,amobiotic|1000mg|14,amobiotic|1000mg|14|bio:unknown|brand:unknown|form:solid-oral,19990,store,true,https://www.cruzverde.cl/amobiotic-amoxicilina-1000-mg-14-comprimidos/1451.html
amoxicilina,araucomed,Amoval 1 gramo x 14 comprimidos dispersables.,Amoval 1 gramo x 14 comprimidos dispersables.,null,amoval,null,14,14,null,solid-oral,null,amoval|14,amoval|14|bio:unknown|brand:unknown|form:solid-oral,13890,store,true,https://farmacia.araucomed.com/antibioticos/amoval-1g-x14com
amoxicilina,ecofarmacias,Amoval Amoxicilina 1gr 14 Comprimidos Dispersables,Amoval 1 gramo x 14 comprimidos dispersables.,null,amoval,null,14,14,null,solid-oral,null,amoval|14,amoval|14|bio:unknown|brand:unknown|form:solid-oral,14470,store,true,https://www.ecofarmacias.cl/producto/amoval-amoxicilina-1gr-14-comprimidos-dispersables/
amoxicilina,sermecoop,Amoval (amoxicilina) 1gr 14 Comprimidos Dispersable,Amoval 1 gramo x 14 comprimidos dispersables.,null,amoval,null,14,14,null,solid-oral,null,amoval|14,amoval|14|bio:unknown|brand:unknown|form:solid-oral,16990,store,false,https://www.farmaciasermecoop.cl/index.php/online/detalleproducto?p_=19426&d_=1
amoxicilina,dr-simi,Clavam Duo amoxicilina 400 mg ácido clavulánico 57 mg polvo para suspensión oral 70 mL,Clavam Duo amoxicilina 400 mg ácido clavulánico 57 mg polvo para suspensión oral 70 mL,EUROFARMA,clavam,400mg,null,null,duo,fluid-oral,null,clavam|70ml,clavam|70ml|bio:false|brand:eurofarma|var:duo|form:fluid-oral,13960,store,true,https://www.drsimi.cl/amoxicilina-ac--clav-400-57-1-polvo-para-suspension-oral-con-solvente-70-ml-amoxicilina-acido-clavulanico/p
amoxicilina,araucomed,Clavinex Duo 400/57 solución oral x 35 ml.,Clavinex Duo 400/57 solución oral x 35 ml.,null,clavinex,35ml,null,null,duo,fluid-oral,null,clavinex|35ml|35,clavinex|35ml|35|bio:unknown|brand:unknown|var:duo|form:fluid-oral,13990,store,true,https://farmacia.araucomed.com/antibioticos/clavinex-duo-400-57-solucion-oral-x-35-ml
amoxicilina,sermecoop,Amobiotic (amoxicilina) 1gr 14 Comprimidos Dispersables,Amobiotic (amoxicilina) 1gr 14 Comprimidos Dispersables,null,amobiotic,null,14,14,null,solid-oral,null,amobiotic|14,amobiotic|14|bio:unknown|brand:unknown|form:solid-oral,13990,store,false,https://www.farmaciasermecoop.cl/index.php/online/detalleproducto?p_=19025&d_=1
amoxicilina,ahumada,Clavam Duo 875 mg/125 mg x 14 Comprimidos Recubiertos,Clavam Duo 875 mg/125 mg x 14 Comprimidos Recubiertos,null,clavam,875mg,14,14,duo,solid-oral,null,clavam|875mg|14,clavam|875mg|14|bio:true|brand:unknown|var:duo|form:solid-oral,14024,store,true,https://www.farmaciasahumada.cl/clavam-duo-875-mg-125-mg-x-14-comprimidos-recubiertos-76448.html
amoxicilina,ecofarmacias,Amoval Amoxicilina 250 mg/5ml Suspensión x 100 mL DESCUENTO,Amoval 250 mg/5 mL x 100 mL Polvo Para Suspensión Oral,null,amoval,250mg,null,null,null,fluid-oral,null,amoval|100ml|100,amoval|100ml|100|bio:unknown|brand:unknown|form:fluid-oral,14200,store,true,https://www.ecofarmacias.cl/producto/amoval-amoxicilina-250-mg-5ml-suspension-x-100-ml-descuento/
amoxicilina,ahumada,Amoval 250 mg/5 mL x 100 mL Polvo Para Suspensión Oral,Amoval 250 mg/5 mL x 100 mL Polvo Para Suspensión Oral,null,amoval,250mg,null,null,null,fluid-oral,null,amoval|100ml|100,amoval|100ml|100|bio:unknown|brand:unknown|form:fluid-oral,17302,cmr,true,https://www.farmaciasahumada.cl/amoval-250-mg-5-ml-x-100-ml-polvo-para-suspension-oral-11211.html
amoxicilina,sermecoop,Amoval Duo (amoxicilina) 1000mg/5ml Jarabe X50 Ml,Amoval Duo (amoxicilina) 1000mg/5ml Jarabe X50 Ml,null,amoval,1000mg,null,null,duo,fluid-oral,null,amoval|50ml|50,amoval|50ml|50|bio:unknown|brand:unknown|var:duo|form:fluid-oral,14390,store,false,https://www.farmaciasermecoop.cl/index.php/online/detalleproducto?p_=20756&d_=1
amoxicilina,ahumada,Amoval Duo 1000 mg/5 mL x 50 mL Polvo Para Suspensión Oral Con Solvente,Amoval Duo (amoxicilina) 1000mg/5ml Jarabe X50 Ml,null,amoval,1000mg,null,null,duo,fluid-oral,null,amoval|50ml|50,amoval|50ml|50|bio:unknown|brand:unknown|var:duo|form:fluid-oral,16237,cmr,true,https://www.farmaciasahumada.cl/amoval-duo-1000-mg-5-ml-x-50-ml-polvo-para-suspension-oral-con-solvente-47367.html
amoxicilina,salcobrand,Amoval Amoxicilina 1g 14 Comprimidos Dispersables,Amoval Amoxicilina 1g 14 Comprimidos Dispersables,Amoval,amoval,1000mg,14,14,null,solid-oral,null,amoval|1000mg|14,amoval|1000mg|14|bio:unknown|brand:amoval|form:solid-oral,14549,online,true,https://salcobrand.cl/products/amoval-amoxicilina-1g-14-comprimidos-dispersables?default_sku=2970138
amoxicilina,ahumada,AMOVAL Amoxicilina 1 g 14 comprimidos,AMOVAL Amoxicilina 1 g 14 comprimidos,null,amoval,1000mg,14,14,null,solid-oral,null,amoval|1000mg|14,amoval|1000mg|14|bio:true|brand:unknown|form:solid-oral,14632,cmr,true,https://www.farmaciasahumada.cl/amoval-amoxicilina-1-g-14-comprimidos-16344.html
amoxicilina,dr-simi,Optamox amoxicilina 875 mg 21 comprimidos recubiertos,Optamox amoxicilina 875 mg 21 comprimidos recubiertos,MEGALABS,optamox,875mg,21,21,null,solid-oral,null,optamox|875mg|21,optamox|875mg|21|bio:false|brand:megalabs|form:solid-oral,15200,store,true,https://www.drsimi.cl/optamox-amoxicilina-875-mg-21-comprimidos/p
amoxicilina,cruz-verde,Novamox Amoxicilina 1000 mg 14 Comprimidos Dispersable,Novamox Amoxicilina 1000 mg 14 Comprimidos Dispersable,null,novamox,1000mg,14,14,null,solid-oral,null,novamox|1000mg|14,novamox|1000mg|14|bio:unknown|brand:unknown|form:solid-oral,15290,store,true,https://www.cruzverde.cl/novamox-amoxicilina-1000-mg-14-comprimidos-dispersable/260321.html
amoxicilina,sermecoop,Amoval (amoxicilina) 500mg 21 Comprimidos,Amoval Amoxicilina 500 mg 21 Comprimidos,null,amoval,500mg,21,21,null,solid-oral,null,amoval|500mg|21,amoval|500mg|21|bio:unknown|brand:unknown|form:solid-oral,15390,store,true,https://www.farmaciasermecoop.cl/index.php/online/detalleproducto?p_=20450&d_=1
amoxicilina,cruz-verde,Amoval Amoxicilina 500 mg 21 Comprimidos,Amoval Amoxicilina 500 mg 21 Comprimidos,null,amoval,500mg,21,21,null,solid-oral,null,amoval|500mg|21,amoval|500mg|21|bio:unknown|brand:unknown|form:solid-oral,28240,store,true,https://www.cruzverde.cl/amoval-amoxicilina-500-mg-21-comprimidos/6093.html
amoxicilina,salcobrand,Moxivulan Ácido Clavulánico 125mg Amoxicilina 875mg 14 Comprimidos Recubiertos,Moxivulan Ácido Clavulánico 125mg Amoxicilina 875mg 14 Comprimidos Recubiertos,Moxivulan,moxivulan,125mg,14,14,null,solid-oral,null,moxivulan|125mg|14,moxivulan|125mg|14|bio:unknown|brand:moxivulan|form:solid-oral,15399,online,true,https://salcobrand.cl/products/moxivulan-acido-clavulanico-125mg-amoxicilina-875mg-14-comprimidos-recubiertos?default_sku=3310312
amoxicilina,salcobrand,Maximox (B) 875/125 Amoxicilina / ícido Clavulánico 20 Comprimidos Recubiertos,Maximox (B) 875/125 Amoxicilina / ícido Clavulánico 20 Comprimidos Recubiertos,Maximox,maximox,null,20,20,cido,solid-oral,null,maximox|20,maximox|20|bio:unknown|brand:maximox|var:cido|form:solid-oral,15959,online,true,https://salcobrand.cl/products/acido-clavulanico-125mg-amoxicilina-875mg-oral-solido-717e7b95-7249-428c-b210-d0853378111c?default_sku=2501114
amoxicilina,ahumada,Novamox 1 g x 20 Comprimidos Dispersables,Novamox 1 g x 20 Comprimidos Dispersables,null,novamox,1000mg,20,20,null,solid-oral,null,novamox|1000mg|20,novamox|1000mg|20|bio:true|brand:unknown|form:solid-oral,16087,cmr,true,https://www.farmaciasahumada.cl/novamox-1-g-x-20-comprimidos-dispersables-88103.html
amoxicilina,ahumada,Optamox 875 mg x 14 Comprimidos Recubiertos,Optamox 875 mg x 14 Comprimidos Recubiertos,null,optamox,875mg,14,14,null,solid-oral,null,optamox|875mg|14,optamox|875mg|14|bio:true|brand:unknown|form:solid-oral,16274,cmr,true,https://www.farmaciasahumada.cl/optamox-875-mg-x-14-comprimidos-recubiertos-28045.html
amoxicilina,ahumada,AMOVAL Amoxicilina 1 g 20 comprimidos,AMOVAL Amoxicilina 1 g 20 comprimidos,null,amoval,1000mg,20,20,null,solid-oral,null,amoval|1000mg|20,amoval|1000mg|20|bio:true|brand:unknown|form:solid-oral,16762,cmr,true,https://www.farmaciasahumada.cl/amoval-amoxicilina-1-g-20-comprimidos-39171.html
amoxicilina,dr-simi,Amoxicilina 250 mg 500 cápsulas,Amoxicilina 250 mg 500 cápsulas,DR. SIMI,amoxicilina,250mg,500,500,null,solid-oral,null,amoxicilina|250mg|500,amoxicilina|250mg|500|bio:false|brand:drsimi|form:solid-oral,16807,store,false,https://www.drsimi.cl/amoxicilina-250-mg-500-capsulas/p
amoxicilina,araucomed,Amoval 1 gramo x 20 comprimidos dispersables.,Amoval Amoxicilina 1gr 20 Comprimidos,null,amoval,null,20,20,null,solid-oral,null,amoval|20,amoval|20|bio:unknown|brand:unknown|form:solid-oral,16990,store,true,https://farmacia.araucomed.com/antibioticos/amoval-1g-x20com
amoxicilina,ecofarmacias,Amoval Amoxicilina 1gr 20 Comprimidos,Amoval Amoxicilina 1gr 20 Comprimidos,null,amoval,null,20,20,null,solid-oral,null,amoval|20,amoval|20|bio:unknown|brand:unknown|form:solid-oral,19150,store,false,https://www.ecofarmacias.cl/producto/amoval-amoxicilina-1gr-20-comprimidos/
amoxicilina,sermecoop,Amoval (amoxicilina) 1gr 20 Comprimidos Dispersable,Amoval Amoxicilina 1gr 20 Comprimidos,null,amoval,null,20,20,null,solid-oral,null,amoval|20,amoval|20|bio:unknown|brand:unknown|form:solid-oral,19690,store,false,https://www.farmaciasermecoop.cl/index.php/online/detalleproducto?p_=19424&d_=1
amoxicilina,cruz-verde,Moxivulan 875/125 Amoxicilina 875 mg Ácido Clavulánico 125 mg 14 Comprimidos Recubiertos,Moxivulan 875/125 Amoxicilina 875 mg Ácido Clavulánico 125 mg 14 Comprimidos Recubiertos,null,moxivulan,875mg,14,14,null,solid-oral,null,moxivulan|875mg|14,moxivulan|875mg|14|bio:unknown|brand:unknown|form:solid-oral,17340,store,true,https://www.cruzverde.cl/moxivulan-875-125-amoxicilina-875-mg-acido-clavulanico-125-mg-14-comprimidos-recubiertos/392524.html
amoxicilina,cruz-verde,Optamox Amoxicilina 875 mg 21 Comprimidos,Optamox Amoxicilina 875 mg 21 Comprimidos,null,optamox,875mg,21,21,null,solid-oral,null,optamox|875mg|21,optamox|875mg|21|bio:unknown|brand:unknown|form:solid-oral,17590,store,true,https://www.cruzverde.cl/optamox-amoxicilina-875-mg-21-comprimidos/259180.html
amoxicilina,araucomed,Amoval Duo 1000mg/5ml solucion oral 120ml,Amoval Duo 1000mg/5ml solucion oral 120ml,null,amoval,1000mg,null,null,duo,fluid-oral,null,amoval|120ml,amoval|120ml|bio:unknown|brand:unknown|var:duo|form:fluid-oral,17990,store,true,https://farmacia.araucomed.com/antibioticos/amoval-duo-1000mg-5ml-solucion-oral-120ml
amoxicilina,salcobrand,Novamox (B) Amoxicilina 1g 20 Comprimidos,Novamox (B) Amoxicilina 1g 20 Comprimidos,Novamox,novamox,1000mg,20,20,null,solid-oral,null,novamox|1000mg|20,novamox|1000mg|20|bio:unknown|brand:novamox|form:solid-oral,18127,online,true,https://salcobrand.cl/products/novamox-b-amoxicilina-1g-20-comprimidos?default_sku=574764
amoxicilina,ecofarmacias,Maximox 400/57 Amoxicilina 57 mg/5mL Suspensión 70 mL,Maximox 400/57 Amoxicilina 57 mg/5mL Suspensión 70 mL,null,maximox,57mg,null,null,null,fluid-oral,null,maximox|70ml,maximox|70ml|bio:unknown|brand:unknown|form:fluid-oral,18190,store,false,https://www.ecofarmacias.cl/producto/maximox-400-57-amoxicilina-57-mg-5ml-suspension-70-ml/
amoxicilina,ahumada,Amoval Duo  400 mg/5mL x 70 mL Polvo Para Suspensión Oral,Amoval Duo  400 mg/5mL x 70 mL Polvo Para Suspensión Oral,null,amoval,400mg,null,null,duo,fluid-oral,null,amoval|70ml|70,amoval|70ml|70|bio:unknown|brand:unknown|var:duo|form:fluid-oral,18284,cmr,true,https://www.farmaciasahumada.cl/amoval-duo--400-mg-5ml-x-70-ml-polvo-para-suspension-oral-23097.html
amoxicilina,ecofarmacias,Amobiotic Bid 1000 Con Solvente Amoxicilina 1000mg/ 5 ml 90 Ml,Amobiotic Bid 1000 Con Solvente Amoxicilina 1000mg/ 5 ml 90 Ml,null,amobiotic,1000mg,null,null,bid,null,null,amobiotic|90ml,amobiotic|90ml|bio:true|brand:unknown|var:bid,18490,store,true,https://www.ecofarmacias.cl/producto/amobiotic-bid-1000-con-solvente-amoxicilina-1000mg-5-ml-90-ml/
amoxicilina,cruz-verde,Amoval Amoxicilina 1000 mg 14 Comprimidos,Amoval Amoxicilina 1000 mg 14 Comprimidos,null,amoval,1000mg,14,14,null,solid-oral,null,amoval|1000mg|14,amoval|1000mg|14|bio:unknown|brand:unknown|form:solid-oral,18540,store,true,https://www.cruzverde.cl/amoval-amoxicilina-1000-mg-14-comprimidos/6261.html
amoxicilina,cruz-verde,Zolimax Duo 875/125 Amoxicilina 875 mg 14 Comprimidos,Zolimax Duo 875/125 Amoxicilina 875 mg 14 Comprimidos,null,zolimax,875mg,14,14,duo,solid-oral,null,zolimax|875mg|14,zolimax|875mg|14|bio:unknown|brand:unknown|var:duo|form:solid-oral,19540,store,true,https://www.cruzverde.cl/zolimax-duo-875-125-amoxicilina-875-mg-14-comprimidos/292268.html
amoxicilina,cruz-verde,Zolimax Duo 875/125 Amoxicilina 875 mg 20 Comprimidos,Zolimax Duo 875/125 Amoxicilina 875 mg 20 Comprimidos,null,zolimax,875mg,20,20,duo,solid-oral,null,zolimax|875mg|20,zolimax|875mg|20|bio:unknown|brand:unknown|var:duo|form:solid-oral,19791,store,true,https://www.cruzverde.cl/zolimax-duo-875-125-amoxicilina-875-mg-20-comprimidos/292269.html
amoxicilina,sermecoop,Amoval Duo (amoxicilina) 1000mg/5ml Suspensión Oral 90ml,Amoval Duo (amoxicilina) 1000mg/5ml Suspensión Oral 90ml,null,amoval,1000mg,null,null,duo,fluid-oral,null,amoval|90ml,amoval|90ml|bio:unknown|brand:unknown|var:duo|form:fluid-oral,19990,store,false,https://www.farmaciasermecoop.cl/index.php/online/detalleproducto?p_=20757&d_=1
amoxicilina,ahumada,Maximox 400 mg/57 mg x 70 mL Polvo Para Suspensión Oral Con Solvente,Maximox 400 mg/57 mg x 70 mL Polvo Para Suspensión Oral Con Solvente,null,maximox,400mg,null,null,null,fluid-oral,null,maximox|70ml|70,maximox|70ml|70|bio:unknown|brand:unknown|form:fluid-oral,20467,cmr,true,https://www.farmaciasahumada.cl/maximox-400-mg-57-mg-x-70-ml-polvo-para-suspension-oral-con-solvente-68506.html
amoxicilina,cruz-verde,Optamox Amoxicilina 875 mg 14 Comprimidos Recubiertos,Optamox Amoxicilina 875 mg 14 Comprimidos Recubiertos,null,optamox,875mg,14,14,null,solid-oral,null,optamox|875mg|14,optamox|875mg|14|bio:unknown|brand:unknown|form:solid-oral,20590,store,true,https://www.cruzverde.cl/optamox-amoxicilina-875-mg-14-comprimidos-recubiertos/161148.html
amoxicilina,cruz-verde,Novamox Amoxicilina 1000 mg 20 Comprimidos,Novamox Amoxicilina 1000 mg 20 Comprimidos,null,novamox,1000mg,20,20,null,solid-oral,null,novamox|1000mg|20,novamox|1000mg|20|bio:unknown|brand:unknown|form:solid-oral,20590,store,true,https://www.cruzverde.cl/novamox-amoxicilina-1000-mg-20-comprimidos/259836.html
amoxicilina,araucomed,Clavinex Duo Forte 800/57 suspensión oral 70 ml.,Clavinex Duo Forte 800/57 suspensión oral 70 ml.,null,clavinex,70ml,null,null,duo,fluid-oral,null,clavinex|70ml,clavinex|70ml|bio:unknown|brand:unknown|var:duo|form:fluid-oral,20990,store,true,https://farmacia.araucomed.com/antibioticos/clavinex-duo-forte-800-57-solucion-oral-70ml
amoxicilina,ecofarmacias,Clavinex Duo Forte Amoxicilina 70ml susp oral DESCUENTO,Clavinex Duo Forte 800/57 suspensión oral 70 ml.,null,clavinex,70ml,null,null,duo,fluid-oral,null,clavinex|70ml,clavinex|70ml|bio:unknown|brand:unknown|var:duo|form:fluid-oral,21990,store,false,https://www.ecofarmacias.cl/producto/clavinex-duo-forte-amoxicilina-70ml-acido-clavulanico-susp-oral-descuento/
amoxicilina,ahumada,Amobiotic BID 1000 mg/5 mL x 90 mL Polvo para Suspensión Oral con Solvente,Amobiotic BID 1000 mg/5 mL x 90 mL Polvo para Suspensión Oral con Solvente,null,amobiotic,1000mg,null,null,bid,fluid-oral,null,amobiotic|90ml|90,amobiotic|90ml|90|bio:unknown|brand:unknown|var:bid|form:fluid-oral,21029,cmr,true,https://www.farmaciasahumada.cl/amobiotic-bid-1000-mg-5-ml-x-90-ml-polvo-para-suspension-oral-con-solvente-40951.html
amoxicilina,ahumada,Ambilan Bid 400/57 Suspensión Oral 70 mL,Ambilan Bid 400/57 Suspensión Oral 70 mL,null,ambilan,70ml,null,null,bid,fluid-oral,null,ambilan|70ml,ambilan|70ml|bio:unknown|brand:unknown|var:bid|form:fluid-oral,21102,store,true,https://www.farmaciasahumada.cl/ambilan-bid-400-57-suspension-oral-70-ml-94520.html
amoxicilina,ahumada,Amoval Duo 1000 mg/5 mL x 90 mL Polvo Para Suspensión Oral Con Solvente,Amoval Duo 1000 mg/5 mL x 90 mL Polvo Para Suspensión Oral Con Solvente,null,amoval,1000mg,null,null,duo,fluid-oral,null,amoval|90ml|90,amoval|90ml|90|bio:unknown|brand:unknown|var:duo|form:fluid-oral,21104,cmr,true,https://www.farmaciasahumada.cl/amoval-duo-1000-mg-5-ml-x-90-ml-polvo-para-suspension-oral-con-solvente-47369.html
amoxicilina,ahumada,Amoval Duo 1000 mg/5ml x 120 ml Polvo para Suspensión Oral con Solvente,Amoval Duo 1000 mg/5ml x 120 ml Polvo para Suspensión Oral con Solvente,null,amoval,1000mg,null,null,duo,fluid-oral,null,amoval|120ml|120,amoval|120ml|120|bio:unknown|brand:unknown|var:duo|form:fluid-oral,21337,cmr,true,https://www.farmaciasahumada.cl/amoval-duo-1000-mg-5ml-x-120-ml-polvo-para-suspension-oral-con-solvente-89898.html
amoxicilina,sermecoop,Ambilan Bid (amoxicilina/clavulanico) 875/125mg 14 Comprimidos,Ambilan Bid (amoxicilina/clavulanico) 875/125mg 14 Comprimidos,null,ambilan,125mg,14,14,null,solid-oral,clavulanico,ambilan|125mg|14,ambilan|125mg|14|bio:unknown|brand:unknown|combo:clavulanico|form:solid-oral,22090,store,false,https://www.farmaciasermecoop.cl/index.php/online/detalleproducto?p_=19281&d_=1
amoxicilina,ecofarmacias,Clavinex duo forte amoxicilina 800mg ácido clavulánico 57mg 100ml DESCUENTO,Clavinex duo forte amoxicilina 800mg ácido clavulánico 57mg 100ml DESCUENTO,null,clavinex,800mg,null,null,duo,null,null,clavinex|100ml,clavinex|100ml|bio:unknown|brand:unknown|var:duo,22490,store,false,https://www.ecofarmacias.cl/producto/clavinex-duo-forte-amoxicilina-800mg-acido-clavulanico-57mg-100ml-descuento/
amoxicilina,salcobrand,Clavam Duo (B) Amoxicilina / ícido Clavulánico 875/125 14 Comprimidos Recubiertos,Clavam Duo (B) Amoxicilina / ícido Clavulánico 875/125 14 Comprimidos Recubiertos,Clavam Duo,clavam,null,14,14,duo,solid-oral,null,clavam|14,clavam|14|bio:unknown|brand:clavamduo|var:duo|form:solid-oral,22791,online,true,https://salcobrand.cl/products/acido-clavulanico-125mg-amoxicilina-875mg-oral-solido-557ff42a-e4f7-41e5-afa0-b21c0e4e3a55?default_sku=3402056
amoxicilina,araucomed,Clavinex Duo CD 875/125 x 14 comprimidos.,Clavinex Duo CD 875/125 x 14 comprimidos.,null,clavinex,null,14,14,duo,solid-oral,null,clavinex|14,clavinex|14|bio:unknown|brand:unknown|var:duo|form:solid-oral,23490,store,true,https://farmacia.araucomed.com/antibioticos/clavinex-duo-cd-875-125-x14com
amoxicilina,salcobrand,Ambilan Bid Forte Amoxicilina / Ácido Clavulánico Suspensión Oral 70ml,Ambilan Bid Forte Amoxicilina / Ácido Clavulánico Suspensión Oral 70ml,Ambilan Bid,ambilan,70ml,null,null,null,fluid-oral,acido,ambilan|70ml,ambilan|70ml|bio:unknown|brand:ambilanbid|combo:acido|form:fluid-oral,23839,online,true,https://salcobrand.cl/products/ambilan-bid-forte-amoxicilina-acido-clavulanico-suspension-oral-70ml?default_sku=590255
amoxicilina,cruz-verde,Clavam Duo Amoxicilina 875 mg 14 Comprimidos Recubierto,Clavam Duo Amoxicilina 875 mg 14 Comprimidos Recubierto,null,clavam,875mg,14,14,duo,solid-oral,null,clavam|875mg|14,clavam|875mg|14|bio:unknown|brand:unknown|var:duo|form:solid-oral,24250,store,true,https://www.cruzverde.cl/clavam-duo-amoxicilina-875-mg-14-comprimidos-recubierto/268905.html
amoxicilina,cruz-verde,Amoval Amoxicilina 1000 mg 20 Comprimidos,Amoval Amoxicilina 1000 mg 20 Comprimidos,null,amoval,1000mg,20,20,null,solid-oral,null,amoval|1000mg|20,amoval|1000mg|20|bio:unknown|brand:unknown|form:solid-oral,24580,store,true,https://www.cruzverde.cl/amoval-amoxicilina-1000-mg-20-comprimidos/6376.html
amoxicilina,salcobrand,Clavam Duo (B) Amoxicilina / ícido Clavulánico 875/125 20 Comprimidos Recubiertos,Clavam Duo (B) Amoxicilina / ícido Clavulánico 875/125 20 Comprimidos Recubiertos,Clavam Duo,clavam,null,20,20,duo,solid-oral,null,clavam|20,clavam|20|bio:unknown|brand:clavamduo|var:duo|form:solid-oral,25343,online,true,https://salcobrand.cl/products/acido-clavulanico-125mg-amoxicilina-875mg-oral-solido-173dd599-892c-4243-923c-7305fe1fdf4b?default_sku=3402057
amoxicilina,sermecoop,Ambilan Bid Forte (amoxicilina/clavulanico) 800/57mg Susp Oral 90ml,Ambilan Bid Forte (amoxicilina/clavulanico) 800/57mg Susp Oral 90ml,null,ambilan,57mg,null,null,null,fluid-oral,clavulanico,ambilan|90ml,ambilan|90ml|bio:unknown|brand:unknown|combo:clavulanico|form:fluid-oral,25990,store,false,https://www.farmaciasermecoop.cl/index.php/online/detalleproducto?p_=21758&d_=1
amoxicilina,cruz-verde,Maximox Amoxicilina 875 mg 14 Comprimidos Recubierto,Maximox Amoxicilina 875 mg 14 Comprimidos Recubierto,null,maximox,875mg,14,14,null,solid-oral,null,maximox|875mg|14,maximox|875mg|14|bio:unknown|brand:unknown|form:solid-oral,26690,store,true,https://www.cruzverde.cl/maximox-amoxicilina-875-mg-14-comprimidos-recubierto/259539.html
amoxicilina,cruz-verde,Amobiotic Amoxicilina 1000 mg 20 Comprimidos,Amobiotic Amoxicilina 1000 mg 20 Comprimidos,null,amobiotic,1000mg,20,20,null,solid-oral,null,amobiotic|1000mg|20,amobiotic|1000mg|20|bio:unknown|brand:unknown|form:solid-oral,27290,store,true,https://www.cruzverde.cl/amobiotic-amoxicilina-1000-mg-20-comprimidos/1505.html
amoxicilina,araucomed,Clavinex Duo CD 875/125 mg. x 20 comprimidos dispersables.,Clavinex Duo CD 875/125 mg. x 20 comprimidos dispersables.,null,clavinex,125mg,20,20,duo,solid-oral,null,clavinex|125mg|20,clavinex|125mg|20|bio:unknown|brand:unknown|var:duo|form:solid-oral,27490,store,true,https://farmacia.araucomed.com/antibioticos/clavinex-duo-cd-875-125-x20com
amoxicilina,ahumada,Ambilan Bid 875/125 20 Comprimidos Recubiertos,Ambilan Bid 875/125 20 Comprimidos Recubiertos,null,ambilan,null,20,20,bid,solid-oral,null,ambilan|20,ambilan|20|bio:true|brand:unknown|var:bid|form:solid-oral,27509,store,true,https://www.farmaciasahumada.cl/ambilan-bid-875-125-20-comprimidos-recubiertos-94711.html
amoxicilina,ecofarmacias,Clavinex Duo Amoxicilina 400 Mg / Acido Clavulánico 57 mg 70 Ml,Clavinex Duo Amoxicilina 400 Mg / Acido Clavulánico 57 mg 70 Ml,null,clavinex,400mg,null,null,null,null,acido,clavinex|70ml,clavinex|70ml|bio:unknown|brand:unknown|combo:acido,27690,store,true,https://www.ecofarmacias.cl/producto/clavinex-duo-amoxicilina-400-mg-acido-clavulanico-57-mg-70-ml/
amoxicilina,ahumada,Ambilan Bid Forte 800 mg/57 mg x 90 mL Polvo Para Suspensión Oral,Ambilan Bid Forte 800 mg/57 mg x 90 mL Polvo Para Suspensión Oral,null,ambilan,800mg,null,null,bid,fluid-oral,null,ambilan|90ml|90,ambilan|90ml|90|bio:unknown|brand:unknown|var:bid|form:fluid-oral,27742,cmr,true,https://www.farmaciasahumada.cl/ambilan-bid-forte-800-mg-57-mg-x-90-ml-polvo-para-suspension-oral-46933.html
amoxicilina,ahumada,Clavinex Duo CD 875 mg/125 mg x 14 Comprimidos Dispersables,Clavinex Duo CD Amoxicilina 875 mg 14 Comprimidos,null,clavinex,875mg,14,14,duo,solid-oral,null,clavinex|875mg|14,clavinex|875mg|14|bio:unknown|brand:unknown|var:duo|form:solid-oral,27862,cmr,true,https://www.farmaciasahumada.cl/clavinex-duo-cd-875-mg-125-mg-x-14-comprimidos-dispersables-81775.html
amoxicilina,cruz-verde,Clavinex Duo CD Amoxicilina 875 mg 14 Comprimidos,Clavinex Duo CD Amoxicilina 875 mg 14 Comprimidos,null,clavinex,875mg,14,14,duo,solid-oral,null,clavinex|875mg|14,clavinex|875mg|14|bio:unknown|brand:unknown|var:duo|form:solid-oral,35790,store,true,https://www.cruzverde.cl/clavinex-duo-cd-amoxicilina-875-mg-14-comprimidos/277271.html
amoxicilina,cruz-verde,Clavam Duo Amoxicilina 875 mg 20 Comprimidos Recubierto,Clavam Duo Amoxicilina 875 mg 20 Comprimidos Recubierto,null,clavam,875mg,20,20,duo,solid-oral,null,clavam|875mg|20,clavam|875mg|20|bio:unknown|brand:unknown|var:duo|form:solid-oral,27890,store,true,https://www.cruzverde.cl/clavam-duo-amoxicilina-875-mg-20-comprimidos-recubierto/272673.html
amoxicilina,cruz-verde,Maximox Amoxicilina 875 mg 20 Comprimidos Recubierto,Maximox Amoxicilina 875 mg 20 Comprimidos Recubierto,null,maximox,875mg,20,20,null,solid-oral,null,maximox|875mg|20,maximox|875mg|20|bio:unknown|brand:unknown|form:solid-oral,27890,store,true,https://www.cruzverde.cl/maximox-amoxicilina-875-mg-20-comprimidos-recubierto/260548.html
amoxicilina,ahumada,Clavinex Duo Forte 800 mg/57 mg/5 ml x 100 ml Polvo para Suspensión Oral con Solvente,Clavinex Duo Forte 800 mg/57 mg/5 ml x 100 ml Polvo para Suspensión Oral con Solvente,null,clavinex,800mg,null,null,duo,fluid-oral,null,clavinex|100ml|100,clavinex|100ml|100|bio:unknown|brand:unknown|var:duo|form:fluid-oral,28132,cmr,true,https://www.farmaciasahumada.cl/clavinex-duo-forte-800-mg-57-mg-5-ml-x-100-ml-polvo-para-suspension-oral-con-solvente-87875.html
amoxicilina,salcobrand,Ambilan Bid Forte Amoxicilina / Ácido Clavulánico Suspensión Oral 90ml,Ambilan Bid Forte Amoxicilina / Ácido Clavulánico Suspensión Oral 90ml,Ambilan Bid,ambilan,90ml,null,null,null,fluid-oral,acido,ambilan|90ml,ambilan|90ml|bio:unknown|brand:ambilanbid|combo:acido|form:fluid-oral,28399,online,true,https://salcobrand.cl/products/ambilan-bid-forte-amoxicilina-acido-clavulanico-suspension-oral-90ml?default_sku=438212
amoxicilina,salcobrand,Amoval (B) Amoxicilina 750mg 21 Comprimidos Recubiertos,Amoval (B) Amoxicilina 750mg 21 Comprimidos Recubiertos,Amoval,amoval,750mg,21,21,null,solid-oral,null,amoval|750mg|21,amoval|750mg|21|bio:unknown|brand:amoval|form:solid-oral,28423,online,true,https://salcobrand.cl/products/amoval-b-amoxicilina-750mg-21-comprimidos-recubiertos?default_sku=2970170
amoxicilina,sermecoop,Ambilan Bid (amoxicilina/clavulanico) 875/125mg 20 Comprimidos,Ambilan Bid (amoxicilina/clavulanico) 875/125mg 20 Comprimidos,null,ambilan,125mg,20,20,null,solid-oral,clavulanico,ambilan|125mg|20,ambilan|125mg|20|bio:unknown|brand:unknown|combo:clavulanico|form:solid-oral,28890,store,false,https://www.farmaciasermecoop.cl/index.php/online/detalleproducto?p_=19191&d_=1
amoxicilina,cruz-verde,Amoval Amoxicilina 750 mg 21 Comprimidos,Amoval Amoxicilina 750 mg 21 Comprimidos,null,amoval,750mg,21,21,null,solid-oral,null,amoval|750mg|21,amoval|750mg|21|bio:unknown|brand:unknown|form:solid-oral,30940,store,true,https://www.cruzverde.cl/amoval-amoxicilina-750-mg-21-comprimidos/6116.html
amoxicilina,salcobrand,Clavinex Duo CD Amoxicilina / Ácido Clavulánico 14 Comprimidos Dispersables,Clavinex Duo CD Amoxicilina / Ácido Clavulánico 14 Comprimidos Dispersables,Clavinex Duo,clavinex,null,14,14,null,solid-oral,acido,clavinex|14,clavinex|14|bio:unknown|brand:clavinexduo|combo:acido|form:solid-oral,31679,online,true,https://salcobrand.cl/products/clavinex-duo-cd-amoxicilina-acido-clavulanico-14-comprimidos-dispersables?default_sku=2974206
amoxicilina,ahumada,Zomel HP Triterapia 1 g/500 mg/20 mg 14 Blister,Zomel HP Triterapia 1 g/500 mg/20 mg 14 Blister,null,zomel,500mg,null,null,null,null,triterapia,zomel|500mg,zomel|500mg|bio:unknown|brand:unknown|combo:triterapia,43582,cmr,true,https://www.farmaciasahumada.cl/zomel-hp-triterapia-1-g-500-mg-20-mg-14-blister-75761.html
amoxicilina,cruz-verde,Clavinex Duo CD Amoxicilina 875 mg 20 Comprimidos,Clavinex Duo CD Amoxicilina 875 mg 20 Comprimidos,null,clavinex,875mg,20,20,duo,solid-oral,null,clavinex|875mg|20,clavinex|875mg|20|bio:unknown|brand:unknown|var:duo|form:solid-oral,45790,store,true,https://www.cruzverde.cl/clavinex-duo-cd-amoxicilina-875-mg-20-comprimidos/277270.html
aspirina,ecofarmacias,Aspirina Adulto 500mg X 20 comprimidos (Bayer) DESCUENTO,Aspirina 500mg 20 Comprimidos,null,aspirina,500mg,20,20,null,solid-oral,null,aspirina|500mg|20,aspirina|500mg|20|bio:unknown|brand:unknown|form:solid-oral,900,store,false,https://www.ecofarmacias.cl/producto/aspirina-adulto-500mg-x-20-comprimidos-bayer-descuento-2/
aspirina,araucomed,Aspirina 500 mg x 20 comprimidos.,Aspirina 500mg 20 Comprimidos,null,aspirina,500mg,20,20,null,solid-oral,null,aspirina|500mg|20,aspirina|500mg|20|bio:unknown|brand:unknown|form:solid-oral,1500,store,true,https://farmacia.araucomed.com/analgesicos-y-antinflamatorios/aspirina-500mg-x20com
aspirina,sermecoop,Aspirina 500mg 20 Comprimidos,Aspirina 500mg 20 Comprimidos,null,aspirina,500mg,20,20,null,solid-oral,null,aspirina|500mg|20,aspirina|500mg|20|bio:unknown|brand:unknown|form:solid-oral,2190,store,true,https://www.farmaciasermecoop.cl/index.php/online/detalleproducto?p_=2089&d_=1
aspirina,ahumada,Aspirina 500Mg Caja 20 Comprimidos Adultos,Aspirina 500mg 20 Comprimidos,null,aspirina,500mg,20,20,null,solid-oral,null,aspirina|500mg|20,aspirina|500mg|20|bio:unknown|brand:unknown|form:solid-oral,2669,cmr,true,https://www.farmaciasahumada.cl/aspirina-500mg-caja-20-comprimidos-adultos-49490.html
aspirina,cruz-verde,Aspirina Adulto Ácido Acetilsalicílico 500 mg 20 Comprimidos,Aspirina 500mg 20 Comprimidos,null,aspirina,500mg,20,20,null,solid-oral,null,aspirina|500mg|20,aspirina|500mg|20|bio:unknown|brand:unknown|form:solid-oral,3390,store,true,https://www.cruzverde.cl/aspirina-adulto-acido-acetilsalicilico-500-mg-20-comprimidos/253352.html
aspirina,ecofarmacias,Aspirina 500 mg Adulto x 40 Comprimidos DESCUENTO,Aspirina 500mg 40 Comp,null,aspirina,500mg,40,40,null,solid-oral,null,aspirina|500mg|40,aspirina|500mg|40|bio:unknown|brand:unknown|form:solid-oral,1000,store,false,https://www.ecofarmacias.cl/producto/aspirina-500-mg-adulto-x-40-comprimidos-descuento/
aspirina,ahumada,Aspirina 500 mg Adulto x 40 Comprimidos,Aspirina 500mg 40 Comp,null,aspirina,500mg,40,40,null,solid-oral,null,aspirina|500mg|40,aspirina|500mg|40|bio:unknown|brand:unknown|form:solid-oral,2990,store,true,https://www.farmaciasahumada.cl/aspirina-500-mg-adulto-x-40-comprimidos-9933.html
aspirina,farmex,Aspirina 500 mg x 40 comprimidos,Aspirina 500mg 40 Comp,null,aspirina,500mg,40,40,null,solid-oral,null,aspirina|500mg|40,aspirina|500mg|40|bio:unknown|brand:unknown|form:solid-oral,3158,store,true,https://farmex.cl/products/aspirina-500-mg-x-40-comprimidos-2?_pos=6&_psq=aspirina&_psid=a7752e4ff&_ss=e
aspirina,araucomed,Aspirina 500 mg x 40 comprimidos.,Aspirina 500mg 40 Comp,null,aspirina,500mg,40,40,null,solid-oral,null,aspirina|500mg|40,aspirina|500mg|40|bio:unknown|brand:unknown|form:solid-oral,3290,store,false,https://farmacia.araucomed.com/analgesicos-y-antinflamatorios/aspirina-500mg-x40com
aspirina,sermecoop,Aspirina 500mg 40 Comp,Aspirina 500mg 40 Comp,null,aspirina,500mg,40,40,null,solid-oral,null,aspirina|500mg|40,aspirina|500mg|40|bio:unknown|brand:unknown|form:solid-oral,3390,store,false,https://www.farmaciasermecoop.cl/index.php/online/detalleproducto?p_=2086&d_=1
aspirina,cruz-verde,Aspirina Adulto Acido Acetilsalicilico 500 mg 40 Comprimidos,Aspirina 500mg 40 Comp,null,aspirina,500mg,40,40,null,solid-oral,null,aspirina|500mg|40,aspirina|500mg|40|bio:unknown|brand:unknown|form:solid-oral,4505,store,true,https://www.cruzverde.cl/aspirina-adulto-acido-acetilsalicilico-500-mg-40-comprimidos/3111.html
aspirina,easyfarma,Aspirina Forte 650 Mg  x 10...,Aspirina Forte 650 Mg  x 10...,null,aspirina,650mg,10,10,forte,null,null,aspirina|650mg|10,aspirina|650mg|10|bio:unknown|brand:tira|var:forte,1200,store,true,https://nuevo.easyfarma.cl/102864-aspirina-forte-650-mg-x-10-comprimidos-tira.html
aspirina,farmex,Aspirina 500 mg x 20 comprimidos,Aspirina 500 mg x 20 comprimidos,BAYER,aspirina,500mg,20,20,null,solid-oral,null,aspirina|500mg|20,aspirina|500mg|20|bio:unknown|brand:bayer|form:solid-oral,1895,store,true,https://farmex.cl/products/aspirina-500-bayer?_pos=3&_psq=aspirina&_psid=a7752e4ff&_ss=e
aspirina,easyfarma,Aspirina Adultos 500mg x 20...,Aspirina Adultos 500mg x 20...,null,aspirina,500mg,20,20,null,null,null,aspirina|500mg|20,aspirina|500mg|20|bio:unknown|brand:unknown,1990,store,true,https://nuevo.easyfarma.cl/25054-aspirina-adultos-500mg-x-20.html
aspirina,salcobrand,Aspirina Forte 650 Mg. 10 Comprimidos,Aspirina Forte 650 Mg. 10 Comprimidos,Aspirina Forte,aspirina,650mg,10,10,forte,solid-oral,null,aspirina|650mg|10,aspirina|650mg|10|bio:unknown|brand:aspirinaforte|var:forte|form:solid-oral,2199,online,true,https://salcobrand.cl/products/aspirina-forte-650mg-tira-de-10-comprimidos?default_sku=150054
aspirina,dr-simi,Aspirina ácido acetilsalicílico 500 mg 20 comprimidos,Aspirina ácido acetilsalicílico 500 mg 20 comprimidos,BAYER,aspirina,500mg,20,20,null,solid-oral,null,aspirina|500mg|20,aspirina|500mg|20|bio:false|brand:bayer|form:solid-oral,2360,store,true,https://www.drsimi.cl/aspirina-acido-acetilsalicilico-500-mg-20-comprimidos/p
aspirina,araucomed,Relatene 100 mg x 20 comprimidos.,Relatene 100 mg x 20 comprimidos.,Mintlab,relatene,100mg,20,20,null,solid-oral,null,relatene|100mg|20,relatene|100mg|20|bio:unknown|brand:mintlab|form:solid-oral,2490,store,true,https://farmacia.araucomed.com/analgesicos-y-antinflamatorios/relatene-100mg-x20com
aspirina,cruz-verde,Aspirina Forte Ácido Acetilsalicilico 650 mg 10 Comprimidos,Aspirina Forte Ácido Acetilsalicilico 650 mg 10 Comprimidos,null,aspirina,650mg,10,10,forte,solid-oral,null,aspirina|650mg|10,aspirina|650mg|10|bio:unknown|brand:unknown|var:forte|form:solid-oral,2540,store,true,https://www.cruzverde.cl/aspirina-forte-acido-acetilsalicilico-650-mg-10-comprimidos/3143.html
aspirina,araucomed,Winasorb Gotas 100mg/ml x25ml,Winasorb Gotas 100mg/ml x25ml,null,winasorb,100mg,null,null,null,fluid-oral,null,winasorb|25ml|25,winasorb|25ml|25|bio:unknown|brand:unknown|form:fluid-oral,2990,store,false,https://farmacia.araucomed.com/analgesicos-y-antinflamatorios/winasorb-gotas-100mg-ml-x25ml
aspirina,araucomed,Relatene 100mg x10com,Relatene 100mg x10com,Mintlab,relatene,100mg,10,10,null,solid-oral,null,relatene|100mg|10,relatene|100mg|10|bio:unknown|brand:mintlab|form:solid-oral,3290,store,false,https://farmacia.araucomed.com/analgesicos-y-antinflamatorios/relatene-100mg-x10com
aspirina,ecofarmacias,Aspirina Infantil X 42 comprimidos (Bayer),Aspirina Infantil X 42 comprimidos (Bayer),null,aspirina,null,42,42,infantil,solid-oral,null,aspirina|42,aspirina|42|bio:unknown|brand:unknown|var:infantil|form:solid-oral,3650,store,true,https://www.ecofarmacias.cl/producto/aspirina-infantil-x-42/
aspirina,salcobrand,Aspirina 500mg 40 Comprimidos,Aspirina 500mg 40 Comprimidos,Aspirina,aspirina,500mg,40,40,null,solid-oral,null,aspirina|500mg|40,aspirina|500mg|40|bio:unknown|brand:aspirina|form:solid-oral,3749,sbpay,true,https://salcobrand.cl/products/aspirina-500mg-40-comprimidos?default_sku=150020
aspirina,easyfarma,Aspirina 100 mg x 42 comp,Aspirina 100 mg x 42 comp,null,aspirina,100mg,42,42,null,solid-oral,null,aspirina|100mg|42,aspirina|100mg|42|bio:unknown|brand:unknown|form:solid-oral,3990,store,true,https://nuevo.easyfarma.cl/25053-aspirina-100-x-42.html
aspirina,sermecoop,Aspirina 100 Mg X 42 Comprimidos,Aspirina 100 mg x 42 comp,null,aspirina,100mg,42,42,null,solid-oral,null,aspirina|100mg|42,aspirina|100mg|42|bio:unknown|brand:unknown|form:solid-oral,4690,store,false,https://www.farmaciasermecoop.cl/index.php/online/detalleproducto?p_=21403&d_=1
aspirina,ahumada,Aspirina 100 mg x 42 Comprimidos,Aspirina 100 mg x 42 comp,null,aspirina,100mg,42,42,null,solid-oral,null,aspirina|100mg|42,aspirina|100mg|42|bio:unknown|brand:unknown|form:solid-oral,6069,store,true,https://www.farmaciasahumada.cl/aspirina-100-mg-x-42-comprimidos-68876.html
aspirina,cruz-verde,Aspirina Acido Acetilsalicilico 100 mg 42 Comprimidos,Aspirina 100 mg x 42 comp,null,aspirina,100mg,42,42,null,solid-oral,null,aspirina|100mg|42,aspirina|100mg|42|bio:unknown|brand:unknown|form:solid-oral,6890,store,true,https://www.cruzverde.cl/aspirina-acido-acetilsalicilico-100-mg-42-comprimidos/262006.html
aspirina,araucomed,Aspirina Niños 100 mg x 42 comprimidos.,Aspirina Niños 100 mg x 42 comprimidos.,null,aspirina,100mg,42,42,infantil,solid-oral,null,aspirina|100mg|42,aspirina|100mg|42|bio:unknown|brand:unknown|var:infantil|form:solid-oral,3990,store,true,https://farmacia.araucomed.com/analgesicos-y-antinflamatorios/aspirina-ninos-100mg-x42com
aspirina,easyfarma,Aspirina Adultos 500 mg x...,Aspirina Adultos 500 mg x...,null,aspirina,500mg,null,null,null,null,null,aspirina|500mg,aspirina|500mg|bio:unknown|brand:unknown,3990,store,true,https://nuevo.easyfarma.cl/41649-aspirina-adultos-500mg-x-40-comp.html
aspirina,salcobrand,Aspirina 100mg 42 Comprimidos,Aspirina 100mg 42 Comprimidos,Aspirina,aspirina,100mg,42,42,null,solid-oral,null,aspirina|100mg|42,aspirina|100mg|42|bio:unknown|brand:aspirina|form:solid-oral,4719,online,true,https://salcobrand.cl/products/aspirina-100mg-42-comprimidos?default_sku=151652
aspirina,araucomed,Winasorb Jarabe 150mg/5ml x 60 ml.,Winasorb Jarabe 150mg/5ml x 60 ml.,null,winasorb,150mg,null,null,null,fluid-oral,null,winasorb|60ml|60,winasorb|60ml|60|bio:unknown|brand:unknown|form:fluid-oral,4990,store,true,https://farmacia.araucomed.com/analgesicos-y-antinflamatorios/winasorb-jarabe-150mg-5ml-x60ml
aspirina,farmex,Aspirina 100 mg x 42 comprimidos,Aspirina 100 mg x 42 comprimidos,BAYER OTC,aspirina,100mg,42,42,null,solid-oral,null,aspirina|100mg|42,aspirina|100mg|42|bio:unknown|brand:bayerotc|form:solid-oral,4990,store,true,https://farmex.cl/products/aspirina-infantil-acido-acetilsalicilico?_pos=1&_psq=aspirina&_psid=a7752e4ff&_ss=e
aspirina,ecofarmacias,Aspirina adultos 500 mg x 100 comprimidos DESCUENTO,Aspirina 500 Mg Caja 100comp,null,aspirina,500mg,100,100,null,solid-oral,null,aspirina|500mg|100,aspirina|500mg|100|bio:unknown|brand:unknown|form:solid-oral,5480,store,false,https://www.ecofarmacias.cl/producto/aspirina-adultos-500-mg-x-100-comprimidos-descuento/
aspirina,araucomed,Aspirina 500 mg x 100 comprimidos.,Aspirina 500 Mg Caja 100comp,null,aspirina,500mg,100,100,null,solid-oral,null,aspirina|500mg|100,aspirina|500mg|100|bio:unknown|brand:unknown|form:solid-oral,6290,store,false,https://farmacia.araucomed.com/analgesicos-y-antinflamatorios/aspirina-500mg-caja-x-100
aspirina,ahumada,Aspirina 500 Mg Caja 100comp,Aspirina 500 Mg Caja 100comp,null,aspirina,500mg,100,100,null,solid-oral,null,aspirina|500mg|100,aspirina|500mg|100|bio:unknown|brand:unknown|form:solid-oral,7799,cmr,true,https://www.farmaciasahumada.cl/aspirina-500-mg-caja-100comp-88718.html
aspirina,ecofarmacias,Aspirina 100Mg 98 comprimidos DESCUENTO por caja arrugada,Aspirina 100 Mg X 98 Comprimidos,null,aspirina,100mg,98,98,null,solid-oral,null,aspirina|100mg|98,aspirina|100mg|98|bio:unknown|brand:unknown|form:solid-oral,5990,store,false,https://www.ecofarmacias.cl/producto/aspirina-100mg-98-comprimidos-descuento-por-caja-arrugada/
aspirina,sermecoop,Aspirina 100 Mg X 98 Comprimidos,Aspirina 100 Mg X 98 Comprimidos,null,aspirina,100mg,98,98,null,solid-oral,null,aspirina|100mg|98,aspirina|100mg|98|bio:unknown|brand:unknown|form:solid-oral,7990,store,false,https://www.farmaciasermecoop.cl/index.php/online/detalleproducto?p_=21322&d_=1
aspirina,ahumada,Aspirina 100 mg x 98 Comprimidos,Aspirina 100 Mg X 98 Comprimidos,null,aspirina,100mg,98,98,null,solid-oral,null,aspirina|100mg|98,aspirina|100mg|98|bio:unknown|brand:unknown|form:solid-oral,9689,store,true,https://www.farmaciasahumada.cl/aspirina-100-mg-x-98-comprimidos-88719.html
aspirina,farmex,Aspirina 500 mg x 100 comprimidos,Aspirina 500 mg x 100 comprimidos,BAYER,aspirina,500mg,100,100,null,solid-oral,null,aspirina|500mg|100,aspirina|500mg|100|bio:unknown|brand:bayer|form:solid-oral,6095,store,true,https://farmex.cl/products/aspirina-500-mg-x-100-comp?_pos=4&_psq=aspirina&_psid=a7752e4ff&_ss=e
aspirina,salcobrand,Pack Nenitos (Toallitas + Cotonitos + Aspirador Nasal),Pack Nenitos (Toallitas + Cotonitos + Aspirador Nasal),Nenitos,pack,null,null,null,null,null,cotonitos,pack,pack|bio:unknown|brand:nenitos|combo:cotonitos,6299,store,true,https://salcobrand.cl/products/pack-nenitos-toallitas-cotonitos-aspirador-nasal?default_sku=588982
aspirina,araucomed,Aspirina Niños 100 mg x 98 comprimidos,Aspirina Niños 100 mg x 98 comprimidos,null,aspirina,100mg,98,98,infantil,solid-oral,null,aspirina|100mg|98,aspirina|100mg|98|bio:unknown|brand:unknown|var:infantil|form:solid-oral,6590,store,true,https://farmacia.araucomed.com/analgesicos-y-antinflamatorios/aspirina-ninos-100mg-x98com
aspirina,araucomed,Aspirina Forte 650mg x80com.,Aspirina Forte 650mg x80com.,null,aspirina,650mg,80,80,forte,solid-oral,null,aspirina|650mg|80,aspirina|650mg|80|bio:unknown|brand:unknown|var:forte|form:solid-oral,6990,store,false,https://farmacia.araucomed.com/antihipertensivos/aspirina-forte-650mg-x80com
aspirina,ecofarmacias,Aspirina Forte 650 mg x 80 comprimidos,Aspirina Forte 650mg x80com.,null,aspirina,650mg,80,80,forte,solid-oral,null,aspirina|650mg|80,aspirina|650mg|80|bio:unknown|brand:unknown|var:forte|form:solid-oral,7990,store,true,https://www.ecofarmacias.cl/producto/aspirina-forte-650-mg-x-80-comprimidos/
aspirina,farmex,Aspirina Forte 650 mg x 80 comprimidos,Aspirina Forte 650 mg x 80 comprimidos,BAYER,aspirina,650mg,80,80,forte,solid-oral,null,aspirina|650mg|80,aspirina|650mg|80|bio:unknown|brand:bayer|var:forte|form:solid-oral,6990,store,true,https://farmex.cl/products/aspirina-forte-650-mg-x-80-comp-bayer?_pos=5&_psq=aspirina&_psid=a7752e4ff&_ss=e
aspirina,farmex,Aspirina Infantil 100 mg x 98 comprimidos,Aspirina Infantil 100 mg x 98 comprimidos,BAYER OTC,aspirina,100mg,98,98,infantil,solid-oral,null,aspirina|100mg|98,aspirina|100mg|98|bio:unknown|brand:bayerotc|var:infantil|form:solid-oral,7090,store,true,https://farmex.cl/products/aspirina-infantil-100-mg-x-98-comp-bayer?_pos=2&_psq=aspirina&_psid=a7752e4ff&_ss=e
aspirina,salcobrand,Aspirador Nasal Infantil para Congestión Nariklin,Aspirador Nasal Infantil para Congestión Nariklin,Nariklin,aspirador,null,null,null,infantil,null,null,aspirador,aspirador|bio:unknown|brand:nariklin|var:infantil,7399,store,true,https://salcobrand.cl/products/aspirador-nasal-infantil-para-congestion-nariklin?default_sku=7260020
aspirina,easyfarma,Aspirina 100 x 98 comp,Aspirina 100 x 98 comp,null,aspirina,null,98,98,null,solid-oral,null,aspirina|98,aspirina|98|bio:unknown|brand:unknown|form:solid-oral,7990,store,true,https://nuevo.easyfarma.cl/60079-aspirina-100-x-100-comp.html
aspirina,easyfarma,Aspirina 500 mg x 100...,Aspirina 500 mg x 100...,null,aspirina,500mg,100,100,null,null,null,aspirina|500mg|100,aspirina|500mg|100|bio:unknown|brand:unknown,8990,store,true,https://nuevo.easyfarma.cl/102863-aspirina-500-mg-x-100-comprimidos.html
aspirina,salcobrand,Aspirador Nasal Eléctrico Digitemp,Aspirador Nasal Eléctrico Digitemp,Digitemp,aspirador,null,null,null,electrico,null,null,aspirador,aspirador|bio:unknown|brand:digitemp|var:electrico,8999,online,true,https://salcobrand.cl/products/aspirador-nasal-electrico-digitemp?default_sku=584638
aspirina,araucomed,Noxipar-40 Solución Inyectable 40mg/0.4ml x2jer. (Cenabast),Noxipar-40 Solución Inyectable 40mg/0.4ml x2jer. (Cenabast),Biosano,cenabast,40mg,null,null,null,injectable,null,cenabast|0.4ml|2,cenabast|0.4ml|2|bio:unknown|brand:biosano|form:injectable,9990,store,false,https://farmacia.araucomed.com/anticoagulantes/noxipar-40-solucion-inyectable-40mg-04ml-x2jer-cen
aspirina,araucomed,Noxipar-80 Solución Inyectable 80mg/0.8ml x 2 jeringas,Noxipar-80 Solución Inyectable 80mg/0.8ml x 2 jeringas,Biosano,jeringas,80mg,2,2,null,injectable,null,jeringas|0.8ml|2,jeringas|0.8ml|2|bio:unknown|brand:biosano|form:injectable,10490,store,false,https://farmacia.araucomed.com/anticoagulantes/noxipar-80-solucion-inyectable-80mg-08ml-x-2-jerin
aspirina,salcobrand,Aspirador Nasal de Punta Suave y Flexible Pigeon,Aspirador Nasal de Punta Suave y Flexible Pigeon,Pigeon,aspirador,null,null,null,punta,null,null,aspirador,aspirador|bio:unknown|brand:pigeon|var:punta,10999,store,true,https://salcobrand.cl/products/aspirador-nasal-de-punta-suave-y-flexible-pigeon?default_sku=8701085
aspirina,salcobrand,SVR Desodorante Spirial Deo Roll-On 50ml,SVR Desodorante Spirial Deo Roll-On 50ml,Svr,svr,50ml,null,null,desodorante,null,null,svr|50ml,svr|50ml|bio:unknown|brand:svr|var:desodorante,12669,online,true,https://salcobrand.cl/products/svr-desodorante-spirial-deo-roll-on-50ml?default_sku=584814
aspirina,salcobrand,Svr Spirial Deo Crema 50ml,Svr Spirial Deo Crema 50ml,Svr,svr,50ml,null,null,spirial,topical,null,svr|50ml,svr|50ml|bio:unknown|brand:svr|var:spirial|form:topical,12809,online,true,https://salcobrand.cl/products/svr-spirial-deo-crema-50ml?default_sku=586386
aspirina,salcobrand,Svr Spirial Roll-on Vegetal 50ml,Svr Spirial Roll-on Vegetal 50ml,Svr,svr,50ml,null,null,spirial,null,null,svr|50ml,svr|50ml|bio:unknown|brand:svr|var:spirial,12809,online,true,https://salcobrand.cl/products/svr-spirial-roll-on-vegetal-50ml?default_sku=587666
aspirina,salcobrand,Pack Nariklin Aspirador y Spray Cuidado Nasal,Pack Nariklin Aspirador y Spray Cuidado Nasal,Nariklin,pack,null,null,null,nariklin,null,null,pack,pack|bio:unknown|brand:nariklin|var:nariklin,13399,store,true,https://salcobrand.cl/products/pack-aspirador-spray-nasal?default_sku=7263024
aspirina,araucomed,Zomel 40 mg x 30 comprimidos.,Zomel 40 mg x 30 comprimidos.,null,zomel,40mg,30,30,null,solid-oral,null,zomel|40mg|30,zomel|40mg|30|bio:unknown|brand:unknown|form:solid-oral,13990,store,true,https://farmacia.araucomed.com/antiulcerosos/zomel-40-mg-x-30-comprimidos
aspirina,salcobrand,SVR Spirial Deo Douche 400ml,SVR Spirial Deo Douche 400ml,SVR,svr,400ml,null,null,spirial,null,null,svr|400ml,svr|400ml|bio:unknown|brand:svr|var:spirial,13999,online,true,https://salcobrand.cl/products/svr-spirial-deo-douche-400ml?default_sku=593253
aspirina,salcobrand,Spiriva Respimat Tiotropio 2.5mcg Inhalación 30 Dosis - Cenabast,Spiriva Respimat Tiotropio 2.5mcg Inhalación 30 Dosis - Cenabast,Spiriva,spiriva,0.0025mg,null,null,respimat,inhaled,null,spiriva|2.5mcg,spiriva|2.5mcg|bio:unknown|brand:spiriva|var:respimat|form:inhaled,49490,store,true,https://salcobrand.cl/products/spiriva-respimat-tiotropio-2-5mcg-inhalacion-30-dosis?default_sku=160201
aspirina,easyfarma,Cafiaspirina x 10...,Cafiaspirina x 10...,null,cafiaspirina,null,10,10,null,null,null,cafiaspirina|10,cafiaspirina|10|bio:unknown|brand:tira,990,store,true,https://nuevo.easyfarma.cl/102925-cafiaspirina-x-10-comprimidos-1-tira.html
aspirina,cruz-verde,Cafiaspirina AAS 40 mg 10 Comprimidos,Cafiaspirina AAS 40 mg 10 Comprimidos,null,cafiaspirina,40mg,10,10,aas,solid-oral,null,cafiaspirina|40mg|10,cafiaspirina|40mg|10|bio:unknown|brand:unknown|var:aas|form:solid-oral,2690,store,true,https://www.cruzverde.cl/cafiaspirina-aas-40-mg-10-comprimidos/3119.html
aspirina,ecofarmacias,Cafiaspirina x 40 Comprimidos,Cafiaspirina 40 Comprimidos,null,cafiaspirina,null,40,40,null,solid-oral,null,cafiaspirina|40,cafiaspirina|40|bio:unknown|brand:unknown|form:solid-oral,3900,store,true,https://www.ecofarmacias.cl/producto/cafiaspirina-x-40-comprimidos/
aspirina,sermecoop,Cafiaspirina 40 Comprimidos,Cafiaspirina 40 Comprimidos,null,cafiaspirina,null,40,40,null,solid-oral,null,cafiaspirina|40,cafiaspirina|40|bio:unknown|brand:unknown|form:solid-oral,4390,store,false,https://www.farmaciasermecoop.cl/index.php/online/detalleproducto?p_=3442&d_=1
aspirina,ecofarmacias,Cardioaspirina 100 EC Ácido acetilsalicílico 100mg 20 comprimidos DESCUENTO,Cardioaspirina 100mg 20 Comprimidos,null,cardioaspirina,100mg,20,20,null,solid-oral,null,cardioaspirina|100mg|20,cardioaspirina|100mg|20|bio:unknown|brand:unknown|form:solid-oral,3990,store,false,https://www.ecofarmacias.cl/producto/cardioaspirina-100-ec-acido-acetilsalicilico-100-mg-20-comprimidos/
aspirina,sermecoop,Cardioaspirina 100mg 20 Comprimidos,Cardioaspirina 100mg 20 Comprimidos,null,cardioaspirina,100mg,20,20,null,solid-oral,null,cardioaspirina|100mg|20,cardioaspirina|100mg|20|bio:unknown|brand:unknown|form:solid-oral,4790,store,false,https://www.farmaciasermecoop.cl/index.php/online/detalleproducto?p_=3576&d_=1
aspirina,cruz-verde,Cardioaspirina 100 EC Ácido Acetilsalicílico 100 mg 20 Comprimidos,Cardioaspirina 100mg 20 Comprimidos,null,cardioaspirina,100mg,20,20,null,solid-oral,null,cardioaspirina|100mg|20,cardioaspirina|100mg|20|bio:unknown|brand:unknown|form:solid-oral,7990,store,true,https://www.cruzverde.cl/cardioaspirina-100-ec-acido-acetilsalicilico-100-mg-20-comprimidos/3121.html
aspirina,dr-simi,Cafiaspirina ácido acetilsalicílico 500 mg cafeína 40 mg 40 comprimidos,Cafiaspirina ácido acetilsalicílico 500 mg cafeína 40 mg 40 comprimidos,BAYER,cafiaspirina,500mg,40,40,null,solid-oral,null,cafiaspirina|500mg|40,cafiaspirina|500mg|40|bio:false|brand:bayer|form:solid-oral,4200,store,true,https://www.drsimi.cl/cafiaspirina-40-comprimidos/p
aspirina,easyfarma,Cardioaspirina 100 EC x 20...,Cardioaspirina 100 EC x 20...,null,cardioaspirina,null,20,20,null,null,null,cardioaspirina|20,cardioaspirina|20|bio:unknown|brand:unknown,4990,store,true,https://nuevo.easyfarma.cl/25061-cardioaspirina-100-ec-x-20.html
aspirina,ecofarmacias,Cardioaspirina 100 EC Ácido Acetilsalicílico 100 mg 50 comprimidos DESCUENTO,Cardioaspirina 100mg 50 Comprimidos,null,cardioaspirina,100mg,50,50,null,solid-oral,null,cardioaspirina|100mg|50,cardioaspirina|100mg|50|bio:unknown|brand:unknown|form:solid-oral,8600,store,false,https://www.ecofarmacias.cl/producto/cardioaspirina-100-mg-x-50-comprimidos-bayer-descuento/
aspirina,sermecoop,Cardioaspirina 100mg 50 Comprimidos,Cardioaspirina 100mg 50 Comprimidos,null,cardioaspirina,100mg,50,50,null,solid-oral,null,cardioaspirina|100mg|50,cardioaspirina|100mg|50|bio:unknown|brand:unknown|form:solid-oral,11290,store,false,https://www.farmaciasermecoop.cl/index.php/online/detalleproducto?p_=19042&d_=1
aspirina,cruz-verde,Cardioaspirina 100 EC Ácido Acetilsalicílico 100 mg 50 Comprimidos,Cardioaspirina 100mg 50 Comprimidos,null,cardioaspirina,100mg,50,50,null,solid-oral,null,cardioaspirina|100mg|50,cardioaspirina|100mg|50|bio:unknown|brand:unknown|form:solid-oral,14490,store,true,https://www.cruzverde.cl/cardioaspirina-100-ec-acido-acetilsalicilico-100-mg-50-comprimidos/3122.html
aspirina,ecofarmacias,Cardioaspirina 325 EC x 30 Comprimidos,Cardioaspirina 325 EC x 30 Comprimidos,null,cardioaspirina,null,30,30,null,solid-oral,null,cardioaspirina|30,cardioaspirina|30|bio:unknown|brand:unknown|form:solid-oral,9980,store,false,https://www.ecofarmacias.cl/producto/cardioaspirina-325-ec-x-30-comprimidos/
aspirina,sermecoop,Cardioaspirina 325mg 30comp,Cardioaspirina 325mg 30comp,null,cardioaspirina,325mg,30,30,null,solid-oral,null,cardioaspirina|325mg|30,cardioaspirina|325mg|30|bio:unknown|brand:unknown|form:solid-oral,10390,store,false,https://www.farmaciasermecoop.cl/index.php/online/detalleproducto?p_=21623&d_=1
aspirina,easyfarma,Cardioaspirina 100 EC x 50...,Cardioaspirina 100 EC x 50...,null,cardioaspirina,null,50,50,null,null,null,cardioaspirina|50,cardioaspirina|50|bio:unknown|brand:unknown,11990,store,true,https://nuevo.easyfarma.cl/25062-cardioaspirina-100-ec-x-50.html
aspirina,cruz-verde,Cafiaspirina Ácido Acetilsalicilico 40 mg 40 Comprimidos,Cafiaspirina Ácido Acetilsalicilico 40 mg 40 Comprimidos,null,cafiaspirina,40mg,40,40,null,solid-oral,null,cafiaspirina|40mg|40,cafiaspirina|40mg|40|bio:unknown|brand:unknown|form:solid-oral,12290,store,true,https://www.cruzverde.cl/cafiaspirina-acido-acetilsalicilico-40-mg-40-comprimidos/3135.html
betametasona,araucomed,Betametasona 4 mg/ml solucion inyectable x 1 ampolla. (Biosano),Betametasona 4 mg/ml solucion inyectable x 1 ampolla. (Biosano),Biosano,betametasona,4mg,1,1,null,injectable,null,betametasona|4mg,betametasona|4mg|bio:unknown|brand:biosano|form:injectable,250,store,true,https://farmacia.araucomed.com/corticoides/betametasona-4-mg-ml-solucion-inyectable-x-1-ampolla-biosano
betametasona,ecofarmacias,"Betamec Betametasona 0,05% Crema 15 Gr","Betamec Betametasona 0,05% Crema 15 Gr",null,betamec,null,null,null,betametasona,topical,null,betamec,betamec|bio:unknown|brand:unknown|var:betametasona|form:topical,640,store,false,https://www.ecofarmacias.cl/producto/betamec-betametasona-005-crema-15-gr/
betametasona,ecofarmacias,Clotrimazol + Betametasona Crema Dérmica x 15 g (OPKO),Clotrimazol + Betametasona Crema Dérmica x 15 g,null,clotrimazol,15000mg,null,null,null,topical,betametasona,clotrimazol|15000mg|15,clotrimazol|15000mg|15|bio:unknown|brand:unknown|combo:betametasona|form:topical,680,store,false,https://www.ecofarmacias.cl/producto/clotrimazol-betametasona-crema-dermica-x-15-g/
betametasona,farmex,Clotrimazol + Betametasona Crema Dérmica x 15 g,Clotrimazol + Betametasona Crema Dérmica x 15 g,null,clotrimazol,15000mg,null,null,null,topical,betametasona,clotrimazol|15000mg|15,clotrimazol|15000mg|15|bio:unknown|brand:unknown|combo:betametasona|form:topical,1277,store,true,https://farmex.cl/products/clotrimazol-betametasona-crema-dermica-x-15-g-2?_pos=8&_psq=betametasona&_psid=d9cc76498&_ss=e
betametasona,ahumada,Clotrimazol + Betametasona x 15 g Crema Tópica HOSPIFARMA CHILE LTD,Clotrimazol + Betametasona Crema Dérmica x 15 g,null,clotrimazol,15000mg,null,null,null,topical,betametasona,clotrimazol|15000mg|15,clotrimazol|15000mg|15|bio:unknown|brand:unknown|combo:betametasona|form:topical,1430,store,true,https://www.farmaciasahumada.cl/clotrimazol-betametasona-x-15-g-crema-topica-hospifarma-chile-ltd-84022.html
betametasona,ecofarmacias,Clotrimazol + Betametasona crema 15g,Clotrimazol + Betametasona crema 15g,null,clotrimazol,15000mg,null,null,null,topical,betametasona,clotrimazol|15000mg,clotrimazol|15000mg|bio:unknown|brand:unknown|combo:betametasona|form:topical,680,store,true,https://www.ecofarmacias.cl/producto/clotrimazol-betametasona-crema-15g/
betametasona,araucomed,Betametasona Crema 0.05% x 15 gramos. (CuraeSpring),Betametasona Crema 0.05% x 15 gramos. (CuraeSpring),CuraeSpring,betametasona,null,null,null,null,topical,null,betametasona|15,betametasona|15|bio:unknown|brand:curaespring|form:topical,690,store,true,https://farmacia.araucomed.com/corticoides/betametasona-crema-005-x-15-gramos-curaespring
betametasona,dr-simi,"Betametasona 0,05 % crema tópica 15 g","Betametasona 0,05 % crema tópica 15 g",OPKO,betametasona,15000mg,null,null,null,topical,null,betametasona|15000mg,betametasona|15000mg|bio:false|brand:opko|form:topical,880,store,true,https://www.drsimi.cl/zerolerg-betametasona-0-05-crema-15-gr/p
betametasona,ecofarmacias,Betametasona Crema 0.05 % x 15 g,Betametasona Crema 0.05 % x 15 g,null,betametasona,15000mg,null,null,null,topical,null,betametasona|15000mg|15,betametasona|15000mg|15|bio:unknown|brand:unknown|form:topical,890,store,false,https://www.ecofarmacias.cl/producto/betametasona-crema-0-05-x-15-g/
betametasona,ecofarmacias,"Betametasona Dipropionato Crema Tópica 0,05% x 15 g (Opkro)","Betametasona Dipropionato Crema Tópica 0,05% x 15 g (Opkro)",null,betametasona,15000mg,null,null,dipropionato,topical,null,betametasona|15000mg|15,betametasona|15000mg|15|bio:unknown|brand:unknown|var:dipropionato|form:topical,890,store,true,https://www.ecofarmacias.cl/producto/betametasona-dipropionato-crema-topica-005-x-15-gr-opkro/
betametasona,dr-simi,"Clotrimazol  1 g betametasona 0,05 g crema tópica 15 g","Clotrimazol  1 g betametasona 0,05 g crema tópica 15 g",OPKO,clotrimazol,15000mg,null,null,null,topical,null,clotrimazol|15000mg,clotrimazol|15000mg|bio:false|brand:opko|form:topical,920,store,true,https://www.drsimi.cl/betametasona-clotrimazol-0-05-1-crema-15-gr/p
betametasona,easyfarma,Betametasona Crema Tópica...,Betametasona Crema Tópica...,null,betametasona,null,null,null,null,topical,null,betametasona,betametasona|bio:unknown|brand:unknown|form:topical,990,store,true,https://nuevo.easyfarma.cl/26097-betametasona-crema-topica-005-x-15gr-2.html
betametasona,cruz-verde,"Betametasona 0,05% Crema Tópica 15 gr",Betametasona Crema Tópica...,null,betametasona,null,null,null,null,topical,null,betametasona,betametasona|bio:unknown|brand:unknown|form:topical,1490,store,true,https://www.cruzverde.cl/betametasona-0-05-crema-topica-15-gr/199023.html
betametasona,farmex,"Betametasona Dipropionato Crema 0,05 % x 15 g","Betametasona Dipropionato Crema 0,05 % x 15 g",OPKO,betametasona,15000mg,null,null,dipropionato,topical,null,betametasona|15000mg|15,betametasona|15000mg|15|bio:unknown|brand:opko|var:dipropionato|form:topical,990,store,true,https://farmex.cl/products/betametasona-dipropionato-crema-0-05-x-15-g?_pos=3&_psq=betametasona&_psid=d9cc76498&_ss=e
betametasona,farmex,Betametasona Crema 0.05 % x 15 g,Betametasona Crema 0.05 % x 15 g,HOSPIFARMA,betametasona,15000mg,null,null,null,topical,null,betametasona|15000mg|15,betametasona|15000mg|15|bio:unknown|brand:hospifarma|form:topical,1090,store,true,https://farmex.cl/products/betametasona-crema-0-05-x-15-g?_pos=4&_psq=betametasona&_psid=d9cc76498&_ss=e
betametasona,farmex,Betametasona Crema 0.05% x 15 g,Betametasona Crema 0.05% x 15 g,ASCEND,betametasona,15000mg,null,null,null,topical,null,betametasona|15000mg|15,betametasona|15000mg|15|bio:unknown|brand:ascend|form:topical,1195,store,true,https://farmex.cl/products/betametasona-crema-0-05-x-15-g-1?_pos=5&_psq=betametasona&_psid=d9cc76498&_ss=e
betametasona,araucomed,Clotrimazol Betametasona crema 15g (Chile),Clotrimazol Betametasona crema 15g (Chile),Laboratorio Chile,clotrimazol,15000mg,null,null,betametasona,topical,null,clotrimazol|15000mg,clotrimazol|15000mg|bio:unknown|brand:chile|var:betametasona|form:topical,1200,store,true,https://farmacia.araucomed.com/corticoides/clotrimazol-betametasona-crema-15g-chile
betametasona,dr-simi,Betametasona 0.6 mg comprimidos,Betametasona 0.6 mg comprimidos,DR. SIMI,betametasona,0.6mg,null,null,null,solid-oral,null,betametasona|0.6mg,betametasona|0.6mg|bio:false|brand:drsimi|form:solid-oral,1290,store,false,https://www.drsimi.cl/betametasona-ch0015/p
betametasona,dr-simi,"Betametasona 0,1% ungüento oftálmico","Betametasona 0,1% ungüento oftálmico",DR. SIMI,betametasona,null,null,null,oftalmico,ophthalmic,null,betametasona,betametasona|bio:false|brand:drsimi|var:oftalmico|form:ophthalmic,1290,store,false,https://www.drsimi.cl/betametasona-0-1-unguento-oftalmico-10-gr/p
betametasona,araucomed,Betametasona Crema 0.05% x 15 gramos. (Chile),Betametasona Crema 0.05% x 15 gramos. (Chile),Laboratorio Chile,betametasona,null,null,null,null,topical,null,betametasona|15,betametasona|15|bio:unknown|brand:chile|form:topical,1290,store,true,https://farmacia.araucomed.com/corticoides/betametasona-crema-005-x15gr-chile
betametasona,salcobrand,Betametasona 0.05% Crema 15g,Betametasona 0.05% Crema 15g,Betametasona,betametasona,15000mg,null,null,null,topical,null,betametasona|15000mg,betametasona|15000mg|bio:unknown|brand:betametasona|form:topical,1319,online,true,https://salcobrand.cl/products/betametasona-0-05-crema-15g?default_sku=1764252
betametasona,ecofarmacias,"Zerolerg Betametasona 0,05% Crema 15 g (Ethon)","Zerolerg Betametasona 0,05% Crema 15 g (Ethon)",null,zerolerg,15000mg,null,null,betametasona,topical,null,zerolerg|15000mg,zerolerg|15000mg|bio:unknown|brand:unknown|var:betametasona|form:topical,1390,store,true,https://www.ecofarmacias.cl/producto/zerolerg-betametasona-005-crema-15-g-ethon/
betametasona,sermecoop,Betametasona Crema 15g,Betametasona Crema 15g,null,betametasona,15000mg,null,null,null,topical,null,betametasona|15000mg,betametasona|15000mg|bio:unknown|brand:unknown|form:topical,1390,store,false,https://www.farmaciasermecoop.cl/index.php/online/detalleproducto?p_=2891&d_=1
betametasona,ecofarmacias,"Betametasona 0,05% unguento 15 g (LCh)",Betametasona Crema 15g,null,betametasona,15000mg,null,null,null,topical,null,betametasona|15000mg,betametasona|15000mg|bio:unknown|brand:unknown|form:topical,2480,store,true,https://www.ecofarmacias.cl/producto/betametasona-005-unguento-15-g/
betametasona,farmex,"Clotrimazol + Betametasona 1 / 0,05 % x 15 g (opko)","Clotrimazol + Betametasona 1 / 0,05 % x 15 g (opko)",OPKO,clotrimazol,15000mg,null,null,null,null,betametasona,clotrimazol|15000mg|15,clotrimazol|15000mg|15|bio:unknown|brand:opko|combo:betametasona,1390,store,true,https://farmex.cl/products/clotrimazol-betametazon-1-0-05-x-15-g?_pos=2&_psq=betametasona&_psid=d9cc76498&_ss=e
betametasona,sermecoop,Betametasona Crema Topica X 15 Gr,Betametasona Crema Topica X 15 Gr,null,betametasona,null,null,null,null,topical,null,betametasona|15,betametasona|15|bio:unknown|brand:unknown|form:topical,1490,store,false,https://www.farmaciasermecoop.cl/index.php/online/detalleproducto?p_=21608&d_=1
betametasona,easyfarma,Clotrimazol / Betametasona...,Clotrimazol / Betametasona...,null,clotrimazol,null,null,null,null,null,betametasona,clotrimazol,clotrimazol|bio:unknown|brand:curaespring|combo:betametasona,1490,store,true,https://nuevo.easyfarma.cl/104289-clotrimazol-betametasona-15-gr-curaespring.html
betametasona,easyfarma,Clotrimazol / Betametasona...,Clotrimazol / Betametasona...,null,clotrimazol,null,null,null,null,null,betametasona,clotrimazol,clotrimazol|bio:unknown|brand:15gr|combo:betametasona,1490,store,true,https://nuevo.easyfarma.cl/26095-clotrimazol-betametasona-dipropionato-crema-x-15gr.html
betametasona,cruz-verde,"Clotrimazol 1 gr Betametasona 0,05 gr Crema Tópica 15 gr","Clotrimazol 1 gr Betametasona 0,05 gr Crema Tópica 15 gr",null,clotrimazol,null,null,null,null,topical,null,clotrimazol,clotrimazol|bio:unknown|brand:unknown|form:topical,1590,store,true,https://www.cruzverde.cl/clotrimazol-1-gr-betametasona-0-05-gr-crema-topica-15-gr/2384.html
betametasona,sermecoop,"Zerolerg (betametasona) 0,5% Crema Topica X 15 Gr","Zerolerg (betametasona) 0,5% Crema Topica X 15 Gr",null,zerolerg,null,null,null,null,topical,null,zerolerg|15,zerolerg|15|bio:unknown|brand:unknown|form:topical,1590,store,false,https://www.farmaciasermecoop.cl/index.php/online/detalleproducto?p_=21856&d_=1
betametasona,farmex,"Betametasona crema tópica 0,05% x 15 g","Betametasona crema tópica 0,05% x 15 g",LABORATORIO CHILE,betametasona,15000mg,null,null,null,topical,null,betametasona|15000mg|15,betametasona|15000mg|15|bio:unknown|brand:chile|form:topical,2395,store,true,https://farmex.cl/products/betametasona-crema-topica-x-15-g?_pos=1&_psq=betametasona&_psid=d9cc76498&_ss=e
betametasona,easyfarma,Betametasona 0.05% 15 Gr...,Betametasona 0.05% 15 Gr...,null,betametasona,null,null,null,null,null,null,betametasona,betametasona|bio:unknown|brand:unknown,2890,store,true,https://nuevo.easyfarma.cl/102894-betametasona-005-15-gr-unguento-topico.html
betametasona,ahumada,"Betametasona 0,05 % Ung&uuml;ento Tópico Pomo 15 g CHILE","Betametasona 0,05 % Ung&uuml;ento Tópico Pomo 15 g CHILE",null,betametasona,15000mg,null,null,uuml,topical,null,betametasona|15000mg,betametasona|15000mg|bio:unknown|brand:unknown|var:uuml|form:topical,3140,store,true,https://www.farmaciasahumada.cl/betametasona-0-05-unguento-topico-pomo-15-g-chile-2848.html
betametasona,farmex,Betametasona + Neomicina Ungüento x 10 g,Betametasona + Neomicina Ungüento x 10 g,Chile,betametasona,10000mg,null,null,null,topical,neomicina,betametasona|10000mg|10,betametasona|10000mg|10|bio:unknown|brand:chile|combo:neomicina|form:topical,3395,store,true,https://farmex.cl/products/betametasona-neomicina-unguento-10-g?_pos=6&_psq=betametasona&_psid=d9cc76498&_ss=e
betametasona,araucomed,Betametasona + Neomicina Unguento x 10 gramos (Chile),Betametasona + Neomicina Unguento x 10 gramos (Chile),Laboratorio Chile,betametasona,null,null,null,null,topical,neomicina,betametasona|10,betametasona|10|bio:unknown|brand:chile|combo:neomicina|form:topical,3990,store,true,https://farmacia.araucomed.com/antibioticos/betametasona-neomicina-unguento-x-10-gramos-chile
betametasona,salcobrand,Prodel-B Betametasona / Clorfenamina 10 Comprimidos,Prodel-B Betametasona / Clorfenamina 10 Comprimidos,Prodel B,prodelb,null,10,10,null,solid-oral,clorfenamina,prodelb|10,prodelb|10|bio:unknown|brand:prodelb|combo:clorfenamina|form:solid-oral,4259,sbpay,true,https://salcobrand.cl/products/prodel-b-betametasona-clorfenamina-10-comprimidos?default_sku=2500909
betametasona,salcobrand,Clotrimazol Betametasona 1%/0.05% Crema Dérmica 15g,Clotrimazol Betametasona 1%/0.05% Crema Dérmica 15g,Clotrimazol,clotrimazol,15000mg,null,null,betametasona,topical,null,clotrimazol|15000mg,clotrimazol|15000mg|bio:unknown|brand:clotrimazol|var:betametasona|form:topical,4487,online,true,https://salcobrand.cl/products/clotrimazol-betametasona-1-0-05-crema-dermica-15g?default_sku=434389
betametasona,ecofarmacias,Betametasona + Neomicina ungüento dérmico x 10 g  (Laboratorio Chile),Betametasona + Neomicina ungüento dérmico x 10 g  (Laboratorio Chile),null,betametasona,10000mg,null,null,null,topical,neomicina,betametasona|10000mg|10,betametasona|10000mg|10|bio:unknown|brand:unknown|combo:neomicina|form:topical,4980,store,true,https://www.ecofarmacias.cl/producto/betametasona-neomicina-unguento-dermico-x-10-g/
betametasona,araucomed,Clofexan x 30 comprimidos.,Clofexan x 30 comprimidos.,Bagó,clofexan,null,30,30,null,solid-oral,null,clofexan|30,clofexan|30|bio:unknown|brand:bago|form:solid-oral,4990,store,true,https://farmacia.araucomed.com/antihistaminicos/clofexan-x30com
betametasona,easyfarma,Betametasona  Con Neomicina...,Betametasona  Con Neomicina...,null,betametasona,null,null,null,neomicina,null,null,betametasona,betametasona|bio:unknown|brand:neomicina|var:neomicina,4990,store,true,https://nuevo.easyfarma.cl/24598-betametasona-neomicina.html
betametasona,dr-simi,"Probel-B betametasona 0,25 mg clorfenamina 2 mg jarabe 120 mL","Probel-B betametasona 0,25 mg clorfenamina 2 mg jarabe 120 mL",PASTEUR,probelb,0.25mg,null,null,betametasona,fluid-oral,null,probelb|120ml,probelb|120ml|bio:true|brand:pasteur|var:betametasona|form:fluid-oral,6040,store,true,https://www.drsimi.cl/clorfe-betame-2-0-25mg-5ml-jarabe-120ml-ch5834/p
betametasona,araucomed,Cobefen Jarabe 120 ml.,Cobefen Jarabe 120 ml.,Sanitas,cobefen,120ml,null,null,null,fluid-oral,null,cobefen|120ml,cobefen|120ml|bio:unknown|brand:sanitas|form:fluid-oral,6490,store,true,https://farmacia.araucomed.com/antihistaminicos/cobefen-jarabe-120ml
betametasona,salcobrand,Clofexan Betametasona / Dexclorfenamina 30 Comprimidos,Clofexan Betametasona / Dexclorfenamina 30 Comprimidos,Clofexan,clofexan,null,30,30,null,solid-oral,dexclorfenamina,clofexan|30,clofexan|30|bio:unknown|brand:clofexan|combo:dexclorfenamina|form:solid-oral,6570,sbpay,true,https://salcobrand.cl/products/clofexan-betametasona-dexclorfenamina-30-comprimidos?default_sku=2591080
betametasona,ahumada,Betametasona + Neomicina Ung&uuml;ento Dérmico Pomo 10 g CHILE,Betametasona + Neomicina Ung&uuml;ento Dérmico Pomo 10 g CHILE,null,betametasona,10000mg,null,null,null,topical,neomicina,betametasona|10000mg,betametasona|10000mg|bio:unknown|brand:unknown|combo:neomicina|form:topical,6749,cmr,true,https://www.farmaciasahumada.cl/betametasona-neomicina-unguento-dermico-pomo-10-g-chile-2471.html
betametasona,dr-simi,"Cobefen betametasona 0,25 mg/5 mL dexclorfeniramina 2 mg/5 mL jarabe 120 mL","Cobefen betametasona 0,25 mg/5 mL dexclorfeniramina 2 mg/5 mL jarabe 120 mL",SANITAS,cobefen,0.25mg,null,null,betametasona,fluid-oral,null,cobefen|120ml,cobefen|120ml|bio:false|brand:sanitas|var:betametasona|form:fluid-oral,6800,store,true,https://www.drsimi.cl/cobefen-betame-2-0-25mg-sol-120ml-ch5040/p
betametasona,ecofarmacias,Clofexan Betametasona con Dexclorfenamina Maleato 30 Comprimidos,Clofexan Betametasona con Dexclorfenamina Maleato 30 Comprimidos,null,clofexan,null,30,30,betametasona,solid-oral,null,clofexan|30,clofexan|30|bio:unknown|brand:unknown|var:betametasona|form:solid-oral,6900,store,true,https://www.ecofarmacias.cl/producto/clofexan-betametasona-con-dexclorfenamina-maleato-30-comprimidos/
betametasona,ecofarmacias,"Novadrel Betametasona 0,5mg Clotrimazol 10mg Crema Tópica  20 gr (Prater)","Novadrel Betametasona 0,5mg Clotrimazol 10mg Crema Tópica  20 gr (Prater)",null,novadrel,0.5mg,null,null,betametasona,topical,null,novadrel|0.5mg,novadrel|0.5mg|bio:unknown|brand:unknown|var:betametasona|form:topical,6980,store,false,https://www.ecofarmacias.cl/producto/novadrel-betametasona-crema-topica-05mg-clotrimazol-10mg-x-20-gr-prater/
betametasona,dr-simi,"Prodel-B betametasona 0,25 mg clorfenamina 2 mg 30 comprimidos","Prodel-B betametasona 0,25 mg clorfenamina 2 mg 30 comprimidos",PASTEUR,prodelb,0.25mg,30,30,betametasona,solid-oral,null,prodelb|0.25mg|30,prodelb|0.25mg|30|bio:false|brand:pasteur|var:betametasona|form:solid-oral,7000,store,true,https://www.drsimi.cl/clorfenamina-betameta-2-0--25mg-30comp-ch5983-1/p
betametasona,cruz-verde,"Betametasona 0,05% Neomicina 0,5% Unguento 10 gr","Betametasona 0,05% Neomicina 0,5% Unguento 10 gr",null,betametasona,null,null,null,neomicina,topical,null,betametasona,betametasona|bio:unknown|brand:unknown|var:neomicina|form:topical,7790,store,true,https://www.cruzverde.cl/betametasona-0-05-neomicina-0-5-unguento-10-gr/2372.html
betametasona,cruz-verde,Prodel-B Betametasona 2 mg 10 Comprimidos,Prodel-B Betametasona 2 mg 10 Comprimidos,null,prodelb,2mg,10,10,betametasona,solid-oral,null,prodelb|2mg|10,prodelb|2mg|10|bio:unknown|brand:unknown|var:betametasona|form:solid-oral,7990,store,true,https://www.cruzverde.cl/prodel-b-betametasona-2-mg-10-comprimidos/41031.html
betametasona,araucomed,Cobefen x 30 comprimidos.,Cobefen x 30 comprimidos.,Sanitas,cobefen,null,30,30,null,solid-oral,null,cobefen|30,cobefen|30|bio:unknown|brand:sanitas|form:solid-oral,7990,store,true,https://farmacia.araucomed.com/corticoides/cobefen-x30com
betametasona,ecofarmacias,Betametasona Sodio Fosfato Solución Inyectable 4MG/1ML X 5 Ampollas,Betametasona Sodio Fosfato Solución Inyectable 4MG/1ML X 5 Ampollas,null,betametasona,4mg,5,5,sodio,injectable,null,betametasona|1ml|5,betametasona|1ml|5|bio:unknown|brand:unknown|var:sodio|form:injectable,7990,store,false,https://www.ecofarmacias.cl/producto/betametasona-sodio-fosfato-solucion-inyectable-4mg-1ml-x-5-ampollas/
betametasona,cruz-verde,"Cremirit Betametasona 0,05% Crema Tópica 15 gr","Cremirit Betametasona 0,05% Crema Tópica 15 gr",null,cremirit,null,null,null,betametasona,topical,null,cremirit,cremirit|bio:unknown|brand:unknown|var:betametasona|form:topical,8340,store,true,https://www.cruzverde.cl/cremirit-betametasona-0-05-crema-topica-15-gr/193070.html
betametasona,ahumada,Clofexan 0.25 mg/2 mg/5 ml x 120 ml Jarabe,Clofexan 0.25 mg/2 mg/5 ml x 120 ml Jarabe,null,clofexan,0.25mg,null,null,null,fluid-oral,null,clofexan|120ml|120,clofexan|120ml|120|bio:true|brand:unknown|form:fluid-oral,8639,cmr,true,https://www.farmaciasahumada.cl/clofexan-0.25-mg-2-mg-5-ml-x-120-ml-jarabe-3580.html
betametasona,dr-simi,"Cobefen dexclorfeniramina 2 mg betametasona 0,25 mg 30 comprimidos","Cobefen dexclorfeniramina 2 mg betametasona 0,25 mg 30 comprimidos",SANITAS,cobefen,2mg,30,30,dexclorfeniramina,solid-oral,null,cobefen|2mg|30,cobefen|2mg|30|bio:false|brand:sanitas|var:dexclorfeniramina|form:solid-oral,8720,store,true,https://www.drsimi.cl/dexclorfenir-betameta-2-0--25mg-30comp-ch5044-1/p
betametasona,ecofarmacias,Betavol Betametasona 5 mg 1 Ampolla DESCUENTO,Betavol Betametasona 5 mg 1 Ampolla,null,betavol,5mg,1,1,betametasona,injectable,null,betavol|5mg,betavol|5mg|bio:unknown|brand:unknown|var:betametasona|form:injectable,8990,store,false,https://www.ecofarmacias.cl/producto/betavol-betametasona-5-mg-1-ampolla-descuento/
betametasona,cruz-verde,Betavol Betametasona 5 mg 1 Ampolla,Betavol Betametasona 5 mg 1 Ampolla,null,betavol,5mg,1,1,betametasona,injectable,null,betavol|5mg,betavol|5mg|bio:unknown|brand:unknown|var:betametasona|form:injectable,20690,store,true,https://www.cruzverde.cl/betavol-betametasona-5-mg-1-ampolla/272218.html
betametasona,ahumada,Clofexan x 30 Comprimidos,Clofexan x 30 Comprimidos,null,clofexan,null,30,30,null,solid-oral,null,clofexan|30,clofexan|30|bio:unknown|brand:unknown|form:solid-oral,8990,store,true,https://www.farmaciasahumada.cl/clofexan-x-30-comprimidos-3567.html
betametasona,sermecoop,Cobefen (betametasona/dexclorfeniramina) Jarabe 120ml,Cobefen (betametasona/dexclorfeniramina) Jarabe 120ml,null,cobefen,120ml,null,null,null,fluid-oral,dexclorfeniramina,cobefen|120ml,cobefen|120ml|bio:unknown|brand:unknown|combo:dexclorfeniramina|form:fluid-oral,8990,store,true,https://www.farmaciasermecoop.cl/index.php/online/detalleproducto?p_=4340&d_=1
betametasona,salcobrand,Prodel-B Betametasona / Clorfenamina 30 Comprimidos,Prodel-B Betametasona / Clorfenamina 30 Comprimidos,Prodel-B,prodelb,null,30,30,null,solid-oral,clorfenamina,prodelb|30,prodelb|30|bio:unknown|brand:prodelb|combo:clorfenamina|form:solid-oral,9149,sbpay,true,https://salcobrand.cl/products/prodel-b-betametasona-clorfenamina-30-comprimidos?default_sku=2506379
betametasona,ahumada,Cobefen x 30 Comprimidos,Cobefen x 30 Comprimidos,null,cobefen,null,30,30,null,solid-oral,null,cobefen|30,cobefen|30|bio:unknown|brand:unknown|form:solid-oral,9637,cmr,true,https://www.farmaciasahumada.cl/cobefen-x-30-comprimidos-11364.html
betametasona,ahumada,Prodel-B x 30 Comprimidos,Prodel-B x 30 Comprimidos,null,prodelb,null,30,30,null,solid-oral,null,prodelb|30,prodelb|30|bio:unknown|brand:unknown|form:solid-oral,9757,cmr,true,https://www.farmaciasahumada.cl/prodel-b-x-30-comprimidos-41745.html
betametasona,ecofarmacias,"Cam Jarabe Betametasona 0,25 mg 120 Ml (Lab Chile)",Cam Betametasona 2 mg Jarabe 120 mL,null,cam,0.25mg,null,null,betametasona,fluid-oral,null,cam|120ml,cam|120ml|bio:unknown|brand:unknown|var:betametasona|form:fluid-oral,9980,store,true,https://www.ecofarmacias.cl/producto/cam-jarabe-betametasona-025-mg-120-ml/
betametasona,cruz-verde,Cam Betametasona 2 mg Jarabe 120 mL,Cam Betametasona 2 mg Jarabe 120 mL,null,cam,2mg,null,null,betametasona,fluid-oral,null,cam|120ml,cam|120ml|bio:unknown|brand:unknown|var:betametasona|form:fluid-oral,14790,store,true,https://www.cruzverde.cl/cam-betametasona-2-mg-jarabe-120-ml/1122.html
betametasona,araucomed,Oticum solución ótica 5 ml.,Oticum solución ótica 5 ml.,null,oticum,5ml,null,null,null,ophthalmic,null,oticum|5ml,oticum|5ml|bio:unknown|brand:unknown|form:ophthalmic,9990,store,true,https://farmacia.araucomed.com/oido-y-vertigo/oticum-solucion-otica-x5ml
betametasona,salcobrand,Betametasona + Neomicina Ungüento Tópico 10g,Betametasona + Neomicina Ungüento Tópico 10g,Betametasona,betametasona,10000mg,null,null,null,topical,neomicina,betametasona|10000mg,betametasona|10000mg|bio:unknown|brand:betametasona|combo:neomicina|form:topical,10031,online,true,https://salcobrand.cl/products/betametasona-neomicina-unguento-topico-10g?default_sku=434338
betametasona,salcobrand,Cobefen Betametasona / Dexclorfenamina Jarabe 120ml,Cobefen Betametasona / Dexclorfenamina Jarabe 120ml,Cobefen,cobefen,120ml,null,null,null,fluid-oral,dexclorfenamina,cobefen|120ml,cobefen|120ml|bio:unknown|brand:cobefen|combo:dexclorfenamina|form:fluid-oral,10049,sbpay,true,https://salcobrand.cl/products/cobefen-betametasona-dexclorfenamina-jarabe-120ml?default_sku=2980402
betametasona,ahumada,Clotrimin-B x 15 g Crema Topica,Clotrimin-B x 15 g Crema Topica,null,clotriminb,15000mg,null,null,null,topical,null,clotriminb|15000mg|15,clotriminb|15000mg|15|bio:unknown|brand:unknown|form:topical,10537,cmr,true,https://www.farmaciasahumada.cl/clotrimin-b-x-15-g-crema-topica-20787.html
betametasona,dr-simi,Betametasona sodio fosfato 4 mg/mL 5 ampollas solución inyectable 1 mL,Betametasona sodio fosfato 4 mg/mL 5 ampollas solución inyectable 1 mL,BIOSANO,betametasona,4mg,5,5,sodio,injectable,null,betametasona|1ml|5,betametasona|1ml|5|bio:false|brand:biosano|var:sodio|form:injectable,10800,store,true,https://www.drsimi.cl/betametasona-ch9033/p
betametasona,salcobrand,Cobefen Betametasona / Dexclorfenamina 30 Comprimidos,Cobefen Betametasona / Dexclorfenamina 30 Comprimidos,Cobefen,cobefen,null,30,30,null,solid-oral,dexclorfenamina,cobefen|30,cobefen|30|bio:unknown|brand:cobefen|combo:dexclorfenamina|form:solid-oral,10911,online,true,https://salcobrand.cl/products/cobefen-betametasona-dexclorfenamina-30-comprimidos?default_sku=2980401
betametasona,araucomed,Cam Jarabe x 120 ml.,Cam Jarabe x 120 ml.,Laboratorio Chile,cam,120ml,null,null,null,fluid-oral,null,cam|120ml|120,cam|120ml|120|bio:unknown|brand:chile|form:fluid-oral,10990,store,true,https://farmacia.araucomed.com/corticoides/cam-jarabe-120ml
betametasona,araucomed,"Oftagen Compuesto ungüento oftálmico 3,5 gramos.","Oftagen Compuesto ungüento oftálmico 3,5 gramos.",null,oftagen,null,null,null,compuesto,ophthalmic,null,oftagen,oftagen|bio:unknown|brand:unknown|var:compuesto|form:ophthalmic,10990,store,true,https://farmacia.araucomed.com/oftalmicos/oftagen-compuesto-unguento-oftalmico-35g
betametasona,sermecoop,"Oftagen Compuesto (gentamicina;betametasona) Unguento Oftalmico 3,5grs","Oftagen Compuesto ungüento oftálmico 3,5 gramos.",null,oftagen,null,null,null,compuesto,ophthalmic,null,oftagen,oftagen|bio:unknown|brand:unknown|var:compuesto|form:ophthalmic,11990,store,true,https://www.farmaciasermecoop.cl/index.php/online/detalleproducto?p_=17969&d_=1
betametasona,sermecoop,Cam (betametasona/dexclorfeniramina) 30comp,Cam (betametasona/dexclorfeniramina) 30comp,null,cam,null,30,30,null,solid-oral,dexclorfeniramina,cam|30,cam|30|bio:unknown|brand:unknown|combo:dexclorfeniramina|form:solid-oral,10990,store,false,https://www.farmaciasermecoop.cl/index.php/online/detalleproducto?p_=3509&d_=1
betametasona,ahumada,"Oftagen Compuesto x 3,5 g Unguento Oftalmico","Oftagen Compuesto x 3,5 g Unguento Oftalmico",null,oftagen,3500mg,3,3,compuesto,ophthalmic,null,oftagen|3500mg|3,oftagen|3500mg|3|bio:unknown|brand:unknown|var:compuesto|form:ophthalmic,11257,cmr,true,https://www.farmaciasahumada.cl/oftagen-compuesto-x-3-5-g-unguento-oftalmico-9530.html
betametasona,salcobrand,Clofexan (B) Betametasona / Dexclorfenamina Jarabe 120ml,Clofexan (B) Betametasona / Dexclorfenamina Jarabe 120ml,Clofexan,clofexan,120ml,null,null,null,fluid-oral,dexclorfenamina,clofexan|120ml,clofexan|120ml|bio:unknown|brand:clofexan|combo:dexclorfenamina|form:fluid-oral,11351,online,true,https://salcobrand.cl/products/clofexan-b-betametasona-dexclorfenamina-jarabe-120ml?default_sku=2591085
betametasona,araucomed,Oftagen Compuesto solucion oftalmica 5ml,Oftagen Compuesto solucion oftalmica 5ml,null,oftagen,5ml,null,null,compuesto,ophthalmic,null,oftagen|5ml,oftagen|5ml|bio:unknown|brand:unknown|var:compuesto|form:ophthalmic,11490,store,true,https://farmacia.araucomed.com/oftalmicos/oftagen-compuesto-solucion-oftalmica-5ml
betametasona,cruz-verde,Prodel-B Betametasona 2 mg Jarabe 120 mL,Prodel-B Betametasona 2 mg Jarabe 120 mL,null,prodelb,2mg,null,null,betametasona,fluid-oral,null,prodelb|120ml,prodelb|120ml|bio:unknown|brand:unknown|var:betametasona|form:fluid-oral,11590,store,true,https://www.cruzverde.cl/prodel-b-betametasona-2-mg-jarabe-120-ml/41032.html
betametasona,salcobrand,Clotrimin-B Clotrimazol / Betametasona Crema Tópica 15g,Clotrimin-B Clotrimazol / Betametasona Crema Tópica 15g,Clotrimin B,clotriminb,15000mg,null,null,null,topical,betametasona,clotriminb|15000mg,clotriminb|15000mg|bio:unknown|brand:clotriminb|combo:betametasona|form:topical,11615,online,true,https://salcobrand.cl/products/clotrimin-b-clotrimazol-betametasona-crema-topica-15g?default_sku=2100305
betametasona,araucomed,Betavol suspensión inyectable x 1 ampolla,Betavol suspensión inyectable x 1 ampolla,Eurofarma,betavol,null,1,1,null,injectable,null,betavol,betavol|bio:unknown|brand:eurofarma|form:injectable,11990,store,true,https://farmacia.araucomed.com/corticoides/betavol-ampolla-1-ml
betametasona,sermecoop,Betametasona 4mg/1ml 5 Ampollas Inyectables,Betametasona 4mg/1ml 5 Ampollas Inyectables,null,betametasona,4mg,5,5,null,injectable,null,betametasona|1ml|5,betametasona|1ml|5|bio:unknown|brand:unknown|form:injectable,11990,store,true,https://www.farmaciasermecoop.cl/index.php/online/detalleproducto?p_=2880&d_=1
betametasona,ahumada,Betametasona 4 mg/ml Solución Inyectable Caja 5 Ampollas BIOSANO,Betametasona 4 mg / mL 5 Ampollas,null,betametasona,4mg,5,5,null,injectable,null,betametasona|4mg|5,betametasona|4mg|5|bio:unknown|brand:unknown|form:injectable,11999,cmr,true,https://www.farmaciasahumada.cl/betametasona-4-mg-ml-solucion-inyectable-caja-5-ampollas-biosano-66842.html
betametasona,cruz-verde,Betametasona 4 mg / mL 5 Ampollas,Betametasona 4 mg / mL 5 Ampollas,null,betametasona,4mg,5,5,null,injectable,null,betametasona|4mg|5,betametasona|4mg|5|bio:unknown|brand:unknown|form:injectable,13790,store,true,https://www.cruzverde.cl/betametasona-4-mg-ml-5-ampollas/260574.html
betametasona,cruz-verde,Prodel-B Betametasona 2 mg 30 Comprimidos,Prodel-B Betametasona 2 mg 30 Comprimidos,null,prodelb,2mg,30,30,betametasona,solid-oral,null,prodelb|2mg|30,prodelb|2mg|30|bio:unknown|brand:unknown|var:betametasona|form:solid-oral,12290,store,true,https://www.cruzverde.cl/prodel-b-betametasona-2-mg-30-comprimidos/41084.html
betametasona,araucomed,Clofexan Jarabe 120ml,Clofexan Jarabe 120ml,Bagó,clofexan,120ml,null,null,null,fluid-oral,null,clofexan|120ml,clofexan|120ml|bio:unknown|brand:bago|form:fluid-oral,12490,store,true,https://farmacia.araucomed.com/antihistaminicos/clofexan-jarabe-120ml
betametasona,cruz-verde,"Creminem?B Clotrimazol 10 mg Betametasona 0,5 mg Crema Dérmica 15 gr","Creminem?B Clotrimazol 10 mg Betametasona 0,5 mg Crema Dérmica 15 gr",null,creminem,10mg,null,null,b,topical,null,creminem|10mg,creminem|10mg|bio:unknown|brand:unknown|var:b|form:topical,13090,store,true,https://www.cruzverde.cl/creminem-b-clotrimazol-10-mg-betametasona-0-5-mg-crema-dermica-15-gr/193079.html
betametasona,ahumada,Cidoten 4 mg/1 mL x 1 Ampolla Solucion Inyectable,Cidoten 4 mg/1 mL x 1 Ampolla Solucion Inyectable,null,cidoten,4mg,1,1,null,injectable,null,cidoten|1ml,cidoten|1ml|bio:unknown|brand:unknown|form:injectable,13684,store,true,https://www.farmaciasahumada.cl/cidoten-4-mg-1-ml-x-1-ampolla-solucion-inyectable-1614.html
betametasona,salcobrand,Cam Betametasona / Dexclorfenamina 30 Comprimidos,Cam Betametasona / Dexclorfenamina 30 Comprimidos,Cam,cam,null,30,30,null,solid-oral,dexclorfenamina,cam|30,cam|30|bio:unknown|brand:cam|combo:dexclorfenamina|form:solid-oral,13903,online,true,https://salcobrand.cl/products/cam-betametasona-dexclorfenamina-30-comprimidos?default_sku=430954
betametasona,araucomed,Arzimol-B crema x 15 gramos.,Arzimol-B crema x 15 gramos.,Raffo,arzimolb,null,null,null,null,topical,null,arzimolb|15,arzimolb|15|bio:unknown|brand:raffo|form:topical,13990,store,true,https://farmacia.araucomed.com/antibioticos/arzimol-b-crema-15g
betametasona,araucomed,Oftasona N ungüento oftálmico 3 gramos.,Oftasona N ungüento oftálmico 3 gramos.,null,oftasona,null,null,null,n,ophthalmic,null,oftasona,oftasona|bio:unknown|brand:unknown|var:n|form:ophthalmic,13990,store,true,https://farmacia.araucomed.com/oftalmicos/oftasona-n-unguento-oftalmico-3g
betametasona,easyfarma,Betavol 5 + 2 mg/mL x 1...,Betavol 5 + 2 mg/mL x 1...,null,betavol,2mg,1,1,null,null,null,betavol|2mg,betavol|2mg|bio:unknown|brand:unknown,13990,store,true,https://nuevo.easyfarma.cl/32594-betavol-5-2-mg-ml-inyectable.html
betametasona,easyfarma,Cam Jarabe 120 mL,Cam Jarabe 120 mL,null,cam,120ml,null,null,null,fluid-oral,null,cam|120ml,cam|120ml|bio:unknown|brand:unknown|form:fluid-oral,13990,store,true,https://nuevo.easyfarma.cl/24604-cam-jarabe-sin-azuc-x-120-ml.html
betametasona,salcobrand,Arzimol B Ácido Fusídico / Betametasona Crema Tópica 15g,Arzimol B Ácido Fusídico / Betametasona Crema Tópica 15g,Arzimol B,arzimol,15000mg,null,null,null,topical,betametasona,arzimol|15000mg,arzimol|15000mg|bio:unknown|brand:arzimolb|combo:betametasona|form:topical,14159,sbpay,true,https://salcobrand.cl/products/arzimol-b-acido-fusidico-betametasona-crema-topica-15g?default_sku=579623
betametasona,sermecoop,Oftasona P (betametasona)  01%  Solucion Oftalmica 10ml,Oftasona P (betametasona)  01%  Solucion Oftalmica 10ml,null,oftasona,10ml,null,null,p,ophthalmic,null,oftasona|10ml,oftasona|10ml|bio:unknown|brand:unknown|var:p|form:ophthalmic,14390,store,true,https://www.farmaciasermecoop.cl/index.php/online/detalleproducto?p_=17976&d_=1
betametasona,ahumada,Oftasona N x 3 g Ung&uuml;ento Oftalmico,Oftasona N x 3 g Ung&uuml;ento Oftalmico,null,oftasona,3000mg,null,null,n,ophthalmic,null,oftasona|3000mg|3,oftasona|3000mg|3|bio:unknown|brand:unknown|var:n|form:ophthalmic,14497,cmr,true,https://www.farmaciasahumada.cl/oftasona-n-x-3-g-unguento-oftalmico-9153.html
betametasona,salcobrand,Cam Betametasona / Dexclorfenamina Jarabe 120ml,Cam Betametasona / Dexclorfenamina Jarabe 120ml,Cam,cam,120ml,null,null,null,fluid-oral,dexclorfenamina,cam|120ml,cam|120ml|bio:unknown|brand:cam|combo:dexclorfenamina|form:fluid-oral,14519,online,true,https://salcobrand.cl/products/cam-jarabe?default_sku=430950
betametasona,dr-simi,Betavol betametasona dipropionato 5 mg/mL betametasona fosfato disodico 2 mg/mL ampolla suspensión inyectable 1 mL,Betavol betametasona dipropionato 5 mg/mL betametasona fosfato disodico 2 mg/mL ampolla suspensión inyectable 1 mL,EUROFARMA,betavol,5mg,1,1,betametasona,injectable,null,betavol|1ml,betavol|1ml|bio:false|brand:eurofarma|var:betametasona|form:injectable,14800,store,true,https://www.drsimi.cl/betavol-betametasona-d-betame-fd-susp-iny-ch6067-1/p
betametasona,araucomed,Oftasona N solución oftálmica x 10 ml.,Oftasona N solución oftálmica x 10 ml.,null,oftasona,10ml,null,null,n,ophthalmic,null,oftasona|10ml|10,oftasona|10ml|10|bio:unknown|brand:unknown|var:n|form:ophthalmic,14990,store,true,https://farmacia.araucomed.com/oftalmicos/oftasona-n-solucion-oftalmica-10ml
betametasona,ahumada,Arzimol-B Crema Tópica 15 gr,Arzimol-B Crema Tópica 15 gr,null,arzimolb,null,null,null,null,topical,null,arzimolb,arzimolb|bio:unknown|brand:unknown|form:topical,15144,store,true,https://www.farmaciasahumada.cl/arzimol-b-crema-topica-15-gr-89834.html
betametasona,cruz-verde,Cobefen Betametasona 2 mg 30 Comprimidos,Cobefen Betametasona 2 mg 30 Comprimidos,null,cobefen,2mg,30,30,betametasona,solid-oral,null,cobefen|2mg|30,cobefen|2mg|30|bio:unknown|brand:unknown|var:betametasona|form:solid-oral,15190,store,true,https://www.cruzverde.cl/cobefen-betametasona-2-mg-30-comprimidos/12146.html
betametasona,cruz-verde,Clofexan Betametasona 2 mg Jarabe 120 mL,Clofexan Betametasona 2 mg Jarabe 120 mL,null,clofexan,2mg,null,null,betametasona,fluid-oral,null,clofexan|120ml,clofexan|120ml|bio:unknown|brand:unknown|var:betametasona|form:fluid-oral,15590,store,true,https://www.cruzverde.cl/clofexan-betametasona-2-mg-jarabe-120-ml/9098.html
betametasona,ecofarmacias,"Oftasona-P Betametasona 0,1 % x 10 ml","Oftasona-P Betametasona 0,1 % x 10 ml",null,oftasonap,10ml,null,null,betametasona,null,null,oftasonap|10ml|10,oftasonap|10ml|10|bio:true|brand:unknown|var:betametasona,15600,store,false,https://www.ecofarmacias.cl/producto/oftasona-p-betametasona-01-x-10-ml/
betametasona,cruz-verde,Cam Betametasona 2 mg 30 Comprimidos,Cam Betametasona 2 mg 30 Comprimidos,null,cam,2mg,30,30,betametasona,solid-oral,null,cam|2mg|30,cam|2mg|30|bio:unknown|brand:unknown|var:betametasona|form:solid-oral,15640,store,true,https://www.cruzverde.cl/cam-betametasona-2-mg-30-comprimidos/1121.html
betametasona,ahumada,Betavol Suspensión Inyectable Jeringa y Ampolla 1 ml,Betavol Suspensión Inyectable Jeringa y Ampolla 1 ml,null,betavol,1ml,1,1,null,injectable,null,betavol|1ml,betavol|1ml|bio:unknown|brand:unknown|form:injectable,15929,cmr,true,https://www.farmaciasahumada.cl/betavol-suspension-inyectable-jeringa-y-ampolla-1-ml-79711.html
betametasona,salcobrand,Betametasona 4mg/ml Inyectable 5 Ampollas,Betametasona 4mg/ml Inyectable 5 Ampollas,Betametasona,betametasona,4mg,5,5,null,injectable,null,betametasona|4mg|5,betametasona|4mg|5|bio:unknown|brand:betametasona|form:injectable,16455,online,true,https://salcobrand.cl/products/betametasona-4mg-ml-inyectable-5-ampollas?default_sku=300865
betametasona,cruz-verde,Cobefen Betametasona 2 mg Jarabe 120 mL,Cobefen Betametasona 2 mg Jarabe 120 mL,null,cobefen,2mg,null,null,betametasona,fluid-oral,null,cobefen|120ml,cobefen|120ml|bio:unknown|brand:unknown|var:betametasona|form:fluid-oral,16890,store,true,https://www.cruzverde.cl/cobefen-betametasona-2-mg-jarabe-120-ml/12147.html
betametasona,dr-simi,"Oftasona-P betametasona 0,1 % solución oftálmica 10 mL","Oftasona-P betametasona 0,1 % solución oftálmica 10 mL",SAVAL,oftasonap,10ml,null,null,betametasona,ophthalmic,null,oftasonap|10ml,oftasonap|10ml|bio:true|brand:saval|var:betametasona|form:ophthalmic,16920,store,true,https://www.drsimi.cl/betametasona-ch0196/p
betametasona,araucomed,Contralmor  x 6 supositorios.,Contralmor  x 6 supositorios.,Laboratorio Chile,contralmor,null,6,6,null,suppository,null,contralmor|6,contralmor|6|bio:unknown|brand:chile|form:suppository,16990,store,true,https://farmacia.araucomed.com/antihemorroidales/contralmor-supositorios-x6sup
betametasona,araucomed,Mixgen Crema dérmica 15 gramos.,Mixgen Crema dérmica 15 gramos.,Laboratorio Chile,mixgen,null,null,null,dermica,topical,null,mixgen,mixgen|bio:unknown|brand:chile|var:dermica|form:topical,16990,store,true,https://farmacia.araucomed.com/antibioticos/mixgen-crema-dermica-15g
betametasona,easyfarma,Betacort 0.5 mg/ml 30 ml,Betacort 0.5 mg/ml 30 ml,null,betacort,0.5mg,null,null,null,null,null,betacort|30ml,betacort|30ml|bio:unknown|brand:unknown,16990,store,true,https://nuevo.easyfarma.cl/102599-betacort-05-mg-ml-30-ml.html
betametasona,dr-simi,"Betacort cassará betametasona 0,5 mg/mL solución oral para gotas 30 mL","Betacort cassará betametasona 0,5 mg/mL solución oral para gotas 30 mL",D&M PHARMA,betacort,0.5mg,null,null,cassara,fluid-oral,null,betacort|30ml,betacort|30ml|bio:false|brand:dmpharma|var:cassara|form:fluid-oral,17200,store,true,https://www.drsimi.cl/betacort-betametasona-ml-solucion-gotas-30-ml-ch6164-1/p
betametasona,salcobrand,Oftasona-P Betametasona 0.1% Solución Oftálmica 10ml,Oftasona-P Betametasona 0.1% Solución Oftálmica 10ml,Oftasona-P,oftasonap,10ml,null,null,betametasona,ophthalmic,null,oftasonap|10ml,oftasonap|10ml|bio:unknown|brand:oftasonap|var:betametasona|form:ophthalmic,17335,online,true,https://salcobrand.cl/products/oftasona-p-betametasona-0-1-solucion-oftalmica-10ml?default_sku=2973240
betametasona,dr-simi,Arzimol B ácido fusídico 20 mg betametasona 1 mg crema tópica 15 g,Arzimol B ácido fusídico 20 mg betametasona 1 mg crema tópica 15 g,RAFFO,arzimol,20mg,null,null,b,topical,null,arzimol|20mg,arzimol|20mg|bio:false|brand:raffo|var:b|form:topical,17800,store,true,https://www.drsimi.cl/arzimol-ac-fusidico-betametasona-crema-topica-ch6103-1/p
betametasona,ecofarmacias,Fusimed B Ácido Fusí­dico/Betametasona Emulsión Tópica x 15g,Fusimed B Ácido Fusí­dico/Betametasona Emulsión Tópica x 15g,null,fusimed,15000mg,null,null,null,fluid-oral,betametasona,fusimed|15000mg|15,fusimed|15000mg|15|bio:unknown|brand:unknown|combo:betametasona|form:fluid-oral,17900,store,true,https://www.ecofarmacias.cl/producto/fusimed-b-emulsion-topica-15-gr-cassara/
betametasona,salcobrand,Betavol 5 Betametasona Inyectable 1 Ampolla,Betavol 5 Betametasona Inyectable 1 Ampolla,Betavol,betavol,null,1,1,betametasona,injectable,null,betavol,betavol|bio:unknown|brand:betavol|var:betametasona|form:injectable,18215,online,true,https://salcobrand.cl/products/betavol-5-2mg-ml-x-1-ampolla?default_sku=3403182
betametasona,ahumada,Donomix x 15 g Crema Tópica,Donomix x 15 g Crema Tópica,null,donomix,15000mg,null,null,null,topical,null,donomix|15000mg|15,donomix|15000mg|15|bio:unknown|brand:unknown|form:topical,18547,cmr,true,https://www.farmaciasahumada.cl/donomix-x-15-g-crema-topica-1088.html
betametasona,easyfarma,Arzimol B Crema Lab Lazar,Arzimol B Crema Lab Lazar,null,arzimol,null,null,null,b,topical,null,arzimol,arzimol|bio:unknown|brand:lazar|var:b|form:topical,18990,store,true,https://nuevo.easyfarma.cl/103815-arzimol-b-crema-lab-lazar.html
betametasona,salcobrand,Oftagen Compuesto Gentamicina / Betametasona Solución Oftálmica 5ml,Oftagen Compuesto Gentamicina / Betametasona Solución Oftálmica 5ml,Oftagen,oftagen,5ml,null,null,null,ophthalmic,betametasona,oftagen|5ml,oftagen|5ml|bio:unknown|brand:oftagen|combo:betametasona|form:ophthalmic,19183,online,true,https://salcobrand.cl/products/oftagen-compuesto-gentamicina-betametasona-solucion-oftalmica-5ml?default_sku=2973223
betametasona,ahumada,Salicort x 30 g Ung&uuml;ento,Salicort x 30 g Ung&uuml;ento,null,salicort,30000mg,null,null,null,topical,null,salicort|30000mg|30,salicort|30000mg|30|bio:unknown|brand:unknown|form:topical,19222,cmr,true,https://www.farmaciasahumada.cl/salicort-x-30-g-unguento-89410.html
betametasona,cruz-verde,Clofexan Betametasona 2 mg 30 Comprimidos,Clofexan Betametasona 2 mg 30 Comprimidos,null,clofexan,2mg,30,30,betametasona,solid-oral,null,clofexan|2mg|30,clofexan|2mg|30|bio:unknown|brand:unknown|var:betametasona|form:solid-oral,19690,store,true,https://www.cruzverde.cl/clofexan-betametasona-2-mg-30-comprimidos/9099.html
betametasona,ahumada,"Betacort 0,5 mg/ml Gotas Oral Fco. 30 ml","Betacort 0,5 mg/ml Gotas Oral Fco. 30 ml",null,betacort,0.5mg,null,null,null,fluid-oral,null,betacort|30ml,betacort|30ml|bio:unknown|brand:unknown|form:fluid-oral,19762,cmr,true,https://www.farmaciasahumada.cl/betacort-0-5-mg-ml-gotas-oral-fco.-30-ml-87222.html
betametasona,salcobrand,Donomix Betametasona / Clotrimazol Crema Dérmica 15g,Donomix Betametasona / Clotrimazol Crema Dérmica 15g,Donomix,donomix,15000mg,null,null,null,topical,clotrimazol,donomix|15000mg,donomix|15000mg|bio:unknown|brand:donomix|combo:clotrimazol|form:topical,21119,online,true,https://salcobrand.cl/products/donomix-betametasona-clotrimazol-crema-dermica-15g?default_sku=431305
betametasona,cruz-verde,Cidoten Betametasona 4 mg 1 Ampolla,Cidoten Betametasona 4 mg 1 Ampolla,null,cidoten,4mg,1,1,betametasona,injectable,null,cidoten|4mg,cidoten|4mg|bio:unknown|brand:unknown|var:betametasona|form:injectable,21440,store,true,https://www.cruzverde.cl/cidoten-betametasona-4-mg-1-ampolla/23013.html
betametasona,cruz-verde,"Betacort Cassara Betametasona 0,5 mg / mL Solucion Oral para Gotas 30 mL","Betacort Cassara Betametasona 0,5 mg / mL Solucion Oral para Gotas 30 mL",null,betacort,0.5mg,null,null,cassara,fluid-oral,null,betacort|30ml,betacort|30ml|bio:unknown|brand:unknown|var:cassara|form:fluid-oral,21590,store,true,https://www.cruzverde.cl/betacort-cassara-betametasona-0-5-mg-ml-solucion-oral-para-gotas-30-ml/296197.html
betametasona,ecofarmacias,Coritex Forte Betametasona 1mg/ml x 30ml,Coritex Forte Betametasona 1mg/ml x 30ml,null,coritex,1mg,null,null,forte,null,null,coritex|30ml|30,coritex|30ml|30|bio:unknown|brand:unknown|var:forte,21980,store,true,https://www.ecofarmacias.cl/producto/coritex-forte-solucion-betametasona-0-5-mg-o-ml-gotas-por-30ml/
betametasona,salcobrand,Betacort Cassará (B) Betametasona 0.5mg/ml Oral Gotas 30ml,Betacort Cassará (B) Betametasona 0.5mg/ml Oral Gotas 30ml,Betacort Cassará,betacort,0.5mg,null,null,cassara,fluid-oral,null,betacort|30ml,betacort|30ml|bio:unknown|brand:betacortcassara|var:cassara|form:fluid-oral,22967,online,true,https://salcobrand.cl/products/principio-activo-betametasona?default_sku=851156
betametasona,easyfarma,Cidoten Gotas x 30 ml,Cidoten Gotas x 30 ml,null,cidoten,30ml,null,null,null,fluid-oral,null,cidoten|30ml|30,cidoten|30ml|30|bio:unknown|brand:unknown|form:fluid-oral,22990,store,true,https://nuevo.easyfarma.cl/25967-cidoten-gotas-x-30.html
betametasona,sermecoop,"Cidoten 0,5 Mg/ml (betametasona) Gotas X 30 Ml",Cidoten Gotas x 30 ml,null,cidoten,0.5mg,null,null,null,fluid-oral,null,cidoten|30ml|30,cidoten|30ml|30|bio:unknown|brand:unknown|form:fluid-oral,24090,store,false,https://www.farmaciasermecoop.cl/index.php/online/detalleproducto?p_=20801&d_=1
betametasona,ahumada,"Cidoten 0,5 mg/mL x 30 mL Solución Oral Para Gotas",Cidoten Gotas x 30 ml,null,cidoten,0.5mg,null,null,null,fluid-oral,null,cidoten|30ml|30,cidoten|30ml|30|bio:unknown|brand:unknown|form:fluid-oral,25717,store,true,https://www.farmaciasahumada.cl/cidoten-0-5-mg-ml-x-30-ml-solucion-oral-para-gotas-1601.html
betametasona,ahumada,Mixgen x 15 g Crema Tópica,Mixgen x 15 g Crema Tópica,null,mixgen,15000mg,null,null,null,topical,null,mixgen|15000mg|15,mixgen|15000mg|15|bio:unknown|brand:unknown|form:topical,23737,cmr,true,https://www.farmaciasahumada.cl/mixgen-x-15-g-crema-topica-633.html
betametasona,ahumada,Coritex Forte 1 mg/mL x 30 mL Solucion para Gotas Orales,Coritex Forte 1 mg/mL x 30 mL Solucion para Gotas Orales,null,coritex,1mg,null,null,forte,fluid-oral,null,coritex|30ml|30,coritex|30ml|30|bio:unknown|brand:unknown|var:forte|form:fluid-oral,23902,cmr,true,https://www.farmaciasahumada.cl/coritex-forte-1-mg-ml-x-30-ml-solucion-para-gotas-orales-92086.html
betametasona,ecofarmacias,"Fusimed-B Betametasona 0,1% Emulsión 50 gr","Fusimed-B Betametasona 0,1% Emulsión 50 gr",null,fusimedb,null,null,null,betametasona,fluid-oral,null,fusimedb,fusimedb|bio:unknown|brand:unknown|var:betametasona|form:fluid-oral,24980,store,true,https://www.ecofarmacias.cl/producto/fusimed-b-acido-fusidico-2-betametasona-01-emulsion-topica-50-gr-cassara/
betametasona,cruz-verde,"Fusimed-B Betametasona 0,1% Emulsión 50 gr","Fusimed-B Betametasona 0,1% Emulsión 50 gr",null,fusimedb,null,null,null,betametasona,fluid-oral,null,fusimedb,fusimedb|bio:unknown|brand:unknown|var:betametasona|form:fluid-oral,34390,store,true,https://www.cruzverde.cl/fusimed-b-betametasona-0-1-emulsion-50-gr/261455.html
betametasona,araucomed,Dacam Rapi lento 3mg/ml x 1 ampolla + Jeringa.,Dacam Rapi lento 3mg/ml x 1 ampolla + Jeringa.,Laboratorio Chile,dacam,3mg,1,1,rapi,injectable,null,dacam|3mg,dacam|3mg|bio:unknown|brand:chile|var:rapi|form:injectable,26990,store,true,https://farmacia.araucomed.com/corticoides/dacam-rapi-lento-3mg-ml-x1ampjeringa
betametasona,ahumada,Cidoten Rapi-Lento x 1 Vial Suspension Inyectable,Cidoten Rapi-Lento x 1 Vial Suspension Inyectable,null,cidoten,null,1,1,rapilento,injectable,null,cidoten,cidoten|bio:unknown|brand:unknown|var:rapilento|form:injectable,27236,store,true,https://www.farmaciasahumada.cl/cidoten-rapi-lento-x-1-vial-suspension-inyectable-86924.html
betametasona,salcobrand,Mixgen Betametasona / Gentamicina Crema Dérmica 15g,Mixgen Betametasona / Gentamicina Crema Dérmica 15g,Mixgen,mixgen,15000mg,null,null,null,topical,gentamicina,mixgen|15000mg,mixgen|15000mg|bio:unknown|brand:mixgen|combo:gentamicina|form:topical,28247,online,true,https://salcobrand.cl/products/mixgen-betametasona-gentamicina-crema-dermica-15g?default_sku=432112
betametasona,ahumada,Fucicort x 15 g Crema Dérmica,Fucicort x 15 g Crema Dérmica,null,fucicort,15000mg,null,null,null,topical,null,fucicort|15000mg|15,fucicort|15000mg|15|bio:unknown|brand:unknown|form:topical,29182,cmr,true,https://www.farmaciasahumada.cl/fucicort-x-15-g-crema-dermica-7192.html
betametasona,cruz-verde,"Labosalic Betametasona 0,05% Loción 20 mL","Labosalic Betametasona 0,05% Loción 20 mL",null,labosalic,20ml,null,null,betametasona,topical,null,labosalic|20ml,labosalic|20ml|bio:unknown|brand:unknown|var:betametasona|form:topical,29440,store,true,https://www.cruzverde.cl/labosalic-betametasona-0-05-locion-20-ml/66107.html
betametasona,salcobrand,Dacam Rapi-Lento Betametasona 3mg/ml Inyectable 1 Jeringa,Dacam Rapi-Lento Betametasona 3mg/ml Inyectable 1 Jeringa,Dacam,dacam,3mg,1,1,rapilento,injectable,null,dacam|3mg,dacam|3mg|bio:unknown|brand:dacam|var:rapilento|form:injectable,29919,online,true,https://salcobrand.cl/products/dacam-rapi-lento-betametasona-3mg-ml-inyectable-1-jeringa?default_sku=434102
betametasona,salcobrand,Coritex Forte Betametasona 1mg/ml Oral Gotas 30ml,Coritex Forte Betametasona 1mg/ml Oral Gotas 30ml,Coritex,coritex,1mg,null,null,forte,fluid-oral,null,coritex|30ml,coritex|30ml|bio:unknown|brand:coritex|var:forte|form:fluid-oral,30299,store,true,https://salcobrand.cl/products/coritex-forte-betametasona-1mg-ml-oral-gotas-30ml?default_sku=585212
betametasona,cruz-verde,Coritex Forte Betametasona 1 mg/ml,Coritex Forte Betametasona 1 mg/ml,null,coritex,1mg,null,null,forte,null,null,coritex|1mg,coritex|1mg|bio:unknown|brand:unknown|var:forte,33890,store,true,https://www.cruzverde.cl/coritex-forte-betametasona-1-mg-ml/550044.html
betametasona,cruz-verde,"Cidoten Betametasona 0,5 mg / mL Gotas 30 mL","Cidoten Betametasona 0,5 mg / mL Gotas 30 mL",null,cidoten,0.5mg,null,null,betametasona,fluid-oral,null,cidoten|30ml,cidoten|30ml|bio:unknown|brand:unknown|var:betametasona|form:fluid-oral,36190,store,true,https://www.cruzverde.cl/cidoten-betametasona-0-5-mg-ml-gotas-30-ml/23012.html
betametasona,ahumada,Daivobet x 30 g Gel Topico,Daivobet x 30 g Gel Topico,null,daivobet,30000mg,null,null,null,topical,null,daivobet|30000mg|30,daivobet|30000mg|30|bio:unknown|brand:unknown|form:topical,61484,cmr,true,https://www.farmaciasahumada.cl/daivobet-x-30-g-gel-topico-79579.html
betametasona,cruz-verde,"Daivobet Betametasona 0,05 mg Unguento 30 gr","Daivobet Betametasona 0,05 mg Unguento 30 gr",null,daivobet,0.05mg,null,null,betametasona,topical,null,daivobet|0.05mg,daivobet|0.05mg|bio:unknown|brand:unknown|var:betametasona|form:topical,78990,store,true,https://www.cruzverde.cl/daivobet-betametasona-0-05-mg-unguento-30-gr/272670.html
cetirizina,araucomed,Cetirizina 10 mg x 30 comprimidos. (CuraeSpring),Cetirizina 10 mg x 30 comprimidos. (CuraeSpring),CuraeSpring,cetirizina,10mg,30,30,null,solid-oral,null,cetirizina|10mg|30,cetirizina|10mg|30|bio:unknown|brand:curaespring|form:solid-oral,1790,store,false,https://farmacia.araucomed.com/antihistaminicos/cetirizina-10-mg-x-30-comprimidos-curaespring
cetirizina,araucomed,Cetirizina 10 mg x 30 comprimidos (Pasteur),Cetirizina 10 mg x 30 comprimidos (Pasteur),Pasteur,cetirizina,10mg,30,30,null,solid-oral,null,cetirizina|10mg|30,cetirizina|10mg|30|bio:unknown|brand:pasteur|form:solid-oral,1990,store,true,https://farmacia.araucomed.com/antihistaminicos/cetirizina-10-mg-x-30-comprimidos-pasteur
cetirizina,araucomed,Cetirizina 10mg x30com (Ascend),Cetirizina 10mg x30com (Ascend),Ascend,cetirizina,10mg,30,30,null,solid-oral,null,cetirizina|10mg|30,cetirizina|10mg|30|bio:unknown|brand:ascend|form:solid-oral,1990,store,false,https://farmacia.araucomed.com/antihistaminicos/cetirizina-10mg-x30com-ascend
cetirizina,araucomed,Cetirizina 10mg x30com (Hospifarma),Cetirizina 10mg x30com (Hospifarma),Hospifarma,cetirizina,10mg,30,30,null,solid-oral,null,cetirizina|10mg|30,cetirizina|10mg|30|bio:unknown|brand:hospifarma|form:solid-oral,1990,store,false,https://farmacia.araucomed.com/antihistaminicos/cetirizina-10mg-x30com-hospifarma
cetirizina,araucomed,Findaler 10 mg x 30 comprimidos.,Findaler 10 mg x 30 comprimidos.,Medipharm,findaler,10mg,30,30,null,solid-oral,null,findaler|10mg|30,findaler|10mg|30|bio:unknown|brand:medipharm|form:solid-oral,1990,store,false,https://farmacia.araucomed.com/antihistaminicos/findaler-10mg-x30com
cetirizina,farmex,Cetirizina Diclorhidrato 10 mg x 30 comprimidos,Cetirizina Diclorhidrato 10 mg x 30 comprimidos,ASCEND,cetirizina,10mg,30,30,diclorhidrato,solid-oral,null,cetirizina|10mg|30,cetirizina|10mg|30|bio:unknown|brand:ascend|var:diclorhidrato|form:solid-oral,1990,store,false,https://farmex.cl/products/cetirizina-diclorhidrato-10-mg-x-30-comprimidos?_pos=3&_psq=cetirizina&_psid=aa654aa0b&_ss=e
cetirizina,araucomed,Coolips 10mg x10com,Coolips 10mg x10com,Mintlab,coolips,10mg,10,10,null,solid-oral,null,coolips|10mg|10,coolips|10mg|10|bio:unknown|brand:mintlab|form:solid-oral,2490,store,false,https://farmacia.araucomed.com/antihistaminicos/coolips-10mg-x10com
cetirizina,ecofarmacias,Cetirizina Diclorhidrato 10 mg x 30 Comp. Recubiertos,Cetirizina Diclorhidrato 10 mg x 30 Comp. Recubiertos,null,cetirizina,10mg,30,30,diclorhidrato,solid-oral,null,cetirizina|10mg|30,cetirizina|10mg|30|bio:true|brand:unknown|var:diclorhidrato|form:solid-oral,2990,store,false,https://www.ecofarmacias.cl/producto/cetirizina-diclorhidrato-10-mg-x-30-comp-recubiertos/
cetirizina,ahumada,Cetirizina Diclorhidrato 10 mg x 30 Comprimidos Recubiertos,Cetirizina Diclorhidrato 10 mg x 30 Comp. Recubiertos,null,cetirizina,10mg,30,30,diclorhidrato,solid-oral,null,cetirizina|10mg|30,cetirizina|10mg|30|bio:true|brand:unknown|var:diclorhidrato|form:solid-oral,3598,store,true,https://www.farmaciasahumada.cl/cetirizina-diclorhidrato-10-mg-x-30-comprimidos-recubiertos-92748.html
cetirizina,araucomed,Cetirizina 5mg/5ml jarabe 60ml (Hospifarma) (Vence 30-07-2026),Cetirizina 5mg/5ml jarabe 60ml (Hospifarma) (Vence 30-07-2026),Hospifarma,cetirizina,5mg,null,null,null,fluid-oral,null,cetirizina|60ml,cetirizina|60ml|bio:unknown|brand:hospifarma|form:fluid-oral,2990,store,false,https://farmacia.araucomed.com/antihistaminicos/cetirizina-5mg-5ml-jarabe-60ml
cetirizina,araucomed,Findaler 10mg/ml gotas 15ml,Findaler 10mg/ml gotas 15ml,Eurofarma,findaler,10mg,null,null,null,fluid-oral,null,findaler|15ml,findaler|15ml|bio:unknown|brand:eurofarma|form:fluid-oral,2990,store,false,https://farmacia.araucomed.com/antihistaminicos/findaler-10mg-ml-gotas-15ml
cetirizina,ecofarmacias,Cetirizina 10 mg x 30 Comprimidos,Cetirizina 10 mg x 30 Comprimidos,null,cetirizina,10mg,30,30,null,solid-oral,null,cetirizina|10mg|30,cetirizina|10mg|30|bio:true|brand:unknown|form:solid-oral,2990,store,false,https://www.ecofarmacias.cl/producto/cetirizina-10-mg-x-30-comprimidos/
cetirizina,sermecoop,Cetirizina 10 Mg X 30 Comprimidos,Cetirizina 10 mg x 30 Comprimidos,null,cetirizina,10mg,30,30,null,solid-oral,null,cetirizina|10mg|30,cetirizina|10mg|30|bio:true|brand:unknown|form:solid-oral,3590,store,false,https://www.farmaciasermecoop.cl/index.php/online/detalleproducto?p_=21424&d_=1
cetirizina,ecofarmacias,Cetirizina Diclorhidrato 5 mg / 5 ml Solución Oral 60 ml,Cetirizina Diclorhidrato 5 mg / 5 ml Solución Oral 60 ml,null,cetirizina,5mg,null,null,diclorhidrato,fluid-oral,null,cetirizina|60ml,cetirizina|60ml|bio:true|brand:unknown|var:diclorhidrato|form:fluid-oral,2990,store,true,https://www.ecofarmacias.cl/producto/cetirizina-diclorhidrato-5-mg-5-ml-solucion-oral-60-ml/
cetirizina,ecofarmacias,Cetirizina Clorhidrato 10 mg x  30 Comprimidos recubiertos,Cetirizina Clorhidrato 10 mg x  30 Comprimidos recubiertos,null,cetirizina,10mg,30,30,null,solid-oral,null,cetirizina|10mg|30,cetirizina|10mg|30|bio:unknown|brand:unknown|form:solid-oral,2990,store,true,https://www.ecofarmacias.cl/producto/cetirizina-clorhidrato-10-mg-x-30-comprimidos-recubiertos/
cetirizina,easyfarma,Cetirizina Clorhidrato 10...,Cetirizina Clorhidrato 10...,null,cetirizina,null,null,null,null,null,null,cetirizina,cetirizina|bio:unknown|brand:unknown,2990,store,true,https://nuevo.easyfarma.cl/104893-cetirizina-clorhidrato-10-mg-30-comprimidos.html
cetirizina,easyfarma,Cetirizina Diclorhidrato 10...,Cetirizina Diclorhidrato 10...,null,cetirizina,null,null,null,diclorhidrato,null,null,cetirizina,cetirizina|bio:unknown|brand:ascend|var:diclorhidrato,2990,store,true,https://nuevo.easyfarma.cl/103659-cetirizina-diclorhidrato-10-mg-30-comp-lab-ascend.html
cetirizina,araucomed,Findaler-d x10cap.,Findaler-d x10cap.,Medipharm,findalerd,null,10,10,null,solid-oral,null,findalerd|10,findalerd|10|bio:unknown|brand:medipharm|form:solid-oral,3290,store,false,https://farmacia.araucomed.com/antihistaminicos/findaler-d-x10cap
cetirizina,farmex,Cetirex Cetirizina 10 Mg 30 Comprimidos Recubiertos,Cetirex Cetirizina 10 Mg 30 Comprimidos Recubiertos,Ascend,cetirex,10mg,30,30,null,solid-oral,null,cetirex|10mg|30,cetirex|10mg|30|bio:unknown|brand:ascend|form:solid-oral,3290,store,true,https://farmex.cl/products/cetirex-cetirizina-10-mg-30-comprimidos-recubiertos?_pos=1&_psq=cetirizina&_psid=aa654aa0b&_ss=e
cetirizina,araucomed,Cetirizina 5mg/5ml jarabe 60ml (Reutter),Cetirizina 5mg/5ml jarabe 60ml (Reutter),null,cetirizina,5mg,null,null,null,fluid-oral,null,cetirizina|60ml,cetirizina|60ml|bio:unknown|brand:unknown|form:fluid-oral,3490,store,false,https://farmacia.araucomed.com/antihistaminicos/cetirizina-5mg-5ml-jarabe-60ml-reutter
cetirizina,araucomed,Findaler 5mg/5ml jarabe x 100 ml.,Findaler 5mg/5ml jarabe x 100 ml.,Medipharm,findaler,5mg,null,null,null,fluid-oral,null,findaler|100ml|100,findaler|100ml|100|bio:unknown|brand:medipharm|form:fluid-oral,3490,store,false,https://farmacia.araucomed.com/antihistaminicos/findaler-5mg-5ml-jarabe-100ml
cetirizina,araucomed,Rigotax 10 mg x 30 comprimidos,Rigotax 10 mg x 30 comprimidos,null,rigotax,10mg,30,30,null,solid-oral,null,rigotax|10mg|30,rigotax|10mg|30|bio:unknown|brand:unknown|form:solid-oral,3490,store,false,https://farmacia.araucomed.com/antihistaminicos/rigotax-10mg-x-30-comprimidos
cetirizina,araucomed,Coolips 10 mg x 30 comprimidos.,Coolips 10 mg x 30 comprimidos.,Mintlab,coolips,10mg,30,30,null,solid-oral,null,coolips|10mg|30,coolips|10mg|30|bio:unknown|brand:mintlab|form:solid-oral,3490,store,false,https://farmacia.araucomed.com/antihistaminicos/coolips-10mg-x30com
cetirizina,salcobrand,Cetirizina (B) 10mg 30 Comprimidos Recubiertos,Cetirizina (B) 10mg 30 Comprimidos Recubiertos,Cetirizina,cetirizina,10mg,30,30,null,solid-oral,null,cetirizina|10mg|30,cetirizina|10mg|30|bio:unknown|brand:cetirizina|form:solid-oral,3599,store,true,https://salcobrand.cl/products/seven-cetirizina-b-10mg-30-comprimidos-recubiertos?default_sku=589925
cetirizina,ahumada,Cetirizina 5 mg/5 ml x 60 ml Jarabe HOSPIFARMA CHILE LTD,Cetirizina 5 mg/5 ml x 60 ml Jarabe HOSPIFARMA CHILE LTD,null,cetirizina,5mg,null,null,null,fluid-oral,null,cetirizina|60ml|60,cetirizina|60ml|60|bio:unknown|brand:unknown|form:fluid-oral,3798,store,true,https://www.farmaciasahumada.cl/cetirizina-5-mg-5-ml-x-60-ml-jarabe-hospifarma-chile-ltd-89488.html
cetirizina,salcobrand,Cetirizina 5mg/5ml Jarabe 60ml,Cetirizina 5mg/5ml Jarabe 60ml,Cetirizina,cetirizina,5mg,null,null,null,fluid-oral,null,cetirizina|60ml,cetirizina|60ml|bio:unknown|brand:cetirizina|form:fluid-oral,3799,store,true,https://salcobrand.cl/products/cetirizina-5mg-5ml-jarabe-60ml?default_sku=577135
cetirizina,easyfarma,Cetirizina 5 mg/5ml 60 ml...,Cetirizina 5 mg/5ml 60 ml...,null,cetirizina,5mg,null,null,null,null,null,cetirizina|60ml,cetirizina|60ml|bio:unknown|brand:hospifarma,3990,store,true,https://nuevo.easyfarma.cl/104718-cetirizina-5-mg-5ml-60-ml-hospifarma.html
cetirizina,easyfarma,Cetirizina Jarabe 5mg/5ml...,Cetirizina Jarabe 5mg/5ml...,null,cetirizina,5mg,null,null,null,fluid-oral,null,cetirizina|5ml,cetirizina|5ml|bio:unknown|brand:unknown|form:fluid-oral,3990,store,true,https://nuevo.easyfarma.cl/102949-cetirizina-jarabe-5mg-5ml-60-ml.html
cetirizina,dr-simi,Rigotax cetirizina 10 mg 30 comprimidos recubiertos,Rigotax cetirizina 10 mg 30 comprimidos recubiertos,ASCEND,rigotax,10mg,30,30,null,solid-oral,null,rigotax|10mg|30,rigotax|10mg|30|bio:true|brand:ascend|form:solid-oral,4000,store,true,https://www.drsimi.cl/cetirizina-10-mg-30-comprimidos-recubiertos-be0059/p
cetirizina,salcobrand,Cetirex (B) Cetirizina 10mg 30 Comprimidos Recubiertos,Cetirex (B) Cetirizina 10mg 30 Comprimidos Recubiertos,Cetirex,cetirex,10mg,30,30,null,solid-oral,null,cetirex|10mg|30,cetirex|10mg|30|bio:unknown|brand:cetirex|form:solid-oral,4011,sbpay,true,https://salcobrand.cl/products/cetirex-b-cetirizina-10mg-30-comprimidos-recubiertos?default_sku=591658
cetirizina,cruz-verde,Cetirex Cetirizina 10 mg 30 Comprimidos Recubiertos,Cetirex Cetirizina 10 mg 30 Comprimidos Recubiertos,null,cetirex,10mg,30,30,null,solid-oral,null,cetirex|10mg|30,cetirex|10mg|30|bio:unknown|brand:unknown|form:solid-oral,4690,store,true,https://www.cruzverde.cl/cetirex-cetirizina-10-mg-30-comprimidos-recubiertos/401222.html
cetirizina,cruz-verde,Coolips Cetirizina 10 mg 10 Comprimidos Recubiertos,Coolips Cetirizina 10 mg 10 Comprimidos Recubiertos,null,coolips,10mg,10,10,null,solid-oral,null,coolips|10mg|10,coolips|10mg|10|bio:unknown|brand:unknown|form:solid-oral,4990,store,true,https://www.cruzverde.cl/coolips-cetirizina-10-mg-10-comprimidos-recubiertos/193088.html
cetirizina,easyfarma,Coolips 10 mg x 30 Comprimidos,Coolips 10 mg x 30 Comprimidos,null,coolips,10mg,30,30,null,solid-oral,null,coolips|10mg|30,coolips|10mg|30|bio:unknown|brand:unknown|form:solid-oral,4990,store,true,https://nuevo.easyfarma.cl/48213-coolips-10-mg-30-comp.html
cetirizina,cruz-verde,Coolips Cetirizina 10 mg 30 Comprimidos,Coolips 10 mg x 30 Comprimidos,null,coolips,10mg,30,30,null,solid-oral,null,coolips|10mg|30,coolips|10mg|30|bio:unknown|brand:unknown|form:solid-oral,11640,store,true,https://www.cruzverde.cl/coolips-cetirizina-10-mg-30-comprimidos/193089.html
cetirizina,easyfarma,Alerpriv 5mg/ml 20  ml,Alerpriv 5mg/ml 20  ml,null,alerpriv,5mg,null,null,null,null,null,alerpriv|20ml,alerpriv|20ml|bio:unknown|brand:unknown,4990,store,true,https://nuevo.easyfarma.cl/103552-alerpriv-5mg-ml-20-ml.html
cetirizina,ahumada,Rigotax 10 mg x 10 Comprimidos,Rigotax 10 mg x 10 Comprimidos,null,rigotax,10mg,10,10,null,solid-oral,null,rigotax|10mg|10,rigotax|10mg|10|bio:true|brand:unknown|form:solid-oral,5699,cmr,true,https://www.farmaciasahumada.cl/rigotax-10-mg-x-10-comprimidos-89012.html
cetirizina,dr-simi,Rigotax cetirizina 5 mg/5 mL solución oral 60 mL,Rigotax cetirizina 5 mg/5 mL solución oral 60 mL,PRATER,rigotax,5mg,null,null,null,fluid-oral,null,rigotax|60ml,rigotax|60ml|bio:false|brand:prater|form:fluid-oral,5800,store,true,https://www.drsimi.cl/rigotax-cetirizina-diclorhidrato-5-mg-5ml-solucion-oral-60-ml/p
cetirizina,araucomed,Rigotax 10mg/ml solución oral para gotas x 15 ml.,Rigotax 10mg/ml solución oral para gotas x 15 ml.,null,rigotax,10mg,null,null,null,fluid-oral,null,rigotax|15ml|15,rigotax|15ml|15|bio:unknown|brand:unknown|form:fluid-oral,5990,store,false,https://farmacia.araucomed.com/antihistaminicos/rigotax-10mg-ml-solucion-oral-para-gotas-x-15-ml
cetirizina,ahumada,Rigotax 10 mg/mL x 15 mL Solución Oral Para Gotas,Rigotax 10mg/ml solución oral para gotas x 15 ml.,null,rigotax,10mg,null,null,null,fluid-oral,null,rigotax|15ml|15,rigotax|15ml|15|bio:unknown|brand:unknown|form:fluid-oral,12824,store,true,https://www.farmaciasahumada.cl/rigotax-10-mg-ml-x-15-ml-solucion-oral-para-gotas-24426.html
cetirizina,araucomed,Rigotax-D x 10 comprimidos de liberación prolongada,Rigotax-D x 10 comprimidos de liberación prolongada,null,rigotaxd,null,10,10,null,solid-oral,null,rigotaxd|10,rigotaxd|10|bio:unknown|brand:unknown|form:solid-oral,5990,store,false,https://farmacia.araucomed.com/antihistaminicos/rigotax-d-x-10-comprimidos-de-liberacion-prolongada
cetirizina,ahumada,Rigotax-D x 10 Cápsulas con Gránulos de Liberación Prolongada,Rigotax-D x 10 comprimidos de liberación prolongada,null,rigotaxd,null,10,10,null,solid-oral,null,rigotaxd|10,rigotaxd|10|bio:unknown|brand:unknown|form:solid-oral,8107,cmr,true,https://www.farmaciasahumada.cl/rigotax-d-x-10-capsulas-con-granulos-de-liberacion-prolongada-43131.html
cetirizina,ahumada,Findaler 10 mg x 30 Comprimidos,Findaler 10 mg x 30 Comprimidos,null,findaler,10mg,30,30,null,solid-oral,null,findaler|10mg|30,findaler|10mg|30|bio:true|brand:unknown|form:solid-oral,6097,cmr,true,https://www.farmaciasahumada.cl/findaler-10-mg-x-30-comprimidos-20917.html
cetirizina,dr-simi,Rigotax-D cetirizina 5 mg pseudoefedrina 120 mg 10 cápsulas con gránulos de liberación prolongada,Rigotax-D cetirizina 5 mg pseudoefedrina 120 mg 10 cápsulas con gránulos de liberación prolongada,PRATER,rigotaxd,5mg,10,10,null,solid-oral,null,rigotaxd|5mg|10,rigotaxd|5mg|10|bio:false|brand:prater|form:solid-oral,6400,store,true,https://www.drsimi.cl/rigotax-d-10-capsulas-con-granulos-de-liberacion-prolongada/p
cetirizina,cruz-verde,Rigotax Cetirizina Diclorhidrato 10 mg 10 Comprimidos,Rigotax Cetirizina Diclorhidrato 10 mg 10 Comprimidos,null,rigotax,10mg,10,10,diclorhidrato,solid-oral,null,rigotax|10mg|10,rigotax|10mg|10|bio:unknown|brand:unknown|var:diclorhidrato|form:solid-oral,6490,store,true,https://www.cruzverde.cl/rigotax-cetirizina-diclorhidrato-10-mg-10-comprimidos/386486.html
cetirizina,araucomed,Rigotax 5mg/5ml jarabe 60ml,Rigotax 5mg/5ml jarabe 60ml,null,rigotax,5mg,null,null,null,fluid-oral,null,rigotax|60ml,rigotax|60ml|bio:unknown|brand:unknown|form:fluid-oral,6490,store,true,https://farmacia.araucomed.com/antihistaminicos/rigotax-5mg-5ml-jarabe-60ml
cetirizina,cruz-verde,Rigotax Cetirizina 5 mg/5ml Solución Oral 60 mL,Rigotax 5mg/5ml jarabe 60ml,null,rigotax,5mg,null,null,null,fluid-oral,null,rigotax|60ml,rigotax|60ml|bio:unknown|brand:unknown|form:fluid-oral,10990,store,true,https://www.cruzverde.cl/rigotax-cetirizina-5-mg-5ml-solucion-oral-60-ml/111126.html
cetirizina,ecofarmacias,Findaler Cetirizina Diclorhidrato 10mg /ml 15 mL (Eurofarma),Findaler Cetirizina Diclorhidrato 10mg /ml 15 mL (Eurofarma),null,findaler,10mg,null,null,diclorhidrato,null,null,findaler|15ml,findaler|15ml|bio:unknown|brand:unknown|var:diclorhidrato,6690,store,false,https://www.ecofarmacias.cl/producto/findaler-cetirizina-diclorhidrato-10mg-ml-15-ml/
cetirizina,salcobrand,Rigotax (B) Cetirizina 10mg 10 Comprimidos,Rigotax (B) Cetirizina 10mg 10 Comprimidos,Rigotax,rigotax,10mg,10,10,null,solid-oral,null,rigotax|10mg|10,rigotax|10mg|10|bio:unknown|brand:rigotax|form:solid-oral,6775,online,true,https://salcobrand.cl/products/principio-activo-cetirizina?default_sku=576852
cetirizina,dr-simi,Rigotax cetirizina 10 mg/mL solución oral para gotas 15 mL,Rigotax cetirizina 10 mg/mL solución oral para gotas 15 mL,PRATER,rigotax,10mg,null,null,null,fluid-oral,null,rigotax|15ml,rigotax|15ml|bio:false|brand:prater|form:fluid-oral,6800,store,true,https://www.drsimi.cl/rigotax-cetirizina-diclorhidrato-10-mg-ml-solucion-oral-gotas-15-ml/p
cetirizina,salcobrand,Findaler (B) Cetirizina 10mg 30 Comprimidos Recubiertos,Findaler (B) Cetirizina 10mg 30 Comprimidos Recubiertos,Findaler,findaler,10mg,30,30,null,solid-oral,null,findaler|10mg|30,findaler|10mg|30|bio:unknown|brand:findaler|form:solid-oral,6863,online,true,https://salcobrand.cl/products/cetirizina-10mg-oral-solido-374ace23-0bfc-467f-be4c-eb123eb516ab?default_sku=2100656
cetirizina,ecofarmacias,Findaler Cetirizina Diclorhidrato 5mg/5ml x 100 mL (Eurofarma),Findaler Cetirizina Diclorhidrato 5mg/5ml x 100 mL (Eurofarma),null,findaler,5mg,null,null,diclorhidrato,null,null,findaler|100ml|100,findaler|100ml|100|bio:unknown|brand:unknown|var:diclorhidrato,6980,store,false,https://www.ecofarmacias.cl/producto/findaler-cetirizina-diclorhidrato-5mg-ml-5-ml-eurofarma/
cetirizina,easyfarma,Alerpriv 2.5/5ml 100 ml,Alerpriv 2.5/5ml 100 ml,null,alerpriv,100ml,null,null,null,null,null,alerpriv|100ml,alerpriv|100ml|bio:unknown|brand:unknown,6990,store,true,https://nuevo.easyfarma.cl/102844-alerpriv-25-5ml-100-ml.html
cetirizina,ahumada,Cetirex 10 mg x 30 Comprimidos Recubiertos,Cetirex 10 mg x 30 Comprimidos Recubiertos,null,cetirex,10mg,30,30,null,solid-oral,null,cetirex|10mg|30,cetirex|10mg|30|bio:true|brand:unknown|form:solid-oral,7488,store,true,https://www.farmaciasahumada.cl/cetirex-10-mg-x-30-comprimidos-recubiertos-97879.html
cetirizina,cruz-verde,Rigotax-D Cetirizina 120 mg 10 Cápsulas,Rigotax-D Cetirizina 120 mg 10 Cápsulas,null,rigotaxd,120mg,10,10,null,solid-oral,null,rigotaxd|120mg|10,rigotaxd|120mg|10|bio:unknown|brand:unknown|form:solid-oral,7990,store,true,https://www.cruzverde.cl/rigotax-d-cetirizina-120-mg-10-capsulas/111152.html
cetirizina,araucomed,Rigotax-D x 30 comprimidos de liberación prolongada,Rigotax-D x 30 comprimidos de liberación prolongada,null,rigotaxd,null,30,30,null,solid-oral,null,rigotaxd|30,rigotaxd|30|bio:unknown|brand:unknown|form:solid-oral,7990,store,false,https://farmacia.araucomed.com/descongestionantes/rigotax-d-x-30-comprimidos-de-liberacion-prolongada
cetirizina,ahumada,Rigotax-D x 30 Cápsulas con Gránulos de Liberación Prolongada,Rigotax-D x 30 comprimidos de liberación prolongada,null,rigotaxd,null,30,30,null,solid-oral,null,rigotaxd|30,rigotaxd|30|bio:unknown|brand:unknown|form:solid-oral,14519,cmr,true,https://www.farmaciasahumada.cl/rigotax-d-x-30-capsulas-con-granulos-de-liberacion-prolongada-43130.html
cetirizina,cruz-verde,Rigotax Cetirizina Diclorhidrato 10 mg 30 Comprimidos,Rigotax Cetirizina Diclorhidrato 10 mg 30 Comprimidos,null,rigotax,10mg,30,30,diclorhidrato,solid-oral,null,rigotax|10mg|30,rigotax|10mg|30|bio:unknown|brand:unknown|var:diclorhidrato|form:solid-oral,9190,store,true,https://www.cruzverde.cl/rigotax-cetirizina-diclorhidrato-10-mg-30-comprimidos/386487.html
cetirizina,ahumada,Rigotax 10 mg x 30 Comprimidos,Rigotax 10 mg x 30 Comprimidos,null,rigotax,10mg,30,30,null,solid-oral,null,rigotax|10mg|30,rigotax|10mg|30|bio:true|brand:unknown|form:solid-oral,9202,cmr,true,https://www.farmaciasahumada.cl/rigotax-10-mg-x-30-comprimidos-89013.html
cetirizina,salcobrand,Rigotax-D Cetirizina / Pseudoefedrina 5mg/120mg 10 Cápsulas Prolongadas,Rigotax-D Cetirizina / Pseudoefedrina 5mg/120mg 10 Cápsulas Prolongadas,Rigotax,rigotaxd,5mg,10,10,null,solid-oral,pseudoefedrina,rigotaxd|5mg|10,rigotaxd|5mg|10|bio:unknown|brand:rigotax|combo:pseudoefedrina|form:solid-oral,9415,online,true,https://salcobrand.cl/products/rigotax-d-cetirizina-pseudoefedrina-5mg-120mg-10-capsulas-prolongadas?default_sku=900368
cetirizina,ahumada,Findaler 5 mg/5 ml x 100 ml Jarabe,Findaler 5 mg/5 ml x 100 ml Jarabe,null,findaler,5mg,null,null,null,fluid-oral,null,findaler|100ml|100,findaler|100ml|100|bio:unknown|brand:unknown|form:fluid-oral,10514,cmr,true,https://www.farmaciasahumada.cl/findaler-5-mg-5-ml-x-100-ml-jarabe-20930.html
cetirizina,salcobrand,Rigotax (B) Cetirizina 10mg 30 Comprimidos,Rigotax (B) Cetirizina 10mg 30 Comprimidos,Rigotax,rigotax,10mg,30,30,null,solid-oral,null,rigotax|10mg|30,rigotax|10mg|30|bio:unknown|brand:rigotax|form:solid-oral,10823,online,true,https://salcobrand.cl/products/principio-activo-cetirizina-a96d4866-e4f2-48db-ada0-57e2150404db?default_sku=576712
cetirizina,ahumada,Rigotax 5 mg/5 mL x 60 mL Solución Oral,Rigotax 5 mg/5 mL x 60 mL Solución Oral,null,rigotax,5mg,null,null,null,fluid-oral,null,rigotax|60ml|60,rigotax|60ml|60|bio:unknown|brand:unknown|form:fluid-oral,12473,store,true,https://www.farmaciasahumada.cl/rigotax-5-mg-5-ml-x-60-ml-solucion-oral-24439.html
cetirizina,cruz-verde,Rigotax Cetirizina 10 mg/ml Gotas 15 mL,Rigotax Cetirizina 10 mg/ml Gotas 15 mL,null,rigotax,10mg,null,null,null,fluid-oral,null,rigotax|15ml,rigotax|15ml|bio:unknown|brand:unknown|form:fluid-oral,12590,store,true,https://www.cruzverde.cl/rigotax-cetirizina-10-mg-ml-gotas-15-ml/111125.html
cetirizina,araucomed,Remitex 10mg/ml gotas x 15 ml.,Remitex 10mg/ml gotas x 15 ml.,Bagó,remitex,10mg,null,null,null,fluid-oral,null,remitex|15ml|15,remitex|15ml|15|bio:unknown|brand:bago|form:fluid-oral,13990,store,false,https://farmacia.araucomed.com/antihistaminicos/remitex-10mg-ml-gotas-15ml
cetirizina,araucomed,Remitex D x 20 comprimidos,Remitex D x 20 comprimidos,Bagó,remitex,null,20,20,d,solid-oral,null,remitex|20,remitex|20|bio:unknown|brand:bago|var:d|form:solid-oral,14290,store,true,https://farmacia.araucomed.com/antihistaminicos/remitex-d-x-20-comprimidos
cetirizina,ahumada,Remitex 10 mg x 30 Comprimidos Recubiertos,Remitex 10 mg x 30 Comprimidos Recubiertos,null,remitex,10mg,30,30,null,solid-oral,null,remitex|10mg|30,remitex|10mg|30|bio:true|brand:unknown|form:solid-oral,14894,cmr,true,https://www.farmaciasahumada.cl/remitex-10-mg-x-30-comprimidos-recubiertos-3762.html
cetirizina,salcobrand,Rigotax Cetirizina 5mg/5ml Jarabe 60ml,Rigotax Cetirizina 5mg/5ml Jarabe 60ml,Rigotax,rigotax,5mg,null,null,null,fluid-oral,null,rigotax|60ml,rigotax|60ml|bio:unknown|brand:rigotax|form:fluid-oral,15047,online,true,https://salcobrand.cl/products/rigotax-cetirizina-5mg-5ml-jarabe-60ml?default_sku=900931
cetirizina,salcobrand,Rigotax 10mg/ml Cetirizina Oral Gotas 15ml,Rigotax 10mg/ml Cetirizina Oral Gotas 15ml,Rigotax,rigotax,10mg,null,null,null,fluid-oral,null,rigotax|15ml,rigotax|15ml|bio:unknown|brand:rigotax|form:fluid-oral,15311,online,true,https://salcobrand.cl/products/rigotax-10mg-ml-cetirizina-oral-gotas-15ml?default_sku=900948
cetirizina,cruz-verde,Rigotax-D  Pseudoefedrina 120 mg 30 Cápsulas Liberación Prolongada,Rigotax-D 5/120 mg Caja 30 Comprimidos Liberación Prolongada,null,rigotaxd,120mg,30,30,null,solid-oral,null,rigotaxd|120mg|30,rigotaxd|120mg|30|bio:unknown|brand:unknown|form:solid-oral,15990,store,true,https://www.cruzverde.cl/rigotax-d-pseudoefedrina-120-mg-30-capsulas-liberacion-prolongada/111153.html
cetirizina,ahumada,Rigotax-D 5/120 mg Caja 30 Comprimidos Liberación Prolongada,Rigotax-D 5/120 mg Caja 30 Comprimidos Liberación Prolongada,null,rigotaxd,120mg,30,30,null,solid-oral,null,rigotaxd|120mg|30,rigotaxd|120mg|30|bio:unknown|brand:unknown|form:solid-oral,18787,cmr,true,https://www.farmaciasahumada.cl/rigotax-d-5-120-mg-caja-30-comprimidos-liberacion-prolongada-91079.html
cetirizina,salcobrand,Remitex (B) Cetirizina 10mg 30 Comprimidos Recubiertos,Remitex (B) Cetirizina 10mg 30 Comprimidos Recubiertos,Remitex,remitex,10mg,30,30,null,solid-oral,null,remitex|10mg|30,remitex|10mg|30|bio:unknown|brand:remitex|form:solid-oral,16983,online,true,https://salcobrand.cl/products/remitex-b-cetirizina-10mg-30-comprimidos-recubiertos?default_sku=2591805
cetirizina,cruz-verde,Remitex Cetirizina 10 mg 30 Comprimidos Recubierto,Remitex Cetirizina 10 mg 30 Comprimidos Recubierto,null,remitex,10mg,30,30,null,solid-oral,null,remitex|10mg|30,remitex|10mg|30|bio:unknown|brand:unknown|form:solid-oral,16990,store,true,https://www.cruzverde.cl/remitex-cetirizina-10-mg-30-comprimidos-recubierto/9118.html
cetirizina,ahumada,Remitex 5 mg/5 mL x 100 mL Jarabe,Remitex 5 mg/5 mL x 100 mL Jarabe,null,remitex,5mg,null,null,null,fluid-oral,null,remitex|100ml|100,remitex|100ml|100|bio:unknown|brand:unknown|form:fluid-oral,17114,cmr,true,https://www.farmaciasahumada.cl/remitex-5-mg-5-ml-x-100-ml-jarabe-15097.html
cetirizina,salcobrand,Rigotax-D Cetirizina / Pseudoefedrina 5mg/120mg 30 Cápsulas Prolongadas,Rigotax-D Cetirizina / Pseudoefedrina 5mg/120mg 30 Cápsulas Prolongadas,Rigotax,rigotaxd,5mg,30,30,null,solid-oral,pseudoefedrina,rigotaxd|5mg|30,rigotaxd|5mg|30|bio:unknown|brand:rigotax|combo:pseudoefedrina|form:solid-oral,17159,online,true,https://salcobrand.cl/products/rigotax-d-cetirizina-pseudoefedrina-5mg-120mg-30-capsulas-prolongadas?default_sku=900367
cetirizina,cruz-verde,Findaler Cetirizina 5 mg / 5 mL Jarabe 100 mL,Findaler Cetirizina 5 mg / 5 mL Jarabe 100 mL,null,findaler,5mg,null,null,null,fluid-oral,null,findaler|100ml,findaler|100ml|bio:unknown|brand:unknown|form:fluid-oral,17240,store,true,https://www.cruzverde.cl/findaler-cetirizina-5-mg-5-ml-jarabe-100-ml/27185.html
cetirizina,easyfarma,Degraler comprimidos 5 mg x 40,Degraler comprimidos 5 mg x 40,null,degraler,5mg,40,40,null,solid-oral,null,degraler|5mg|40,degraler|5mg|40|bio:unknown|brand:unknown|form:solid-oral,17990,store,true,https://nuevo.easyfarma.cl/24996-degraler-5mg-x-40.html
cetirizina,salcobrand,Remitex (B) Cetirizina 5mg/5ml Jarabe 100ml,Remitex (B) Cetirizina 5mg/5ml Jarabe 100ml,Remitex,remitex,5mg,null,null,null,fluid-oral,null,remitex|100ml,remitex|100ml|bio:unknown|brand:remitex|form:fluid-oral,19535,online,true,https://salcobrand.cl/products/remitex-b-cetirizina-5mg-5ml-jarabe-100ml?default_sku=2592308
cetirizina,ahumada,Remitex-D x 20 Comprimidos de Liberación Prolongada,Remitex-D x 20 Comprimidos de Liberación Prolongada,null,remitexd,null,20,20,null,solid-oral,null,remitexd|20,remitexd|20|bio:unknown|brand:unknown|form:solid-oral,20879,cmr,true,https://www.farmaciasahumada.cl/remitex-d-x-20-comprimidos-de-liberacion-prolongada-75264.html
cetirizina,ahumada,Remitex 10 mg/mL x 15 mL Solución Oral Para Gotas,Remitex 10 mg/mL x 15 mL Solución Oral Para Gotas,null,remitex,10mg,null,null,null,fluid-oral,null,remitex|15ml|15,remitex|15ml|15|bio:unknown|brand:unknown|form:fluid-oral,22124,cmr,true,https://www.farmaciasahumada.cl/remitex-10-mg-ml-x-15-ml-solucion-oral-para-gotas-15071.html
cetirizina,cruz-verde,Remitex Cetirizina 5 mg/5mL Jarabe 100 mL,Remitex Cetirizina 5 mg/5mL Jarabe 100 mL,null,remitex,5mg,null,null,null,fluid-oral,null,remitex|100ml,remitex|100ml|bio:unknown|brand:unknown|form:fluid-oral,22140,store,true,https://www.cruzverde.cl/remitex-cetirizina-5-mg-5ml-jarabe-100-ml/252055.html
cetirizina,salcobrand,Remitex-D Cetirizina / Pseudoefedrina 20 Comprimidos Prolongados,Remitex-D Cetirizina / Pseudoefedrina 20 Comprimidos Prolongados,Remitex,remitexd,null,20,20,null,solid-oral,pseudoefedrina,remitexd|20,remitexd|20|bio:unknown|brand:remitex|combo:pseudoefedrina|form:solid-oral,23495,online,true,https://salcobrand.cl/products/remitex-d-cetirizina-pseudoefedrina-20-comprimidos-prolongados?default_sku=2590271
cetirizina,ahumada,Zyrtec 1 mg/ml x 60 ml Solución Oral,Zyrtec 1 mg/ml x 60 ml Solución Oral,null,zyrtec,1mg,null,null,null,fluid-oral,null,zyrtec|60ml|60,zyrtec|60ml|60|bio:unknown|brand:unknown|form:fluid-oral,24217,cmr,true,https://www.farmaciasahumada.cl/zyrtec-1-mg-ml-x-60-ml-solucion-oral-12.html
cetirizina,salcobrand,Remitex (B) Cetirizina 10mg/ml Oral Gotas 15ml,Remitex (B) Cetirizina 10mg/ml Oral Gotas 15ml,Remitex,remitex,10mg,null,null,null,fluid-oral,null,remitex|15ml,remitex|15ml|bio:unknown|brand:remitex|form:fluid-oral,25079,online,true,https://salcobrand.cl/products/remitex-b-cetirizina-10mg-ml-oral-gotas-15ml?default_sku=2592346
cetirizina,ahumada,Zotaban 10 mg 28 comprimidos,Zotaban 10 mg 28 comprimidos,null,zotaban,10mg,28,28,null,solid-oral,null,zotaban|10mg|28,zotaban|10mg|28|bio:true|brand:unknown|form:solid-oral,25999,store,true,https://www.farmaciasahumada.cl/zotaban-10-mg-28-comprimidos-96845.html
cetirizina,salcobrand,Zyrtec Cetirizina 1mg/ml Jarabe 60ml,Zyrtec Cetirizina 1mg/ml Jarabe 60ml,Zyrtec,zyrtec,1mg,null,null,null,fluid-oral,null,zyrtec|60ml,zyrtec|60ml|bio:unknown|brand:zyrtec|form:fluid-oral,27543,online,true,https://salcobrand.cl/products/zyrtec-cetirizina-1mg-ml-jarabe-60ml?default_sku=1001091
cetirizina,cruz-verde,Remitex Cetirizina 10 mg/ml Gotas 15 mL,Remitex Cetirizina 10 mg/ml Gotas 15 mL,null,remitex,10mg,null,null,null,fluid-oral,null,remitex|15ml,remitex|15ml|bio:unknown|brand:unknown|form:fluid-oral,28140,store,true,https://www.cruzverde.cl/remitex-cetirizina-10-mg-ml-gotas-15-ml/9141.html
cetirizina,ahumada,Zyrtec 10 mg x 30 Comprimidos Recubiertos,Zyrtec 10 mg x 30 Comprimidos Recubiertos,null,zyrtec,10mg,30,30,null,solid-oral,null,zyrtec|10mg|30,zyrtec|10mg|30|bio:unknown|brand:unknown|form:solid-oral,28642,cmr,true,https://www.farmaciasahumada.cl/zyrtec-10-mg-x-30-comprimidos-recubiertos-38.html
cetirizina,cruz-verde,Zyrtec Cetirizina 10 mg 30 Comprimidos Recubiertos,Zyrtec 10 mg x 30 Comprimidos Recubiertos,null,zyrtec,10mg,30,30,null,solid-oral,null,zyrtec|10mg|30,zyrtec|10mg|30|bio:unknown|brand:unknown|form:solid-oral,36990,store,true,https://www.cruzverde.cl/zyrtec-cetirizina-10-mg-30-comprimidos-recubiertos/60112.html
cetirizina,cruz-verde,Zyrtec Cetirizina  1mg/mL Jarabe 60 mL,Zyrtec Cetirizina  1mg/mL Jarabe 60 mL,null,zyrtec,1mg,null,null,null,fluid-oral,null,zyrtec|60ml,zyrtec|60ml|bio:unknown|brand:unknown|form:fluid-oral,31090,store,true,https://www.cruzverde.cl/zyrtec-cetirizina-1mg-ml-jarabe-60-ml/60086.html
cetirizina,salcobrand,Zyrtec (R) Cetirizina 10mg 30 Comprimidos Recubiertos,Zyrtec (R) Cetirizina 10mg 30 Comprimidos Recubiertos,Zyrtec,zyrtec,10mg,30,30,null,solid-oral,null,zyrtec|10mg|30,zyrtec|10mg|30|bio:unknown|brand:zyrtec|form:solid-oral,32559,online,true,https://salcobrand.cl/products/zyrtec-r-cetirizina-10mg-30-comprimidos-recubiertos?default_sku=1001100
cetirizina,ecofarmacias,Levocetirizina 5 mg x 30 comprimidos. (Cenabast) DESCUENTO,Levocetirizina 5 mg x 30 comprimidos. (Cenabast) DESCUENTO,null,levocetirizina,5mg,30,30,null,solid-oral,null,levocetirizina|5mg|30,levocetirizina|5mg|30|bio:true|brand:unknown|form:solid-oral,1000,store,false,https://www.ecofarmacias.cl/producto/levocetirizina-5-mg-x-30-comprimidos-cenabast-descuento/
cetirizina,ecofarmacias,Levocetirizina Diclorhidrato 5 mg x 30 comp. (cenabast),Levocetirizina Diclorhidrato 5 mg x 30 comp. (cenabast),null,levocetirizina,5mg,30,30,diclorhidrato,solid-oral,null,levocetirizina|5mg|30,levocetirizina|5mg|30|bio:true|brand:unknown|var:diclorhidrato|form:solid-oral,1560,store,true,https://www.ecofarmacias.cl/producto/levocetirizina-diclorhidrato-5-mg-x-30-comp-cenabast/
cetirizina,easyfarma,Levocetirizina 5 Mg 30...,Levocetirizina 5 Mg 30...,null,levocetirizina,5mg,null,null,null,null,null,levocetirizina|5mg,levocetirizina|5mg|bio:unknown|brand:curaespring,3490,store,true,https://nuevo.easyfarma.cl/105667-levocetirizina-5-mg-30-comp-recubiertos-curaespring.html
cetirizina,dr-simi,Levocetirizina 5 mg 30 comprimidos recubiertos,Levocetirizina 5 mg 30 comprimidos recubiertos,SEVEN PHARMA,levocetirizina,5mg,30,30,null,solid-oral,null,levocetirizina|5mg|30,levocetirizina|5mg|30|bio:true|brand:sevenpharma|form:solid-oral,3520,store,true,https://www.drsimi.cl/levocetirizina-5mg-30comp-ch74710-1/p
cetirizina,ecofarmacias,"Levocetirizina Diclorhidrato 2,5mg/5ml solución oral x 100 ml. (Cenabast)","Levocetirizina Diclorhidrato 2,5mg/5ml solución oral x 100 ml. (Cenabast)",null,levocetirizina,2.5mg,null,null,diclorhidrato,fluid-oral,null,levocetirizina|100ml|100,levocetirizina|100ml|100|bio:unknown|brand:unknown|var:diclorhidrato|form:fluid-oral,3590,store,true,https://www.ecofarmacias.cl/producto/levocetirizina-diclorhidrato-25mg-5ml-solucion-oral-x-100-ml-cenabast/
cetirizina,ecofarmacias,"Levocetirizina diclorhidrato 2,5 mg/5 ml x 100 ml jarabe","Levocetirizina diclorhidrato 2,5 mg/5 ml x 100 ml jarabe",null,levocetirizina,2.5mg,null,null,diclorhidrato,fluid-oral,null,levocetirizina|100ml|100,levocetirizina|100ml|100|bio:true|brand:unknown|var:diclorhidrato|form:fluid-oral,3590,store,true,https://www.ecofarmacias.cl/producto/levocetirizina-diclorhidrato-25-mg-5-ml-x-100-ml-jarabe/
cetirizina,easyfarma,Levocetirizina 5 Mg 30...,Levocetirizina 5 Mg 30...,null,levocetirizina,5mg,null,null,null,null,null,levocetirizina|5mg,levocetirizina|5mg|bio:unknown|brand:ascend,3990,store,true,https://nuevo.easyfarma.cl/105311-levocetirizina-5-mg-30-comp-recubiertos-ascend.html
cetirizina,easyfarma,Levocetirizina 5 Mg 30...,Levocetirizina 5 Mg 30...,null,levocetirizina,5mg,null,null,null,null,null,levocetirizina|5mg,levocetirizina|5mg|bio:unknown|brand:unknown,3990,store,true,https://nuevo.easyfarma.cl/31194-levocetirizina-5-mg-x-30.html
cetirizina,easyfarma,Levocetirizina comprimidos...,Levocetirizina comprimidos...,null,levocetirizina,null,null,null,null,solid-oral,null,levocetirizina,levocetirizina|bio:unknown|brand:unknown|form:solid-oral,3990,store,true,https://nuevo.easyfarma.cl/26292-levocetirizina-diclorhidrato-5mg-x-30.html
cetirizina,dr-simi,Levorigotax levocetirizina 5 mg 30 comprimidos recubiertos,Levorigotax levocetirizina 5 mg 30 comprimidos recubiertos,PRATER,levorigotax,5mg,30,30,levocetirizina,solid-oral,null,levorigotax|5mg|30,levorigotax|5mg|30|bio:true|brand:prater|var:levocetirizina|form:solid-oral,4680,store,true,https://www.drsimi.cl/levorigotax-levocetirizina-5-mg-30-comprimidos/p
cetirizina,ecofarmacias,"Alerpriv Levocetirizina 2,5/5mL Jarabe 100Ml","Alerpriv Levocetirizina 2,5/5mL Jarabe 100Ml",null,alerpriv,100ml,null,null,levocetirizina,fluid-oral,null,alerpriv|100ml,alerpriv|100ml|bio:unknown|brand:unknown|var:levocetirizina|form:fluid-oral,5690,store,true,https://www.ecofarmacias.cl/producto/alerpriv-levocetirizina-25-5ml-jarabe-100ml/
cetirizina,ecofarmacias,"Alerpriv Levocetirizina 0,5% Gotas 20 ml","Alerpriv Levocetirizina 0,5% Gotas 20 ml",null,alerpriv,20ml,null,null,levocetirizina,fluid-oral,null,alerpriv|20ml,alerpriv|20ml|bio:unknown|brand:unknown|var:levocetirizina|form:fluid-oral,5990,store,false,https://www.ecofarmacias.cl/producto/alerpriv-levocetirizina-05-gotas-20-ml/
cetirizina,dr-simi,"Levorigotax levocetirizina 2,5 mg/5 mL jarabe 100 mL","Levorigotax levocetirizina 2,5 mg/5 mL jarabe 100 mL",PRATER,levorigotax,2.5mg,null,null,levocetirizina,fluid-oral,null,levorigotax|100ml,levorigotax|100ml|bio:true|brand:prater|var:levocetirizina|form:fluid-oral,6400,store,true,https://www.drsimi.cl/levorigotax-levocetirizina-diclorhidrato-2-5-mg-5ml-jarabe-100-ml-ch5229-1/p
cetirizina,ecofarmacias,"Neoalertop Levocetirizina 2,5 mg/5 ml Jarabe 120ml (Lab Chile)","Neoalertop Levocetirizina 2,5 mg/5 ml Jarabe 120ml (Lab Chile)",null,neoalertop,2.5mg,null,null,levocetirizina,fluid-oral,null,neoalertop|120ml,neoalertop|120ml|bio:unknown|brand:unknown|var:levocetirizina|form:fluid-oral,9980,store,true,https://www.ecofarmacias.cl/producto/neoalertop-levocetirizina-25-mg-5-ml-jarabe-120ml-lab-chile/
cetirizina,ecofarmacias,Neoalertop Levocetirizina 5 mg Gotas 20 Ml (Lab Chile),Neoalertop Levocetirizina 5 mg Gotas 20 Ml (Lab Chile),null,neoalertop,5mg,null,null,levocetirizina,fluid-oral,null,neoalertop|20ml,neoalertop|20ml|bio:unknown|brand:unknown|var:levocetirizina|form:fluid-oral,9990,store,false,https://www.ecofarmacias.cl/producto/neoalertop-levocetirizina-5-mg-gotas-20-ml-lab-chile/
cetirizina,dr-simi,Levorigotax levocetirizina 5 mg/mL solución oral para gotas 20 mL,Levorigotax levocetirizina 5 mg/mL solución oral para gotas 20 mL,PRATER,levorigotax,5mg,null,null,levocetirizina,fluid-oral,null,levorigotax|20ml,levorigotax|20ml|bio:true|brand:prater|var:levocetirizina|form:fluid-oral,10400,store,true,https://www.drsimi.cl/alerpriv-levocetirizina-diclorhidrato-5-mg-ml-gotas-20-ml/p
cetirizina,ecofarmacias,"Jarabe de 120ml Neoalertop Levocetirizina 2,5 mg L.Chile DESCUENTO","Jarabe de 120ml Neoalertop Levocetirizina 2,5 mg L.Chile DESCUENTO",null,neoalertop,2.5mg,null,null,null,fluid-oral,null,neoalertop|120ml,neoalertop|120ml|bio:unknown|brand:unknown|form:fluid-oral,10900,store,false,https://www.ecofarmacias.cl/producto/jarabe-de-120ml-neoalertop-levocetirizina-25-mg-l-chile-descuento/
cetirizina,ecofarmacias,Xuzal Levocetirizina 5mg x 30 Com. Rec,Xuzal Levocetirizina 5mg x 30 Com. Rec,null,xuzal,5mg,30,30,levocetirizina,null,null,xuzal|5mg|30,xuzal|5mg|30|bio:unknown|brand:unknown|var:levocetirizina,10990,store,false,https://www.ecofarmacias.cl/producto/xuzal-levocetirizina-5mg-x-30-com-rec/
cetirizina,ecofarmacias,"Zival Levocetirizina (2,5mg) Jarabe 120mL (Saval)","Zival Levocetirizina (2,5mg) Jarabe 120mL (Saval)",null,zival,2.5mg,null,null,levocetirizina,fluid-oral,null,zival|120ml,zival|120ml|bio:unknown|brand:unknown|var:levocetirizina|form:fluid-oral,12990,store,true,https://www.ecofarmacias.cl/producto/zival-levocetirizina-25mg-jarabe-120ml-saval/
cetirizina,dr-simi,Levorigotax Forte levocetirizina 5 mg/5 mL jarabe 120 mL,Levorigotax Forte levocetirizina 5 mg/5 mL jarabe 120 mL,PRATER,levorigotax,5mg,null,null,forte,fluid-oral,null,levorigotax|120ml,levorigotax|120ml|bio:true|brand:prater|var:forte|form:fluid-oral,13960,store,true,https://www.drsimi.cl/levorigotax-forte-levocetirizina-5-mg-5ml-jarabe-120-ml/p
clorfenamina,ecofarmacias,Clorfenamina maleato 4mg x 20 comprimidos DESCUENTO,Clorfenamina Maleato 4 mg x 20 Comprimidos CHILE,null,clorfenamina,4mg,20,20,null,solid-oral,null,clorfenamina|4mg|20,clorfenamina|4mg|20|bio:true|brand:unknown|form:solid-oral,210,store,false,https://www.ecofarmacias.cl/producto/clorfenamina-maleato-4mg-x-20-comprimidos-descuento/
clorfenamina,ahumada,Clorfenamina Maleato 4 mg x 20 Comprimidos CHILE,Clorfenamina Maleato 4 mg x 20 Comprimidos CHILE,null,clorfenamina,4mg,20,20,null,solid-oral,null,clorfenamina|4mg|20,clorfenamina|4mg|20|bio:true|brand:unknown|form:solid-oral,620,store,true,https://www.farmaciasahumada.cl/clorfenamina-maleato-4-mg-x-20-comprimidos-chile-430.html
clorfenamina,easyfarma,Clorfenamina Inyectable 10...,Clorfenamina Inyectable 10...,null,clorfenamina,null,null,null,null,injectable,null,clorfenamina,clorfenamina|bio:unknown|brand:unknown|form:injectable,350,store,true,https://nuevo.easyfarma.cl/102923-clorfenamina-inyectable-10-mg-1ml.html
clorfenamina,dr-simi,Clorfenamina 4 mg 20 comprimidos,Clorfenamina 4 mg 20 comprimidos,TEVA,clorfenamina,4mg,20,20,null,solid-oral,null,clorfenamina|4mg|20,clorfenamina|4mg|20|bio:true|brand:teva|form:solid-oral,400,store,true,https://www.drsimi.cl/clorfenamina-maleato-4-mg-20-comprimidos/p
clorfenamina,farmex,Clorfenamina 4 mg x 20 comprimidos ( BE ) susc-1 de 2 meses,Clorfenamina 4 mg x 20 comp,null,clorfenamina,4mg,20,20,null,solid-oral,null,clorfenamina|4mg|20,clorfenamina|4mg|20|bio:unknown|brand:unknown|form:solid-oral,513,store,true,https://farmex.cl/products/clorfenamina-4-mg-x-20-comprimidos-be-susc-1-de-2-meses?_pos=4&_psq=clorfenamina&_psid=e10e8a8db&_ss=e
clorfenamina,easyfarma,Clorfenamina 4 mg x 20 comp,Clorfenamina 4 mg x 20 comp,null,clorfenamina,4mg,20,20,null,solid-oral,null,clorfenamina|4mg|20,clorfenamina|4mg|20|bio:unknown|brand:unknown|form:solid-oral,590,store,true,https://nuevo.easyfarma.cl/24610-clorfenamina-4-mg-x-20.html
clorfenamina,cruz-verde,Clorfenamina 4 mg 20 Comprimidos,Clorfenamina 4 mg x 20 comp,null,clorfenamina,4mg,20,20,null,solid-oral,null,clorfenamina|4mg|20,clorfenamina|4mg|20|bio:unknown|brand:unknown|form:solid-oral,690,store,true,https://www.cruzverde.cl/clorfenamina-4-mg-20-comprimidos/267919.html
clorfenamina,farmex,Clorfenamina 4 mg x 20 comprimidos,Clorfenamina 4 mg x 20 comprimidos,MINTLAB,clorfenamina,4mg,20,20,null,solid-oral,null,clorfenamina|4mg|20,clorfenamina|4mg|20|bio:unknown|brand:mintlab|form:solid-oral,590,store,true,https://farmex.cl/products/clorfenamina-comprimidos?_pos=2&_psq=clorfenamina&_psid=e10e8a8db&_ss=e
clorfenamina,farmex,Clorfenamina 4 mg x 20 comprimidos ( BE ),Clorfenamina 4 mg x 20 comprimidos ( BE ),LABORATORIO CHILE,clorfenamina,4mg,20,20,null,solid-oral,null,clorfenamina|4mg|20,clorfenamina|4mg|20|bio:unknown|brand:chile|form:solid-oral,595,store,true,https://farmex.cl/products/clorfenamina-4-mg-x-20-comprimidos-be?_pos=1&_psq=clorfenamina&_psid=e10e8a8db&_ss=e
clorfenamina,cruz-verde,Geniol Caliente Noche Paracetamol 400 mg compuesto con Clorfenamina Polvo para Solución Oral 30 Sachet,Geniol Caliente Noche Paracetamol 400 mg compuesto con Clorfenamina Polvo para Solución Oral 30 Sachet,null,geniol,400mg,30,30,caliente,fluid-oral,null,geniol|400mg|n|30,geniol|400mg|n|30|bio:unknown|brand:unknown|var:caliente|form:fluid-oral,730,store,true,https://www.cruzverde.cl/geniol-caliente-noche-paracetamol-400-mg-compuesto-con-clorfenamina-polvo-para-solucion-oral-30-sachet/260734.html
clorfenamina,ahumada,"Tapsin Compuesto Antigripal Caliente Día Limón, Miel, Jengibre x 1 Sobre Polvo Para Solucion Oral","Tapsin Compuesto Antigripal Caliente Día Limón, Miel, Jengibre x 1 Sobre Polvo Para Solucion Oral",null,tapsin,null,1,1,compuesto,fluid-oral,null,tapsin|d,tapsin|d|bio:unknown|brand:unknown|var:compuesto|form:fluid-oral,772,cmr,true,https://www.farmaciasahumada.cl/tapsin-compuesto-antigripal-caliente-dia-limon--miel--jengibre-x-1-sobre-polvo-para-solucion-oral-88322.html
clorfenamina,cruz-verde,Tapsin Noche Compuesto Antigripal Paracetamol 400 mg Noscapina 10 mg Clorfenamina 4 mg Polvo para Soluc.Oral 1 Sobre Sabor Limon / Miel / Jengibre,Tapsin Noche Compuesto Antigripal Paracetamol 400 mg Noscapina 10 mg Clorfenamina 4 mg Polvo para Soluc.Oral 1 Sobre Sabor Limon / Miel / Jengibre,null,tapsin,400mg,1,1,null,fluid-oral,miel,tapsin|400mg|n,tapsin|400mg|n|bio:unknown|brand:unknown|combo:miel|form:fluid-oral,940,store,true,https://www.cruzverde.cl/tapsin-noche-compuesto-antigripal-paracetamol-400-mg-noscapina-10-mg-clorfenamina-4-mg-polvo-para-soluc-oral-1-sobre-sabor-limon-miel-jengibre/300604.html
clorfenamina,cruz-verde,Tapsin Insta Flu  Polvo Noche,Tapsin Insta Flu  Polvo Noche,null,tapsin,null,null,null,insta,fluid-oral,null,tapsin|n,tapsin|n|bio:unknown|brand:unknown|var:insta|form:fluid-oral,1040,store,false,https://www.cruzverde.cl/tapsin-insta-flu-polvo-noche/573947.html
clorfenamina,salcobrand,Clorfenamina (B) 4mg 20 Comprimidos,Clorfenamina (B) 4mg 20 Comprimidos,Clorfenamina,clorfenamina,4mg,20,20,null,solid-oral,null,clorfenamina|4mg|20,clorfenamina|4mg|20|bio:unknown|brand:clorfenamina|form:solid-oral,1143,online,true,https://salcobrand.cl/products/clorfenamina-b-4mg-20-comprimidos?default_sku=432807
clorfenamina,easyfarma,Cefalmin 10 comp,Cefalmin 10 comp,null,cefalmin,null,10,10,null,solid-oral,null,cefalmin|10,cefalmin|10|bio:unknown|brand:unknown|form:solid-oral,1490,store,true,https://nuevo.easyfarma.cl/26440-cefalmin-x-10.html
clorfenamina,salcobrand,Prodel (B) Clorfenamina 4mg 20 Comprimidos,Prodel (B) Clorfenamina 4mg 20 Comprimidos,Prodel,prodel,4mg,20,20,null,solid-oral,null,prodel|4mg|20,prodel|4mg|20|bio:unknown|brand:prodel|form:solid-oral,1767,sbpay,true,https://salcobrand.cl/products/clorfenamina-4mg-oral-solido?default_sku=2500908
clorfenamina,ahumada,Piretanyl x 20 Comprimidos,Piretanyl x 20 Comprimidos,null,piretanyl,null,20,20,null,solid-oral,null,piretanyl|20,piretanyl|20|bio:unknown|brand:unknown|form:solid-oral,2190,store,true,https://www.farmaciasahumada.cl/piretanyl-x-20-comprimidos-6187.html
clorfenamina,easyfarma,Cefalmin 20 comp.,Cefalmin 20 comp.,null,cefalmin,null,20,20,null,solid-oral,null,cefalmin|20,cefalmin|20|bio:unknown|brand:unknown|form:solid-oral,2490,store,true,https://nuevo.easyfarma.cl/33453-cefalmin-20-comp.html
clorfenamina,easyfarma,Esamisol Compuesto 10 Comp.,Esamisol Compuesto 10 Comp.,null,esamisol,null,10,10,compuesto,solid-oral,null,esamisol|10,esamisol|10|bio:unknown|brand:unknown|var:compuesto|form:solid-oral,2490,store,true,https://nuevo.easyfarma.cl/103314-esamisol-compuesto-10-comp.html
clorfenamina,easyfarma,Finagrip 10 Comp. Recubiertos,Finagrip 10 Comp. Recubiertos,null,finagrip,null,10,10,null,solid-oral,null,finagrip|10,finagrip|10|bio:unknown|brand:unknown|form:solid-oral,2990,store,true,https://nuevo.easyfarma.cl/105297-finagrip-10-comp-recubiertos.html
clorfenamina,ahumada,Tapsin Instaflu Día Noche 6 Comprimidos,Tapsin Instaflu Día Noche 6 Comprimidos,null,tapsin,null,6,6,instaflu,solid-oral,null,tapsin|n|6,tapsin|n|6|bio:unknown|brand:unknown|var:instaflu|form:solid-oral,3104,cmr,true,https://www.farmaciasahumada.cl/tapsin-instaflu-dia-noche-6-comprimidos-95020.html
clorfenamina,cruz-verde,Nipolen Clorfenamina 4 mg 20 Comprimidos,Nipolen Clorfenamina 4 mg 20 Comprimidos,null,nipolen,4mg,20,20,null,solid-oral,null,nipolen|4mg|20,nipolen|4mg|20|bio:unknown|brand:unknown|form:solid-oral,3190,store,true,https://www.cruzverde.cl/nipolen-clorfenamina-4-mg-20-comprimidos/31070.html
clorfenamina,cruz-verde,Prodel Clorfenamina Maleato 4 mg 20 Comprimidos,Prodel Clorfenamina Maleato 4 mg 20 Comprimidos,null,prodel,4mg,20,20,null,solid-oral,null,prodel|4mg|20,prodel|4mg|20|bio:unknown|brand:unknown|form:solid-oral,3390,store,true,https://www.cruzverde.cl/prodel-clorfenamina-maleato-4-mg-20-comprimidos/41036.html
clorfenamina,dr-simi,Nastul clorfenamina 1 mg pseudoefedrina 30 mg solución para gotas orales 15 mL,Nastul clorfenamina 1 mg pseudoefedrina 30 mg solución para gotas orales 15 mL,CHEMOPHARMA,nastul,1mg,null,null,null,fluid-oral,null,nastul|15ml,nastul|15ml|bio:true|brand:chemopharma|form:fluid-oral,3400,store,true,https://www.drsimi.cl/esamisol-solucion-para-gotas-orales-15-ml/p
clorfenamina,easyfarma,Cortigrip Dia y Noche 15...,Cortigrip Dia y Noche 15...,null,cortigrip,null,null,null,null,null,null,cortigrip|n,cortigrip|n|bio:unknown|brand:unknown,3490,store,true,https://nuevo.easyfarma.cl/25895-cortigrip-dia-noche-x-15.html
clorfenamina,ahumada,Nastifrin compuesto x 10 comprimidos recubiertos,Nastifrin compuesto x 10 comprimidos recubiertos,null,nastifrin,null,10,10,compuesto,solid-oral,null,nastifrin|10,nastifrin|10|bio:unknown|brand:unknown|var:compuesto|form:solid-oral,3524,cmr,true,https://www.farmaciasahumada.cl/nastifrin-compuesto-x-10-comprimidos-recubiertos-21710.html
clorfenamina,cruz-verde,Ultrimin Metamizol 300mg + Cafeína 100mg + Ergotamina 1mg + Clorfenamina maletato 10 Comprimidos Recubiertos,Ultrimin Metamizol 300mg + Cafeína 100mg + Ergotamina 1mg + Clorfenamina maletato 10 Comprimidos Recubiertos,null,ultrimin,300mg,10,10,null,solid-oral,cafeina,ultrimin|300mg|10,ultrimin|300mg|10|bio:unknown|brand:unknown|combo:cafeina|form:solid-oral,3590,store,true,https://www.cruzverde.cl/ultrimin-metamizol-300mg-cafeina-100mg-ergotamina-1mg-clorfenamina-maletato-10-comprimidos-recubiertos/193032.html
clorfenamina,ahumada,Tapsin Compuesto Noche 5 g 6 Sobres Polvo para Solución Oral,Tapsin Compuesto Noche 5 g 6 Sobres Polvo para Solución Oral,null,tapsin,5000mg,6,6,compuesto,fluid-oral,null,tapsin|5000mg|n|6,tapsin|5000mg|n|6|bio:true|brand:unknown|var:compuesto|form:fluid-oral,3854,cmr,true,https://www.farmaciasahumada.cl/tapsin-compuesto-noche-5-g-6-sobres-polvo-para-solucion-oral-84865.html
clorfenamina,ahumada,Next Gl Plus 6 Comprimidos,Next Gl Plus 6 Comprimidos,null,nextgl,null,6,6,plus,solid-oral,null,nextgl|6,nextgl|6|bio:unknown|brand:unknown|var:plus|form:solid-oral,3982,cmr,true,https://www.farmaciasahumada.cl/next-gl-plus-6-comprimidos-92246.html
clorfenamina,salcobrand,Prodel-B Betametasona / Clorfenamina 10 Comprimidos,Prodel-B Betametasona / Clorfenamina 10 Comprimidos,Prodel B,prodelb,null,10,10,null,solid-oral,clorfenamina,prodelb|10,prodelb|10|bio:unknown|brand:prodelb|combo:clorfenamina|form:solid-oral,4259,sbpay,true,https://salcobrand.cl/products/prodel-b-betametasona-clorfenamina-10-comprimidos?default_sku=2500909
clorfenamina,ahumada,Nastizol Dia-Noche x 18 Comprimidos LBAGO,Nastizol Dia-Noche x 18 Comprimidos LBAGO,null,nastizol,null,18,18,dianoche,solid-oral,null,nastizol|n|18,nastizol|n|18|bio:unknown|brand:unknown|var:dianoche|form:solid-oral,4492,cmr,true,https://www.farmaciasahumada.cl/nastizol-dia-noche-x-18-comprimidos-lbago-90616.html
clorfenamina,ecofarmacias,Clorferaton &#8211; Clorfenamina 2 mg / 5 ml Jarabe 120 ml,Clorferaton &#8211; Clorfenamina 2 mg / 5 ml Jarabe 120 ml,null,clorferaton,2mg,null,null,null,fluid-oral,null,clorferaton|120ml,clorferaton|120ml|bio:unknown|brand:unknown|form:fluid-oral,4690,store,false,https://www.ecofarmacias.cl/producto/clorferaton-clorfenamina-2-mg-5-ml-jarabe-120-ml/
clorfenamina,ahumada,Trioval x 10 Comprimidos Recubiertos,Trioval x 10 Comprimidos Recubiertos,null,trioval,null,10,10,null,solid-oral,null,trioval|10,trioval|10|bio:unknown|brand:unknown|form:solid-oral,4990,store,true,https://www.farmaciasahumada.cl/trioval-x-10-comprimidos-recubiertos-9699.html
clorfenamina,easyfarma,Esamisol Compuesto Jarabe...,Esamisol Compuesto Jarabe...,null,esamisol,null,null,null,compuesto,fluid-oral,null,esamisol,esamisol|bio:unknown|brand:unknown|var:compuesto|form:fluid-oral,4990,store,true,https://nuevo.easyfarma.cl/103313-esamisol-compuesto-jarabe-100-ml.html
clorfenamina,ahumada,Tapsin Instaflu DN Paracetamol 500 mg Pseudoefedrina Clorhidrato 60 mg 18 Comprimidos,Tapsin Instaflu DN Paracetamol 500 mg Pseudoefedrina Clorhidrato 60 mg 18 Comprimidos,null,tapsin,500mg,18,18,instaflu,solid-oral,null,tapsin|500mg|18,tapsin|500mg|18|bio:unknown|brand:unknown|var:instaflu|form:solid-oral,5084,cmr,true,https://www.farmaciasahumada.cl/tapsin-instaflu-dn-paracetamol-500-mg-pseudoefedrina-clorhidrato-60-mg-18-comprimidos-88087.html
clorfenamina,ahumada,Nastizol Compuesto Pseudoefedrina 60 mg 10 Comprimidos,Nastizol Compuesto Pseudoefedrina 60 mg 10 Comprimidos,null,nastizol,60mg,10,10,compuesto,solid-oral,null,nastizol|60mg|10,nastizol|60mg|10|bio:unknown|brand:unknown|var:compuesto|form:solid-oral,5167,cmr,true,https://www.farmaciasahumada.cl/nastizol-compuesto-pseudoefedrina-60-mg-10-comprimidos-2129.html
clorfenamina,dr-simi,Clorferaton clorfenamina 2 mg/5 mL jarabe 120 mL,Clorferaton clorfenamina 2 mg/5 mL jarabe 120 mL,HOSPIFARMA,clorferaton,2mg,null,null,null,fluid-oral,null,clorferaton|120ml,clorferaton|120ml|bio:false|brand:hospifarma|form:fluid-oral,5200,store,true,https://www.drsimi.cl/prodel-clorfenamina-2-mg-5ml-jarabe-120-ml/p
clorfenamina,ahumada,Nastul Compuesto x 10 Comprimidos Recubiertos,Nastul Compuesto x 10 Comprimidos Recubiertos,null,nastul,null,10,10,compuesto,solid-oral,null,nastul|10,nastul|10|bio:unknown|brand:unknown|var:compuesto|form:solid-oral,5707,cmr,true,https://www.farmaciasahumada.cl/nastul-compuesto-x-10-comprimidos-recubiertos-6881.html
clorfenamina,cruz-verde,Geniol Flu Día?Noche Paracetamol 500 mg Pseudoefedrina 60 mg Clorfenamina 4 mg 15 + 5 Comprimidos Recubiertos,Geniol Flu Día?Noche Paracetamol 500 mg Pseudoefedrina 60 mg Clorfenamina 4 mg 15 + 5 Comprimidos Recubiertos,null,geniol,500mg,5,5,flu,solid-oral,null,geniol|500mg|n|5,geniol|500mg|n|5|bio:unknown|brand:unknown|var:flu|form:solid-oral,5890,store,true,https://www.cruzverde.cl/geniol-flu-dia-noche-paracetamol-500-mg-pseudoefedrina-60-mg-clorfenamina-4-mg-15-5-comprimidos-recubiertos/254298.html
clorfenamina,dr-simi,"Probel-B betametasona 0,25 mg clorfenamina 2 mg jarabe 120 mL","Probel-B betametasona 0,25 mg clorfenamina 2 mg jarabe 120 mL",PASTEUR,probelb,0.25mg,null,null,betametasona,fluid-oral,null,probelb|120ml,probelb|120ml|bio:true|brand:pasteur|var:betametasona|form:fluid-oral,6040,store,true,https://www.drsimi.cl/clorfe-betame-2-0-25mg-5ml-jarabe-120ml-ch5834/p
clorfenamina,ahumada,Next Gl 12 Comprimidos,Next Gl 12 Comprimidos,null,nextgl,null,12,12,null,solid-oral,null,nextgl|12,nextgl|12|bio:unknown|brand:unknown|form:solid-oral,6239,cmr,true,https://www.farmaciasahumada.cl/next-gl-12-comprimidos-92245.html
clorfenamina,salcobrand,Prodel Clorfenamina 2mg/5ml Jarabe 120ml,Prodel Clorfenamina 2mg/5ml Jarabe 120ml,Prodel,prodel,2mg,null,null,null,fluid-oral,null,prodel|120ml,prodel|120ml|bio:unknown|brand:prodel|form:fluid-oral,6775,online,true,https://salcobrand.cl/products/prodel-clorfenamina-2mg-5ml-jarabe-120ml?default_sku=2500900
clorfenamina,ahumada,Trioval Dia-Noche x 20 Comprimidos Recubiertos,Trioval Dia-Noche x 20 Comprimidos Recubiertos,null,trioval,null,20,20,dianoche,solid-oral,null,trioval|n|20,trioval|n|20|bio:unknown|brand:unknown|var:dianoche|form:solid-oral,6790,store,true,https://www.farmaciasahumada.cl/trioval-dia-noche-x-20-comprimidos-recubiertos-14684.html
clorfenamina,dr-simi,"Prodel-B betametasona 0,25 mg clorfenamina 2 mg 30 comprimidos","Prodel-B betametasona 0,25 mg clorfenamina 2 mg 30 comprimidos",PASTEUR,prodelb,0.25mg,30,30,betametasona,solid-oral,null,prodelb|0.25mg|30,prodelb|0.25mg|30|bio:false|brand:pasteur|var:betametasona|form:solid-oral,7000,store,true,https://www.drsimi.cl/clorfenamina-betameta-2-0--25mg-30comp-ch5983-1/p
clorfenamina,salcobrand,Nastul (B) Clorfenamina / Pseudoefedrina Oral Gotas 15ml,Nastul (B) Clorfenamina / Pseudoefedrina Oral Gotas 15ml,Nastul,nastul,15ml,null,null,null,fluid-oral,pseudoefedrina,nastul|15ml,nastul|15ml|bio:unknown|brand:nastul|combo:pseudoefedrina|form:fluid-oral,7039,online,true,https://salcobrand.cl/products/nastul-b-clorfenamina-pseudoefedrina-oral-gotas-15ml?default_sku=2980810
clorfenamina,cruz-verde,"Nipolen Clorfenamina 2,5 mg/5mL Jarabe 100 mL","Nipolen Clorfenamina 2,5 mg/5mL Jarabe 100 mL",null,nipolen,2.5mg,null,null,null,fluid-oral,null,nipolen|100ml,nipolen|100ml|bio:unknown|brand:unknown|form:fluid-oral,7290,store,true,https://www.cruzverde.cl/nipolen-clorfenamina-2-5-mg-5ml-jarabe-100-ml/268736.html
clorfenamina,cruz-verde,Kiol Día Y Noche X20 Comprimidos,Kiol Día Y Noche X20 Comprimidos,null,kiol,null,20,20,null,solid-oral,null,kiol|n|20,kiol|n|20|bio:unknown|brand:unknown|form:solid-oral,7390,store,false,https://www.cruzverde.cl/kiol-dia-y-noche-x20-comprimidos/573019.html
clorfenamina,cruz-verde,Prodel Clorfenamina 2 mg/5mL Jarabe 120 mL,Prodel Clorfenamina 2 mg/5mL Jarabe 120 mL,null,prodel,2mg,null,null,null,fluid-oral,null,prodel|120ml,prodel|120ml|bio:unknown|brand:unknown|form:fluid-oral,7790,store,true,https://www.cruzverde.cl/prodel-clorfenamina-2-mg-5ml-jarabe-120-ml/41009.html
clorfenamina,sermecoop,Prodel (clorfenamina)  2mg/5ml Jarabe 120ml,Prodel Clorfenamina 2 mg/5mL Jarabe 120 mL,null,prodel,2mg,null,null,null,fluid-oral,null,prodel|120ml,prodel|120ml|bio:unknown|brand:unknown|form:fluid-oral,8290,store,true,https://www.farmaciasermecoop.cl/index.php/online/detalleproducto?p_=10028&d_=1
clorfenamina,salcobrand,Nastizol Clorfenamina / Pseudoefedrina 14 Comprimidos Recubiertos,Nastizol Clorfenamina / Pseudoefedrina 14 Comprimidos Recubiertos,Nastizol,nastizol,null,14,14,null,solid-oral,pseudoefedrina,nastizol|14,nastizol|14|bio:unknown|brand:nastizol|combo:pseudoefedrina|form:solid-oral,7919,online,true,https://salcobrand.cl/products/nastizol-clorfenamina-pseudoefedrina-14-comprimidos-recubiertos?default_sku=2590937
clorfenamina,cruz-verde,Prodel-B Betametasona 2 mg 10 Comprimidos,Prodel-B Betametasona 2 mg 10 Comprimidos,null,prodelb,2mg,10,10,betametasona,solid-oral,null,prodelb|2mg|10,prodelb|2mg|10|bio:unknown|brand:unknown|var:betametasona|form:solid-oral,7990,store,true,https://www.cruzverde.cl/prodel-b-betametasona-2-mg-10-comprimidos/41031.html
clorfenamina,ahumada,Niofen Cold HBP x 10 Comprimidos Recubiertos,Niofen Cold HBP x 10 Comprimidos Recubiertos,null,niofen,null,10,10,cold,solid-oral,null,niofen|10,niofen|10|bio:unknown|brand:unknown|var:cold|form:solid-oral,8887,cmr,true,https://www.farmaciasahumada.cl/niofen-cold-hbp-x-10-comprimidos-recubiertos-62241.html
clorfenamina,easyfarma,Cobefen Jarabe 120 mL,Cobefen Jarabe 120 mL,null,cobefen,120ml,null,null,null,fluid-oral,null,cobefen|120ml,cobefen|120ml|bio:unknown|brand:unknown|form:fluid-oral,8990,store,true,https://nuevo.easyfarma.cl/26448-cobefen-jarabe-x-120.html
clorfenamina,salcobrand,Prodel-B Betametasona / Clorfenamina 30 Comprimidos,Prodel-B Betametasona / Clorfenamina 30 Comprimidos,Prodel-B,prodelb,null,30,30,null,solid-oral,clorfenamina,prodelb|30,prodelb|30|bio:unknown|brand:prodelb|combo:clorfenamina|form:solid-oral,9149,sbpay,true,https://salcobrand.cl/products/prodel-b-betametasona-clorfenamina-30-comprimidos?default_sku=2506379
clorfenamina,cruz-verde,Geniol Flu Paracetamol 125 mg Compuesto con Pseudoefedrina Sulfato 30 mg + Clorfenamina Maleato 2 mg Jarabe 100 mL,Geniol Flu Paracetamol 125 mg Compuesto con Pseudoefedrina Sulfato 30 mg + Clorfenamina Maleato 2 mg Jarabe 100 mL,null,geniol,125mg,null,null,null,fluid-oral,clorfenamina,geniol|100ml,geniol|100ml|bio:unknown|brand:unknown|combo:clorfenamina|form:fluid-oral,9490,store,true,https://www.cruzverde.cl/geniol-flu-paracetamol-125-mg-compuesto-con-pseudoefedrina-sulfato-30-mg-clorfenamina-maleato-2-mg-jarabe-100-ml/268732.html
clorfenamina,cruz-verde,Nasolver Codeína 10 mg + Pseudoefedrina Clorhidrato 30 mg + Clorfenamina Maleato 2 mg /5mL Jarabe 100 Ml,Nasolver Codeína 10 mg + Pseudoefedrina Clorhidrato 30 mg + Clorfenamina Maleato 2 mg /5mL Jarabe 100 Ml,null,nasolver,10mg,null,null,null,fluid-oral,pseudoefedrina,nasolver|100ml,nasolver|100ml|bio:unknown|brand:unknown|combo:pseudoefedrina|form:fluid-oral,9990,store,true,https://www.cruzverde.cl/nasolver-codeina-10-mg-pseudoefedrina-clorhidrato-30-mg-clorfenamina-maleato-2-mg-5ml-jarabe-100-ml/268734.html
clorfenamina,easyfarma,Cobefen 30 comprimidos,Cobefen 30 comprimidos,null,cobefen,null,30,30,null,solid-oral,null,cobefen|30,cobefen|30|bio:unknown|brand:unknown|form:solid-oral,9990,store,true,https://nuevo.easyfarma.cl/26447-cobefen-x-30.html
clorfenamina,ahumada,Extosen x 100 mL Jarabe,Extosen x 100 mL Jarabe,null,extosen,100ml,null,null,null,fluid-oral,null,extosen|100ml|100,extosen|100ml|100|bio:true|brand:unknown|form:fluid-oral,10612,cmr,true,https://www.farmaciasahumada.cl/extosen-x-100-ml-jarabe-72888.html
clorfenamina,sermecoop,Duoval Gotas (pseudoefedrina/clorfenamina) 15ml,Duoval Gotas (pseudoefedrina/clorfenamina) 15ml,null,duoval,15ml,null,null,null,fluid-oral,clorfenamina,duoval|15ml,duoval|15ml|bio:unknown|brand:unknown|combo:clorfenamina|form:fluid-oral,10690,store,true,https://www.farmaciasermecoop.cl/index.php/online/detalleproducto?p_=20045&d_=1
clorfenamina,sermecoop,Duoval Jarabe (pseudoefedrina/clorfenamina) 120ml,Duoval Jarabe (pseudoefedrina/clorfenamina) 120ml,null,duoval,120ml,null,null,null,fluid-oral,clorfenamina,duoval|120ml,duoval|120ml|bio:unknown|brand:unknown|combo:clorfenamina|form:fluid-oral,10690,store,true,https://www.farmaciasermecoop.cl/index.php/online/detalleproducto?p_=20047&d_=1
clorfenamina,ahumada,Deucotos x 120 mL Jarabe,Deucotos x 120 mL Jarabe,null,deucotos,120ml,null,null,null,fluid-oral,null,deucotos|120ml|120,deucotos|120ml|120|bio:true|brand:unknown|form:fluid-oral,11459,cmr,true,https://www.farmaciasahumada.cl/deucotos-x-120-ml-jarabe-20839.html
clorfenamina,cruz-verde,Prodel-B Betametasona 2 mg Jarabe 120 mL,Prodel-B Betametasona 2 mg Jarabe 120 mL,null,prodelb,2mg,null,null,betametasona,fluid-oral,null,prodelb|120ml,prodelb|120ml|bio:unknown|brand:unknown|var:betametasona|form:fluid-oral,11590,store,true,https://www.cruzverde.cl/prodel-b-betametasona-2-mg-jarabe-120-ml/41032.html
clorfenamina,ahumada,Nastizol x 28 Comprimidos Recubiertos,Nastizol x 28 Comprimidos Recubiertos,null,nastizol,null,28,28,null,solid-oral,null,nastizol|28,nastizol|28|bio:unknown|brand:unknown|form:solid-oral,11609,cmr,true,https://www.farmaciasahumada.cl/nastizol-x-28-comprimidos-recubiertos-1102.html
clorfenamina,salcobrand,Extosen (B) Clorfenamina / Codeina / Pseudoefedrina Jarabe 100ml,Extosen (B) Clorfenamina / Codeina / Pseudoefedrina Jarabe 100ml,Extosen,extosen,100ml,null,null,null,fluid-oral,codeina,extosen|100ml,extosen|100ml|bio:unknown|brand:extosen|combo:codeina|form:fluid-oral,11703,online,true,https://salcobrand.cl/products/extosen-b-clorfenamina-codeina-pseudoefedrina-jarabe-100ml?default_sku=2980470
clorfenamina,salcobrand,Duo Val Clorfenamina / Pseudoefedrina Oral Gotas 15ml,Duo Val Clorfenamina / Pseudoefedrina Oral Gotas 15ml,Duo Val,duoval,15ml,null,null,null,fluid-oral,pseudoefedrina,duoval|15ml,duoval|15ml|bio:unknown|brand:duoval|combo:pseudoefedrina|form:fluid-oral,12179,online,true,https://salcobrand.cl/products/duo-val-clorfenamina-pseudoefedrina-oral-gotas-15ml?default_sku=2974205
clorfenamina,cruz-verde,Prodel-B Betametasona 2 mg 30 Comprimidos,Prodel-B Betametasona 2 mg 30 Comprimidos,null,prodelb,2mg,30,30,betametasona,solid-oral,null,prodelb|2mg|30,prodelb|2mg|30|bio:unknown|brand:unknown|var:betametasona|form:solid-oral,12290,store,true,https://www.cruzverde.cl/prodel-b-betametasona-2-mg-30-comprimidos/41084.html
clorfenamina,sermecoop,Nastizol Gotas (pseudoefedrina/clorfenamina) 15ml,Nastizol Gotas (pseudoefedrina/clorfenamina) 15ml,null,nastizol,15ml,null,null,null,fluid-oral,clorfenamina,nastizol|15ml,nastizol|15ml|bio:true|brand:unknown|combo:clorfenamina|form:fluid-oral,12990,store,true,https://www.farmaciasermecoop.cl/index.php/online/detalleproducto?p_=19932&d_=1
clorfenamina,salcobrand,Duo Val Clorfenamina / Pseudoefedrina Jarabe 120ml,Duo Val Clorfenamina / Pseudoefedrina Jarabe 120ml,Duoval,duoval,120ml,null,null,null,fluid-oral,pseudoefedrina,duoval|120ml,duoval|120ml|bio:unknown|brand:duoval|combo:pseudoefedrina|form:fluid-oral,13194,online,true,https://salcobrand.cl/products/duo-val-clorfenamina-pseudoefedrina-jarabe-120ml?default_sku=2974200
clorfenamina,salcobrand,Nastizol Clorfenamina / Pseudoefedrina 28 Comprimidos Recubiertos,Nastizol Clorfenamina / Pseudoefedrina 28 Comprimidos Recubiertos,Nastizol,nastizol,null,28,28,null,solid-oral,pseudoefedrina,nastizol|28,nastizol|28|bio:unknown|brand:nastizol|combo:pseudoefedrina|form:solid-oral,13199,online,true,https://salcobrand.cl/products/nastizol-clorfenamina-pseudoefedrina-28-comprimidos-recubiertos?default_sku=2591500
clorfenamina,ahumada,Trioval X 15 Ml Suspensión Oral Para Gotas,Trioval X 15 Ml Suspensión Oral Para Gotas,null,trioval,15ml,null,null,null,fluid-oral,null,trioval|15ml|15,trioval|15ml|15|bio:unknown|brand:unknown|form:fluid-oral,15149,cmr,true,https://www.farmaciasahumada.cl/trioval-x-15-ml-suspension-oral-para-gotas-9725.html
clorfenamina,ahumada,Nastizol x 15 mL Solución Oral Para Gotas,Nastizol x 15 mL Solución Oral Para Gotas,null,nastizol,15ml,null,null,null,fluid-oral,null,nastizol|15ml|15,nastizol|15ml|15|bio:true|brand:unknown|form:fluid-oral,15697,cmr,true,https://www.farmaciasahumada.cl/nastizol-x-15-ml-solucion-oral-para-gotas-998.html
clorfenamina,easyfarma,Codetol Adulto jbe. 120 mL,Codetol Adulto jbe. 120 mL,null,codetol,120ml,null,null,null,fluid-oral,null,codetol|120ml,codetol|120ml|bio:unknown|brand:unknown|form:fluid-oral,15990,store,true,https://nuevo.easyfarma.cl/64772-codetol-adulto-jbe-120-ml.html
clorfenamina,ahumada,Flemex JAT x 120 mL Jarabe,Flemex JAT x 120 mL Jarabe,null,flemex,120ml,null,null,jat,fluid-oral,null,flemex|120ml|120,flemex|120ml|120|bio:unknown|brand:unknown|var:jat|form:fluid-oral,16117,cmr,true,https://www.farmaciasahumada.cl/flemex-jat-x-120-ml-jarabe-5110.html
clorfenamina,salcobrand,Nastizol (B) Clorfenamina / Pseudoefedrina Jarabe 120ml,Nastizol (B) Clorfenamina / Pseudoefedrina Jarabe 120ml,Nastizol,nastizol,120ml,null,null,null,fluid-oral,pseudoefedrina,nastizol|120ml,nastizol|120ml|bio:unknown|brand:nastizol|combo:pseudoefedrina|form:fluid-oral,16279,online,true,https://salcobrand.cl/products/nastizol-b-clorfenamina-pseudoefedrina-jarabe-120ml?default_sku=2591540
clorfenamina,ahumada,Tusigen x 120 ml Jarabe,Tusigen x 120 ml Jarabe,null,tusigen,120ml,null,null,null,fluid-oral,null,tusigen|120ml|120,tusigen|120ml|120|bio:true|brand:unknown|form:fluid-oral,16349,cmr,true,https://www.farmaciasahumada.cl/tusigen-x-120-ml-jarabe-3424.html
clorfenamina,easyfarma,Bequium Jarabe 120 mL,Bequium Jarabe 120 mL,null,bequium,120ml,null,null,null,fluid-oral,null,bequium|120ml,bequium|120ml|bio:unknown|brand:unknown|form:fluid-oral,16990,store,true,https://nuevo.easyfarma.cl/26577-bequium-jarabe-x-120ml.html
clorfenamina,salcobrand,Nastizol (B) Clorfenamina / Pseudoefedrina Oral Gotas 15ml,Nastizol (B) Clorfenamina / Pseudoefedrina Oral Gotas 15ml,Nastizol,nastizol,15ml,null,null,null,fluid-oral,pseudoefedrina,nastizol|15ml,nastizol|15ml|bio:unknown|brand:nastizol|combo:pseudoefedrina|form:fluid-oral,17687,online,true,https://salcobrand.cl/products/nastizol-b-clorfenamina-pseudoefedrina-oral-gotas-15ml?default_sku=2591520
clorfenamina,ahumada,Codetol PM Adulto x 120 mL Jarabe,Codetol PM Adulto x 120 mL Jarabe,null,codetol,120ml,null,null,pm,fluid-oral,null,codetol|120ml|120,codetol|120ml|120|bio:unknown|brand:unknown|var:pm|form:fluid-oral,19597,cmr,true,https://www.farmaciasahumada.cl/codetol-pm-adulto-x-120-ml-jarabe-64654.html
clorfenamina,ahumada,Flemex JAT Forte x 120 mL Jarabe,Flemex JAT Forte x 120 mL Jarabe,null,flemex,120ml,null,null,jat,fluid-oral,null,flemex|120ml|120,flemex|120ml|120|bio:true|brand:unknown|var:jat|form:fluid-oral,19972,cmr,true,https://www.farmaciasahumada.cl/flemex-jat-forte-x-120-ml-jarabe-28794.html
clorfenamina,salcobrand,Bequium Pseudoefedrina / Codeí­na / Clorfenamina Jarabe 120ml,Bequium Pseudoefedrina / Codeí­na / Clorfenamina Jarabe 120ml,Bequium,bequium,120ml,null,null,null,fluid-oral,codei,bequium|120ml,bequium|120ml|bio:unknown|brand:bequium|combo:codei|form:fluid-oral,21471,online,true,https://salcobrand.cl/products/bequium-pseudoefedrina-codei-na-clorfenamina-jarabe-120ml?default_sku=2970430
clorfenamina,cruz-verde,Next Fwd 24 Tabs /50,Next Fwd 24 Tabs /50,null,nextfwd,null,24,24,null,solid-oral,null,nextfwd,nextfwd|bio:unknown|brand:unknown|form:solid-oral,21900,store,false,https://www.cruzverde.cl/next-fwd-24-tabs-50/65020.html
clorfenamina,ecofarmacias,Clofexan Betametasona con Dexclorfenamina Maleato 30 Comprimidos,Clofexan Betametasona con Dexclorfenamina Maleato 30 Comprimidos,null,clofexan,null,30,30,betametasona,solid-oral,null,clofexan|30,clofexan|30|bio:unknown|brand:unknown|var:betametasona|form:solid-oral,6900,store,true,https://www.ecofarmacias.cl/producto/clofexan-betametasona-con-dexclorfenamina-maleato-30-comprimidos/
clotrimazol,ecofarmacias,Clotrimazol Crema topica al 1% x 20 g  Surfarma,Clotrimazol Crema topica al 1% x 20 g  Surfarma,null,clotrimazol,20000mg,null,null,al,topical,null,clotrimazol|20000mg|20,clotrimazol|20000mg|20|bio:unknown|brand:unknown|var:al|form:topical,480,store,false,https://www.ecofarmacias.cl/producto/clotrimazol-crema-topica-al-1-x-20-g-surfarma/
clotrimazol,ecofarmacias,Clotrimazol Crema Tópica 1% 20g Ethon (Cenabast),Clotrimazol Crema Tópica 1% 20g Ethon (Cenabast),null,clotrimazol,20000mg,null,null,null,topical,null,clotrimazol|20000mg,clotrimazol|20000mg|bio:unknown|brand:unknown|form:topical,490,store,false,https://www.ecofarmacias.cl/producto/clotrimazol-crema-topica-1-20g-ethon-cenabast/
clotrimazol,araucomed,Ethonazol Clotrimazol 1% crema 20 gramos,Ethonazol Clotrimazol 1% crema 20 gramos,null,ethonazol,null,null,null,clotrimazol,topical,null,ethonazol,ethonazol|bio:unknown|brand:unknown|var:clotrimazol|form:topical,500,store,false,https://farmacia.araucomed.com/antimicoticos/ethonazol-clotrimazol-1-crema-20-gramos
clotrimazol,ecofarmacias,Clotrimazol Crema Tópica 1% x 20 g,Clotrimazol Crema Tópica 1% x 20 g,null,clotrimazol,20000mg,null,null,null,topical,null,clotrimazol|20000mg|20,clotrimazol|20000mg|20|bio:unknown|brand:unknown|form:topical,590,store,true,https://www.ecofarmacias.cl/producto/clotrimazol-crema-topica-1-x-20-g/
clotrimazol,araucomed,Clotrimazol 1% crema x 20 gramos (CuraeSpring),Clotrimazol 1% crema x 20 gramos (CuraeSpring),CuraeSpring,clotrimazol,null,null,null,null,topical,null,clotrimazol|20,clotrimazol|20|bio:unknown|brand:curaespring|form:topical,600,store,true,https://farmacia.araucomed.com/antimicoticos/clotrimazol-1-crema-x-20-gramos-curaespring
clotrimazol,araucomed,Clotrimazol 1% crema x 20 gramos. (Ethon),Clotrimazol 1% crema x 20 gramos. (Ethon),null,clotrimazol,null,null,null,null,topical,null,clotrimazol|20,clotrimazol|20|bio:unknown|brand:unknown|form:topical,600,store,false,https://farmacia.araucomed.com/antimicoticos/clotrimazol-1-crema-20g-ethon
clotrimazol,dr-simi,Clotrimazol 1 % crema 20 g,Clotrimazol 1 % crema 20 g,PASTEUR,clotrimazol,20000mg,null,null,null,topical,null,clotrimazol|20000mg,clotrimazol|20000mg|bio:false|brand:pasteur|form:topical,640,store,true,https://www.drsimi.cl/clotrimazol-1-crema-topica-20-gr/p
clotrimazol,ecofarmacias,Clotrimazol + Betametasona crema 15g,Clotrimazol / Betametasona Dipropionato Crema Tópica 15g,Clotrimazol- Betametasona,clotrimazol,15000mg,null,null,null,topical,betametasona,clotrimazol|15000mg,clotrimazol|15000mg|bio:unknown|brand:unknown|combo:betametasona|form:topical,680,store,true,https://www.ecofarmacias.cl/producto/clotrimazol-betametasona-crema-15g/
clotrimazol,salcobrand,Clotrimazol / Betametasona Dipropionato Crema Tópica 15g,Clotrimazol / Betametasona Dipropionato Crema Tópica 15g,Clotrimazol- Betametasona,clotrimazol,15000mg,null,null,null,topical,betametasona,clotrimazol|15000mg,clotrimazol|15000mg|bio:unknown|brand:unknown|combo:betametasona|form:topical,2639,online,true,https://salcobrand.cl/products/clotrimazol-betametasona-dipropionato-crema-topica-15g?default_sku=1763277
clotrimazol,farmex,Clotrimazol Crema Topica 1 % x 20 g,Clotrimazol Crema Topica 1 % x 20 g,curespring,clotrimazol,20000mg,null,null,null,topical,null,clotrimazol|20000mg|20,clotrimazol|20000mg|20|bio:unknown|brand:curespring|form:topical,790,store,true,https://farmex.cl/products/clotrimazol-crema-topica-1-x-20-g-9?_pos=2&_psq=clotrimazol&_psid=35e1dcaa0&_ss=e
clotrimazol,farmex,Clotrimazol 1 % Crema 20 gr (SCL),Clotrimazol 1 % Crema 20 gr (SCL),Laboratorio SCL,clotrimazol,null,null,null,null,topical,null,clotrimazol,clotrimazol|bio:unknown|brand:scl|form:topical,795,store,true,https://farmex.cl/products/clotrimazol-cr-20-g-scl?_pos=1&_psq=clotrimazol&_psid=35e1dcaa0&_ss=e
clotrimazol,araucomed,Clotrimazol 1% crema x 20 gramos (Opko),Clotrimazol 1% crema x 20 gramos (Opko),Andrómaco,clotrimazol,null,null,null,null,topical,null,clotrimazol|20,clotrimazol|20|bio:unknown|brand:andromaco|form:topical,890,store,false,https://farmacia.araucomed.com/antimicoticos/clotrimazol-1-crema-x-20-gramos-opko
clotrimazol,dr-simi,"Clotrimazol  1 g betametasona 0,05 g crema tópica 15 g","Clotrimazol  1 g betametasona 0,05 g crema tópica 15 g",OPKO,clotrimazol,15000mg,null,null,null,topical,null,clotrimazol|15000mg,clotrimazol|15000mg|bio:false|brand:opko|form:topical,920,store,true,https://www.drsimi.cl/betametasona-clotrimazol-0-05-1-crema-15-gr/p
clotrimazol,ecofarmacias,Ethonazol Clotrimazol  Crema topica al 1% x 20 g  Ethon,Ethonazol Clotrimazol  Crema topica al 1% x 20 g  Ethon,null,ethonazol,20000mg,null,null,clotrimazol,topical,null,ethonazol|20000mg|20,ethonazol|20000mg|20|bio:unknown|brand:unknown|var:clotrimazol|form:topical,980,store,false,https://www.ecofarmacias.cl/producto/clotrimazol-crema-topica-al-1-x-20-g-ethon/
clotrimazol,araucomed,Clotrimazol Betametasona crema 15g (Opko),Clotrimazol Betametasona crema 15g (Opko),Opko,clotrimazol,15000mg,null,null,betametasona,topical,null,clotrimazol|15000mg,clotrimazol|15000mg|bio:unknown|brand:opko|var:betametasona|form:topical,990,store,false,https://farmacia.araucomed.com/corticoides/clotrimazol-betametasona-crema-15g-opko
clotrimazol,araucomed,Clotrimazol 1% crema 20g (Pasteur),Clotrimazol 1% crema 20g (Pasteur),Pasteur,clotrimazol,20000mg,null,null,null,topical,null,clotrimazol|20000mg,clotrimazol|20000mg|bio:unknown|brand:pasteur|form:topical,990,store,false,https://farmacia.araucomed.com/antimicoticos/clotrimazol-1-crema-20g-pasteur
clotrimazol,araucomed,Clotrimazol 1% crema x 20 gramos. (Ascend),Clotrimazol 1% crema x 20 gramos. (Ascend),Ascend,clotrimazol,null,null,null,null,topical,null,clotrimazol|20,clotrimazol|20|bio:unknown|brand:ascend|form:topical,990,store,false,https://farmacia.araucomed.com/antimicoticos/clotrimazol-1-crema-x20g-ascend
clotrimazol,easyfarma,Clotrimazol Crema 1% 20 g...,Clotrimazol Crema 1% 20 g...,null,clotrimazol,20000mg,null,null,null,topical,null,clotrimazol|20000mg,clotrimazol|20000mg|bio:unknown|brand:ascend|form:topical,990,store,true,https://nuevo.easyfarma.cl/102047-clotrimazol-crema-1-20-g-lab-ascend.html
clotrimazol,araucomed,Clotrimazol 100 mg x 6 ovulos (Chile) (vence 31.10.2026),Clotrimazol 100 mg x 6 óvulos,CHILE,clotrimazol,100mg,6,6,null,suppository,null,clotrimazol|100mg|6,clotrimazol|100mg|6|bio:unknown|brand:chile|form:suppository,995,store,true,https://farmacia.araucomed.com/antimicoticos/clotrimazol-100mg-x6-ovulos-chile
clotrimazol,farmex,Clotrimazol 100 mg x 6 óvulos,Clotrimazol 100 mg x 6 óvulos,CHILE,clotrimazol,100mg,6,6,null,suppository,null,clotrimazol|100mg|6,clotrimazol|100mg|6|bio:unknown|brand:chile|form:suppository,1990,store,true,https://farmex.cl/products/clotrimazol-100-mg-x-6-ovulos-chile?_pos=5&_psq=clotrimazol&_psid=35e1dcaa0&_ss=e
clotrimazol,araucomed,Clotrimazol 500 mg x 2 comprimidos vaginales. Lab.Bioval (Cenabast),Clotrimazol 500 mg x 2 comprimidos vaginales. Lab.Bioval (Cenabast),Lab.Bioval,clotrimazol,500mg,2,2,null,solid-oral,null,clotrimazol|500mg|2,clotrimazol|500mg|2|bio:unknown|brand:bioval|form:solid-oral,1000,store,true,https://farmacia.araucomed.com/antimicoticos/clotrimazol-500-mg-x-2-comprimidos-vaginales-labbioval-cenabast
clotrimazol,ecofarmacias,Clotrimazol 1 % Solución Tópica x 20 ml DESCUENTO,Clotrimazol 1 % Solución Tópica x 20 ml DESCUENTO,null,clotrimazol,20ml,null,null,null,fluid-oral,null,clotrimazol|20ml|20,clotrimazol|20ml|20|bio:unknown|brand:unknown|form:fluid-oral,1050,store,false,https://www.ecofarmacias.cl/producto/clotrimazol-1-solucion-topica-x-20-ml-descuento/
clotrimazol,cruz-verde,Clotrimazol 1% Solución 20 mL,Clotrimazol 1% Solución 20 mL,null,clotrimazol,20ml,null,null,null,fluid-oral,null,clotrimazol|20ml,clotrimazol|20ml|bio:unknown|brand:unknown|form:fluid-oral,1090,store,true,https://www.cruzverde.cl/clotrimazol-1-solucion-20-ml/199387.html
clotrimazol,araucomed,Clotrimazol 1% crema x 20 gramos. (Chile),Clotrimazol 1% crema x 20 gramos. (Chile),Laboratorio Chile,clotrimazol,null,null,null,null,topical,null,clotrimazol|20,clotrimazol|20|bio:unknown|brand:chile|form:topical,1200,store,true,https://farmacia.araucomed.com/antimicoticos/clotrimazol-1-crema-x20g-chile
clotrimazol,araucomed,Clotrimazol 100 mg x 6 ovulos. Seven Pharma (Cenabast),Clotrimazol 100 mg x 6 ovulos. Seven Pharma (Cenabast),Seven Pharma,clotrimazol,100mg,6,6,null,suppository,null,clotrimazol|100mg|6,clotrimazol|100mg|6|bio:unknown|brand:sevenpharma|form:suppository,1200,store,true,https://farmacia.araucomed.com/antimicoticos/clotrimazol-100-mg-x-6-ovulos-seven-pharma-cenabast
clotrimazol,araucomed,Clotrimazol Betametasona crema 15g (Chile),Clotrimazol Betametasona crema 15g (Chile),Laboratorio Chile,clotrimazol,15000mg,null,null,betametasona,topical,null,clotrimazol|15000mg,clotrimazol|15000mg|bio:unknown|brand:chile|var:betametasona|form:topical,1200,store,true,https://farmacia.araucomed.com/corticoides/clotrimazol-betametasona-crema-15g-chile
clotrimazol,farmex,"Clotrimazol + Betametasona 1 / 0,05 % x 15 g (opko)","Clotrimazol + Betametasona 1 / 0,05 % x 15 g (opko)",OPKO,clotrimazol,15000mg,null,null,null,null,betametasona,clotrimazol|15000mg|15,clotrimazol|15000mg|15|bio:unknown|brand:opko|combo:betametasona,1390,store,true,https://farmex.cl/products/clotrimazol-betametazon-1-0-05-x-15-g?_pos=3&_psq=clotrimazol&_psid=35e1dcaa0&_ss=e
clotrimazol,ahumada,Clotrimazol + Betametasona x 15 g Crema Tópica HOSPIFARMA CHILE LTD,Clotrimazol + Betametasona x 15 g Crema Tópica HOSPIFARMA CHILE LTD,null,clotrimazol,15000mg,null,null,null,topical,betametasona,clotrimazol|15000mg|15,clotrimazol|15000mg|15|bio:unknown|brand:unknown|combo:betametasona|form:topical,1430,store,true,https://www.farmaciasahumada.cl/clotrimazol-betametasona-x-15-g-crema-topica-hospifarma-chile-ltd-84022.html
clotrimazol,easyfarma,Clotrimazol / Betametasona...,Clotrimazol / Betametasona...,null,clotrimazol,null,null,null,null,null,betametasona,clotrimazol,clotrimazol|bio:unknown|brand:curaespring|combo:betametasona,1490,store,true,https://nuevo.easyfarma.cl/104289-clotrimazol-betametasona-15-gr-curaespring.html
clotrimazol,easyfarma,Clotrimazol / Betametasona...,Clotrimazol / Betametasona...,null,clotrimazol,null,null,null,null,null,betametasona,clotrimazol,clotrimazol|bio:unknown|brand:15gr|combo:betametasona,1490,store,true,https://nuevo.easyfarma.cl/26095-clotrimazol-betametasona-dipropionato-crema-x-15gr.html
clotrimazol,easyfarma,Clotrimazol Crema 1% 20 gr...,Clotrimazol Crema 1% 20 gr...,null,clotrimazol,null,null,null,null,topical,null,clotrimazol,clotrimazol|bio:unknown|brand:opko|form:topical,1490,store,true,https://nuevo.easyfarma.cl/102999-clotrimazol-crema-1-20-gr-opko.html
clotrimazol,araucomed,Clotrimazol 500mg x1 Ovulo (Hospifarma),Clotrimazol 500mg x1 Ovulo (Hospifarma),Hospifarma,clotrimazol,500mg,1,1,null,suppository,null,clotrimazol|500mg,clotrimazol|500mg|bio:unknown|brand:hospifarma|form:suppository,1500,store,false,https://farmacia.araucomed.com/antimicoticos/clotrimazol-500mg-x1-ovulo-hospifarma
clotrimazol,ecofarmacias,Clotrimazol 100 mg x 6 óvulos vaginales (cenabast),Clotrimazol 100 mg x 6 Óvulos Vaginales PASTEUR,null,clotrimazol,100mg,6,6,null,suppository,null,clotrimazol|100mg|6,clotrimazol|100mg|6|bio:unknown|brand:unknown|form:suppository,1510,store,true,https://www.ecofarmacias.cl/producto/clotrimazol-100-mg-x-6-ovulos-vaginales-cenabast/
clotrimazol,ahumada,Clotrimazol 100 mg x 6 Óvulos Vaginales PASTEUR,Clotrimazol 100 mg x 6 Óvulos Vaginales PASTEUR,null,clotrimazol,100mg,6,6,null,suppository,null,clotrimazol|100mg|6,clotrimazol|100mg|6|bio:unknown|brand:unknown|form:suppository,2249,cmr,true,https://www.farmaciasahumada.cl/clotrimazol-100-mg-x-6-ovulos-vaginales-pasteur-86721.html
clotrimazol,dr-simi,Clotrimazol 100 mg 6 óvulos,Clotrimazol 100 mg 6 óvulos,PASTEUR,clotrimazol,100mg,6,6,null,suppository,null,clotrimazol|100mg,clotrimazol|100mg|bio:false|brand:pasteur|form:suppository,1520,store,true,https://www.drsimi.cl/clotrimazol-100-mg-6-ovulos-vaginales/p
clotrimazol,cruz-verde,"Clotrimazol 1 gr Betametasona 0,05 gr Crema Tópica 15 gr","Clotrimazol 1 gr Betametasona 0,05 gr Crema Tópica 15 gr",null,clotrimazol,null,null,null,null,topical,null,clotrimazol,clotrimazol|bio:unknown|brand:unknown|form:topical,1590,store,true,https://www.cruzverde.cl/clotrimazol-1-gr-betametasona-0-05-gr-crema-topica-15-gr/2384.html
clotrimazol,ecofarmacias,Clotrimazol en Polvo 1% x 30 Gr,Clotrimazol en Polvo 1% x 30 Gr,null,clotrimazol,null,null,null,en,fluid-oral,null,clotrimazol|30,clotrimazol|30|bio:unknown|brand:unknown|var:en|form:fluid-oral,1890,store,false,https://www.ecofarmacias.cl/producto/clotrimazol-en-polvo-1-x-30-gr/
clotrimazol,farmex,Clotrimazol 500 mg x 1 óvulo,Clotrimazol 500 mg x 1 óvulo,PASTEUR,clotrimazol,500mg,1,1,null,suppository,null,clotrimazol|500mg,clotrimazol|500mg|bio:unknown|brand:pasteur|form:suppository,1890,store,true,https://farmex.cl/products/clotrimazol-500-mg-x-1-ovulo-pasteur?_pos=6&_psq=clotrimazol&_psid=35e1dcaa0&_ss=e
clotrimazol,dr-simi,Clotrimazol 500 mg 1 óvulo vaginal,Clotrimazol 500 mg 1 óvulo vaginal,HOSPIFARMA,clotrimazol,500mg,1,1,null,suppository,null,clotrimazol|500mg,clotrimazol|500mg|bio:false|brand:hospifarma|form:suppository,2200,store,true,https://www.drsimi.cl/clotrimazol-500-mg-1-ovulo-vaginal/p
clotrimazol,ahumada,Clotrimazol 500 mg x 1 Óvulo Vaginal PASTEUR,Clotrimazol 500 mg 1 Ovulo,null,clotrimazol,500mg,1,1,null,suppository,null,clotrimazol|500mg,clotrimazol|500mg|bio:unknown|brand:unknown|form:suppository,2249,cmr,true,https://www.farmaciasahumada.cl/clotrimazol-500-mg-x-1-ovulo-vaginal-pasteur-89238.html
clotrimazol,cruz-verde,Clotrimazol 500 mg 1 Ovulo,Clotrimazol 500 mg 1 Ovulo,null,clotrimazol,500mg,1,1,null,suppository,null,clotrimazol|500mg,clotrimazol|500mg|bio:unknown|brand:unknown|form:suppository,2990,store,true,https://www.cruzverde.cl/clotrimazol-500-mg-1-ovulo/199261.html
clotrimazol,araucomed,Clotrimazol 100 mg x 6 óvulos (Pasteur),Clotrimazol 100 mg x 6 óvulos (Pasteur),Pasteur,clotrimazol,100mg,6,6,null,suppository,null,clotrimazol|100mg|6,clotrimazol|100mg|6|bio:unknown|brand:pasteur|form:suppository,2290,store,false,https://farmacia.araucomed.com/antimicoticos/clotrimazol-100mg-x6ovulos-pasteur
clotrimazol,cruz-verde,Creminem Clotrimazol 1% Crema 20 gr,Creminem Clotrimazol 1% Crema 20 gr,null,creminem,null,null,null,clotrimazol,topical,null,creminem,creminem|bio:unknown|brand:unknown|var:clotrimazol|form:topical,2590,store,true,https://www.cruzverde.cl/creminem-clotrimazol-1-crema-20-gr/193078.html
clotrimazol,salcobrand,Clotrimazol 100mg 6 Comprimidos Vaginales,Clotrimazol 100mg 6 Comprimidos Vaginales,Clotrimazol,clotrimazol,100mg,6,6,null,solid-oral,null,clotrimazol|100mg|6,clotrimazol|100mg|6|bio:unknown|brand:clotrimazol|form:solid-oral,2727,online,true,https://salcobrand.cl/products/clotrimazol-100mg-6-comprimidos-vaginales?default_sku=581362
clotrimazol,ecofarmacias,Piesan 1% Clotrimazol x 20g,Piesan 1% Clotrimazol x 20g,null,piesan,20000mg,null,null,clotrimazol,null,null,piesan|20000mg|20,piesan|20000mg|20|bio:unknown|brand:unknown|var:clotrimazol,2980,store,false,https://www.ecofarmacias.cl/producto/piesan-1-clotrimazol-x-20g/
clotrimazol,araucomed,Canesten Crema 1% x 20 gramos,Canesten Crema 1% x 20 gramos,null,canesten,null,null,null,null,topical,null,canesten|20,canesten|20|bio:unknown|brand:unknown|form:topical,2990,store,true,https://farmacia.araucomed.com/antimicoticos/canesten-crema-1-20g
clotrimazol,easyfarma,Clotrimazol 100 mg x 6...,Clotrimazol 100 mg x 6...,null,clotrimazol,100mg,6,6,null,null,null,clotrimazol|100mg|6,clotrimazol|100mg|6|bio:unknown|brand:unknown,2990,store,true,https://nuevo.easyfarma.cl/24611-clotrimazol-100-mg-ovulos-x-6.html
clotrimazol,salcobrand,Clotrimazol 500mg 1 Óvulo,Clotrimazol 500mg 1 Óvulo,Clotrimazol,clotrimazol,500mg,1,1,null,suppository,null,clotrimazol|500mg,clotrimazol|500mg|bio:unknown|brand:clotrimazol|form:suppository,2999,store,true,https://salcobrand.cl/products/clotrimazol-500mg-1-ovulo?default_sku=2504143
clotrimazol,cruz-verde,Clotrimazol 100 mg 6 Ovulos,Clotrimazol 100 mg 6 Ovulos,null,clotrimazol,100mg,6,6,null,suppository,null,clotrimazol|100mg,clotrimazol|100mg|bio:unknown|brand:unknown|form:suppository,3290,store,true,https://www.cruzverde.cl/clotrimazol-100-mg-6-ovulos/199231.html
clotrimazol,araucomed,Piesan Clotrimazol Polvo 1% x 100 gramos.,Piesan Clotrimazol Polvo 1% x 100 gramos.,Iphsa,piesan,null,null,null,clotrimazol,fluid-oral,null,piesan|100,piesan|100|bio:unknown|brand:iphsa|var:clotrimazol|form:fluid-oral,3490,store,true,https://farmacia.araucomed.com/antimicoticos/piesan-clotrimazol-polvo-1-x-30-gramos
clotrimazol,ahumada,Canesten 1 % x 20 g Crema Tópica,Canesten 1 % x 20 g Crema Tópica,null,canesten,20000mg,null,null,null,topical,null,canesten|20000mg|20,canesten|20000mg|20|bio:unknown|brand:unknown|form:topical,3787,cmr,true,https://www.farmaciasahumada.cl/canesten-1-x-20-g-crema-topica-145.html
clotrimazol,salcobrand,Clotrimazol 500mg 1 Comprimidos Vaginales,Clotrimazol 500mg 1 Comprimidos Vaginales,Clotrimazol,clotrimazol,500mg,1,1,null,solid-oral,null,clotrimazol|500mg,clotrimazol|500mg|bio:unknown|brand:clotrimazol|form:solid-oral,3871,online,true,https://salcobrand.cl/products/clotrimazol-500mg-1-comprimidos-vaginales?default_sku=581275
clotrimazol,dr-simi,Piesan clotrimazol 1 % polvo uso tópico 100 g,Piesan clotrimazol 1 % polvo uso tópico 100 g,INTERPHARMA,piesan,100000mg,null,null,clotrimazol,fluid-oral,null,piesan|100000mg,piesan|100000mg|bio:false|brand:interpharma|var:clotrimazol|form:fluid-oral,3960,store,true,https://www.drsimi.cl/piesan-clotrimazol-1-100-gr-polvo-topico/p
clotrimazol,easyfarma,Clotrimazol 500 mg x 1 comp...,Clotrimazol 500 mg x 1 comp...,null,clotrimazol,500mg,1,1,null,solid-oral,null,clotrimazol|500mg,clotrimazol|500mg|bio:unknown|brand:vaginal|form:solid-oral,3990,store,true,https://nuevo.easyfarma.cl/101662-clotrimazol-500-mg-x-1-comp-vaginal.html
clotrimazol,easyfarma,Canesten Crema Tópica 1% x...,Canesten Crema Tópica 1% x...,null,canesten,null,null,null,null,topical,null,canesten,canesten|bio:unknown|brand:20gr|form:topical,3990,store,true,https://nuevo.easyfarma.cl/25068-canesten-crema-topica-1-x-20gr.html
clotrimazol,salcobrand,Canesten Clotrimazol 1% Crema Tópica 20g,Canesten Clotrimazol 1% Crema Tópica 20g,Canesten,canesten,20000mg,null,null,clotrimazol,topical,null,canesten|20000mg,canesten|20000mg|bio:unknown|brand:canesten|var:clotrimazol|form:topical,4399,online,true,https://salcobrand.cl/products/canesten-clotrimazol-1-crema-topica-20g?default_sku=150640
clotrimazol,salcobrand,Clotrimazol 1% Crema Tópica 20g,Clotrimazol 1% Crema Tópica 20g,Laboratorio de Chile,clotrimazol,20000mg,null,null,null,topical,null,clotrimazol|20000mg,clotrimazol|20000mg|bio:unknown|brand:dechile|form:topical,4487,online,true,https://salcobrand.cl/products/labchile-clotrimazol-1-crema-topica-20g?default_sku=434370
clotrimazol,salcobrand,Clotrimazol Betametasona 1%/0.05% Crema Dérmica 15g,Clotrimazol Betametasona 1%/0.05% Crema Dérmica 15g,Clotrimazol,clotrimazol,15000mg,null,null,betametasona,topical,null,clotrimazol|15000mg,clotrimazol|15000mg|bio:unknown|brand:clotrimazol|var:betametasona|form:topical,4487,online,true,https://salcobrand.cl/products/clotrimazol-betametasona-1-0-05-crema-dermica-15g?default_sku=434389
clotrimazol,sermecoop,Canesten (clotrimazol) 1% Crema 20grs,Canesten (clotrimazol) 1% Crema 20grs,null,canesten,null,null,null,null,topical,null,canesten,canesten|bio:unknown|brand:unknown|form:topical,4590,store,false,https://www.farmaciasermecoop.cl/index.php/online/detalleproducto?p_=20058&d_=1
clotrimazol,cruz-verde,Canesten Clotrimazol 1% Crema Tópica 20 gr,Canesten Clotrimazol 1% Crema Tópica 20 gr,null,canesten,null,null,null,clotrimazol,topical,null,canesten,canesten|bio:unknown|brand:unknown|var:clotrimazol|form:topical,4990,store,true,https://www.cruzverde.cl/canesten-clotrimazol-1-crema-topica-20-gr/3128.html
clotrimazol,araucomed,Winasorb Jarabe 150mg/5ml x 60 ml.,Winasorb Jarabe 150mg/5ml x 60 ml.,null,winasorb,150mg,null,null,null,fluid-oral,null,winasorb|60ml|60,winasorb|60ml|60|bio:unknown|brand:unknown|form:fluid-oral,4990,store,true,https://farmacia.araucomed.com/analgesicos-y-antinflamatorios/winasorb-jarabe-150mg-5ml-x60ml
clotrimazol,easyfarma,Clotrimin-B crema 15 grs.,Clotrimin-B crema 15 grs.,null,clotriminb,null,null,null,grs,topical,null,clotriminb,clotriminb|bio:unknown|brand:15gr|var:grs|form:topical,4990,store,true,https://nuevo.easyfarma.cl/25879-clotrimin-b-crema-x-15gr.html
clotrimazol,salcobrand,Clotrimazol 1% Tópico Lí­quido 20ml,Clotrimazol 1% Tópico Lí­quido 20ml,Pasteur,clotrimazol,20ml,null,null,li,null,null,clotrimazol|20ml,clotrimazol|20ml|bio:unknown|brand:pasteur|var:li,5543,online,true,https://salcobrand.cl/products/clotrimazol-1-sol-x20ml?default_sku=2503045
clotrimazol,easyfarma,Cutanil 1% 30 g,Cutanil 1% 30 g,null,cutanil,30000mg,null,null,null,null,null,cutanil|30000mg,cutanil|30000mg|bio:unknown|brand:unknown,5995,store,true,https://nuevo.easyfarma.cl/102465-cutanil-1-30-g.html
clotrimazol,salcobrand,Clotrimazol 100mg 6 Óvulos,Clotrimazol 100mg 6 Óvulos,Clotrimazol,clotrimazol,100mg,6,6,null,suppository,null,clotrimazol|100mg,clotrimazol|100mg|bio:unknown|brand:clotrimazol|form:suppository,6775,online,true,https://salcobrand.cl/products/labchile-clotrimazol-100mg-6-ovulos?default_sku=431419
clotrimazol,ecofarmacias,"Novadrel Betametasona 0,5mg Clotrimazol 10mg Crema Tópica  20 gr (Prater)","Novadrel Betametasona 0,5mg Clotrimazol 10mg Crema Tópica  20 gr (Prater)",null,novadrel,0.5mg,null,null,betametasona,topical,null,novadrel|0.5mg,novadrel|0.5mg|bio:unknown|brand:unknown|var:betametasona|form:topical,6980,store,false,https://www.ecofarmacias.cl/producto/novadrel-betametasona-crema-topica-05mg-clotrimazol-10mg-x-20-gr-prater/
clotrimazol,araucomed,Canesten 1% spray x 40 ml.,Canesten Spray 1% x 40 ml,null,canesten,40ml,null,null,null,null,null,canesten|40ml|40,canesten|40ml|40|bio:unknown|brand:unknown,7990,store,true,https://farmacia.araucomed.com/antimicoticos/canesten-1-spray-40ml
clotrimazol,easyfarma,Canesten Spray 1% x 40 ml,Canesten Spray 1% x 40 ml,null,canesten,40ml,null,null,null,null,null,canesten|40ml|40,canesten|40ml|40|bio:unknown|brand:unknown,7990,store,true,https://nuevo.easyfarma.cl/25066-canesten-spray-1-x-40ml.html
clotrimazol,ahumada,Fungos 500 mg x 1 Ovulo Vaginal,Fungos 500 mg x 1 Ovulo Vaginal,null,fungos,500mg,1,1,null,suppository,null,fungos|500mg,fungos|500mg|bio:unknown|brand:unknown|form:suppository,8474,cmr,true,https://www.farmaciasahumada.cl/fungos-500-mg-x-1-ovulo-vaginal-65006.html
clotrimazol,salcobrand,Fungos Clotrimazol 500mg 1 í“vulo,Fungos Clotrimazol 500mg 1 í“vulo,Fungos,fungos,500mg,null,null,clotrimazol,null,null,fungos|500mg,fungos|500mg|bio:unknown|brand:fungos|var:clotrimazol,9591,online,true,https://salcobrand.cl/products/clotrimazol-500mg-ovulo-bd2f5f99-b952-4379-be84-713f9e6ca108?default_sku=2501047
clotrimazol,araucomed,Cutanil Pasta 1% x30g,Cutanil Pasta 1% x30g,ITF-Labomed,cutanil,30000mg,null,null,pasta,null,null,cutanil|30000mg|30,cutanil|30000mg|30|bio:unknown|brand:itflabomed|var:pasta,9990,store,true,https://farmacia.araucomed.com/corticoides/cutanil-pasta-1-x30g
clotrimazol,ahumada,Clotrimin-B x 15 g Crema Topica,Clotrimin-B x 15 g Crema Topica,null,clotriminb,15000mg,null,null,null,topical,null,clotriminb|15000mg|15,clotriminb|15000mg|15|bio:unknown|brand:unknown|form:topical,10537,cmr,true,https://www.farmaciasahumada.cl/clotrimin-b-x-15-g-crema-topica-20787.html
clotrimazol,cruz-verde,Fungos Clotrimazol 500 mg 1 Ovulo,Fungos Clotrimazol 500 mg 1 Ovulo,null,fungos,500mg,1,1,clotrimazol,suppository,null,fungos|500mg,fungos|500mg|bio:unknown|brand:unknown|var:clotrimazol|form:suppository,10890,store,true,https://www.cruzverde.cl/fungos-clotrimazol-500-mg-1-ovulo/259415.html
clotrimazol,salcobrand,Clotrimin-B Clotrimazol / Betametasona Crema Tópica 15g,Clotrimin-B Clotrimazol / Betametasona Crema Tópica 15g,Clotrimin B,clotriminb,15000mg,null,null,null,topical,betametasona,clotriminb|15000mg,clotriminb|15000mg|bio:unknown|brand:clotriminb|combo:betametasona|form:topical,11615,online,true,https://salcobrand.cl/products/clotrimin-b-clotrimazol-betametasona-crema-topica-15g?default_sku=2100305
clotrimazol,ecofarmacias,Cutanil Clotrimazol Pasta Tópica 1% 30g,Cutanil Clotrimazol Pasta Tópica 1% 30g,null,cutanil,30000mg,null,null,clotrimazol,null,null,cutanil|30000mg,cutanil|30000mg|bio:unknown|brand:unknown|var:clotrimazol,12800,store,true,https://www.ecofarmacias.cl/producto/cutanil-clotrimazol-pasta-topica-1-30g/
clotrimazol,ecofarmacias,Micosepdeo Clotrimazol Aerosol Topico 1% 110 Gr / 200 Ml,Micosepdeo Clotrimazol Aerosol Topico 1% 110 Gr / 200 Ml,null,micosepdeo,200ml,null,null,clotrimazol,inhaled,null,micosepdeo|200ml,micosepdeo|200ml|bio:unknown|brand:unknown|var:clotrimazol|form:inhaled,12900,store,false,https://www.ecofarmacias.cl/producto/micosepdeo-clotrimazol-aerosol-topico-1-110-gr-200-ml/
clotrimazol,ahumada,Canesten 1 % x 40 mL Solución Tópica,Canesten 1 % x 40 mL Solución Tópica,null,canesten,40ml,null,null,null,fluid-oral,null,canesten|40ml|40,canesten|40ml|40|bio:unknown|brand:unknown|form:fluid-oral,12952,cmr,true,https://www.farmaciasahumada.cl/canesten-1-x-40-ml-solucion-topica-80884.html
clotrimazol,ecofarmacias,Donomix Clotrimazol crema dérmica 15g Lab Chile DESCUENTO,Donomix Clotrimazol crema dérmica 15g Lab Chile DESCUENTO,null,donomix,15000mg,null,null,clotrimazol,topical,null,donomix|15000mg,donomix|15000mg|bio:unknown|brand:unknown|var:clotrimazol|form:topical,12990,store,false,https://www.ecofarmacias.cl/producto/donomix-clotrimazol-crema-dermica-15g-lab-chile-descuento/
clotrimazol,cruz-verde,"Creminem?B Clotrimazol 10 mg Betametasona 0,5 mg Crema Dérmica 15 gr","Creminem?B Clotrimazol 10 mg Betametasona 0,5 mg Crema Dérmica 15 gr",null,creminem,10mg,null,null,b,topical,null,creminem|10mg,creminem|10mg|bio:unknown|brand:unknown|var:b|form:topical,13090,store,true,https://www.cruzverde.cl/creminem-b-clotrimazol-10-mg-betametasona-0-5-mg-crema-dermica-15-gr/193079.html
clotrimazol,salcobrand,Fungos Clotrimazol 100mg 6 í“vulos,Fungos Clotrimazol 100mg 6 í“vulos,Fungos,fungos,100mg,null,null,clotrimazol,null,null,fungos|100mg,fungos|100mg|bio:unknown|brand:fungos|var:clotrimazol,13463,online,true,https://salcobrand.cl/products/clotrimazol-100mg-ovulo?default_sku=2501048
clotrimazol,araucomed,Micosepdeo 1% Aerosol tópico 200 ml,Micosepdeo 1% Aerosol tópico 200 ml,Pablo Cassara,micosepdeo,200ml,null,null,null,inhaled,null,micosepdeo|200ml,micosepdeo|200ml|bio:unknown|brand:pablocassara|form:inhaled,13990,store,true,https://farmacia.araucomed.com/antimicoticos/micosep-1-desodorante-spray-200-ml
clotrimazol,ahumada,Cutanil 1 % x 30 g Pasta Tópica,Cutanil 1 % x 30 g Pasta Tópica,null,cutanil,30000mg,null,null,null,null,null,cutanil|30000mg|30,cutanil|30000mg|30|bio:unknown|brand:unknown,14842,cmr,true,https://www.farmaciasahumada.cl/cutanil-1-x-30-g-pasta-topica-2606.html
clotrimazol,easyfarma,Donomix crema x 15 g,Donomix crema x 15 g,null,donomix,15000mg,null,null,null,topical,null,donomix|15000mg|15,donomix|15000mg|15|bio:unknown|brand:unknown|form:topical,14990,store,true,https://nuevo.easyfarma.cl/24627-donomix-crema-x-15-gr.html
clotrimazol,ahumada,Donomix x 15 g Crema Tópica,Donomix crema x 15 g,null,donomix,15000mg,null,null,null,topical,null,donomix|15000mg|15,donomix|15000mg|15|bio:unknown|brand:unknown|form:topical,18547,cmr,true,https://www.farmaciasahumada.cl/donomix-x-15-g-crema-topica-1088.html
clotrimazol,cruz-verde,Fungos Clotrimazol 100 mg 6 Óvulos,Fungos Clotrimazol 100 mg 6 Óvulos,null,fungos,100mg,6,6,clotrimazol,suppository,null,fungos|100mg,fungos|100mg|bio:unknown|brand:unknown|var:clotrimazol|form:suppository,15290,store,true,https://www.cruzverde.cl/fungos-clotrimazol-100-mg-6-ovulos/260785.html
clotrimazol,ahumada,Micosepdeo Aerosol Topico 1% 200ml,Micosepdeo Aerosol Topico 1% 200ml,null,micosepdeo,200ml,null,null,null,inhaled,null,micosepdeo|200ml,micosepdeo|200ml|bio:unknown|brand:unknown|form:inhaled,15629,cmr,true,https://www.farmaciasahumada.cl/micosepdeo-aerosol-topico-1-200ml-81390.html
clotrimazol,cruz-verde,Canesten Clotrimazol 1% Spray 40 mL,Canesten Clotrimazol 1% Spray 40 mL,null,canesten,40ml,null,null,clotrimazol,null,null,canesten|40ml,canesten|40ml|bio:unknown|brand:unknown|var:clotrimazol,16490,store,true,https://www.cruzverde.cl/canesten-clotrimazol-1-spray-40-ml/3133.html
clotrimazol,salcobrand,Micosepdeo Clotrimazol Aerosol Tópico 200ml,Micosepdeo Clotrimazol Aerosol Tópico 200ml,Micosepdeo,micosepdeo,200ml,null,null,clotrimazol,inhaled,null,micosepdeo|200ml,micosepdeo|200ml|bio:unknown|brand:micosepdeo|var:clotrimazol|form:inhaled,17599,online,true,https://salcobrand.cl/products/micosepdeo-clotrimazol-aerosol-topico-200ml?default_sku=851559
clotrimazol,ahumada,Tribesona x 20 g Crema,Tribesona x 20 g Crema,null,tribesona,20000mg,null,null,null,topical,null,tribesona|20000mg|20,tribesona|20000mg|20|bio:unknown|brand:unknown|form:topical,18044,cmr,true,https://www.farmaciasahumada.cl/tribesona-x-20-g-crema-790.html
clotrimazol,cruz-verde,Cutanil Clotrimazol 1% Pasta Dérmica 30 gr,Cutanil Clotrimazol 1% Pasta Dérmica 30 gr,null,cutanil,null,null,null,clotrimazol,null,null,cutanil,cutanil|bio:unknown|brand:unknown|var:clotrimazol,18890,store,true,https://www.cruzverde.cl/cutanil-clotrimazol-1-pasta-dermica-30-gr/24149.html
clotrimazol,salcobrand,Tribesona Clotrimazol / Dexametasona Acetato Crema Tópica 20g,Tribesona Clotrimazol / Dexametasona Acetato Crema Tópica 20g,Tribesona,tribesona,20000mg,null,null,null,topical,dexametasona,tribesona|20000mg,tribesona|20000mg|bio:unknown|brand:tribesona|combo:dexametasona|form:topical,20591,online,true,https://salcobrand.cl/products/tribesona-clotrimazol-dexametasona-acetato-crema-topica-20g?default_sku=340864
clotrimazol,salcobrand,Donomix Betametasona / Clotrimazol Crema Dérmica 15g,Donomix Betametasona / Clotrimazol Crema Dérmica 15g,Donomix,donomix,15000mg,null,null,null,topical,clotrimazol,donomix|15000mg,donomix|15000mg|bio:unknown|brand:donomix|combo:clotrimazol|form:topical,21119,online,true,https://salcobrand.cl/products/donomix-betametasona-clotrimazol-crema-dermica-15g?default_sku=431305
clotrimazol,easyfarma,Baycuten Crema x 15 gr,Baycuten Crema x 15 gr,null,baycuten,null,null,null,null,topical,null,baycuten|15,baycuten|15|bio:unknown|brand:15gr|form:topical,22990,store,true,https://nuevo.easyfarma.cl/25067-baycuten-crema-x-15gr.html
clotrimazol,cruz-verde,Donomix  Clotrimazol 10 mg / gr Crema Dérmica 15 gr,Donomix  Clotrimazol 10 mg / gr Crema Dérmica 15 gr,null,donomix,10mg,null,null,clotrimazol,topical,null,donomix|10mg,donomix|10mg|bio:unknown|brand:unknown|var:clotrimazol|form:topical,23990,store,true,https://www.cruzverde.cl/donomix-clotrimazol-10-mg-gr-crema-dermica-15-gr/1230.html
clotrimazol,cruz-verde,Tribesona Crema Clotrimazol 1 gr Crema Tópica 20 gr,Tribesona Crema Clotrimazol 1 gr Crema Tópica 20 gr,null,tribesona,null,null,null,clotrimazol,topical,null,tribesona,tribesona|bio:unknown|brand:unknown|var:clotrimazol|form:topical,24090,store,true,https://www.cruzverde.cl/tribesona-crema-clotrimazol-1-gr-crema-topica-20-gr/19176.html
clotrimazol,sermecoop,Baycuten (dexametasona/clotrimazol)  Crema 15gr,Baycuten (dexametasona/clotrimazol)  Crema 15gr,null,baycuten,null,null,null,null,topical,clotrimazol,baycuten,baycuten|bio:unknown|brand:unknown|combo:clotrimazol|form:topical,24990,store,false,https://www.farmaciasermecoop.cl/index.php/online/detalleproducto?p_=2714&d_=1
clotrimazol,ahumada,Baycuten x 15 g Crema Tópica,Baycuten x 15 g Crema Tópica,null,baycuten,15000mg,null,null,null,topical,null,baycuten|15000mg|15,baycuten|15000mg|15|bio:unknown|brand:unknown|form:topical,30149,cmr,true,https://www.farmaciasahumada.cl/baycuten-x-15-g-crema-topica-93.html
clotrimazol,ahumada,Gynomax XL 300/200/100 3 Óvulos,Gynomax XL 300/200/100 3 Óvulos,null,gynomax,null,3,3,xl,suppository,null,gynomax,gynomax|bio:unknown|brand:unknown|var:xl|form:suppository,30299,store,true,https://www.farmaciasahumada.cl/gynomax-xl-300-200-100-3-ovulos-97878.html
clotrimazol,salcobrand,Baycutén Clotrimazol / Dexametasona Crema 15g,Baycutén Clotrimazol / Dexametasona Crema 15g,Baycuten,baycuten,15000mg,null,null,null,topical,dexametasona,baycuten|15000mg,baycuten|15000mg|bio:unknown|brand:baycuten|combo:dexametasona|form:topical,35463,online,true,https://salcobrand.cl/products/baycuten-clotrimazol-dexametasona-crema-15g?default_sku=150540
clotrimazol,cruz-verde,Baycuten Dexametasona 6 mg Crema Tópica 15 gr,Baycuten Dexametasona 6 mg Crema Tópica 15 gr,null,baycuten,6mg,null,null,dexametasona,topical,null,baycuten|6mg,baycuten|6mg|bio:unknown|brand:unknown|var:dexametasona|form:topical,38080,store,true,https://www.cruzverde.cl/baycuten-dexametasona-6-mg-crema-topica-15-gr/7021.html
diclofenaco,ecofarmacias,Diclofenaco Sódico 50 mg x 10 Comprimidos (Baden),Diclofenaco sódico 50 mg x 10 comprimidos,null,diclofenaco,50mg,10,10,null,solid-oral,null,diclofenaco|50mg|10,diclofenaco|50mg|10|bio:unknown|brand:unknown|form:solid-oral,290,store,false,https://www.ecofarmacias.cl/producto/diclofenaco-sodico-50-mg-x-10-comprimidos-baden/
diclofenaco,farmex,Diclofenaco sódico 50 mg x 10 comprimidos,Diclofenaco sódico 50 mg x 10 comprimidos,null,diclofenaco,50mg,10,10,null,solid-oral,null,diclofenaco|50mg|10,diclofenaco|50mg|10|bio:unknown|brand:unknown|form:solid-oral,456,store,true,https://farmex.cl/products/diclofenaco-sodico-50-mg-x-10-comprimidos-15?_pos=9&_psq=diclofenaco&_psid=032b726f4&_ss=e
diclofenaco,ahumada,Diclofenaco Sodico 50 mg x 10 Comprimidos con Recubrimiento Entérico ANDROMACO S.A.,Diclofenaco sódico 50 mg x 10 comprimidos,null,diclofenaco,50mg,10,10,null,solid-oral,null,diclofenaco|50mg|10,diclofenaco|50mg|10|bio:unknown|brand:unknown|form:solid-oral,1349,cmr,true,https://www.farmaciasahumada.cl/diclofenaco-sodico-50-mg-x-10-comprimidos-con-recubrimiento-enterico-andromaco-s.a.-87693.html
diclofenaco,easyfarma,Diclofenaco 50 mg x 10...,Diclofenaco 50 mg x 10...,null,diclofenaco,50mg,10,10,null,null,null,diclofenaco|50mg|10,diclofenaco|50mg|10|bio:unknown|brand:unknown,390,store,true,https://nuevo.easyfarma.cl/26091-diclofenaco-de-sodio-50-mg-x-10.html
diclofenaco,araucomed,Diclofenaco Sódico 50 mg x 10 comprimidos. (Andromaco),Diclofenaco Sódico 50 mg x 10 comprimidos. (Andromaco),Andrómaco,diclofenaco,50mg,10,10,null,solid-oral,null,diclofenaco|50mg|10,diclofenaco|50mg|10|bio:unknown|brand:andromaco|form:solid-oral,400,store,true,https://farmacia.araucomed.com/analgesicos-y-antinflamatorios/diclofenaco-sodico-50mg-x10com-andromaco
diclofenaco,dr-simi,Diclofenaco 50 mg 10 comprimidos con recubrimiento entérico,Diclofenaco 50 mg 10 comprimidos con recubrimiento entérico,ANDRÓMACO,diclofenaco,50mg,10,10,null,solid-oral,null,diclofenaco|50mg|10,diclofenaco|50mg|10|bio:false|brand:andromaco|form:solid-oral,440,store,true,https://www.drsimi.cl/diclofenaco-de-sodio-50-mg-10-comprimidos-con-recubrimiento-enterico/p
diclofenaco,ecofarmacias,Diclofenaco Sódico 100mg x 8 Comprimidos (Curaespring),Diclofenaco Sódico 100mg x 8 Comprimidos (Curaespring),null,diclofenaco,100mg,8,8,null,solid-oral,null,diclofenaco|100mg|8,diclofenaco|100mg|8|bio:unknown|brand:unknown|form:solid-oral,690,store,false,https://www.ecofarmacias.cl/producto/diclofenaco-sodico-100mg-por-8-comprimidos-curaespring/
diclofenaco,cruz-verde,Diclofenaco Sodico 100 mg 8 Cápsulas de Liberación Prolongada,Diclofenaco Sódico 100mg x 8 Comprimidos (Curaespring),null,diclofenaco,100mg,8,8,null,solid-oral,null,diclofenaco|100mg|8,diclofenaco|100mg|8|bio:unknown|brand:unknown|form:solid-oral,2400,store,true,https://www.cruzverde.cl/diclofenaco-sodico-100-mg-8-capsulas-de-liberacion-prolongada/199345.html
diclofenaco,ecofarmacias,Diclofenaco Retard 100 mg x 8 cápsulas Opko,Diclofenaco Retard 100 mg x 8 cápsulas Opko,null,diclofenaco,100mg,8,8,retard,solid-oral,null,diclofenaco|100mg|8,diclofenaco|100mg|8|bio:unknown|brand:unknown|var:retard|form:solid-oral,690,store,false,https://www.ecofarmacias.cl/producto/diclofenaco-retard-100-mg-x-8-capsulas-opko/
diclofenaco,farmex,"Diclofenaco Sódico 12,5 mg x 5 Supositorios","Diclofenaco Sódico 12,5 mg x 5 Supositorios",LAB. CHILE,diclofenaco,12.5mg,5,5,null,suppository,null,diclofenaco|12.5mg|5,diclofenaco|12.5mg|5|bio:unknown|brand:chile|form:suppository,790,store,true,https://farmex.cl/products/diclofenaco-inf-x-supositorios-diclofenaco-sodico?_pos=4&_psq=diclofenaco&_psid=032b726f4&_ss=e
diclofenaco,araucomed,"Diclofenaco Sódico supositorios 12,5 mg x 5 unidades. (Chile)","Diclofenaco Sódico 12,5 mg x 5 Supositorios",LAB. CHILE,diclofenaco,12.5mg,5,5,null,suppository,null,diclofenaco|12.5mg|5,diclofenaco|12.5mg|5|bio:unknown|brand:chile|form:suppository,900,store,true,https://farmacia.araucomed.com/analgesicos-y-antinflamatorios/diclofenaco-sodico-supositorios-125-mg-x5-chile
diclofenaco,araucomed,Diclofenaco Retard 100 mg x 8 comprimidos (CuraeSpring),Diclofenaco Retard 100 mg x 8 comprimidos (CuraeSpring),CuraeSpring,diclofenaco,100mg,8,8,retard,solid-oral,null,diclofenaco|100mg|8,diclofenaco|100mg|8|bio:unknown|brand:curaespring|var:retard|form:solid-oral,800,store,true,https://farmacia.araucomed.com/analgesicos-y-antinflamatorios/diclofenaco-retard-100mg-x-8-capsulas-curaespring
diclofenaco,araucomed,"Diclofenaco Gel 1,16% x 30 gramos. (CuraeSpring)","Diclofenaco Gel 1,16% x 30 gramos. (CuraeSpring)",CuraeSpring,diclofenaco,null,null,null,null,topical,null,diclofenaco|30,diclofenaco|30|bio:unknown|brand:curaespring|form:topical,800,store,true,https://farmacia.araucomed.com/analgesicos-y-antinflamatorios/diclofenaco-gel-116-x-30-gramos-curaespring
diclofenaco,araucomed,"Diclofenaco Sódico supositorios 12,5 mg x5 (Pasteur)","Diclofenaco Sódico supositorios 12,5 mg x5 (Pasteur)",Pasteur,diclofenaco,12.5mg,5,5,null,suppository,null,diclofenaco|12.5mg|5,diclofenaco|12.5mg|5|bio:unknown|brand:pasteur|form:suppository,890,store,true,https://farmacia.araucomed.com/analgesicos-y-antinflamatorios/diclofenaco-sodico-supositorios-125-mg-x5-pasteur
diclofenaco,farmex,Diclofenaco Sodico Adultos 50 mg x 5 supositorios,Diclofenaco Sodico Adultos 50 mg x 5 supositorios,LAB. CHILE,diclofenaco,50mg,5,5,null,suppository,null,diclofenaco|50mg|5,diclofenaco|50mg|5|bio:unknown|brand:chile|form:suppository,890,store,true,https://farmex.cl/products/diclofenaco-sodico-adultos-50-mg-x-5-supositorios?_pos=7&_psq=diclofenaco&_psid=032b726f4&_ss=e
diclofenaco,araucomed,Diclofenaco Supositorios 50 mg x 5 supositorios. (Chile),Diclofenaco Sodico Adultos 50 mg x 5 supositorios,LAB. CHILE,diclofenaco,50mg,5,5,null,suppository,null,diclofenaco|50mg|5,diclofenaco|50mg|5|bio:unknown|brand:chile|form:suppository,990,store,true,https://farmacia.araucomed.com/analgesicos-y-antinflamatorios/diclofenaco-supositorios-50-mg-x5-chile
diclofenaco,ecofarmacias,Diclofenaco 100 X 8 Cápsulas (Laboratorio Chile),Diclofenaco 100 X 8 Cápsulas (Laboratorio Chile),null,diclofenaco,null,8,8,null,solid-oral,null,diclofenaco|8,diclofenaco|8|bio:unknown|brand:unknown|form:solid-oral,950,store,false,https://www.ecofarmacias.cl/producto/diclofenaco-100-x-8-capsulas-laboratorio-chile/
diclofenaco,dr-simi,Diclofenaco 100 mg 8 cápsulas con gránulos recubiertos de liberación prolongada,Diclofenaco 100 mg 8 cápsulas con gránulos recubiertos de liberación prolongada,ANDRÓMACO,diclofenaco,100mg,8,8,null,solid-oral,null,diclofenaco|100mg|8,diclofenaco|100mg|8|bio:false|brand:andromaco|form:solid-oral,960,store,true,https://www.drsimi.cl/diclofenaco-sodico-100-mg-8-capsulas-con-granulos-recubiertos-de-liberacion-prolongada/p
diclofenaco,farmex,Diclofenaco Sódico 50 mg x 5 Supositorios,Diclofenaco Sódico 50 mg x 5 Supositorios,null,diclofenaco,50mg,5,5,null,suppository,null,diclofenaco|50mg|5,diclofenaco|50mg|5|bio:unknown|brand:unknown|form:suppository,980,store,true,https://farmex.cl/products/diclofenaco-sodico-50-mg-x-5-supositorios-2?_pos=10&_psq=diclofenaco&_psid=032b726f4&_ss=e
diclofenaco,ahumada,Diclofenaco 50 mg x 5 Supositorios Adulto PASTEUR,Diclofenaco Sódico 50 mg x 5 Supositorios,null,diclofenaco,50mg,5,5,null,suppository,null,diclofenaco|50mg|5,diclofenaco|50mg|5|bio:unknown|brand:unknown|form:suppository,2204,store,true,https://www.farmaciasahumada.cl/diclofenaco-50-mg-x-5-supositorios-adulto-pasteur-86349.html
diclofenaco,ecofarmacias,"Diclofenaco Dietilamina 1,16%  30g Gel Tópico (CuraSpring) DESCUENTO",Diclofenaco Dietilamina 1.16% Gel 30g,Diclofenaco Dietilamina,diclofenaco,30000mg,null,null,dietilamina,topical,null,diclofenaco|30000mg,diclofenaco|30000mg|bio:unknown|brand:unknown|var:dietilamina|form:topical,990,store,false,https://www.ecofarmacias.cl/producto/diclofenaco-dietilamina-116-30g-gel-topico-curaspring-descuento/
diclofenaco,salcobrand,Diclofenaco Dietilamina 1.16% Gel 30g,Diclofenaco Dietilamina 1.16% Gel 30g,Diclofenaco Dietilamina,diclofenaco,30000mg,null,null,dietilamina,topical,null,diclofenaco|30000mg,diclofenaco|30000mg|bio:unknown|brand:unknown|var:dietilamina|form:topical,2991,online,true,https://salcobrand.cl/products/diclofenaco-dietilamina-1-16-gel-30g?default_sku=1763263
diclofenaco,araucomed,"Diclofenaco Gel 1,16% x 30 gramos. (Opko)","Diclofenaco Gel 1,16% x 30 gramos. (Opko)",Opko,diclofenaco,null,null,null,null,topical,null,diclofenaco|30,diclofenaco|30|bio:unknown|brand:opko|form:topical,990,store,true,https://farmacia.araucomed.com/analgesicos-y-antinflamatorios/diclofenaco-gel-116-x-30-gramos-opko
diclofenaco,farmex,"Diclofenaco Dietilamina gel tópico 1,16% x 30 gramos","Diclofenaco Dietilamina gel tópico 1,16% x 30 gramos",Curae Spring,diclofenaco,null,null,null,dietilamina,topical,null,diclofenaco|30,diclofenaco|30|bio:unknown|brand:curaespring|var:dietilamina|form:topical,990,store,true,https://farmex.cl/products/diclofenaco-dietilamina-gel-topico-1-16-x-30-gramos?_pos=3&_psq=diclofenaco&_psid=032b726f4&_ss=e
diclofenaco,farmex,"Diclofenaco Dietilamina 1,16 % Gel Tópico x 30 g","Diclofenaco Dietilamina 1,16 % Gel Tópico x 30 g",OPKO,diclofenaco,30000mg,null,null,dietilamina,topical,null,diclofenaco|30000mg|30,diclofenaco|30000mg|30|bio:unknown|brand:opko|var:dietilamina|form:topical,990,store,true,https://farmex.cl/products/diclofenaco-dietilamina-1-16-gel-topico-x-30-g?_pos=6&_psq=diclofenaco&_psid=032b726f4&_ss=e
diclofenaco,easyfarma,Diclofenaco infantil...,Diclofenaco infantil...,null,diclofenaco,null,null,null,infantil,null,null,diclofenaco,diclofenaco|bio:unknown|brand:unknown|var:infantil,990,store,true,https://nuevo.easyfarma.cl/24622-diclofenaco-inf-125-mg-suposit-x-5.html
diclofenaco,easyfarma,Diclofenaco Sodico 100 Mg 8...,Diclofenaco Sodico 100 Mg 8...,null,diclofenaco,100mg,null,null,null,null,null,diclofenaco|100mg,diclofenaco|100mg|bio:unknown|brand:andromaco,990,store,true,https://nuevo.easyfarma.cl/104894-diclofenaco-sodico-100-mg-8-capsulas-andromaco.html
diclofenaco,easyfarma,Diclofenaco Sodico 100 Mg 8...,Diclofenaco Sodico 100 Mg 8...,null,diclofenaco,100mg,null,null,null,null,null,diclofenaco|100mg,diclofenaco|100mg|bio:unknown|brand:curaespring,990,store,true,https://nuevo.easyfarma.cl/104645-diclofenaco-sodico-100-mg-8-comp-curaespring.html
diclofenaco,easyfarma,Diclofenaco Sódico 100 mg x...,Diclofenaco Sódico 100 mg x...,null,diclofenaco,100mg,null,null,null,null,null,diclofenaco|100mg,diclofenaco|100mg|bio:unknown|brand:unknown,990,store,true,https://nuevo.easyfarma.cl/104635-diclofenaco-sodico-100-mg-x-8-cap.html
diclofenaco,dr-simi,Diclofenaco sódico 100 mg 8 comprimidos recubiertos de liberación prolongada,Diclofenaco sódico 100 mg 8 comprimidos recubiertos de liberación prolongada,MDC,diclofenaco,100mg,8,8,null,solid-oral,null,diclofenaco|100mg|8,diclofenaco|100mg|8|bio:true|brand:mdc|form:solid-oral,1080,store,true,https://www.drsimi.cl/copy-of-diclofenaco-100-mg-8-capsulas-con-granulos-recubiertos-de-liberacion-prolongada-1/p
diclofenaco,ecofarmacias,Diclofenaco Gel 30g (Ascend),Diclofenaco Gel 30g (Ascend),null,diclofenaco,30000mg,null,null,null,topical,null,diclofenaco|30000mg,diclofenaco|30000mg|bio:unknown|brand:unknown|form:topical,1090,store,false,https://www.ecofarmacias.cl/producto/diclofenaco-gel-30g-ascend/
diclofenaco,dr-simi,"Diclofenaco 12,5 mg 5 supositorios infantiles","Diclofenaco 12,5 mg 5 supositorios infantiles",TEVA,diclofenaco,12.5mg,5,5,null,suppository,null,diclofenaco|12.5mg,diclofenaco|12.5mg|bio:false|brand:teva|form:suppository,1120,store,true,https://www.drsimi.cl/diclofenaco-sodico-12-5-mg-5-supositorios-infantil/p
diclofenaco,farmex,Diclofenaco Sódico 100 mg x 8 cápsulas Liberación Prolongada,Diclofenaco Sódico 100 mg x 8 cápsulas Liberación Prolongada,ANDROMACO,diclofenaco,100mg,8,8,null,solid-oral,null,diclofenaco|100mg|8,diclofenaco|100mg|8|bio:unknown|brand:andromaco|form:solid-oral,1190,store,true,https://farmex.cl/products/diclofenaco-sodico-100-mg-x-8-capsulas-liberacion-prolongada?_pos=1&_psq=diclofenaco&_psid=032b726f4&_ss=e
diclofenaco,farmex,"Diclotaren (Diclofenaco) gel tópico 1,16% x 30 g","Diclotaren (Diclofenaco) gel tópico 1,16% x 30 g",Farmoquímica del Pacífico,diclotaren,30000mg,null,null,null,topical,null,diclotaren|30000mg|30,diclotaren|30000mg|30|bio:unknown|brand:unknown|form:topical,1195,store,true,https://farmex.cl/products/diclotaren-gel-topico-1-16-x-30-g?_pos=2&_psq=diclofenaco&_psid=032b726f4&_ss=e
diclofenaco,easyfarma,Diclofenaco 100 mg x 8...,Diclofenaco 100 mg x 8...,null,diclofenaco,100mg,8,8,null,null,null,diclofenaco|100mg|8,diclofenaco|100mg|8|bio:unknown|brand:unknown,1200,store,true,https://nuevo.easyfarma.cl/24623-diclofenaco-100-mg-x-8.html
diclofenaco,salcobrand,Diclofenaco 50mg 10 Comprimidos,Diclofenaco 50mg 10 Comprimidos,Diclofenaco,diclofenaco,50mg,10,10,null,solid-oral,null,diclofenaco|50mg|10,diclofenaco|50mg|10|bio:unknown|brand:diclofenaco|form:solid-oral,1231,online,true,https://salcobrand.cl/products/diclofenaco-50mg-10-comprimidos?default_sku=1763217
diclofenaco,dr-simi,Diclofenaco solucion inyectable 50 mg / mL ampollas,Diclofenaco solucion inyectable 50 mg / mL ampollas,DR. SIMI,diclofenaco,50mg,null,null,null,injectable,null,diclofenaco|50mg,diclofenaco|50mg|bio:false|brand:drsimi|form:injectable,1290,store,false,https://www.drsimi.cl/diclofenaco-solucion-inyectable-50-mg-ml-5-ampollas/p
diclofenaco,ahumada,Diclofenaco 50 mg x 10 Comprimidos OPKO CHILE S.A.,Diclofenaco 50 mg x 10 Comprimidos OPKO CHILE S.A.,null,diclofenaco,50mg,10,10,null,solid-oral,null,diclofenaco|50mg|10,diclofenaco|50mg|10|bio:true|brand:unknown|form:solid-oral,1349,cmr,true,https://www.farmaciasahumada.cl/diclofenaco-50-mg-x-10-comprimidos-opko-chile-s.a.-1938.html
diclofenaco,dr-simi,Diclofenaco 50 mg 5 supositorios,Diclofenaco 50 mg 5 supositorios,PASTEUR,diclofenaco,50mg,5,5,null,suppository,null,diclofenaco|50mg,diclofenaco|50mg|bio:false|brand:pasteur|form:suppository,1400,store,true,https://www.drsimi.cl/diclofenaco-sodico-50-mg-5-supositorios-adulto/p
diclofenaco,araucomed,Diclofenaco Supositorios 50 mg x 5 unidades. (Pasteur),Diclofenaco Supositorios 50 mg x 5 unidades. (Pasteur),Pasteur,diclofenaco,50mg,5,5,null,suppository,null,diclofenaco|50mg|5,diclofenaco|50mg|5|bio:unknown|brand:pasteur|form:suppository,1490,store,true,https://farmacia.araucomed.com/analgesicos-y-antinflamatorios/diclofenaco-supositorios-50-mg-x5-pasteur
diclofenaco,farmex,Diclofenaco Sódico Gel Tópico 1% x 30 g,Diclofenaco Sódico Gel Tópico 1% x 30 g,PASTEUR,diclofenaco,30000mg,null,null,null,topical,null,diclofenaco|30000mg|30,diclofenaco|30000mg|30|bio:unknown|brand:pasteur|form:topical,1490,store,true,https://farmex.cl/products/diclofenaco-sodico-gel-topico-1-x-30-g?_pos=5&_psq=diclofenaco&_psid=032b726f4&_ss=e
diclofenaco,easyfarma,Diclofenaco Dietilamina Gel...,Diclofenaco Dietilamina Gel...,null,diclofenaco,null,null,null,dietilamina,topical,null,diclofenaco,diclofenaco|bio:unknown|brand:curaespring|var:dietilamina|form:topical,1490,store,true,https://nuevo.easyfarma.cl/103870-diclofenaco-dietilamina-gel-116-30-gr-curaespring.html
diclofenaco,dr-simi,"Diclofenaco dietilamina 1,16 % gel tópico 30 g","Diclofenaco dietilamina 1,16 % gel tópico 30 g",PRATER,diclofenaco,30000mg,null,null,dietilamina,topical,null,diclofenaco|30000mg,diclofenaco|30000mg|bio:false|brand:prater|var:dietilamina|form:topical,1520,store,true,https://www.drsimi.cl/diclofenaco-dietilamina-gel-topico-1-30-gr-ch0292/p
diclofenaco,easyfarma,Diclofenaco Dietilamina Gel...,Diclofenaco Dietilamina Gel...,null,diclofenaco,null,null,null,dietilamina,topical,null,diclofenaco,diclofenaco|bio:unknown|brand:unknown|var:dietilamina|form:topical,1690,store,true,https://nuevo.easyfarma.cl/103230-diclofenaco-dietilamina-gel-topico-116.html
diclofenaco,easyfarma,Diclofenaco Gel Tópico...,Diclofenaco Gel Tópico...,null,diclofenaco,null,null,null,null,topical,null,diclofenaco,diclofenaco|bio:unknown|brand:ascend|form:topical,1690,store,true,https://nuevo.easyfarma.cl/103542-diclofenaco-gel-topico-116-30-gr-ascend.html
diclofenaco,salcobrand,Diclofenaco (B) 100mg 8 Comprimidos Prolongados,Diclofenaco (B) 100mg 8 Comprimidos Prolongados,Diclofenaco,diclofenaco,100mg,8,8,null,solid-oral,null,diclofenaco|100mg|8,diclofenaco|100mg|8|bio:unknown|brand:diclofenaco|form:solid-oral,1847,online,true,https://salcobrand.cl/products/diclofenaco-b-100mg-8-comprimidos-prolongados?default_sku=594583
diclofenaco,salcobrand,Diclofenaco Infantil 12.5mg 5 Supositorios,Diclofenaco Infantil 12.5mg 5 Supositorios,Diclofenaco,diclofenaco,12.5mg,5,5,infantil,suppository,null,diclofenaco|12.5mg,diclofenaco|12.5mg|bio:unknown|brand:diclofenaco|var:infantil|form:suppository,1935,online,true,https://salcobrand.cl/products/diclofenaco-infantil-12-5mg-5-supositorios?default_sku=437142
diclofenaco,cruz-verde,"Diclofenaco Diclofenaco Sodico 12,5 mg 5 Supositorios","Diclofenaco Diclofenaco Sodico 12,5 mg 5 Supositorios",null,diclofenaco,12.5mg,5,5,null,suppository,null,diclofenaco|12.5mg,diclofenaco|12.5mg|bio:unknown|brand:unknown|form:suppository,1960,store,true,https://www.cruzverde.cl/diclofenaco-diclofenaco-sodico-12-5-mg-5-supositorios/199191.html
diclofenaco,araucomed,"Diclofenaco Sodico 1,5% Suspensión Oral 20ml (Chile)","Diclofenaco Sodico 1,5% Suspensión Oral 20ml (Chile)",Laboratorio Chile,diclofenaco,20ml,null,null,null,fluid-oral,null,diclofenaco|20ml,diclofenaco|20ml|bio:unknown|brand:chile|form:fluid-oral,1990,store,true,https://farmacia.araucomed.com/analgesicos-y-antinflamatorios/diclofenaco-sodico-15-suspension-oral-20ml-chile
diclofenaco,easyfarma,Diclofenaco adulto...,Diclofenaco adulto...,null,diclofenaco,null,null,null,null,null,null,diclofenaco,diclofenaco|bio:unknown|brand:unknown,1990,store,true,https://nuevo.easyfarma.cl/24621-diclofenaco-adul-50-mg-suposit-x-5.html
diclofenaco,ecofarmacias,"Diclofenaco Dietilamina 1,16% gel x 60g Hospifarma","Diclofenaco Dietilamina 1,16% gel x 60g Hospifarma",null,diclofenaco,60000mg,null,null,dietilamina,topical,null,diclofenaco|60000mg|60,diclofenaco|60000mg|60|bio:unknown|brand:unknown|var:dietilamina|form:topical,2120,store,false,https://www.ecofarmacias.cl/producto/diclofenaco-dietilamina-60g-hospifarma/
diclofenaco,ecofarmacias,Diclofenaco 75 mg/3 ml por 5 Ampollas Biosano DESCUENTO,Diclofenaco 75 mg Inyectable x 5 Ampollas 3 ml BIOSANO,null,diclofenaco,75mg,5,5,null,injectable,null,diclofenaco|3ml|5,diclofenaco|3ml|5|bio:unknown|brand:unknown|form:injectable,2200,store,false,https://www.ecofarmacias.cl/producto/diclofenaco-75-mg-3-ml-por-5-ampollas-biosano-descuento/
diclofenaco,ahumada,Diclofenaco 75 mg Inyectable x 5 Ampollas 3 ml BIOSANO,Diclofenaco 75 mg Inyectable x 5 Ampollas 3 ml BIOSANO,null,diclofenaco,75mg,5,5,null,injectable,null,diclofenaco|3ml|5,diclofenaco|3ml|5|bio:unknown|brand:unknown|form:injectable,5999,cmr,true,https://www.farmaciasahumada.cl/diclofenaco-75-mg-inyectable-x-5-ampollas-3-ml-biosano-87730.html
diclofenaco,cruz-verde,Diclofenaco Sódico Adulto 50 mg 5 Supositorios,Diclofenaco Sódico Adulto 50 mg 5 Supositorios,null,diclofenaco,50mg,5,5,null,suppository,null,diclofenaco|50mg,diclofenaco|50mg|bio:unknown|brand:unknown|form:suppository,2390,store,true,https://www.cruzverde.cl/diclofenaco-sodico-adulto-50-mg-5-supositorios/199190.html
diclofenaco,easyfarma,Diclofenaco gotas 1.5% 20 ml,Diclofenaco gotas 1.5% 20 ml,null,diclofenaco,20ml,null,null,null,fluid-oral,null,diclofenaco|20ml,diclofenaco|20ml|bio:unknown|brand:unknown|form:fluid-oral,2490,store,true,https://nuevo.easyfarma.cl/103238-diclofenaco-gotas-15-20-ml.html
diclofenaco,cruz-verde,"Diclofenaco Dietilamonio 1,16% Gel Tópico 30 gr","Diclofenaco Dietilamonio 1,16% Gel Tópico 30 gr",null,diclofenaco,null,null,null,dietilamonio,topical,null,diclofenaco,diclofenaco|bio:unknown|brand:unknown|var:dietilamonio|form:topical,2640,store,true,https://www.cruzverde.cl/diclofenaco-dietilamonio-1-16-gel-topico-30-gr/199402.html
diclofenaco,ecofarmacias,Diclofenaco 75mg Inyectable 5 Ampollas,Diclofenaco 75mg Inyectable 5 Ampollas,null,diclofenaco,75mg,5,5,null,injectable,null,diclofenaco|75mg|5,diclofenaco|75mg|5|bio:true|brand:unknown|form:injectable,2700,store,false,https://www.ecofarmacias.cl/producto/diclofenaco-75mg-inyectable-5-ampollas/
diclofenaco,salcobrand,Diclofenaco Gel 30g,Diclofenaco Gel 30g,Diclofenaco,diclofenaco,30000mg,null,null,null,topical,null,diclofenaco|30000mg,diclofenaco|30000mg|bio:unknown|brand:diclofenaco|form:topical,2815,online,true,https://salcobrand.cl/products/diclofenaco-gel-30g?default_sku=1218197
diclofenaco,ecofarmacias,"Diflam Diclofenaco dietilamina Gel Topico 1,16 60 Gr","Diflam Diclofenaco dietilamina Gel Topico 1,16 60 Gr",null,diflam,null,null,null,dietilamina,topical,null,diflam,diflam|bio:unknown|brand:unknown|var:dietilamina|form:topical,2890,store,false,https://www.ecofarmacias.cl/producto/diflam-diclofenaco-dietilamina-gel-topico-116-60-gr/
diclofenaco,araucomed,Merpal Gel Tópico 1% x 30 gramos,Merpal Gel Tópico 1% x 30 gramos,null,merpal,null,null,null,null,topical,null,merpal|30,merpal|30|bio:unknown|brand:unknown|form:topical,3290,store,true,https://farmacia.araucomed.com/analgesicos-y-antinflamatorios/merpal-gel-topico-1-x-30-gramos
diclofenaco,araucomed,Elitiran Gotas 15mg/ml x25ml,Elitiran Gotas 15mg/ml x25ml,Mintlab,elitiran,15mg,null,null,null,fluid-oral,null,elitiran|25ml|25,elitiran|25ml|25|bio:unknown|brand:mintlab|form:fluid-oral,3290,store,true,https://farmacia.araucomed.com/analgesicos-y-antinflamatorios/elitiran-gotas-15mg-ml-x25ml
diclofenaco,salcobrand,Diclofenaco Adulto 50mg 5 Supositorios,Diclofenaco Adulto 50mg 5 Supositorios,Diclofenaco,diclofenaco,50mg,5,5,null,suppository,null,diclofenaco|50mg,diclofenaco|50mg|bio:unknown|brand:diclofenaco|form:suppository,3343,online,true,https://salcobrand.cl/products/diclofenaco-sodico-50mg-supositorio?default_sku=431421
diclofenaco,dr-simi,Merpal diclofenaco 15 mg/mL suspensión para gotas orales 20 mL,Merpal diclofenaco 15 mg/mL suspensión para gotas orales 20 mL,PRATER,merpal,15mg,null,null,null,fluid-oral,null,merpal|20ml,merpal|20ml|bio:false|brand:prater|form:fluid-oral,3680,store,true,https://www.drsimi.cl/diclofenaco-1-5-gotas-20-ml/p
diclofenaco,dr-simi,Diclofenaco 75 mg/3 mL 5 ampollas solución inyectable,Diclofenaco 75 mg/3 mL 5 ampollas solución inyectable,FLEXPHARMA,diclofenaco,75mg,5,5,null,injectable,null,diclofenaco|3ml|5,diclofenaco|3ml|5|bio:true|brand:flexpharma|form:injectable,3920,store,true,https://www.drsimi.cl/diclofenaco-sodico-75-mg-3ml-solucion-inyectable-5-ampollas/p
diclofenaco,cruz-verde,"Dicogel Diclofenaco Dietilamonio 1,16% Gel Tópico 30 gr","Dicogel Diclofenaco Dietilamonio 1,16% Gel Tópico 30 gr",null,dicogel,null,null,null,dietilamonio,topical,null,dicogel,dicogel|bio:unknown|brand:unknown|var:dietilamonio|form:topical,3990,store,true,https://www.cruzverde.cl/dicogel-diclofenaco-dietilamonio-1-16-gel-topico-30-gr/193076.html
diclofenaco,dr-simi,ProMerpal diclofenaco 140 mg 10 cápsulas de liberación prolongada,ProMerpal diclofenaco 140 mg 10 cápsulas de liberación prolongada,PRATER,promerpal,140mg,10,10,null,solid-oral,null,promerpal|140mg|10,promerpal|140mg|10|bio:false|brand:prater|form:solid-oral,4400,store,true,https://www.drsimi.cl/pro-merpal-diclofenaco-colestiramina-140-mg-10-capsulas-liberacion-prolongada/p
diclofenaco,dr-simi,"Merpal diclofenaco  1,16 % solución tópica spray 110 mL","Merpal diclofenaco  1,16 % solución tópica spray 110 mL",PRATER,merpal,110ml,null,null,null,fluid-oral,null,merpal|110ml,merpal|110ml|bio:false|brand:prater|form:fluid-oral,4600,store,true,https://www.drsimi.cl/merpal-diclofenaco-dietilamina-1-16-solucion-topica-spray-110-ml/p
diclofenaco,cruz-verde,Diclofenaco  Diclofenaco Sodico 75 mg 5 Ampollas,Diclofenaco  Diclofenaco Sodico 75 mg 5 Ampollas,null,diclofenaco,75mg,5,5,null,injectable,null,diclofenaco|75mg|5,diclofenaco|75mg|5|bio:unknown|brand:unknown|form:injectable,4690,store,true,https://www.cruzverde.cl/diclofenaco-diclofenaco-sodico-75-mg-5-ampollas/199350.html
diclofenaco,araucomed,Merpal Gel Tópico 1% x 60 gramos,Merpal Gel Tópico 1% x 60 gramos,null,merpal,null,null,null,null,topical,null,merpal|60,merpal|60|bio:unknown|brand:unknown|form:topical,4990,store,true,https://farmacia.araucomed.com/analgesicos-y-antinflamatorios/merpal-gel-topico-1-x-60-gramos
diclofenaco,ahumada,Diclofenaco Sodico 1.5 % x 20 ml Suspensión Oral para Gotas CHILE,Diclofenaco Sodico 1.5 % x 20 ml Suspensión Oral para Gotas CHILE,null,diclofenaco,20ml,null,null,null,fluid-oral,null,diclofenaco|20ml|20,diclofenaco|20ml|20|bio:unknown|brand:unknown|form:fluid-oral,5624,cmr,true,https://www.farmaciasahumada.cl/diclofenaco-sodico-1.5-x-20-ml-suspension-oral-para-gotas-chile-82057.html
diclofenaco,ahumada,Promerpal 140 mg x 10 Cápsulas de Liberación Prolongada,Promerpal 140 mg x 10 Cápsulas de Liberación Prolongada,null,promerpal,140mg,10,10,null,solid-oral,null,promerpal|140mg|10,promerpal|140mg|10|bio:unknown|brand:unknown|form:solid-oral,5857,cmr,true,https://www.farmaciasahumada.cl/promerpal-140-mg-x-10-capsulas-de-liberacion-prolongada-72039.html
diclofenaco,cruz-verde,Promerpal Diclofenaco Colestiramina 140 mg 10 Cápsulas,Promerpal Diclofenaco Colestiramina 140 mg 10 Cápsulas,null,promerpal,140mg,10,10,colestiramina,solid-oral,null,promerpal|140mg|10,promerpal|140mg|10|bio:unknown|brand:unknown|var:colestiramina|form:solid-oral,5990,store,true,https://www.cruzverde.cl/promerpal-diclofenaco-colestiramina-140-mg-10-capsulas/265086.html
diclofenaco,araucomed,Merpal Solucion spray 1.16% x 110 ml.,Merpal Solucion spray 1.16% x 110 ml.,null,merpal,110ml,null,null,null,fluid-oral,null,merpal|110ml|110,merpal|110ml|110|bio:unknown|brand:unknown|form:fluid-oral,5990,store,true,https://farmacia.araucomed.com/analgesicos-y-antinflamatorios/merpal-solucion-spray-116-x110ml
diclofenaco,ahumada,"Merpal 1,16 % x 110 mL Spray Solucion Topica",Merpal Solucion spray 1.16% x 110 ml.,null,merpal,110ml,null,null,null,fluid-oral,null,merpal|110ml|110,merpal|110ml|110|bio:unknown|brand:unknown|form:fluid-oral,7267,cmr,true,https://www.farmaciasahumada.cl/merpal-1-16-x-110-ml-spray-solucion-topica-60206.html
diclofenaco,salcobrand,Diclofenaco Sódico 1.5% Oral Gotas 20ml,Diclofenaco Sódico 1.5% Oral Gotas 20ml,Diclofenaco,diclofenaco,20ml,null,null,null,fluid-oral,null,diclofenaco|20ml,diclofenaco|20ml|bio:unknown|brand:diclofenaco|form:fluid-oral,6335,online,true,https://salcobrand.cl/products/diclofenaco-sodico-1-5-oral-gotas-20ml?default_sku=430375
diclofenaco,salcobrand,Promerpal Diclofenaco 140mg 10 Cápsulas Prolongadas,Promerpal Diclofenaco 140mg 10 Cápsulas Prolongadas,Promerpal,promerpal,140mg,10,10,null,solid-oral,null,promerpal|140mg|10,promerpal|140mg|10|bio:unknown|brand:promerpal|form:solid-oral,6687,online,true,https://salcobrand.cl/products/promerpal-diclofenaco-140mg-10-capsulas-prolongadas?default_sku=900056
diclofenaco,ecofarmacias,FlexFull Diclofenaco Gel 35Gr,Flexfull Gel 35Gr,null,flexfull,null,null,null,null,topical,null,flexfull,flexfull|bio:unknown|brand:unknown|form:topical,6980,store,true,https://www.ecofarmacias.cl/producto/flexfull-diclofenaco-gel-35gr/
diclofenaco,ahumada,Flexfull Gel 35Gr,Flexfull Gel 35Gr,null,flexfull,null,null,null,null,topical,null,flexfull,flexfull|bio:unknown|brand:unknown|form:topical,7274,cmr,true,https://www.farmaciasahumada.cl/flexfull-gel-35gr-90529.html
diclofenaco,ecofarmacias,Adorlan 25/25 x 10 Comprimidos (Diclofenaco/Tramadol),Adorlan 25/25 x 10 Comprimidos (Diclofenaco/Tramadol),null,adorlan,null,10,10,null,solid-oral,tramadol,adorlan|10,adorlan|10|bio:unknown|brand:unknown|combo:tramadol|form:solid-oral,6980,store,true,https://www.ecofarmacias.cl/producto/adorlan-25-25-x-10-comprimidos-diclofenaco-tramadol/
diclofenaco,ecofarmacias,Dolo Merpal Diclofenaco 50 mg x 20 Capsulas Capsulas con Microgranulos (Prater),Dolo Merpal Diclofenaco 50 mg 20 Cápsulas,null,dolo,50mg,20,20,merpal,solid-oral,null,dolo|50mg|20,dolo|50mg|20|bio:unknown|brand:unknown|var:merpal|form:solid-oral,6990,store,false,https://www.ecofarmacias.cl/producto/dolo-merpal-diclofenaco-50-mg-20-capsulas-capsulas-con-microgranulos/
diclofenaco,cruz-verde,Dolo Merpal Diclofenaco 50 mg 20 Cápsulas,Dolo Merpal Diclofenaco 50 mg 20 Cápsulas,null,dolo,50mg,20,20,merpal,solid-oral,null,dolo|50mg|20,dolo|50mg|20|bio:unknown|brand:unknown|var:merpal|form:solid-oral,13290,store,true,https://www.cruzverde.cl/dolo-merpal-diclofenaco-50-mg-20-capsulas/276899.html
diclofenaco,ahumada,"Diclac 1,16 % x 60 g Gel Tópico","Diclac 1,16 % x 60 g Gel Tópico",null,diclac,60000mg,null,null,null,topical,null,diclac|60000mg|60,diclac|60000mg|60|bio:unknown|brand:unknown|form:topical,6990,store,true,https://www.farmaciasahumada.cl/diclac-1-16-x-60-g-gel-topico-65341.html
diclofenaco,salcobrand,Diclofenaco 75mg Inyectable 5 Ampollas,Diclofenaco 75mg Inyectable 5 Ampollas,Turbogesic,diclofenaco,75mg,5,5,null,injectable,null,diclofenaco|75mg|5,diclofenaco|75mg|5|bio:unknown|brand:turbogesic|form:injectable,7127,online,true,https://salcobrand.cl/products/hospifarma-diclofenaco-75mg-inyectable-5-ampollas?default_sku=2636071
diclofenaco,cruz-verde,"Merpal Diclofenaco Dietilamonio 1,16% Spray 110 mL","Merpal Diclofenaco Dietilamonio 1,16% Spray 110 mL",null,merpal,110ml,null,null,dietilamonio,null,null,merpal|110ml,merpal|110ml|bio:unknown|brand:unknown|var:dietilamonio,7990,store,true,https://www.cruzverde.cl/merpal-diclofenaco-dietilamonio-1-16-spray-110-ml/255151.html
diclofenaco,araucomed,Merpal Dal suspensión oral 1.8mg/ml x120ml,Merpal Dal suspensión oral 1.8mg/ml x120ml,null,merpal,1.8mg,null,null,dal,fluid-oral,null,merpal|120ml|120,merpal|120ml|120|bio:unknown|brand:unknown|var:dal|form:fluid-oral,7990,store,true,https://farmacia.araucomed.com/analgesicos-y-antinflamatorios-inyec/merpal-dal-suspension-oral-18mg-ml-x120ml
diclofenaco,araucomed,Lertus 50mg x10com,Lertus 50mg x10com,Tecnofarma,lertus,50mg,10,10,null,solid-oral,null,lertus|50mg|10,lertus|50mg|10|bio:unknown|brand:tecnofarma|form:solid-oral,7990,store,true,https://farmacia.araucomed.com/analgesicos-y-antinflamatorios/lertus-50mg-x10com
diclofenaco,salcobrand,Diclac Diclofenaco 1.16% Gel Tópico 60g,Diclac Diclofenaco 1.16% Gel Tópico 60g,Diclofenaco,diclac,60000mg,null,null,null,topical,null,diclac|60000mg,diclac|60000mg|bio:unknown|brand:diclofenaco|form:topical,8359,online,true,https://salcobrand.cl/products/diclac-diclofenaco-1-16-gel-topico-60g?default_sku=3400134
diclofenaco,araucomed,"Flector Gel Tópico 1,29 % x 60 gramos","Flector Gel Tópico 1,29 % x 60 gramos",ITF-Labomed,flector,null,null,null,null,topical,null,flector|60,flector|60|bio:unknown|brand:itflabomed|form:topical,8490,store,true,https://farmacia.araucomed.com/analgesicos-y-antinflamatorios/flector-gel-topico-129-x-60-gramos
diclofenaco,salcobrand,Merpal Diclofenaco Spray 110ml,Merpal Diclofenaco Spray 110ml,Merpal,merpal,110ml,null,null,null,null,null,merpal|110ml,merpal|110ml|bio:unknown|brand:merpal,8711,online,true,https://salcobrand.cl/products/merpal-diclofenaco-spray-110ml?default_sku=900004
diclofenaco,dr-simi,Adorlan 25/25 diclofenaco 25 mg tramadol 25 mg 10 comprimidos,Adorlan 25/25 diclofenaco 25 mg tramadol 25 mg 10 comprimidos,GRUNENTHAL,adorlan,25mg,10,10,null,solid-oral,null,adorlan|25mg|10,adorlan|25mg|10|bio:false|brand:grunenthal|form:solid-oral,8800,store,true,https://www.drsimi.cl/adorlan-diclofenaco-tramadol-25-25mg-10comp-ch6087-1/p
diclofenaco,ahumada,"Merpal 1,16 % x 60 g Gel Topico","Merpal 1,16 % x 60 g Gel Topico",null,merpal,60000mg,null,null,null,topical,null,merpal|60000mg|60,merpal|60000mg|60|bio:unknown|brand:unknown|form:topical,8984,cmr,true,https://www.farmaciasahumada.cl/merpal-1-16-x-60-g-gel-topico-18555.html
diclofenaco,cruz-verde,Merpal Diclofenaco Potasico 15 mg/ml Gotas 20 mL,Merpal Diclofenaco Potasico 15 mg/ml Gotas 20 mL,null,merpal,15mg,null,null,null,fluid-oral,null,merpal|20ml,merpal|20ml|bio:unknown|brand:unknown|form:fluid-oral,8990,store,true,https://www.cruzverde.cl/merpal-diclofenaco-potasico-15-mg-ml-gotas-20-ml/111118.html
diclofenaco,ecofarmacias,Dolodrin Diclofenaco 25 Mg / Tramadol 25 Mg x 10 Comprimidos,Dolodrin Diclofenaco 25 Mg / Tramadol 25 Mg 10 Comprimidos,null,dolodrin,25mg,10,10,null,solid-oral,tramadol,dolodrin|25mg|10,dolodrin|25mg|10|bio:unknown|brand:unknown|combo:tramadol|form:solid-oral,8990,store,true,https://www.ecofarmacias.cl/producto/dolodrin-diclofenaco-25-mg-tramadol-25-mg-x-10-comprimidos/
diclofenaco,cruz-verde,Dolodrin Diclofenaco 25 Mg / Tramadol 25 Mg 10 Comprimidos,Dolodrin Diclofenaco 25 Mg / Tramadol 25 Mg 10 Comprimidos,null,dolodrin,25mg,10,10,null,solid-oral,tramadol,dolodrin|25mg|10,dolodrin|25mg|10|bio:unknown|brand:unknown|combo:tramadol|form:solid-oral,12240,store,false,https://www.cruzverde.cl/dolodrin-diclofenaco-25-mg-tramadol-25-mg-10-comprimidos/578599.html
diclofenaco,araucomed,Flector Granulado 50mg x10sobres,Flector Granulado 50mg x10sobres,ITF-Labomed,flector,50mg,null,null,null,fluid-oral,null,flector|50mg|10,flector|50mg|10|bio:unknown|brand:itflabomed|form:fluid-oral,8990,store,true,https://farmacia.araucomed.com/analgesicos-y-antinflamatorios/flector-granulado-50mg-x10sobres
diclofenaco,araucomed,Lertus 25 mg x 20 comprimidos recubiertos.,Lertus 25 mg x 20 comprimidos recubiertos.,Tecnofarma,lertus,25mg,20,20,null,solid-oral,null,lertus|25mg|20,lertus|25mg|20|bio:unknown|brand:tecnofarma|form:solid-oral,8990,store,true,https://farmacia.araucomed.com/analgesicos-y-antinflamatorios/lertus-25-mg-x-20-comprimidos-cion-recubrimiento-enterico
diclofenaco,ahumada,Merpal 15 mg/mL x 20 mL Suspensión Oral Para Gotas,Merpal 15 mg/mL x 20 mL Suspensión Oral Para Gotas,null,merpal,15mg,null,null,null,fluid-oral,null,merpal|20ml|20,merpal|20ml|20|bio:unknown|brand:unknown|form:fluid-oral,9172,cmr,true,https://www.farmaciasahumada.cl/merpal-15-mg-ml-x-20-ml-suspension-oral-para-gotas-21486.html
diclofenaco,ahumada,Dicasen 25/25Mg 10 Comprimidos,Dicasen 25/25Mg 10 Comprimidos,null,dicasen,25mg,10,10,null,solid-oral,null,dicasen|25mg|10,dicasen|25mg|10|bio:unknown|brand:unknown|form:solid-oral,9262,cmr,true,https://www.farmaciasahumada.cl/dicasen-25-25mg-10-comprimidos-95303.html
diclofenaco,cruz-verde,Merpal Diclofenaco Dietilamonio 1% Gel Tópico 60 gr,Merpal Diclofenaco Dietilamonio 1% Gel Tópico 60 gr,null,merpal,null,null,null,dietilamonio,topical,null,merpal,merpal|bio:unknown|brand:unknown|var:dietilamonio|form:topical,9490,store,true,https://www.cruzverde.cl/merpal-diclofenaco-dietilamonio-1-gel-topico-60-gr/111104.html
diclofenaco,cruz-verde,Diclofenaco Sodico/Tramadol Clorhidrato 25-25 Comprimidos,Diclofenaco Sodico/Tramadol Clorhidrato 25-25 Comprimidos,null,diclofenaco,null,2525,2525,null,solid-oral,tramadol,diclofenaco|25,diclofenaco|25|bio:unknown|brand:unknown|combo:tramadol|form:solid-oral,9490,store,false,https://www.cruzverde.cl/diclofenaco-sodico-tramadol-clorhidrato-25-25-comprimidos/578292.html
diclofenaco,salcobrand,Dolodrin Diclofenaco 25mg / Tramadol 25mg 10 Comprimidos,Dolodrin Diclofenaco 25mg / Tramadol 25mg 10 Comprimidos,Dolodrin,dolodrin,25mg,10,10,null,solid-oral,tramadol,dolodrin|25mg|10,dolodrin|25mg|10|bio:unknown|brand:dolodrin|combo:tramadol|form:solid-oral,9591,online,true,https://salcobrand.cl/products/dolodrin-diclofenaco-25mg-tramadol-25mg-10-comprimidos?default_sku=592837
diclofenaco,ecofarmacias,LERTUS Diclofenaco Sódico 15 mg/mL 25 ML,LERTUS Diclofenaco Sódico 15 mg/mL 25 ML,null,lertus,15mg,null,null,null,null,null,lertus|25ml,lertus|25ml|bio:unknown|brand:unknown,9980,store,false,https://www.ecofarmacias.cl/producto/lertus-diclofenaco-sodico-15-mg-ml-25-ml/
diclofenaco,salcobrand,Merpal Diclofenaco Resinato 15mg/5ml Oral Gotas 20ml,Merpal Diclofenaco Resinato 15mg/5ml Oral Gotas 20ml,Merpal,merpal,15mg,null,null,resinato,fluid-oral,null,merpal|20ml,merpal|20ml|bio:unknown|brand:merpal|var:resinato|form:fluid-oral,10471,online,true,https://salcobrand.cl/products/merpal-diclofenaco-resinato-15mg-5ml-oral-gotas-20ml?default_sku=900231
diclofenaco,salcobrand,Dolo-Neurobionta Diclofenaco 10 Comprimidos Recubiertos,Dolo-Neurobionta Diclofenaco 10 Comprimidos Recubiertos,Dolo-Neurobionta,doloneurobionta,null,10,10,null,solid-oral,null,doloneurobionta|10,doloneurobionta|10|bio:unknown|brand:doloneurobionta|form:solid-oral,10559,online,true,https://salcobrand.cl/products/dolo-neurobionta-diclofenaco-10-comprimidos-recubiertos?default_sku=586337
diclofenaco,salcobrand,Dicasen 25/25 Diclofenaco / Tramadol 10 Comprimidos,Dicasen 25/25 Diclofenaco / Tramadol 10 Comprimidos,Dicasen,dicasen,null,10,10,null,solid-oral,tramadol,dicasen|10,dicasen|10|bio:unknown|brand:dicasen|combo:tramadol|form:solid-oral,10647,online,true,https://salcobrand.cl/products/dicasen-25-25-diclofenaco-tramadol-10-comprimidos?default_sku=592224
diclofenaco,salcobrand,Pro-Lertus Diclofenaco Colestiramina 140mg 10 Cápsulas Prolongadas,Pro-Lertus Diclofenaco Colestiramina 140mg 10 Cápsulas Prolongadas,Pro-Lertus,prolertus,140mg,10,10,colestiramina,solid-oral,null,prolertus|140mg|10,prolertus|140mg|10|bio:unknown|brand:prolertus|var:colestiramina|form:solid-oral,10999,online,true,https://salcobrand.cl/products/diclofenaco-sodico-75mg-oral-solido-ccef0e71-2b3b-4ccb-afeb-a3b672ab9e26?default_sku=3110437
diclofenaco,salcobrand,Adorlan 25/25 Diclofenaco / Tramadol 10 Comprimidos,Adorlan 25/25 Diclofenaco / Tramadol 10 Comprimidos,Adorlan,adorlan,null,10,10,null,solid-oral,tramadol,adorlan|10,adorlan|10|bio:unknown|brand:adorlan|combo:tramadol|form:solid-oral,11175,online,true,https://salcobrand.cl/products/principio-activo-diclofenaco-25mg-tramadol-25mg?default_sku=578947
diclofenaco,araucomed,Flector Sobres Parche dérmico 180 mg x 2 unidades,Flector Sobres Parche dérmico 180 mg x 2 unidades,ITF-Labomed,flector,180mg,2,2,dermico,patch,null,flector|180mg|2,flector|180mg|2|bio:unknown|brand:itflabomed|var:dermico|form:patch,11490,store,true,https://farmacia.araucomed.com/analgesicos-y-antinflamatorios/flector-parche-dermico-180-mg-x-2-unidades
diclofenaco,ahumada,"DoloDrops 1,5 % x 25 mL Suspensión Oral Para Gotas","DoloDrops 1,5 % x 25 mL Suspensión Oral Para Gotas",null,dolodrops,25ml,null,null,null,fluid-oral,null,dolodrops|25ml|25,dolodrops|25ml|25|bio:unknown|brand:unknown|form:fluid-oral,11654,store,true,https://www.farmaciasahumada.cl/dolodrops-1-5-x-25-ml-suspension-oral-para-gotas-74333.html
diclofenaco,cruz-verde,Pro-Lertus Diclofenaco Colestiramina 140 mg 10 Cápsulas,Pro-Lertus Diclofenaco Colestiramina 140 mg 10 Cápsulas,null,prolertus,140mg,10,10,colestiramina,solid-oral,null,prolertus|140mg|10,prolertus|140mg|10|bio:unknown|brand:unknown|var:colestiramina|form:solid-oral,12490,store,true,https://www.cruzverde.cl/pro-lertus-diclofenaco-colestiramina-140-mg-10-capsulas/87160.html
diclofenaco,ahumada,Lertus 1 % x 60 g Gel Tópico,Lertus 1 % x 60 g Gel Tópico,null,lertus,60000mg,null,null,null,topical,null,lertus|60000mg|60,lertus|60000mg|60|bio:unknown|brand:unknown|form:topical,12599,cmr,true,https://www.farmaciasahumada.cl/lertus-1-x-60-g-gel-topico-7253.html
diclofenaco,ecofarmacias,"Artren Diclofenaco Resinato gotas 1,5 % Suspensión Oral 20 Ml","Artren Diclofenaco Resinato gotas 1,5 % Suspensión Oral 20 Ml",null,artren,20ml,null,null,resinato,fluid-oral,null,artren|20ml,artren|20ml|bio:unknown|brand:unknown|var:resinato|form:fluid-oral,12990,store,false,https://www.ecofarmacias.cl/producto/artren-diclofenaco-resinato-gotas-15-suspension-oral-20-ml/
diclofenaco,sermecoop,Dolodrops (diclofenaco) Gotas 25ml,Dolodrops (diclofenaco) Gotas 25ml,null,dolodrops,25ml,null,null,null,fluid-oral,null,dolodrops|25ml,dolodrops|25ml|bio:unknown|brand:unknown|form:fluid-oral,13490,store,true,https://www.farmaciasermecoop.cl/index.php/online/detalleproducto?p_=20086&d_=1
diclofenaco,ahumada,Dolomerpal x 20 Cápsulas Blandas,Dolomerpal x 20 Cápsulas Blandas,null,dolomerpal,null,20,20,null,solid-oral,null,dolomerpal|20,dolomerpal|20|bio:unknown|brand:unknown|form:solid-oral,13545,store,true,https://www.farmaciasahumada.cl/dolomerpal-x-20-capsulas-blandas-82699.html
diclofenaco,cruz-verde,Dolo Neurobionta Diclofenaco 10 unidades,Dolo Neurobionta Diclofenaco 10 unidades,null,dolo,null,10,10,neurobionta,null,null,dolo|10,dolo|10|bio:unknown|brand:unknown|var:neurobionta,13590,store,true,https://www.cruzverde.cl/dolo-neurobionta-diclofenaco-10-unidades/555437.html
diclofenaco,salcobrand,Dolo Drops Diclofenaco Resinato 1.5% Oral Gotas 25ml,Dolo Drops Diclofenaco Resinato 1.5% Oral Gotas 25ml,Dolo-Drops,dolo,25ml,null,null,drops,fluid-oral,null,dolo|25ml,dolo|25ml|bio:unknown|brand:dolodrops|var:drops|form:fluid-oral,14255,online,true,https://salcobrand.cl/products/dolo-drops-diclofenaco-resinato-1-5-oral-gotas-25ml?default_sku=2971308
diclofenaco,ahumada,Lertus Retard 100 mg x 10 Comprimidos Recubiertos de Liberación Prolongada,Lertus Retard Diclofenaco Sodico 100 mg 10 Comprimidos,null,lertus,100mg,10,10,retard,solid-oral,null,lertus|100mg|10,lertus|100mg|10|bio:unknown|brand:unknown|var:retard|form:solid-oral,14497,cmr,true,https://www.farmaciasahumada.cl/lertus-retard-100-mg-x-10-comprimidos-recubiertos-de-liberacion-prolongada-6707.html
diclofenaco,cruz-verde,Lertus Retard Diclofenaco Sodico 100 mg 10 Comprimidos,Lertus Retard Diclofenaco Sodico 100 mg 10 Comprimidos,null,lertus,100mg,10,10,retard,solid-oral,null,lertus|100mg|10,lertus|100mg|10|bio:unknown|brand:unknown|var:retard|form:solid-oral,18790,store,true,https://www.cruzverde.cl/lertus-retard-diclofenaco-sodico-100-mg-10-comprimidos/87022.html
diclofenaco,ahumada,Lertus 50 mg x 10 Comprimidos con Recubrimiento Entérico,Lertus 50 mg x 10 Comprimidos con Recubrimiento Entérico,null,lertus,50mg,10,10,null,solid-oral,null,lertus|50mg|10,lertus|50mg|10|bio:unknown|brand:unknown|form:solid-oral,14609,cmr,true,https://www.farmaciasahumada.cl/lertus-50-mg-x-10-comprimidos-con-recubrimiento-enterico-7266.html
diclofenaco,salcobrand,Lertus Diclofenaco Sódico 15mg/ml Oral Gotas 25ml,Lertus Diclofenaco Sódico 15mg/ml Oral Gotas 25ml,Lertus ,lertus,15mg,null,null,null,fluid-oral,null,lertus|25ml,lertus|25ml|bio:unknown|brand:lertus|form:fluid-oral,14871,online,true,https://salcobrand.cl/products/diclofenaco-sodico-15mg-ml-oral-gtas?default_sku=3110503
diclofenaco,ahumada,Flector 50 mg x 10 Sobres Polvo Granulado Para Solucion Oral,Flector 50 mg x 10 Sobres Polvo Granulado Para Solucion Oral,null,flector,50mg,10,10,null,fluid-oral,null,flector|50mg|10,flector|50mg|10|bio:unknown|brand:unknown|form:fluid-oral,14977,cmr,true,https://www.farmaciasahumada.cl/flector-50-mg-x-10-sobres-polvo-granulado-para-solucion-oral-69734.html
diclofenaco,ahumada,Coxidol 90 mg x 14 Comprimidos Recubiertos,Coxidol 90 mg x 14 Comprimidos Recubiertos,null,coxidol,90mg,14,14,null,solid-oral,null,coxidol|90mg|14,coxidol|90mg|14|bio:true|brand:unknown|form:solid-oral,15479,cmr,true,https://www.farmaciasahumada.cl/coxidol-90-mg-x-14-comprimidos-recubiertos-89054.html
diclofenaco,cruz-verde,Lertus Diclofenaco Sódico 1% Gel Tópico 60 gr,Lertus Diclofenaco Sódico 1% Gel Tópico 60 gr,null,lertus,null,null,null,null,topical,null,lertus,lertus|bio:unknown|brand:unknown|form:topical,15990,store,true,https://www.cruzverde.cl/lertus-diclofenaco-sodico-1-gel-topico-60-gr/87009.html
diclofenaco,ahumada,"Flector 1,29 % x 60 g Gel Tópico","Flector 1,29 % x 60 g Gel Tópico",null,flector,60000mg,null,null,null,topical,null,flector|60000mg|60,flector|60000mg|60|bio:unknown|brand:unknown|form:topical,16424,cmr,true,https://www.farmaciasahumada.cl/flector-1-29-x-60-g-gel-topico-44834.html
diclofenaco,dr-simi,Lertus diclofenaco 25 mg 20 comprimidos con recubrimiento entérico,Lertus diclofenaco 25 mg 20 comprimidos con recubrimiento entérico,TECNOFARMA,lertus,25mg,20,20,null,solid-oral,null,lertus|25mg|20,lertus|25mg|20|bio:false|brand:tecnofarma|form:solid-oral,16600,store,true,https://www.drsimi.cl/lertus-diclofenaco-25-mg-20-comprimidos-con-recubrimiento-enterico/p
diclofenaco,ahumada,Lertus 75 mg/3 mL x 5 Ampollas Solución Inyectable,Lertus 75 mg/3 mL x 5 Ampollas Solución Inyectable,null,lertus,75mg,5,5,null,injectable,null,lertus|3ml|5,lertus|3ml|5|bio:true|brand:unknown|form:injectable,19057,cmr,true,https://www.farmaciasahumada.cl/lertus-75-mg-3-ml-x-5-ampollas-solucion-inyectable-7279.html
diclofenaco,cruz-verde,Lertus-Sr Diclofenaco Sodico 75 mg 10 Comprimidos,Lertus-Sr Diclofenaco Sodico 75 mg 10 Comprimidos,null,lertussr,75mg,10,10,null,solid-oral,null,lertussr|75mg|10,lertussr|75mg|10|bio:unknown|brand:unknown|form:solid-oral,19340,store,true,https://www.cruzverde.cl/lertus-sr-diclofenaco-sodico-75-mg-10-comprimidos/87074.html
diclofenaco,cruz-verde,Flector Diclofenaco Epolamina 50 mg 10 Sobres,Flector Diclofenaco Epolamina 50 mg 10 Sobres,null,flector,50mg,10,10,epolamina,fluid-oral,null,flector|50mg|10,flector|50mg|10|bio:unknown|brand:unknown|var:epolamina|form:fluid-oral,19390,store,true,https://www.cruzverde.cl/flector-diclofenaco-epolamina-50-mg-10-sobres/262585.html
diclofenaco,salcobrand,Dolo Neurobionta Diclofenaco 20 Comprimidos Recubiertos,Dolo Neurobionta Diclofenaco 20 Comprimidos Recubiertos,Dolo-Neurobionta,dolo,null,20,20,neurobionta,solid-oral,null,dolo|20,dolo|20|bio:unknown|brand:doloneurobionta|var:neurobionta|form:solid-oral,19535,online,true,https://salcobrand.cl/products/dolo-neurobionta-diclofenaco-20-comprimidos-recubiertos?default_sku=2011369
diclofenaco,ahumada,Pro Lertus 140 mg x 20 Cápsulas de Liberación Prolongada,Pro Lertus 140 mg x 20 Cápsulas de Liberación Prolongada,null,pro,140mg,20,20,lertus,solid-oral,null,pro|140mg|20,pro|140mg|20|bio:unknown|brand:unknown|var:lertus|form:solid-oral,19957,cmr,true,https://www.farmaciasahumada.cl/pro-lertus-140-mg-x-20-capsulas-de-liberacion-prolongada-27133.html
diclofenaco,cruz-verde,Lertus Diclofenaco Sodico 25 mg 20 Comprimidos,Lertus Diclofenaco Sodico 25 mg 20 Comprimidos,null,lertus,25mg,20,20,null,solid-oral,null,lertus|25mg|20,lertus|25mg|20|bio:unknown|brand:unknown|form:solid-oral,20190,store,true,https://www.cruzverde.cl/lertus-diclofenaco-sodico-25-mg-20-comprimidos/87049.html
diclofenaco,ahumada,Oftic 1 mg/mL x 10 mL Solucion Oftalmica,Oftic 1 mg/mL x 10 mL Solucion Oftalmica,null,oftic,1mg,null,null,null,ophthalmic,null,oftic|10ml|10,oftic|10ml|10|bio:unknown|brand:unknown|form:ophthalmic,21502,cmr,true,https://www.farmaciasahumada.cl/oftic-1-mg-ml-x-10-ml-solucion-oftalmica-9023.html
diclofenaco,salcobrand,Lertus (B) Diclofenaco Sódico 75mg Inyectable 5 Ampollas,Lertus (B) Diclofenaco Sódico 75mg Inyectable 5 Ampollas,Lertus,lertus,75mg,5,5,null,injectable,null,lertus|75mg|5,lertus|75mg|5|bio:unknown|brand:lertus|form:injectable,21735,online,true,https://salcobrand.cl/products/lertus-b-diclofenaco-sodico-75mg-inyectable-5-ampollas?default_sku=3110600
diclofenaco,cruz-verde,Dolo Neurobionta Diclofenaco 50 mg 20 Comprimidos Recubiertos,Dolo Neurobionta Diclofenaco 50 mg 20 Comprimidos Recubiertos,null,dolo,50mg,20,20,neurobionta,solid-oral,null,dolo|50mg|20,dolo|50mg|20|bio:unknown|brand:unknown|var:neurobionta|form:solid-oral,22190,store,true,https://www.cruzverde.cl/dolo-neurobionta-diclofenaco-50-mg-20-comprimidos-recubiertos/11010.html
diclofenaco,salcobrand,Pro-Lertus Diclofenaco Colestiramina 140mg 20 Cápsulas Prolongadas,Pro-Lertus Diclofenaco Colestiramina 140mg 20 Cápsulas Prolongadas,Pro-Lertus,prolertus,140mg,20,20,colestiramina,solid-oral,null,prolertus|140mg|20,prolertus|140mg|20|bio:unknown|brand:prolertus|var:colestiramina|form:solid-oral,22439,online,true,https://salcobrand.cl/products/diclofenaco-sodico-75mg-oral-solido-69f651ad-bd0a-45fe-be56-6ba200b1829d?default_sku=3110438
diclofenaco,araucomed,Oftic 0.1% solucion oftalmica 10 ml.,Oftic 0.1% solucion oftalmica 10 ml.,null,oftic,10ml,null,null,null,ophthalmic,null,oftic|10ml,oftic|10ml|bio:unknown|brand:unknown|form:ophthalmic,23990,store,true,https://farmacia.araucomed.com/colirios-antiinflamatorios/oftic-01-solucion-oftalmica-10-ml
diclofenaco,cruz-verde,"Oftic Diclofenaco Sodico 0,1% Solución Oftálmica 10 mL",Oftic 0.1% solucion oftalmica 10 ml.,null,oftic,10ml,null,null,null,ophthalmic,null,oftic|10ml,oftic|10ml|bio:unknown|brand:unknown|form:ophthalmic,27190,store,true,https://www.cruzverde.cl/oftic-diclofenaco-sodico-0-1-solucion-oftalmica-10-ml/6215.html
diclofenaco,ecofarmacias,"Oftic Gotas Diclofenaco Sodico 0,1% Solución Oftalmológica  25ml","Oftic Gotas Diclofenaco Sodico 0,1% Solución Oftalmológica  25ml",null,oftic,25ml,null,null,oftalmologica,fluid-oral,null,oftic|25ml,oftic|25ml|bio:unknown|brand:unknown|var:oftalmologica|form:fluid-oral,24190,store,true,https://www.ecofarmacias.cl/producto/oftic-gotas-diclofenaco-sodico-01-solucion-oftalmologica-25ml/
diclofenaco,cruz-verde,Lertus Diclofenaco Sodico 75 mg 5 Ampollas de 3 mL,Lertus Diclofenaco Sodico 75 mg 5 Ampollas de 3 mL,null,lertus,75mg,5,5,null,injectable,null,lertus|3ml|5,lertus|3ml|5|bio:unknown|brand:unknown|form:injectable,24390,store,true,https://www.cruzverde.cl/lertus-diclofenaco-sodico-75-mg-5-ampollas-de-3-ml/87016.html
diclofenaco,ecofarmacias,"3-A Ofteno (Diclofenaco) 0,1% Sol. Oftalmica 5ml","3-A Ofteno (Diclofenaco) 0,1% Sol. Oftalmica 5ml",null,ofteno,5ml,null,null,null,ophthalmic,null,ofteno|5ml,ofteno|5ml|bio:unknown|brand:unknown|form:ophthalmic,24900,store,true,https://www.ecofarmacias.cl/producto/3-a-ofteno-diclofenaco-01-sol-oftalmica-5ml/
diclofenaco,cruz-verde,"3A Ofteno Diclofenaco Sódico 0,1% Solución Oftálmica 5 mL","3-A Ofteno (Diclofenaco) 0,1% Sol. Oftalmica 5ml",null,ofteno,5ml,null,null,null,ophthalmic,null,ofteno|5ml,ofteno|5ml|bio:unknown|brand:unknown|form:ophthalmic,33690,store,true,https://www.cruzverde.cl/3a-ofteno-diclofenaco-sodico-0-1-solucion-oftalmica-5-ml/53059.html
dipirona,ecofarmacias,Metamizol Sódico (Dipirona) 300 mg x 20 Comprimidos,Metamizol (dipirona) 300mg 20 Comprimidos,null,metamizol,300mg,20,20,null,solid-oral,null,metamizol|300mg|20,metamizol|300mg|20|bio:true|brand:unknown|form:solid-oral,980,store,true,https://www.ecofarmacias.cl/producto/metamizol-sodico-dipirona-300-mg-x-20-comprimidos/
dipirona,sermecoop,Metamizol (dipirona) 300mg 20 Comprimidos,Metamizol (dipirona) 300mg 20 Comprimidos,null,metamizol,300mg,20,20,null,solid-oral,null,metamizol|300mg|20,metamizol|300mg|20|bio:true|brand:unknown|form:solid-oral,1290,store,true,https://www.farmaciasermecoop.cl/index.php/online/detalleproducto?p_=16487&d_=1
dipirona,ecofarmacias,Dipirona Metamizol Sódico x 20 comprimidos Valma,Dipirona Metamizol Sódico x 20 comprimidos Valma,null,dipirona,null,20,20,metamizol,solid-oral,null,dipirona|20,dipirona|20|bio:unknown|brand:unknown|var:metamizol|form:solid-oral,980,store,true,https://www.ecofarmacias.cl/producto/dipirona-metamizol-sodico-x-20-comprimidos-valma/
dipirona,cruz-verde,Piretanyl Metamizol 322 mg 100 Comprimidos,Piretanyl Metamizol 322 mg 100 Comprimidos,null,piretanyl,322mg,100,100,metamizol,solid-oral,null,piretanyl|322mg|100,piretanyl|322mg|100|bio:unknown|brand:unknown|var:metamizol|form:solid-oral,1040,store,true,https://www.cruzverde.cl/piretanyl-metamizol-322-mg-100-comprimidos/41028.html
dipirona,easyfarma,Metamizol Sodico ( Dipirona...,Metamizol Sodico ( Dipirona...,null,metamizol,null,null,null,null,null,null,metamizol,metamizol|bio:unknown|brand:unknown,1190,store,true,https://nuevo.easyfarma.cl/26776-dipirona-300mg-x-10.html
dipirona,ahumada,Dipirona 250 mg x 5 Supositorios,Dipirona 250 mg x 5 Supositorios,null,dipirona,250mg,5,5,null,suppository,null,dipirona|250mg|5,dipirona|250mg|5|bio:unknown|brand:unknown|form:suppository,1520,store,true,https://www.farmaciasahumada.cl/dipirona-250-mg-x-5-supositorios-586.html
dipirona,ecofarmacias,Dipirona 250Mg X 5 Supositorios (Lab Pasteur),Dipirona 250 mg x 5 Supositorios,null,dipirona,250mg,5,5,null,suppository,null,dipirona|250mg|5,dipirona|250mg|5|bio:unknown|brand:unknown|form:suppository,1990,store,false,https://www.ecofarmacias.cl/producto/dipirona-250mg-x-5-supositorios/
dipirona,salcobrand,Dipirona Metamizol Sódico 5 Supositorios,Dipirona Metamizol Sódico 5 Supositorios,Dipirona,dipirona,null,5,5,metamizol,suppository,null,dipirona,dipirona|bio:unknown|brand:dipirona|var:metamizol|form:suppository,1583,online,true,https://salcobrand.cl/products/dipirona-metamizol-sodico-5-supositorios?default_sku=2503190
dipirona,cruz-verde,Metamizol 250 mg 5 Supositorios,Metamizol 250 mg 5 Supositorios,null,metamizol,250mg,5,5,null,suppository,null,metamizol|250mg,metamizol|250mg|bio:unknown|brand:unknown|form:suppository,1680,store,true,https://www.cruzverde.cl/metamizol-250-mg-5-supositorios/199232.html
dipirona,cruz-verde,Metamizol Sódico 1 gr / 2 mL 5 Ampollas,Metamizol Sódico 1 gr / 2 mL 5 Ampollas,null,metamizol,2ml,5,5,null,injectable,null,metamizol|2ml|5,metamizol|2ml|5|bio:unknown|brand:unknown|form:injectable,2100,store,true,https://www.cruzverde.cl/metamizol-sodico-1-gr-2-ml-5-ampollas/199390.html
dipirona,cruz-verde,Piretanyl Metamizol Sódico 322 mg 20 Comprimidos,Piretanyl Metamizol Sódico 322 mg 20 Comprimidos,null,piretanyl,322mg,20,20,metamizol,solid-oral,null,piretanyl|322mg|20,piretanyl|322mg|20|bio:unknown|brand:unknown|var:metamizol|form:solid-oral,2190,store,true,https://www.cruzverde.cl/piretanyl-metamizol-sodico-322-mg-20-comprimidos/41026.html
dipirona,ahumada,Dipirona 300 mg x 20 Comprimidos,Dipirona 300 mg x 20 Comprimidos,null,dipirona,300mg,20,20,null,solid-oral,null,dipirona|300mg|20,dipirona|300mg|20|bio:true|brand:unknown|form:solid-oral,2330,store,true,https://www.farmaciasahumada.cl/dipirona-300-mg-x-20-comprimidos-599.html
dipirona,cruz-verde,Metamizol 300 mg 20 Comprimidos,Metamizol 300 mg 20 Comprimidos,null,metamizol,300mg,20,20,null,solid-oral,null,metamizol|300mg|20,metamizol|300mg|20|bio:unknown|brand:unknown|form:solid-oral,2380,store,true,https://www.cruzverde.cl/metamizol-300-mg-20-comprimidos/291922.html
dipirona,cruz-verde,Migranol Metamizol 300 mg 10 Comprimidos Recubiertos,Migranol Metamizol 300 mg 10 Comprimidos Recubiertos,null,migranol,300mg,10,10,metamizol,solid-oral,null,migranol|300mg|10,migranol|300mg|10|bio:unknown|brand:unknown|var:metamizol|form:solid-oral,2790,store,true,https://www.cruzverde.cl/migranol-metamizol-300-mg-10-comprimidos-recubiertos/9070.html
dipirona,farmex,Metamizol Sódico Dipirona 500 mg x 5 supositorios,Metamizol Sódico Dipirona 500 mg x 5 supositorios,PASTEUR,metamizol,500mg,5,5,dipirona,suppository,null,metamizol|500mg|5,metamizol|500mg|5|bio:unknown|brand:pasteur|var:dipirona|form:suppository,2990,store,false,https://farmex.cl/products/metamizol-sodico-500-mg-x-5-supositorios?_pos=9&_psq=dipirona&_psid=140a7be15&_ss=e
dipirona,cruz-verde,Ultrimin Metamizol 300mg + Cafeína 100mg + Ergotamina 1mg + Clorfenamina maletato 10 Comprimidos Recubiertos,Ultrimin Metamizol 300mg + Cafeína 100mg + Ergotamina 1mg + Clorfenamina maletato 10 Comprimidos Recubiertos,null,ultrimin,300mg,10,10,null,solid-oral,cafeina,ultrimin|300mg|10,ultrimin|300mg|10|bio:unknown|brand:unknown|combo:cafeina|form:solid-oral,3590,store,true,https://www.cruzverde.cl/ultrimin-metamizol-300mg-cafeina-100mg-ergotamina-1mg-clorfenamina-maletato-10-comprimidos-recubiertos/193032.html
dipirona,salcobrand,Dipirona Metamizol Sódico 300mg 20 Comprimidos,Dipirona Metamizol Sódico 300mg 20 Comprimidos,Dipirona,dipirona,300mg,20,20,metamizol,solid-oral,null,dipirona|300mg|20,dipirona|300mg|20|bio:unknown|brand:dipirona|var:metamizol|form:solid-oral,3695,online,true,https://salcobrand.cl/products/dipirona-metamizol-sodico-300mg-20-comprimidos?default_sku=3350144
dipirona,ecofarmacias,Metamizol Sódico (Dipirona) 500mg x 5 Supositorios,Metamizol Sódico (Dipirona) 500mg x 5 Supositorios,null,metamizol,500mg,5,5,null,suppository,null,metamizol|500mg|5,metamizol|500mg|5|bio:unknown|brand:unknown|form:suppository,3990,store,false,https://www.ecofarmacias.cl/producto/metamizol-sodico-dipirona-500mg-x-5-supositorios/
dipirona,cruz-verde,Cefalmin Metamizol 300 mg 10 Comprimidos Recubiertos,Cefalmin Metamizol 300 mg 10 Comprimidos Recubiertos,null,cefalmin,300mg,10,10,metamizol,solid-oral,null,cefalmin|300mg|10,cefalmin|300mg|10|bio:unknown|brand:unknown|var:metamizol|form:solid-oral,4240,store,true,https://www.cruzverde.cl/cefalmin-metamizol-300-mg-10-comprimidos-recubiertos/12096.html
dipirona,araucomed,Kitadol Infantil 120mg/5ml jarabe 60 ml. (Cenabast),Kitadol Infantil 120mg/5ml jarabe 60 ml. (Cenabast),Laboratorio Chile,kitadol,120mg,null,null,infantil,fluid-oral,null,kitadol|60ml,kitadol|60ml|bio:unknown|brand:chile|var:infantil|form:fluid-oral,4490,store,true,https://farmacia.araucomed.com/analgesicos-y-antinflamatorios/kitadol-infantil-120mg-5ml-jarabe-60ml-cenabast
dipirona,farmex,Metamizol Sodico Dipirona 300 mg x 300 comp.,Metamizol Sodico Dipirona 300 mg x 300 comp.,null,metamizol,300mg,300,300,dipirona,solid-oral,null,metamizol|300mg|300,metamizol|300mg|300|bio:unknown|brand:unknown|var:dipirona|form:solid-oral,6694,cmr,true,https://farmex.cl/products/metamizol-sodico-dipirona-300-mg-x-300-comp-1?_pos=2&_psq=dipirona&_psid=140a7be15&_ss=e
dipirona,cruz-verde,Bevitex Compuesto Metamizol 300 mg / mL Gotas Orales 30 mL,Bevitex Compuesto Metamizol 300 mg / mL Gotas Orales 30 mL,null,bevitex,300mg,null,null,compuesto,fluid-oral,null,bevitex|30ml,bevitex|30ml|bio:unknown|brand:unknown|var:compuesto|form:fluid-oral,7290,store,true,https://www.cruzverde.cl/bevitex-compuesto-metamizol-300-mg-ml-gotas-orales-30-ml/288121.html
dipirona,farmex,Metamizol Sodico Dipirona 300 mg x 300 comp,Metamizol Sodico Dipirona 300 mg x 300 comp,VALMA,metamizol,300mg,300,300,dipirona,solid-oral,null,metamizol|300mg|300,metamizol|300mg|300|bio:unknown|brand:valma|var:dipirona|form:solid-oral,8490,store,true,https://farmex.cl/products/metamizol-sodico-dipirona-300-mg-x-300-comp?_pos=1&_psq=dipirona&_psid=140a7be15&_ss=e
dipirona,salcobrand,Diprotan (B) Duloxetina 30mg 30 Cápsulas,Diprotan (B) Duloxetina 30mg 30 Cápsulas,Diprotan,diprotan,30mg,30,30,duloxetina,solid-oral,null,diprotan|30mg|30,diprotan|30mg|30|bio:unknown|brand:diprotan|var:duloxetina|form:solid-oral,11549,online,true,https://salcobrand.cl/products/diprotan-b-duloxetina-30mg-30-capsulas?default_sku=586387
dipirona,salcobrand,Diprotan (B) Duloxetina 60mg 30 Cápsulas,Diprotan (B) Duloxetina 60mg 30 Cápsulas,Diprotan,diprotan,60mg,30,30,duloxetina,solid-oral,null,diprotan|60mg|30,diprotan|60mg|30|bio:unknown|brand:diprotan|var:duloxetina|form:solid-oral,12249,online,true,https://salcobrand.cl/products/diprotan-b-duloxetina-60mg-30-capsulas?default_sku=585942
dipirona,salcobrand,Pironal Flu Forte Ibuprofeno / Pseudoefedrina 12 Comprimidos Recubiertos,Pironal Flu Forte Ibuprofeno / Pseudoefedrina 12 Comprimidos Recubiertos,Pironal,pironal,null,12,12,null,solid-oral,pseudoefedrina,pironal|12,pironal|12|bio:unknown|brand:pironal|combo:pseudoefedrina|form:solid-oral,13463,online,true,https://salcobrand.cl/products/pironal-flu-forte-ibuprofeno-pseudoefedrina-12-comprimidos-recubiertos?default_sku=2591620
dipirona,salcobrand,Pironal Forte Ibuprofeno Jarabe 100ml,Pironal Forte Ibuprofeno Jarabe 100ml,Pironal Forte,pironal,100ml,null,null,forte,fluid-oral,null,pironal|100ml,pironal|100ml|bio:unknown|brand:pironalforte|var:forte|form:fluid-oral,14343,online,true,https://salcobrand.cl/products/pironal-fte-200mg-5ml-suspension-oral?default_sku=2590008
dipirona,salcobrand,Pironal Flu Forte Ibuprofeno / Pseudoefedrina Jarabe 100ml,Pironal Flu Forte Ibuprofeno / Pseudoefedrina Jarabe 100ml,Pironal,pironal,100ml,null,null,null,fluid-oral,pseudoefedrina,pironal|100ml,pironal|100ml|bio:unknown|brand:pironal|combo:pseudoefedrina|form:fluid-oral,15311,online,true,https://salcobrand.cl/products/pironal-flu-forte-ibuprofeno-pseudoefedrina-jarabe-100ml?default_sku=2591569
glicerina,araucomed,Palmolive jabón en barra humectante Oliva y Aloe Vera 85 g.,Palmolive jabón en barra humectante Oliva y Aloe Vera 85 g.,Palmolive,palmolive,85000mg,null,null,jabon,null,null,palmolive|85000mg,palmolive|85000mg|bio:unknown|brand:palmolive|var:jabon,650,store,true,https://farmacia.araucomed.com/jabones/palmolive-jabon-oliva-y-aloe-vera-85-g
glicerina,cruz-verde,SANY FARM ALCO.GEL70° 60M,SANY FARM ALCO.GEL70° 60M,null,sanyfarm,null,null,null,alco,null,null,sanyfarm,sanyfarm|bio:unknown|brand:unknown|var:alco,1000,store,true,https://www.cruzverde.cl/sany-farm-alco-gel70-60m/574585.html
glicerina,ecofarmacias,Jabón Glicerina Idem 70g,Jabón Glicerina Idem 70g,null,jabon,70000mg,null,null,glicerina,null,null,jabon|70000mg,jabon|70000mg|bio:unknown|brand:unknown|var:glicerina,1290,store,true,https://www.ecofarmacias.cl/producto/jabon-glicerina-idem-70g/
glicerina,farmex,Jabón de Glicerina x 90 g,Jabón de Glicerina x 90 g,Q-NAT,jabon,90000mg,null,null,glicerina,null,null,jabon|90000mg|90,jabon|90000mg|90|bio:unknown|brand:qnat|var:glicerina,1290,store,true,https://farmex.cl/products/jabon-de-glicerina-x-90-gr?_pos=5&_psq=glicerina&_psid=94264f646&_ss=e
glicerina,ecofarmacias,Ballerina Jabon de Glicerina 750 ML,Ballerina Jabon de Glicerina 750 ML,null,ballerina,750ml,null,null,jabon,null,null,ballerina|750ml,ballerina|750ml|bio:unknown|brand:unknown|var:jabon,1480,store,false,https://www.ecofarmacias.cl/producto/ballerina-jabon-de-glicerina-750-ml/
glicerina,easyfarma,Jabon De Glicerina Coco 340...,Jabon De Glicerina Coco 340...,null,jabon,null,null,null,glicerina,null,null,jabon,jabon|bio:unknown|brand:elite|var:glicerina,1490,store,true,https://nuevo.easyfarma.cl/104311-jabon-de-glicerina-coco-340-ml-elite.html
glicerina,araucomed,Cranberry Hidrogel pomo 15 gramos,Cranberry Hidrogel pomo 15 gramos,null,cranberry,null,null,null,hidrogel,null,null,cranberry,cranberry|bio:unknown|brand:unknown|var:hidrogel,1690,store,true,https://farmacia.araucomed.com/apositos/cranberry-hidrogel-pomo-15-gramos
glicerina,ecofarmacias,Babyland Jabon de Glicerina Ph Neutro 750 ML,Babyland Jabon de Glicerina Ph Neutro 750 ML,null,babyland,750ml,null,null,jabon,null,null,babyland|750ml,babyland|750ml|bio:unknown|brand:unknown|var:jabon,1690,store,false,https://www.ecofarmacias.cl/producto/babyland-jabon-de-glicerina-ph-neutro-750-ml/
glicerina,easyfarma,Q-Nat Jabon Glicerina sin...,Q-Nat Jabon Glicerina sin...,null,qnat,null,null,null,jabon,null,null,qnat,qnat|bio:unknown|brand:90gr|var:jabon,1690,store,true,https://nuevo.easyfarma.cl/26321-q-nat-jabon-glicerina-sin-sal-x-90gr.html
glicerina,ecofarmacias,Reutter Glicerina x 60 ml2,Reutter Glicerina x 60 ml2,null,reutter,null,60,60,glicerina,null,null,reutter|60,reutter|60|bio:unknown|brand:unknown|var:glicerina,1790,store,false,https://www.ecofarmacias.cl/producto/reutter-glicerina-x-60-ml/
glicerina,ahumada,La Prepie Parche Gel Frio 4Un,La Prepie Parche Gel Frio 4Un,null,prepie,null,1,1,frio,patch,null,prepie,prepie|bio:unknown|brand:unknown|var:frio|form:patch,1869,store,true,https://www.farmaciasahumada.cl/la-prepie-parche-gel-frio-4un-85191.html
glicerina,salcobrand,Trianon Jabón Barra de Glicerina 100g,Trianon Jabón Barra de Glicerina 100g,Trianon,trianon,100000mg,null,null,jabon,null,null,trianon|100000mg,trianon|100000mg|bio:unknown|brand:trianon|var:jabon,1899,store,true,https://salcobrand.cl/products/trianon-jabon-barra-de-glicerina-100g?default_sku=5740100
glicerina,ecofarmacias,Supositorio Glicerina 3.5g Adulto x 10unidades Valma DESCUENTO,Supositorio Glicerina 3.5g Adulto x 10unidades Valma DESCUENTO,null,glicerina,3500mg,1,1,null,suppository,null,glicerina|3500mg|10,glicerina|3500mg|10|bio:unknown|brand:unknown|form:suppository,1980,store,false,https://www.ecofarmacias.cl/producto/supositorio-glicerina-3-5g-adulto-x-10-unidades-valma-descuento/
glicerina,ecofarmacias,Glicerina Pura 60 g,Glicerina Pura 60 g,null,glicerina,60000mg,null,null,pura,null,null,glicerina|60000mg,glicerina|60000mg|bio:unknown|brand:unknown|var:pura,1980,store,false,https://www.ecofarmacias.cl/producto/glicerina-pura-60-g/
glicerina,araucomed,"Glicerina Supositorio adulto 3,5 gramos. x 10 unidades.","Glicerina Supositorio adulto 3,5 gramos. x 10 unidades.",Valma,glicerina,null,10,10,null,suppository,null,glicerina|10,glicerina|10|bio:unknown|brand:valma|form:suppository,1990,store,true,https://farmacia.araucomed.com/laxantes/glicerina-supositorio-adulto-35g-x10sup
glicerina,araucomed,Glicerina Supositorio infantil (1/4) 1 gramo  x 20 unidades.,Glicerina Supositorio infantil (1/4) 1 gramo  x 20 unidades.,Valma,glicerina,null,20,20,infantil,suppository,null,glicerina|20,glicerina|20|bio:unknown|brand:valma|var:infantil|form:suppository,1990,store,true,https://farmacia.araucomed.com/laxantes/glicerina-supositorio-infantil-1-4-1-gramo-x-20-unidades
glicerina,araucomed,Jabon Glicerina afrecho pack 3 x 100 gramos. (Family Set),Jabon Glicerina afrecho pack 3 x 100 gramos. (Family Set),Family Set,jabon,null,null,null,glicerina,null,null,jabon|100,jabon|100|bio:unknown|brand:familyset|var:glicerina,1990,store,true,https://farmacia.araucomed.com/jabones/jabon-glicerina-afrecho-pack-3-x-100g-family-set
glicerina,ecofarmacias,Nivea Jabón glicerina bolsa 3unidades x 90g,Nivea Jabón glicerina bolsa 3unidades x 90g,null,nivea,90000mg,null,null,jabon,null,null,nivea|90000mg|3,nivea|90000mg|3|bio:unknown|brand:unknown|var:jabon,1990,store,false,https://www.ecofarmacias.cl/producto/nivea-jabon-glicerina-bolsa-3unidades-x-90g/
glicerina,easyfarma,Glicerina Pura Líquida 60 gr.,Glicerina Pura Líquida 60 gr.,null,glicerina,null,null,null,pura,null,null,glicerina,glicerina|bio:unknown|brand:unknown|var:pura,1990,store,true,https://nuevo.easyfarma.cl/104133-glicerina-pura-liquida-60-gr.html
glicerina,ecofarmacias,Jabón Glicerina Simond&#8217;s Baby Care 340ml,Jabón Glicerina Simond&#8217;s Baby Care 340ml,null,jabon,340ml,null,null,glicerina,null,null,jabon|340ml,jabon|340ml|bio:unknown|brand:unknown|var:glicerina,2100,store,true,https://www.ecofarmacias.cl/producto/jabon-de-glicerina-simonds-baby-care-340ml/
glicerina,dr-simi,Jabón liquido de glicerina pH neutro flor de lavanda 500 mL,Jabón liquido de glicerina pH neutro flor de lavanda 500 mL,COLORBEL,jabon,500ml,null,null,glicerina,null,null,jabon|500ml,jabon|500ml|bio:unknown|brand:colorbel|var:glicerina,2200,store,true,https://www.drsimi.cl/flor-de-lavanda-jabon-de-glicerina-ph-neutro-500-ml/p
glicerina,farmex,Supositorio Glicerina Adulto 3 g x 10 supositorios,Supositorio Glicerina Adulto 3 g x 10 supositorios,VALMA,glicerina,3000mg,10,10,null,suppository,null,glicerina|3000mg|10,glicerina|3000mg|10|bio:unknown|brand:valma|form:suppository,2490,store,true,https://farmex.cl/products/supositorio-glicerina-adulto-x-10?_pos=1&_psq=glicerina&_psid=94264f646&_ss=e
glicerina,easyfarma,Jabon De Glicerina Celeste...,Jabon De Glicerina Celeste...,null,jabon,null,null,null,glicerina,null,null,jabon,jabon|bio:unknown|brand:simonds|var:glicerina,2490,store,true,https://nuevo.easyfarma.cl/103625-jabon-de-glicerina-celeste-340-ml-simonds.html
glicerina,cruz-verde,Jabón Líquido Glicerina 750 mL,Jabón Líquido Glicerina 750 mL,null,jabon,750ml,null,null,glicerina,null,null,jabon|750ml,jabon|750ml|bio:unknown|brand:unknown|var:glicerina,2590,store,true,https://www.cruzverde.cl/jabon-liquido-glicerina-750-ml/268376.html
glicerina,cruz-verde,Glicerina Jabón Líquido de 750 mL,Glicerina Jabón Líquido de 750 mL,null,glicerina,750ml,null,null,jabon,null,null,glicerina|750ml,glicerina|750ml|bio:unknown|brand:unknown|var:jabon,2590,store,true,https://www.cruzverde.cl/glicerina-jabon-liquido-de-750-ml/262733.html
glicerina,ecofarmacias,Jabón de Glicerina Sanisep (Piel Mixta),Jabón de Glicerina Sanisep (Piel Mixta),null,jabon,null,null,null,glicerina,null,null,jabon,jabon|bio:unknown|brand:unknown|var:glicerina,2690,store,false,https://www.ecofarmacias.cl/producto/sanisep-jabon-facial-barra-glicerina-100-g/
glicerina,cruz-verde,Jabón de Glicerina Liquido Avena 1.5 Lt,Jabón de Glicerina Sanisep (Piel Mixta),null,jabon,null,null,null,glicerina,null,null,jabon,jabon|bio:unknown|brand:unknown|var:glicerina,2890,store,true,https://www.cruzverde.cl/jabon-de-glicerina-liquido-avena-1-5-lt/300228.html
glicerina,ecofarmacias,Supositorio Glicerina Pediátrico x 20 Unidades (Valma),Supositorio Glicerina Pediátrico 20 Unidades,Supositorio Glicerina Pediatrico,glicerina,null,20,20,infantil,suppository,null,glicerina|20,glicerina|20|bio:unknown|brand:unknown|var:infantil|form:suppository,2780,store,true,https://www.ecofarmacias.cl/producto/paracetamol-infantil-x-20-supositorios-valma/
glicerina,salcobrand,Supositorio Glicerina Pediátrico 20 Unidades,Supositorio Glicerina Pediátrico 20 Unidades,Supositorio Glicerina Pediatrico,glicerina,null,20,20,infantil,suppository,null,glicerina|20,glicerina|20|bio:unknown|brand:unknown|var:infantil|form:suppository,6863,online,true,https://salcobrand.cl/products/supositorio-glicerina-pediatrico-20-unidades?default_sku=3350004
glicerina,ecofarmacias,Supositorio Glicerina 1 g Infantil x 20 unidades,Supositorio Glicerina 1 g Infantil x 20 unidades,null,glicerina,1000mg,20,20,null,suppository,null,glicerina|1000mg|20,glicerina|1000mg|20|bio:unknown|brand:unknown|form:suppository,2780,store,false,https://www.ecofarmacias.cl/producto/supositorio-glicerina-1-g-infantil-x-20-unidades/
glicerina,araucomed,"Pielarmina Clinical Diabederm crema para manos, codos y pies, piel frágil y agrietada con urea 10% 70 g.","Pielarmina Clinical Diabederm crema para manos, codos y pies, piel frágil y agrietada con urea 10% 70 g.",Pielarmina,pielarmina,70000mg,null,null,clinical,topical,null,pielarmina|70000mg,pielarmina|70000mg|bio:unknown|brand:pielarmina|var:clinical|form:topical,2790,store,true,https://farmacia.araucomed.com/cremas-de-manos/pielarmina-clinical-diabederm-crema-para-manos-codos-y-pies-piel-fragil-y-agrietada-con-urea-10-70-g
glicerina,easyfarma,Supositorios Infantiles de...,Supositorios Infantiles de...,null,supositorios,null,null,null,infantiles,suppository,null,supositorios,supositorios|bio:unknown|brand:unknown|var:infantiles|form:suppository,2790,store,true,https://nuevo.easyfarma.cl/26774-supositorios-infantiles-de-glicerina-2.html
glicerina,ahumada,Glicerina 200 cc,Glicerina 200 cc,null,glicerina,null,null,null,cc,null,null,glicerina,glicerina|bio:unknown|brand:unknown|var:cc,2799,store,true,https://www.farmaciasahumada.cl/glicerina-200-cc-87930.html
glicerina,ecofarmacias,Simond&#8217;s Jabon de Glicerina Hygienic 1000 ML,Simond&#8217;s Jabon de Glicerina Hygienic 1000 ML,null,simond,1000ml,null,null,s,null,null,simond|1000ml,simond|1000ml|bio:unknown|brand:unknown|var:s,2990,store,true,https://www.ecofarmacias.cl/producto/simonds-jabon-de-glicerina-hygienic-1000-ml/
glicerina,farmex,"Supositorios de Glicerina 3,5 g Adulto x 10 unidades","Supositorios de Glicerina 3,5 g Adulto x 10 unidades",VALMA,supositorios,3500mg,10,10,glicerina,suppository,null,supositorios|3500mg|10,supositorios|3500mg|10|bio:unknown|brand:valma|var:glicerina|form:suppository,2990,store,true,https://farmex.cl/products/supositorios-de-glicerina-3-5-g-adulto-x-10-unid-valma?_pos=2&_psq=glicerina&_psid=94264f646&_ss=e
glicerina,farmex,Supositorios de Glicerina Infantil 1 g x 20 supositorios,Supositorios de Glicerina Infantil 1 g x 20 supositorios,VALMA,supositorios,1000mg,20,20,glicerina,suppository,null,supositorios|1000mg|20,supositorios|1000mg|20|bio:unknown|brand:valma|var:glicerina|form:suppository,2990,store,true,https://farmex.cl/products/supositorio-glicerina-infantil-1-g-x-20?_pos=3&_psq=glicerina&_psid=94264f646&_ss=e
glicerina,easyfarma,Supositorios Adulto de...,Supositorios Adulto de...,null,supositorios,null,null,null,null,suppository,null,supositorios,supositorios|bio:unknown|brand:glicerina|form:suppository,2990,store,true,https://nuevo.easyfarma.cl/26781-supositorios-infantiles-de-glicerina.html
glicerina,cruz-verde,Jabón Líquido Cremoso Original 750ml,Jabón Líquido Cremoso Original 750ml,null,jabon,750ml,null,null,cremoso,null,null,jabon|750ml,jabon|750ml|bio:unknown|brand:unknown|var:cremoso,3000,store,true,https://www.cruzverde.cl/jabon-liquido-cremoso-original-750ml/560460.html
glicerina,salcobrand,Glicerina Líquida 200ml,Glicerina Líquida 200ml,Recetario,glicerina,200ml,null,null,null,null,null,glicerina|200ml,glicerina|200ml|bio:unknown|brand:recetario,3099,store,true,https://salcobrand.cl/products/glicerina-liquida-200ml?default_sku=595386
glicerina,salcobrand,Jabón de Glicerina Simond's Baby Care 340ml,Jabón de Glicerina Simond's Baby Care 340ml,Simond's,jabon,340ml,null,null,glicerina,null,null,jabon|340ml,jabon|340ml|bio:unknown|brand:simonds|var:glicerina,3599,store,true,https://salcobrand.cl/products/jabon-de-glicerina-baby-care?default_sku=4410140
glicerina,dr-simi,Glicerina 1 g 20 supositorios,Glicerina 1 g 20 supositorios,VALMA,glicerina,1000mg,20,20,null,suppository,null,glicerina|1000mg,glicerina|1000mg|bio:false|brand:valma|form:suppository,3720,store,true,https://www.drsimi.cl/glicerina-1-gr-supositorios-infantil/p
glicerina,ahumada,Supositorios De Glicerina 3 g x 10 Supositorios,Supositorios De Glicerina 3 g x 10 Supositorios,null,supositorios,3000mg,10,10,glicerina,suppository,null,supositorios|3000mg|10,supositorios|3000mg|10|bio:unknown|brand:unknown|var:glicerina|form:suppository,3749,cmr,true,https://www.farmaciasahumada.cl/supositorios-de-glicerina-3-g-x-10-supositorios-3156.html
glicerina,salcobrand,Biocure Colonia de Fricción Aloe Vera Glicerina 400ml,Biocure Colonia de Fricción Aloe Vera Glicerina 400ml,Biocure,biocure,400ml,null,null,colonia,null,null,biocure|400ml,biocure|400ml|bio:unknown|brand:biocure|var:colonia,3999,store,true,https://salcobrand.cl/products/biocure-colonia-de-friccion-aloe-vera-glicerina-400ml?default_sku=4102083
glicerina,salcobrand,Shake Vainilla 237 ml,Shake Vainilla 237 ml,Glucerna,shake,237ml,null,null,vainilla,null,null,shake|237ml,shake|237ml|bio:unknown|brand:glucerna|var:vainilla,3999,store,true,https://salcobrand.cl/products/alimento-para-proposito-medico-ideal-para-personas-con-diabetes-o-pre-diabetes?default_sku=11376
glicerina,cruz-verde,Jabón Líquido Infantil Celeste Glicerina 1000 mL,Jabón Líquido Infantil Celeste Glicerina 1000 mL,null,jabon,1000ml,null,null,infantil,null,null,jabon|1000ml,jabon|1000ml|bio:unknown|brand:unknown|var:infantil,4190,store,true,https://www.cruzverde.cl/jabon-liquido-infantil-celeste-glicerina-1000-ml/277857.html
glicerina,ecofarmacias,Jabon Glicerina Aloe Vera 100 gr Pack 3 Unidades,Jabon Glicerina Aloe Vera 100 gr Pack 3 Unidades,null,jabon,null,3,3,glicerina,null,null,jabon|3,jabon|3|bio:unknown|brand:unknown|var:glicerina,4190,store,true,https://www.ecofarmacias.cl/producto/jabon-glicerina-aloe-vera-100-gr-pack-3-unidades/
glicerina,cruz-verde,Jabon Glicerina Aloe Vera 100 gr Pack 3 Unidades,Jabon Glicerina Aloe Vera 100 gr Pack 3 Unidades,null,jabon,null,3,3,glicerina,null,null,jabon|3,jabon|3|bio:unknown|brand:unknown|var:glicerina,4990,store,true,https://www.cruzverde.cl/jabon-glicerina-aloe-vera-100-gr-pack-3-unidades/270724.html
glicerina,salcobrand,Pack Cell Skin Jabón Barra Glicerina & Afrecho 3x100g,Pack Cell Skin Jabón Barra Glicerina & Afrecho 3x100g,Cell Skin,packcell,100000mg,null,null,skin,null,null,packcell|100000mg,packcell|100000mg|bio:unknown|brand:cellskin|var:skin,4199,store,true,https://salcobrand.cl/products/pack-cell-skin-jabon-barra-glicerina-afrecho-3x100g?default_sku=587934
glicerina,ahumada,Shampoo para bebé Johnson's&reg; PH Balanceado x 400 ml.,Shampoo para bebé Johnson's&reg; PH Balanceado x 400 ml.,null,shampoo,400ml,null,null,bebe,topical,null,shampoo|400ml|400,shampoo|400ml|400|bio:unknown|brand:unknown|var:bebe|form:topical,4258,store,true,https://www.farmaciasahumada.cl/shampoo-para-bebe-johnsons-ph-balanceado-x-400-ml.-86588001.html
glicerina,ahumada,Shampoo para niños Johnson's&reg; Fuerza y Vitamina x 400 ml.,Shampoo para niños Johnson's&reg; Fuerza y Vitamina x 400 ml.,null,shampoo,400ml,null,null,infantil,topical,null,shampoo|400ml|400,shampoo|400ml|400|bio:unknown|brand:unknown|var:infantil|form:topical,4258,store,true,https://www.farmaciasahumada.cl/shampoo-para-ninos-johnsons-fuerza-y-vitamina-x-400-ml.-86588005.html
glicerina,araucomed,Johnson's Baby baño liquido con glicerina 400ml,Johnson's Baby baño liquido con glicerina 400ml,Johnson'S,johnson,400ml,null,null,s,null,null,johnson|400ml,johnson|400ml|bio:unknown|brand:johnsons|var:s,4290,store,true,https://farmacia.araucomed.com/shampoo-y-balsamo-infantiles/johnson-s-baby-bano-liquido-con-glicerina-400ml
glicerina,araucomed,Trianon Jabon Glicerina Aloe 100g (Pack x 3),Trianon Jabon Glicerina Aloe 100g (Pack x 3),Trianon,trianon,100000mg,3,3,jabon,null,null,trianon|100000mg|3,trianon|100000mg|3|bio:unknown|brand:trianon|var:jabon,4490,store,true,https://farmacia.araucomed.com/jabones/trianon-jabon-glicerina-aloe-100g-pack-x-3
glicerina,ahumada,Supositorios De Glicerina 1 g x 20 Supositorios,Supositorios De Glicerina 1 g x 20 Supositorios,null,supositorios,1000mg,20,20,glicerina,suppository,null,supositorios|1000mg|20,supositorios|1000mg|20|bio:unknown|brand:unknown|var:glicerina|form:suppository,4499,cmr,true,https://www.farmaciasahumada.cl/supositorios-de-glicerina-1-g-x-20-supositorios-3143.html
glicerina,ecofarmacias,Trianon Pack Jabon De Glicerina Afrecho 3 Unidades X 1 Pack,Trianon Pack Jabon De Glicerina Afrecho 3 Unidades X 1 Pack,null,trianon,null,3,3,pack,null,null,trianon|3,trianon|3|bio:unknown|brand:unknown|var:pack,4650,store,true,https://www.ecofarmacias.cl/producto/trianon-pack-jabon-de-glicerina-afrecho-3-unidades-x-1-pack/
glicerina,cruz-verde,Crema Noche Hydra Therapy 50 mL,Crema Noche Hydra Therapy 50 mL,null,hydra,50ml,null,null,therapy,topical,null,hydra|50ml|n,hydra|50ml|n|bio:unknown|brand:unknown|var:therapy|form:topical,4690,store,true,https://www.cruzverde.cl/crema-noche-hydra-therapy-50-ml/297992.html
glicerina,salcobrand,Jabón de Glicerina Afrecho Trianon Barra,Jabón de Glicerina Afrecho Trianon Barra,Trianon,jabon,null,null,null,glicerina,null,null,jabon,jabon|bio:unknown|brand:trianon|var:glicerina,4899,store,true,https://salcobrand.cl/products/jabon-de-glicerina-afrecho-trianon-barra?default_sku=5740001
glicerina,araucomed,Jabón Antibacterial con glicerina 340 ml (Difem Care),Jabón Antibacterial con glicerina 340 ml (Difem Care),null,jabon,340ml,null,null,antibacterial,null,null,jabon|340ml,jabon|340ml|bio:unknown|brand:unknown|var:antibacterial,4990,store,true,https://farmacia.araucomed.com/jabones/jabon-antibacterial-con-glicerina-340-ml-difem-care
glicerina,cruz-verde,Glicerina 3 gr 10 Supositorios,Glicerina 3 gr 10 Supositorios,null,glicerina,null,10,10,null,suppository,null,glicerina,glicerina|bio:unknown|brand:unknown|form:suppository,5190,store,true,https://www.cruzverde.cl/glicerina-3-gr-10-supositorios/199278.html
glicerina,araucomed,Alcohol gel antiséptico tópico 70% 340 ml. (Difem Pharma),Alcohol gel antiséptico tópico 70% 340 ml. (Difem Pharma),null,alcohol,340ml,null,null,antiseptico,topical,null,alcohol|340ml,alcohol|340ml|bio:unknown|brand:unknown|var:antiseptico|form:topical,5290,store,true,https://farmacia.araucomed.com/alcohol/alcohol-gel-70-340cc-difem
glicerina,ahumada,Bentley Gel Classic 50g,Bentley Gel Classic 50g,null,bentley,50000mg,null,null,classic,topical,null,bentley|50000mg,bentley|50000mg|bio:unknown|brand:unknown|var:classic|form:topical,5507,store,true,https://www.farmaciasahumada.cl/bentley-gel-classic-50g-39706.html
glicerina,cruz-verde,Clinical Body Crema Piel Diabética C/Urea Karité y Glicerina 350mL,Clinical Body Crema Piel Diabética C/Urea Karité y Glicerina 350mL,null,clinical,350ml,null,null,null,topical,urea,clinical|350ml,clinical|350ml|bio:unknown|brand:unknown|combo:urea|form:topical,5990,store,true,https://www.cruzverde.cl/clinical-body-crema-piel-diabetica-c-urea-karite-y-glicerina-350ml/531558.html
glicerina,cruz-verde,Serum Corporal Niacinamida 200ml,Serum Corporal Niacinamida 200ml,null,serum,200ml,null,null,corporal,null,null,serum|200ml,serum|200ml|bio:unknown|brand:unknown|var:corporal,5990,store,false,https://www.cruzverde.cl/serum-corporal-niacinamida-200ml/570598.html
glicerina,ahumada,Gel Lubricante Íntimo Bentley Classic 120 g,Gel Lubricante Íntimo Bentley Classic 120 g,null,lubricante,120000mg,null,null,intimo,topical,null,lubricante|120000mg,lubricante|120000mg|bio:unknown|brand:unknown|var:intimo|form:topical,6390,store,true,https://www.farmaciasahumada.cl/gel-lubricante-intimo-bentley-classic-120-g-73942.html
glicerina,ahumada,Primer Etienne Galssing Milk Hydra Hidratante,Primer Etienne Galssing Milk Hydra Hidratante,null,primer,null,null,null,etienne,null,null,primer,primer|bio:unknown|brand:unknown|var:etienne,6399,store,true,https://www.farmaciasahumada.cl/primer-etienne-galssing-milk-hydra-hidratante-97399.html
glicerina,ahumada,Bruma Refrescante Fijadora Petrizzio,Bruma Refrescante Fijadora Petrizzio,null,bruma,null,null,null,refrescante,null,null,bruma,bruma|bio:unknown|brand:unknown|var:refrescante,6999,store,true,https://www.farmaciasahumada.cl/bruma-refrescante-fijadora-petrizzio-97651.html
glicerina,ahumada,Supositorios de Glicerina 3,Supositorios de Glicerina 3,null,supositorios,null,null,null,glicerina,suppository,null,supositorios,supositorios|bio:unknown|brand:unknown|var:glicerina|form:suppository,7612,cmr,true,https://www.farmaciasahumada.cl/supositorios-de-glicerina-3-3195.html
glicerina,ahumada,Aquaphor Eucerin Duo 10 mL 2 un,Aquaphor Eucerin Duo 10 mL 2 un,null,aquaphor,10ml,null,null,eucerin,null,null,aquaphor|10ml,aquaphor|10ml|bio:unknown|brand:unknown|var:eucerin,8090,store,true,https://www.farmaciasahumada.cl/aquaphor-eucerin-duo-10-ml-2-un-85940.html
glicerina,salcobrand,Supositorio Glicerina Mediano 3g 10 Unidades,Supositorio Glicerina Mediano 3g 10 Unidades,Glicerina,glicerina,3000mg,10,10,mediano,suppository,null,glicerina|3000mg|10,glicerina|3000mg|10|bio:unknown|brand:glicerina|var:mediano|form:suppository,8095,online,true,https://salcobrand.cl/products/supositorio-glicerina-mediano-3g-10-unidades?default_sku=3350000
glicerina,cruz-verde,Crema Corporal Regeneración Intensiva 400ml,Crema Corporal Regeneración Intensiva 400ml,null,corporal,400ml,null,null,regeneracion,topical,null,corporal|400ml,corporal|400ml|bio:unknown|brand:unknown|var:regeneracion|form:topical,8113,store,true,https://www.cruzverde.cl/crema-corporal-regeneracion-intensiva-400ml/565173.html
glicerina,salcobrand,Supositorio Glicerina Adulto 10 Unidades,Supositorio Glicerina Adulto 10 Unidades,Glicerina,glicerina,null,10,10,null,suppository,null,glicerina|10,glicerina|10|bio:unknown|brand:glicerina|form:suppository,8711,online,true,https://salcobrand.cl/products/supositorio-glicerina-adulto-10-unidades?default_sku=3350072
glicerina,ahumada,Serum Corporal con Pantenol Dove 400ml,Serum Corporal Pantenol 400ml,null,serum,400ml,null,null,corporal,null,null,serum|400ml,serum|400ml|bio:unknown|brand:unknown|var:corporal,9294,store,true,https://www.farmaciasahumada.cl/serum-corporal-con-pantenol-dove-400ml-96644.html
glicerina,cruz-verde,Serum Corporal Pantenol 400ml,Serum Corporal Pantenol 400ml,null,serum,400ml,null,null,corporal,null,null,serum|400ml,serum|400ml|bio:unknown|brand:unknown|var:corporal,13190,store,false,https://www.cruzverde.cl/serum-corporal-pantenol-400ml/570589.html
glicerina,ahumada,Crema Eucerin Aquaphor Pomo 55 mL,Crema Eucerin Aquaphor Pomo 55 mL,null,eucerin,55ml,null,null,aquaphor,topical,null,eucerin|55ml,eucerin|55ml|bio:unknown|brand:unknown|var:aquaphor|form:topical,9790,store,true,https://www.farmaciasahumada.cl/crema-eucerin-aquaphor-pomo-55-ml-68121.html
glicerina,araucomed,Alcohol gel antiséptico tópico 70% 800 ml. (Difem Pharma),Alcohol gel antiséptico tópico 70% 800 ml. (Difem Pharma),null,alcohol,800ml,null,null,antiseptico,topical,null,alcohol|800ml,alcohol|800ml|bio:unknown|brand:unknown|var:antiseptico|form:topical,9990,store,true,https://farmacia.araucomed.com/alcohol/alcohol-gel-70-800cc-difem
glicerina,araucomed,"Hialovis Aqua Colágeno hidrolizado 10,000 mg Sabor Fresa x 600 ml.","Hialovis Aqua Colágeno hidrolizado 10,000 mg Sabor Fresa x 600 ml.",Arama,hialovis,10mg,null,null,aqua,null,null,hialovis|600ml|600,hialovis|600ml|600|bio:unknown|brand:arama|var:aqua,9990,store,true,https://farmacia.araucomed.com/suplementos-de-colageno/hialovis-aqua-colageno-hidrolizado-10000-mg-sabor-fresa-x-600-ml
glicerina,araucomed,Jabón Antibacterial con glicerina 1000 ml (Difem Care),Jabón Antibacterial con glicerina 1000 ml (Difem Care),null,jabon,1000ml,null,null,antibacterial,null,null,jabon|1000ml,jabon|1000ml|bio:unknown|brand:unknown|var:antibacterial,10790,store,true,https://farmacia.araucomed.com/jabones/jabon-antibacterial-con-glicerina-1000-ml-difem-care
glicerina,ahumada,Sérum Hidratante Daily Light 50 ml Etienne,Sérum Hidratante Daily Light 50 ml Etienne,null,serum,50ml,null,null,hidratante,null,null,serum|50ml,serum|50ml|bio:unknown|brand:unknown|var:hidratante,10799,store,true,https://www.farmaciasahumada.cl/serum-hidratante-daily-light-50-ml-etienne-97362.html
glicerina,easyfarma,Otisec Spray Para el Oido...,Otisec Spray Para el Oido...,null,otisec,null,null,null,oido,null,null,otisec,otisec|bio:unknown|brand:unknown|var:oido,11193,store,true,https://nuevo.easyfarma.cl/105472-otisec-30-ml.html
glicerina,salcobrand,Lancetas Fastclix Para La Medición De Glicemia 24 Unidades,Lancetas Fastclix Para La Medición De Glicemia 24 Unidades,Accu-Chek,lancetas,null,24,24,fastclix,null,null,lancetas|24,lancetas|24|bio:unknown|brand:accuchek|var:fastclix,12499,store,true,https://salcobrand.cl/products/lancetas-fastclix-para-la-medicion-de-glicemia-24-unidades?default_sku=205851
glicerina,cruz-verde,Ungüento Reparador Aquaphor 55ml,Ungüento Reparador Aquaphor 55ml,null,unguento,55ml,null,null,reparador,topical,null,unguento|55ml,unguento|55ml|bio:unknown|brand:unknown|var:reparador|form:topical,14290,store,true,https://www.cruzverde.cl/unguento-reparador-aquaphor-55ml/261808.html
glicerina,salcobrand,4 Pack Ahorro Glucerna Líquida Sabor Vainilla,4 Pack Ahorro Glucerna Líquida Sabor Vainilla,Glucerna,pack,null,null,null,ahorro,null,null,pack,pack|bio:unknown|brand:glucerna|var:ahorro,14699,store,true,https://salcobrand.cl/products/4-pack-ahorro-glucerna-liquida-sabor-vainilla?default_sku=1020066
glicerina,araucomed,Cerave protector solar facial fuido Hidratante FPS 50+ 50 ml.,Cerave protector solar facial fuido Hidratante FPS 50+ 50 ml.,null,cerave,50ml,null,null,protector,null,null,cerave|50ml,cerave|50ml|bio:unknown|brand:unknown|var:protector,15490,store,true,https://farmacia.araucomed.com/protector-solar-de-rostro/cerave-protector-solar-facial-fuido-hidratante-fps-50-50-ml
glicerina,ahumada,Vichy Purete Thermal 3 en 1 Loción Desmaquillante x 200 mL,Vichy Purete Thermal 3 en 1 Loción Desmaquillante x 200 mL,null,vichy,200ml,null,null,purete,topical,null,vichy|200ml|200,vichy|200ml|200|bio:unknown|brand:unknown|var:purete|form:topical,16239,store,true,https://www.farmaciasahumada.cl/vichy-purete-thermal-3-en-1-locion-desmaquillante-x-200-ml-12461.html
glicerina,ahumada,Diabet Tx Pack Crema 400Mlx2,Diabet Tx Pack Crema 400Mlx2,null,diabet,null,null,null,tx,topical,null,diabet,diabet|bio:unknown|brand:unknown|var:tx|form:topical,16499,store,true,https://www.farmaciasahumada.cl/diabet-tx-pack-crema-400mlx2-89727.html
glicerina,salcobrand,Cheltin Glicinato Ferroso 6mg/ml Oral Gotas 30ml,Cheltin Glicinato Ferroso 6mg/ml Oral Gotas 30ml,Cheltin,cheltin,6mg,null,null,glicinato,fluid-oral,null,cheltin|30ml,cheltin|30ml|bio:unknown|brand:cheltin|var:glicinato|form:fluid-oral,16807,online,true,https://salcobrand.cl/products/glicinato-ferroso-30mg-ml-oral-gtas?default_sku=2570350
glicerina,ahumada,Barra Limpiadora Cetaphil 127grs,Barra Limpiadora Cetaphil 127grs,null,barra,null,null,null,limpiadora,null,null,barra,barra|bio:unknown|brand:unknown|var:limpiadora,16990,store,true,https://www.farmaciasahumada.cl/barra-limpiadora-cetaphil-127grs-45013.html
glicerina,ahumada,Naticare Supra 30 Cápsulas,Naticare Supra 30 Cápsulas,null,naticare,null,30,30,supra,solid-oral,null,naticare|30,naticare|30|bio:unknown|brand:unknown|var:supra|form:solid-oral,17185,store,true,https://www.farmaciasahumada.cl/naticare-supra-30-capsulas-85092.html
glicerina,araucomed,Babé Fluido Hidra-Calm 500 ml.,Babé Fluido Hidra-Calm 500 ml.,null,babe,500ml,null,null,fluido,null,null,babe|500ml,babe|500ml|bio:unknown|brand:unknown|var:fluido,17190,store,true,https://farmacia.araucomed.com/tratamiento-calmante-facial/babe-fluido-hidra-calm-500ml
glicerina,ahumada,Gelclair Gel Oral 15 ml Caja con 3 Sobres,Gelclair Gel Oral 15 ml Caja con 3 Sobres,null,gelclair,15ml,3,3,null,topical,null,gelclair|15ml|3,gelclair|15ml|3|bio:unknown|brand:unknown|form:topical,17849,cmr,true,https://www.farmaciasahumada.cl/gelclair-gel-oral-15-ml-caja-con-3-sobres-63860.html
glicerina,araucomed,Babé Urea 10% loción reparadora 500 ml,Babé Urea 10% loción reparadora 500 ml,null,babeurea,500ml,null,null,reparadora,topical,null,babeurea|500ml,babeurea|500ml|bio:unknown|brand:unknown|var:reparadora|form:topical,18090,store,true,https://farmacia.araucomed.com/hidratacion-y-nutricion-para-pieles-sensibles/babe-urea-10-locion-reparadora-500ml
glicerina,cruz-verde,Loción Corporal pH5 Hidratante 400ml,Loción Corporal pH5 Hidratante 400ml,null,locion,400ml,null,null,corporal,topical,null,locion|400ml,locion|400ml|bio:unknown|brand:unknown|var:corporal|form:topical,18990,store,true,https://www.cruzverde.cl/locion-corporal-ph5-hidratante-400ml/259865.html
glicerina,cruz-verde,Pureté Thermale Gel Limpiador Fresco 200ml,Pureté Thermale Gel Limpiador Fresco 200ml,null,purete,200ml,null,null,thermale,topical,null,purete|200ml,purete|200ml|bio:unknown|brand:unknown|var:thermale|form:topical,18990,store,true,https://www.cruzverde.cl/purete-thermale-gel-limpiador-fresco-200ml/555830.html
glicerina,salcobrand,Glucómetro Para Examen de Glicemia,Glucómetro Para Examen de Glicemia,One Touch,glucometro,null,null,null,examen,null,null,glucometro,glucometro|bio:unknown|brand:onetouch|var:examen,19499,store,true,https://salcobrand.cl/products/glucometro-para-examen-de-glicemia?default_sku=580830
glicerina,cruz-verde,Hydro Boost Water Gel 50g + Hydro Boost Sérum Hidratante 30ML,Hydro Boost Water Gel 50g + Hydro Boost Sérum Hidratante 30ML,null,hydro,50000mg,null,null,boost,topical,null,hydro|30ml,hydro|30ml|bio:unknown|brand:unknown|var:boost|form:topical,19990,store,false,https://www.cruzverde.cl/hydro-boost-water-gel-50g-hydro-boost-serum-hidratante-30ml/578758.html
glicerina,ahumada,Aquaphor Eucerin Pomada Reparadora 220 mL,Aquaphor Eucerin Pomada Reparadora 220 mL,null,aquaphor,220ml,null,null,eucerin,topical,null,aquaphor|220ml,aquaphor|220ml|bio:unknown|brand:unknown|var:eucerin|form:topical,22290,store,true,https://www.farmaciasahumada.cl/aquaphor-eucerin-pomada-reparadora-220-ml-92999.html
glicerina,ahumada,Pre-shampoo Dercos Collagen 17 Filler tratamiento ultra reparador 150ml,Pre-shampoo Dercos Collagen 17 Filler tratamiento ultra reparador 150ml,null,preshampoo,150ml,null,null,dercos,null,null,preshampoo|150ml,preshampoo|150ml|bio:unknown|brand:unknown|var:dercos,22399,store,true,https://www.farmaciasahumada.cl/pre-shampoo-dercos-collagen-17-filler-tratamiento-ultra-reparador-150ml-96937.html
glicerina,ahumada,Eucerin DermoPure Hydra Crema Calmante 40ml,Eucerin DermoPure Hydra Crema Calmante 40ml,null,eucerin,40ml,null,null,dermopure,topical,null,eucerin|40ml,eucerin|40ml|bio:unknown|brand:unknown|var:dermopure|form:topical,23249,store,true,https://www.farmaciasahumada.cl/eucerin-dermopure-hydra-crema-calmante-40ml-96674.html
glicerina,araucomed,Eucerin Hyaluron-Filler 3X effect Hydrating booster gel facial 30 ml.,Eucerin Hyaluron-Filler 3X effect Hydrating booster gel facial 30 ml.,Eucerin,eucerin,30ml,null,null,hyaluronfiller,topical,null,eucerin|30ml,eucerin|30ml|bio:unknown|brand:eucerin|var:hyaluronfiller|form:topical,23990,store,true,https://farmacia.araucomed.com/tratamiento-anti-edad/eucerin-hyaluron-filler-3x-effect-hydrating-booster-gel-facial-30-ml
glicerina,cruz-verde,Pureté Thermale Gel Limpiador Fresco 400ml,Pureté Thermale Gel Limpiador Fresco 400ml,null,purete,400ml,null,null,thermale,topical,null,purete|400ml,purete|400ml|bio:unknown|brand:unknown|var:thermale|form:topical,24390,store,true,https://www.cruzverde.cl/purete-thermale-gel-limpiador-fresco-400ml/556451.html
glicerina,araucomed,Eucerin Hyaluron-Filler 3X effect ultra light hydrating + repair gel facial día 50 ml.,Eucerin Hyaluron-Filler 3X effect ultra light hydrating + repair gel facial día 50 ml.,Eucerin,eucerin,50ml,null,null,null,topical,repair,eucerin|50ml|d,eucerin|50ml|d|bio:unknown|brand:eucerin|combo:repair|form:topical,27990,store,true,https://farmacia.araucomed.com/tratamiento-anti-edad/eucerin-hyaluron-filler-3x-effect-ultra-light-hydrating-repair-gel-facial-dia-50-ml
glicerina,ahumada,Serum Biolube Íntimo Hidratante V Queen 32 g,Serum Biolube Íntimo Hidratante V Queen 32 g,null,serum,32000mg,null,null,biolube,null,null,serum|32000mg,serum|32000mg|bio:unknown|brand:unknown|var:biolube,29996,cmr,true,https://www.farmaciasahumada.cl/serum-biolube-intimo-hidratante-v-queen-32-g-93802.html
glicerina,salcobrand,Glucerna Vainilla 850g,Glucerna Vainilla 850g,Glucerna,glucerna,850000mg,null,null,vainilla,null,null,glucerna|850000mg,glucerna|850000mg|bio:unknown|brand:glucerna|var:vainilla,33899,store,true,https://salcobrand.cl/products/glucerna-vainilla-850g?default_sku=1020070
glicerina,salcobrand,Lancetas Fastclix Para La Medición De Glicemia 102 Unidades,Lancetas Fastclix Para La Medición De Glicemia 102 Unidades,Accu-Chek,lancetas,null,102,102,fastclix,null,null,lancetas|102,lancetas|102|bio:unknown|brand:accuchek|var:fastclix,42599,store,true,https://salcobrand.cl/products/lancetas-fastclix-para-la-medicion-de-glicemia-102-unidades?default_sku=205850
glicerina,dr-simi,Nitroglicerina 0.6 mg 30 comprimidos,Nitroglicerina 0.6 mg 30 comprimidos,DR. SIMI,nitroglicerina,0.6mg,30,30,null,solid-oral,null,nitroglicerina|0.6mg|30,nitroglicerina|0.6mg|30|bio:false|brand:drsimi|form:solid-oral,6200,store,false,https://www.drsimi.cl/nitroglicerina-0-6-mg-30-comprimidos/p
hidrocortisona,araucomed,Hidrocortisona Liofilizado Inyectable 100mg (Biosano),Hidrocortisona Liofilizado Inyectable 100mg (Biosano),Biosano,hidrocortisona,100mg,null,null,liofilizado,injectable,null,hidrocortisona|100mg,hidrocortisona|100mg|bio:unknown|brand:biosano|var:liofilizado|form:injectable,650,store,false,https://farmacia.araucomed.com/corticoides/hidrocortisona-liofilizado-inyectable-100mg-biosan
hidrocortisona,araucomed,Hidrocortisona I.M./I.V. 100 mg x 1 frasco ampolla. (Difem),Hidrocortisona I.M./I.V. 100 mg x 1 frasco ampolla. (Difem),null,hidrocortisona,100mg,1,1,m,injectable,null,hidrocortisona|100mg,hidrocortisona|100mg|bio:unknown|brand:unknown|var:m|form:injectable,990,store,true,https://farmacia.araucomed.com/corticoides/hidrocortisona-im-iv-100-mg-x-1-frasco-ampolla-difem
hidrocortisona,araucomed,Hidrocortisona 1% crema x 15 gramos. (ASCEND),Hidrocortisona 1% crema x 15 gramos. (ASCEND),Ascend,hidrocortisona,null,null,null,null,topical,null,hidrocortisona|15,hidrocortisona|15|bio:unknown|brand:ascend|form:topical,1990,store,true,https://farmacia.araucomed.com/corticoides/hidrocortisona-1-crema-x-15-gramos-ascend
hidrocortisona,araucomed,Hidrocortisona 1% crema 15g BPH (Cenabast),Hidrocortisona 1% crema 15g BPH (Cenabast),BPH,hidrocortisona,15000mg,null,null,null,topical,null,hidrocortisona|15000mg,hidrocortisona|15000mg|bio:unknown|brand:bph|form:topical,1990,store,false,https://farmacia.araucomed.com/corticoides/hidrocortisona-1-crema-15g-bph-cenabast
hidrocortisona,araucomed,Hidrocortisona 1% Crema 15 gramos (Ethon),Hidrocortisona 1% Crema 15 gramos (Ethon),null,hidrocortisona,null,null,null,null,topical,null,hidrocortisona,hidrocortisona|bio:unknown|brand:unknown|form:topical,2490,store,false,https://farmacia.araucomed.com/corticoides/hidrocortisona-1-crema-15-gramos-ethon
hidrocortisona,ecofarmacias,Hidrocortisona 1% Crema x 15g,Hidrocortisona 1% Crema x 15g,null,hidrocortisona,15000mg,null,null,null,topical,null,hidrocortisona|15000mg|15,hidrocortisona|15000mg|15|bio:unknown|brand:unknown|form:topical,2690,store,true,https://www.ecofarmacias.cl/producto/hidrocortisona-1-crema-x-15g/
hidrocortisona,ahumada,Hidrocortisona 1 % x 15 g Crema BPH S.A.,Hidrocortisona 1% Crema x 15g,null,hidrocortisona,15000mg,null,null,null,topical,null,hidrocortisona|15000mg|15,hidrocortisona|15000mg|15|bio:unknown|brand:unknown|form:topical,4274,cmr,true,https://www.farmaciasahumada.cl/hidrocortisona-1-x-15-g-crema-bph-s.a.-90359.html
hidrocortisona,araucomed,Hidrocortisona 1% crema 15 gramos (Global Pharma),Hidrocortisona 1% crema 15 gramos (Global Pharma),Global Pharma,hidrocortisona,null,null,null,null,topical,null,hidrocortisona,hidrocortisona|bio:unknown|brand:globalpharma|form:topical,2990,store,false,https://farmacia.araucomed.com/corticoides/hidrocortisona-1-crema-15g-global-pharma
hidrocortisona,araucomed,Hidrocortisona 1% crema 15 gramos. (Hospifarma),Hidrocortisona 1% crema 15 gramos. (Hospifarma),Hospifarma,hidrocortisona,null,null,null,null,topical,null,hidrocortisona,hidrocortisona|bio:unknown|brand:hospifarma|form:topical,3990,store,false,https://farmacia.araucomed.com/corticoides/hidrocortisona-1-crema-15g-hospifarma
hidrocortisona,salcobrand,Hidrocortisona 1% Crema 15g,Hidrocortisona 1% Crema 15g,Hidrocortisona,hidrocortisona,15000mg,null,null,null,topical,null,hidrocortisona|15000mg,hidrocortisona|15000mg|bio:unknown|brand:hidrocortisona|form:topical,4487,online,true,https://salcobrand.cl/products/hidrocortisona-1-crema-15g?default_sku=591012
hidrocortisona,ecofarmacias,Hidrocortisona 1% crema 15g (Cenabast),Hidrocortisona 1% crema 15g (Cenabast),null,hidrocortisona,15000mg,null,null,null,topical,null,hidrocortisona|15000mg,hidrocortisona|15000mg|bio:unknown|brand:unknown|form:topical,4650,store,false,https://www.ecofarmacias.cl/producto/hidrocortisona-1-crema-15g-cenabast/
hidrocortisona,ecofarmacias,Hidrocortisona 20 mg x 20 Comprimidos,Hidrocortisona 20 mg 20 Comprimidos,null,hidrocortisona,20mg,20,20,null,solid-oral,null,hidrocortisona|20mg|20,hidrocortisona|20mg|20|bio:unknown|brand:unknown|form:solid-oral,5190,store,true,https://www.ecofarmacias.cl/producto/hidrocortisona-20-mg-x-20-comprimidos/
hidrocortisona,ahumada,Hidrocortisona 20 mg x 20 Comprimidos CHILE,Hidrocortisona 20 mg 20 Comprimidos,null,hidrocortisona,20mg,20,20,null,solid-oral,null,hidrocortisona|20mg|20,hidrocortisona|20mg|20|bio:unknown|brand:unknown|form:solid-oral,6824,cmr,true,https://www.farmaciasahumada.cl/hidrocortisona-20-mg-x-20-comprimidos-chile-547.html
hidrocortisona,cruz-verde,Hidrocortisona 20 mg 20 Comprimidos,Hidrocortisona 20 mg 20 Comprimidos,null,hidrocortisona,20mg,20,20,null,solid-oral,null,hidrocortisona|20mg|20,hidrocortisona|20mg|20|bio:unknown|brand:unknown|form:solid-oral,9090,store,true,https://www.cruzverde.cl/hidrocortisona-20-mg-20-comprimidos/2047.html
hidrocortisona,ecofarmacias,Hidrocortisona 20g x 20 comprimidos (Laboratorio Chile),Hidrocortisona 20g x 20 comprimidos (Laboratorio Chile),null,hidrocortisona,20000mg,20,20,null,solid-oral,null,hidrocortisona|20000mg|20,hidrocortisona|20000mg|20|bio:unknown|brand:unknown|form:solid-oral,5190,store,false,https://www.ecofarmacias.cl/producto/hidrocortisona-20g-laboratorio-chile-20-comprimidos/
hidrocortisona,araucomed,Hidrocortisona 20 mg x 20 comprimidos. (Chile),Hidrocortisona 20 mg x 20 comprimidos,LABORATORIO CHILE,hidrocortisona,20mg,20,20,null,solid-oral,null,hidrocortisona|20mg|20,hidrocortisona|20mg|20|bio:unknown|brand:chile|form:solid-oral,5990,store,true,https://farmacia.araucomed.com/corticoides/hidrocortisona-20mg-x20com-chile
hidrocortisona,farmex,Hidrocortisona 20 mg x 20 comprimidos,Hidrocortisona 20 mg x 20 comprimidos,LABORATORIO CHILE,hidrocortisona,20mg,20,20,null,solid-oral,null,hidrocortisona|20mg|20,hidrocortisona|20mg|20|bio:unknown|brand:chile|form:solid-oral,6690,store,false,https://farmex.cl/products/hidrocortisona-20-mg-x-20-comprimidos?_pos=2&_psq=hidrocortisona&_psid=956104984&_ss=e
hidrocortisona,farmex,Hidrocortisona Crema 1% x 15 g,Hidrocortisona Crema 1% x 15 g,BDH INDUSTRIES,hidrocortisona,15000mg,null,null,null,topical,null,hidrocortisona|15000mg|15,hidrocortisona|15000mg|15|bio:unknown|brand:bdhindustries|form:topical,5990,store,false,https://farmex.cl/products/hidrocortisona-crema-0-1-x-15-g?_pos=3&_psq=hidrocortisona&_psid=956104984&_ss=e
hidrocortisona,farmex,"Hidrocortisona Crema 0,1% x 15 g","Hidrocortisona Crema 0,1% x 15 g",hospifarma,hidrocortisona,15000mg,null,null,null,topical,null,hidrocortisona|15000mg|15,hidrocortisona|15000mg|15|bio:unknown|brand:hospifarma|form:topical,5990,store,false,https://farmex.cl/products/hidrocortisona-crema-0-1-x-15-gr?_pos=6&_psq=hidrocortisona&_psid=956104984&_ss=e
hidrocortisona,dr-simi,Hipoge hidrocortisona 1 % ungüento dérmico 10 g,Hipoge hidrocortisona 1 % ungüento dérmico 10 g,SMB PHARMA,hipoge,10000mg,null,null,hidrocortisona,topical,null,hipoge|10000mg,hipoge|10000mg|bio:false|brand:smbpharma|var:hidrocortisona|form:topical,6400,store,true,https://www.drsimi.cl/hipoge-hidrocortisona-acetato-1-unguento-dermico-10-gr/p
hidrocortisona,araucomed,Hipoge 1% ungüento 10 gramos,Hipoge 1% ungüento 10 gramos,Smb Farma,hipoge,null,null,null,null,topical,null,hipoge,hipoge|bio:unknown|brand:smbfarma|form:topical,6490,store,true,https://farmacia.araucomed.com/corticoides/hipoge-1-unguento-x10g
hidrocortisona,dr-simi,Hidrocortisona 1 % crema tópica 15 g,Hidrocortisona 1 % crema tópica 15 g,ASCEND,hidrocortisona,15000mg,null,null,null,topical,null,hidrocortisona|15000mg,hidrocortisona|15000mg|bio:false|brand:ascend|form:topical,6800,store,true,https://www.drsimi.cl/hidrocortisona-1-crema-topica-tubo-15-gr/p
hidrocortisona,ecofarmacias,Hipoge Hidrocortisona Acetato 10 Gr,Hipoge Hidrocortisona Acetato 10 Gr,null,hipoge,null,null,null,hidrocortisona,null,null,hipoge,hipoge|bio:unknown|brand:unknown|var:hidrocortisona,6980,store,false,https://www.ecofarmacias.cl/producto/hipoge-hidrocortisona-acetato-10-gr/
hidrocortisona,dr-simi,Hidrocortisona 20 mg 20 comprimidos,Hidrocortisona 20 mg 20 comprimidos,TEVA,hidrocortisona,20mg,20,20,null,solid-oral,null,hidrocortisona|20mg|20,hidrocortisona|20mg|20|bio:false|brand:teva|form:solid-oral,7400,store,true,https://www.drsimi.cl/hidrocortisona-20mg-20comp-ch6109-1/p
hidrocortisona,salcobrand,Hidrocortisona 20mg 20 Comprimidos,Hidrocortisona 20mg 20 Comprimidos,Hidrocortisona,hidrocortisona,20mg,20,20,null,solid-oral,null,hidrocortisona|20mg|20,hidrocortisona|20mg|20|bio:unknown|brand:hidrocortisona|form:solid-oral,7743,online,true,https://salcobrand.cl/products/hidrocortisona-20mg-20-comprimidos?default_sku=431746
hidrocortisona,easyfarma,Hidrocortisona 20 mg 20...,Hidrocortisona 20 mg 20...,null,hidrocortisona,20mg,null,null,null,null,null,hidrocortisona|20mg,hidrocortisona|20mg|bio:unknown|brand:unknown,7990,store,true,https://nuevo.easyfarma.cl/24651-hidrocortisona-20-mg-x-20.html
hidrocortisona,easyfarma,Hidrocortisona Acetato 1%...,Hidrocortisona Acetato 1%...,null,hidrocortisona,null,null,null,null,null,null,hidrocortisona,hidrocortisona|bio:unknown|brand:gramos,7990,store,true,https://nuevo.easyfarma.cl/102962-hidrocortisona-acetato-1-15-gramos.html
hidrocortisona,farmex,Hidrocortisona I.M/I.V 100 mg x 10 frascos ampollas,Hidrocortisona I.M/I.V 100 mg x 10 frascos ampollas,Mediven,hidrocortisona,100mg,10,10,m,injectable,null,hidrocortisona|100mg|10,hidrocortisona|100mg|10|bio:unknown|brand:mediven|var:m|form:injectable,8890,store,true,https://farmex.cl/products/hidrocortisona-i-m-i-v-100-mg-x-10-frascos-ampollas?_pos=1&_psq=hidrocortisona&_psid=956104984&_ss=e
hidrocortisona,ahumada,Hipoge-U 1 % x 15 g Crema Dérmica,Hipoge-U 1 % x 15 g Crema Dérmica,null,hipogeu,15000mg,null,null,null,topical,null,hipogeu|15000mg|15,hipogeu|15000mg|15|bio:unknown|brand:unknown|form:topical,9329,cmr,true,https://www.farmaciasahumada.cl/hipoge-u-1-x-15-g-crema-dermica-1123.html
hidrocortisona,ecofarmacias,Hipoge-U Hidrocortisona 1% crema 15g,Hipoge-U Hidrocortisona 1% crema 15g,null,hipogeu,15000mg,null,null,hidrocortisona,topical,null,hipogeu|15000mg,hipogeu|15000mg|bio:unknown|brand:unknown|var:hidrocortisona|form:topical,9980,store,false,https://www.ecofarmacias.cl/producto/hipoge-u-hidrocortisona-1-crema-15g/
hidrocortisona,araucomed,Otex Hc solución ótica x 5 ml.,Otex Hc solución ótica x 5 ml.,D&M Pharma,otexhc,5ml,null,null,null,ophthalmic,null,otexhc|5ml|5,otexhc|5ml|5|bio:unknown|brand:dmpharma|form:ophthalmic,9990,store,true,https://farmacia.araucomed.com/oido-y-vertigo/otex-hc-solucion-otica-5ml
hidrocortisona,araucomed,Hidrocortisona I.M./I.V. 100 mg x 10 frasco ampolla. (Vitalis),Hidrocortisona I.M./I.V. 100 mg x 10 frasco ampolla. (Vitalis),Vitalis,hidrocortisona,100mg,10,10,m,injectable,null,hidrocortisona|100mg|10,hidrocortisona|100mg|10|bio:unknown|brand:vitalis|var:m|form:injectable,9990,store,false,https://farmacia.araucomed.com/corticoides/hidrocortisona-im-iv-100mg-x10-vitalis
hidrocortisona,araucomed,Hialub Inyectable I.M./I.V. 100mg x 10 frasco ampollas,Hialub Inyectable I.M./I.V. 100mg x 10 frasco ampollas,Opko,hialub,100mg,10,10,m,injectable,null,hialub|100mg|10,hialub|100mg|10|bio:unknown|brand:opko|var:m|form:injectable,9990,store,false,https://farmacia.araucomed.com/corticoides/hialub-im-iv-100mg-x-10-ampollas
hidrocortisona,ahumada,Hipoge 1 % x 10 g Unguento Dermico,Hipoge 1 % x 10 g Unguento Dermico,null,hipoge,10000mg,null,null,null,topical,null,hipoge|10000mg|10,hipoge|10000mg|10|bio:unknown|brand:unknown|form:topical,10312,cmr,true,https://www.farmaciasahumada.cl/hipoge-1-x-10-g-unguento-dermico-720.html
hidrocortisona,salcobrand,Hipoge-U Hidrocortisona 1% Crema Tópica 15g,Hipoge-U Hidrocortisona 1% Crema Tópica 15g,Hipoge-U,hipogeu,15000mg,null,null,hidrocortisona,topical,null,hipogeu|15000mg,hipogeu|15000mg|bio:unknown|brand:hipogeu|var:hidrocortisona|form:topical,10647,online,true,https://salcobrand.cl/products/hipoge-u-hidrocortisona-1-crema-topica-15g?default_sku=3070235
hidrocortisona,ahumada,Otex Hc x 5 mL Suspensión Otica,Otex Hc x 5 mL Suspensión Otica,null,otexhc,5ml,null,null,null,ophthalmic,null,otexhc|5ml|5,otexhc|5ml|5|bio:unknown|brand:unknown|form:ophthalmic,10672,cmr,true,https://www.farmaciasahumada.cl/otex-hc-x-5-ml-suspension-otica-45092.html
hidrocortisona,araucomed,Calmurid 1% crema 15g,Calmurid 1% crema 15g,Royal Pharma,calmurid,15000mg,null,null,null,topical,null,calmurid|15000mg,calmurid|15000mg|bio:unknown|brand:royalpharma|form:topical,11490,store,true,https://farmacia.araucomed.com/corticoides/calmurid-1-crema-15g
hidrocortisona,salcobrand,Hipoge Hidrocortisona 1% Ungüento Dérmico 10g,Hipoge Hidrocortisona 1% Ungüento Dérmico 10g,Hipoge,hipoge,10000mg,null,null,hidrocortisona,topical,null,hipoge|10000mg,hipoge|10000mg|bio:unknown|brand:hipoge|var:hidrocortisona|form:topical,11615,online,true,https://salcobrand.cl/products/hipoge-hidrocortisona-1-unguento-dermico-10g?default_sku=3070230
hidrocortisona,araucomed,Proctoran 1% Pomada 30g,Proctoran 1% Pomada 30g,Faes Farma,proctoran,30000mg,null,null,null,topical,null,proctoran|30000mg,proctoran|30000mg|bio:unknown|brand:faesfarma|form:topical,11690,store,false,https://farmacia.araucomed.com/corticoides/proctoran-1-pomada-30g
hidrocortisona,easyfarma,Hidrocortisona 100 Mg X 10...,Hidrocortisona 100 Mg X 10...,null,hidrocortisona,100mg,10,10,null,null,null,hidrocortisona|100mg|10,hidrocortisona|100mg|10|bio:unknown|brand:vitalis,11990,store,true,https://nuevo.easyfarma.cl/104896-hidrocortisona-100-mg-x-10-frascos-vitalis.html
hidrocortisona,salcobrand,Otex HC Ciprofloxacino / Hidrocortisona Solución Ótica 5ml,Otex HC Ciprofloxacino / Hidrocortisona Solución Ótica 5ml,Otex,otexhc,5ml,null,null,null,ophthalmic,hidrocortisona,otexhc|5ml,otexhc|5ml|bio:unknown|brand:otex|combo:hidrocortisona|form:ophthalmic,12143,online,true,https://salcobrand.cl/products/otex-hc-ciprofloxacino-hidrocortisona-solucion-otica-5ml?default_sku=851136
hidrocortisona,cruz-verde,Hipoge-U Hidrocortisona 1% Crema Dérmica 15 gr,Hipoge-U Hidrocortisona 1% Crema Dérmica 15 gr,null,hipogeu,null,null,null,hidrocortisona,topical,null,hipogeu,hipogeu|bio:unknown|brand:unknown|var:hidrocortisona|form:topical,12190,store,true,https://www.cruzverde.cl/hipoge-u-hidrocortisona-1-crema-dermica-15-gr/53040.html
hidrocortisona,easyfarma,"Proctoran Pomada 1,116% 30 Gr",Proctoran Pomada 30 gr,null,proctoran,null,null,null,null,topical,null,proctoran,proctoran|bio:unknown|brand:unknown|form:topical,12990,store,true,https://nuevo.easyfarma.cl/102966-proctoran-pomada-1116-30-gr.html
hidrocortisona,cruz-verde,Proctoran Pomada 30 gr,Proctoran Pomada 30 gr,null,proctoran,null,null,null,null,topical,null,proctoran,proctoran|bio:unknown|brand:unknown|form:topical,22990,store,true,https://www.cruzverde.cl/proctoran-pomada-30-gr/269999.html
hidrocortisona,easyfarma,Otex HC Gotas Oticas x 5ml,Otex HC Gotas Oticas x 5ml,null,otexhc,5ml,null,null,oticas,fluid-oral,null,otexhc|5ml|5,otexhc|5ml|5|bio:unknown|brand:unknown|var:oticas|form:fluid-oral,12990,store,true,https://nuevo.easyfarma.cl/25195-otex-hc-gotas-oticas-x-5ml.html
hidrocortisona,ecofarmacias,Dermadril Hidrocortisona 1% Emulsión Fluida 100g,Dermadril Hidrocortisona 1% Emulsión Fluida 100g,null,dermadril,100000mg,null,null,hidrocortisona,fluid-oral,null,dermadril|100000mg,dermadril|100000mg|bio:unknown|brand:unknown|var:hidrocortisona|form:fluid-oral,13450,store,false,https://www.ecofarmacias.cl/producto/dermadril-hidrocortisona-1-emulsion-fluida-100g/
hidrocortisona,ahumada,Dermadril 1 % x 100 g Emulsion Fluida,Dermadril 1 % x 100 g Emulsion Fluida,null,dermadril,100000mg,null,null,null,fluid-oral,null,dermadril|100000mg|100,dermadril|100000mg|100|bio:unknown|brand:unknown|form:fluid-oral,13496,cmr,true,https://www.farmaciasahumada.cl/dermadril-1-x-100-g-emulsion-fluida-93251.html
hidrocortisona,ahumada,Microcort Crema Topica 1% 30g,Microcort Crema Topica 1% 30g,null,microcort,30000mg,null,null,null,topical,null,microcort|30000mg,microcort|30000mg|bio:unknown|brand:unknown|form:topical,14174,cmr,true,https://www.farmaciasahumada.cl/microcort-crema-topica-1-30g-93077.html
hidrocortisona,araucomed,Calmurid Locion 1% 100ml,Calmurid Locion 1% 100ml,Royal Pharma,calmurid,100ml,null,null,null,topical,null,calmurid|100ml,calmurid|100ml|bio:unknown|brand:royalpharma|form:topical,14990,store,true,https://farmacia.araucomed.com/corticoides/calmurid-locion-1-100ml
hidrocortisona,easyfarma,Dermadril Emulsion 1% 100 Gr,Dermadril Emulsion 1% 100 Gr,null,dermadril,null,null,null,emulsion,fluid-oral,null,dermadril,dermadril|bio:unknown|brand:unknown|var:emulsion|form:fluid-oral,14990,store,true,https://nuevo.easyfarma.cl/103917-dermadril-emulsion-1-100-gr.html
hidrocortisona,salcobrand,Dermadril Hidrocortisona 1% Emulsión Fluida 100g,Dermadril Hidrocortisona 1% Emulsión Fluida 100g,Dermadril,dermadril,100000mg,null,null,hidrocortisona,fluid-oral,null,dermadril|100000mg,dermadril|100000mg|bio:unknown|brand:dermadril|var:hidrocortisona|form:fluid-oral,16279,online,true,https://salcobrand.cl/products/dermadril-hidrocortisona-1-emulsion-fluida-100g?default_sku=585180
hidrocortisona,ahumada,Hidrosoft 0.5 % x 30 g Crema Tópica,Hidrosoft Crema 0.5 % x 30 g,null,hidrosoft,30000mg,null,null,null,topical,null,hidrosoft|30000mg|30,hidrosoft|30000mg|30|bio:unknown|brand:unknown|form:topical,16334,cmr,true,https://www.farmaciasahumada.cl/hidrosoft-0.5-x-30-g-crema-topica-89409.html
hidrocortisona,easyfarma,Hidrosoft Crema 0.5 % x 30 g,Hidrosoft Crema 0.5 % x 30 g,null,hidrosoft,30000mg,null,null,null,topical,null,hidrosoft|30000mg|30,hidrosoft|30000mg|30|bio:unknown|brand:unknown|form:topical,17990,store,true,https://nuevo.easyfarma.cl/102812-hidrosoft-crema-05-x-30-g.html
hidrocortisona,ahumada,Proctoran 1 % x 30 g Pomada,Proctoran 1 % x 30 g Pomada,null,proctoran,30000mg,null,null,null,topical,null,proctoran|30000mg|30,proctoran|30000mg|30|bio:unknown|brand:unknown|form:topical,16372,cmr,true,https://www.farmaciasahumada.cl/proctoran-1-x-30-g-pomada-77174.html
hidrocortisona,salcobrand,Microcort Hidrocortisona 1% Crema 30g,Microcort Hidrocortisona 1% Crema 30g,Microcort,microcort,30000mg,null,null,hidrocortisona,topical,null,microcort|30000mg,microcort|30000mg|bio:unknown|brand:microcort|var:hidrocortisona|form:topical,17775,online,true,https://salcobrand.cl/products/microcort-hidrocortisona-1-crema-30g?default_sku=589174
hidrocortisona,araucomed,"Pandel Crema 0,1% x 15 gramos.","Pandel Crema 0,1% x 15 gramos.",Andrómaco,pandel,null,null,null,null,topical,null,pandel|15,pandel|15|bio:unknown|brand:andromaco|form:topical,17990,store,false,https://farmacia.araucomed.com/corticoides/pandel-crema-15g
hidrocortisona,ecofarmacias,Microcort Hidrocortisona 1% Loción Tópica 100ml,Microcort Hidrocortisona 1% Loción Tópica 100ml,null,microcort,100ml,null,null,hidrocortisona,topical,null,microcort|100ml,microcort|100ml|bio:unknown|brand:unknown|var:hidrocortisona|form:topical,17990,store,false,https://www.ecofarmacias.cl/producto/microcort-hidrocortisona-1-locion-topica-100ml/
hidrocortisona,salcobrand,Hidrosoft Hidrocortisona 0.5% Crema Tópica 30g,Hidrosoft Hidrocortisona 0.5% Crema Tópica 30g,Hidrosoft,hidrosoft,30000mg,null,null,hidrocortisona,topical,null,hidrosoft|30000mg,hidrosoft|30000mg|bio:unknown|brand:hidrosoft|var:hidrocortisona|form:topical,18391,online,true,https://salcobrand.cl/products/hidrosoft-hidrocortisona-0-5-crema-topica-30g?default_sku=579613
hidrocortisona,ahumada,Microcort 1 % x 100 g Loción Tópica,Microcort 1 % x 100 g Loción Tópica,null,microcort,100000mg,null,null,null,topical,null,microcort|100000mg|100,microcort|100000mg|100|bio:unknown|brand:unknown|form:topical,18569,cmr,true,https://www.farmaciasahumada.cl/microcort-1-x-100-g-locion-topica-84778.html
hidrocortisona,salcobrand,Proctoran Hidrocortisona 1.116% Crema 30g,Proctoran Hidrocortisona 1.116% Crema 30g,Hidrocortisona,proctoran,30000mg,null,null,hidrocortisona,topical,null,proctoran|30000mg,proctoran|30000mg|bio:unknown|brand:hidrocortisona|var:hidrocortisona|form:topical,18655,online,true,https://salcobrand.cl/products/hidrocortisona-1-topico-semisolido?default_sku=3341027
hidrocortisona,araucomed,"Efficort crema lipofílica 0,127% x 30 gramos.","Efficort crema lipofílica 0,127% x 30 gramos.",D&M Pharma,efficort,null,null,null,lipofilica,topical,null,efficort|30,efficort|30|bio:unknown|brand:dmpharma|var:lipofilica|form:topical,18990,store,false,https://farmacia.araucomed.com/corticoides/efficort-crema-lipofilica-0127-x-30-gramos
hidrocortisona,easyfarma,Microcort loción tópica 1%...,Microcort loción tópica 1%...,null,microcort,null,null,null,null,topical,null,microcort,microcort|bio:unknown|brand:unknown|form:topical,18990,store,true,https://nuevo.easyfarma.cl/102516-microcort-locion-topica-1-100-g.html
hidrocortisona,salcobrand,Microcort Hidrocortisona 1% Loción Tópica 100ml,Microcort Hidrocortisona 1% Loción Tópica 100ml,Microcort,microcort,100ml,null,null,hidrocortisona,topical,null,microcort|100ml,microcort|100ml|bio:unknown|brand:microcort|var:hidrocortisona|form:topical,20855,online,true,https://salcobrand.cl/products/microcort-hidrocortisona-1-locion-topica-100ml?default_sku=851112
hidrocortisona,ahumada,Efficort x 30 g Crema Lipofílica,Efficort x 30 g Crema Lipofílica,null,efficort,30000mg,null,null,null,topical,null,efficort|30000mg|30,efficort|30000mg|30|bio:unknown|brand:unknown|form:topical,22349,cmr,true,https://www.farmaciasahumada.cl/efficort-x-30-g-crema-lipofilica-87878.html
hidrocortisona,easyfarma,"Pandel crema 0,1% 15 gramos","Pandel crema 0,1% 15 gramos",null,pandel,null,null,null,null,topical,null,pandel,pandel|bio:unknown|brand:15gr|form:topical,22990,store,true,https://nuevo.easyfarma.cl/26637-pandel-crema-01-x-15gr.html
hidrocortisona,salcobrand,Calmurid 1% Hidrocortisona Loción Tópica 100g,Calmurid 1% Hidrocortisona Loción Tópica 100g,Calmurid,calmurid,100000mg,null,null,hidrocortisona,topical,null,calmurid|100000mg,calmurid|100000mg|bio:unknown|brand:calmurid|var:hidrocortisona|form:topical,23055,online,true,https://salcobrand.cl/products/calmurid-1-hidrocortisona-locion-topica-100g?default_sku=591622
hidrocortisona,araucomed,Hidrocortisona I.M./I.V. 500mg x10 (Vitalis),Hidrocortisona I.M./I.V. 500mg x10 (Vitalis),Vitalis,hidrocortisona,500mg,10,10,m,null,null,hidrocortisona|500mg|10,hidrocortisona|500mg|10|bio:unknown|brand:vitalis|var:m,24990,store,false,https://farmacia.araucomed.com/corticoides/hidrocortisona-im-iv-500mg-x10-vitalis
hidrocortisona,salcobrand,Efficort Hidrocortisona 0.127% Crema Lipofí­lica 30g,Efficort Hidrocortisona 0.127% Crema Lipofí­lica 30g,Efficort,efficort,30000mg,null,null,hidrocortisona,topical,null,efficort|30000mg,efficort|30000mg|bio:unknown|brand:efficort|var:hidrocortisona|form:topical,25167,online,true,https://salcobrand.cl/products/principio-activo-hidrocortisona-aceponato?default_sku=574275
hidrocortisona,ahumada,"Pandel 0,1 % x 15 g Crema Tópica","Pandel 0,1 % x 15 g Crema Tópica",null,pandel,15000mg,null,null,null,topical,null,pandel|15000mg|15,pandel|15000mg|15|bio:unknown|brand:unknown|form:topical,27704,cmr,true,https://www.farmaciasahumada.cl/pandel-0-1-x-15-g-crema-topica-9636.html
hidrocortisona,araucomed,Nutracort Locion 1% x 120 ml.,Nutracort Locion 1% x 120 ml.,Galderma,nutracort,120ml,null,null,null,topical,null,nutracort|120ml|120,nutracort|120ml|120|bio:unknown|brand:galderma|form:topical,27990,store,false,https://farmacia.araucomed.com/corticoides/nutracort-locion-1-x-120-ml
hidrocortisona,ahumada,Fucidin-H x 15 g Crema Tópica,Fucidin-H x 15 g Crema Tópica,null,fucidinh,15000mg,null,null,null,topical,null,fucidinh|15000mg|15,fucidinh|15000mg|15|bio:unknown|brand:unknown|form:topical,29024,cmr,true,https://www.farmaciasahumada.cl/fucidin-h-x-15-g-crema-topica-42890.html
hidrocortisona,ahumada,Nutracort 1 % x 120 mL Locion,Nutracort 1 % x 120 mL Locion,null,nutracort,120ml,null,null,null,topical,null,nutracort|120ml|120,nutracort|120ml|120|bio:unknown|brand:unknown|form:topical,30344,cmr,true,https://www.farmaciasahumada.cl/nutracort-1-x-120-ml-locion-46110.html
hidrocortisona,salcobrand,"Pandel 0,1% Hidrocortisona Crema Tópica 15g","Pandel 0,1% Hidrocortisona Crema Tópica 15g",Pandel,pandel,15000mg,null,null,hidrocortisona,topical,null,pandel|15000mg,pandel|15000mg|bio:unknown|brand:pandel|var:hidrocortisona|form:topical,31503,online,true,https://salcobrand.cl/products/pandel-0-1-hidrocortisona-crema-topica-15g?default_sku=31483
hidrocortisona,salcobrand,Fucidin H Ácido Fusí­dico / Hidrocortisona Crema 15g,Fucidin H Ácido Fusí­dico / Hidrocortisona Crema 15g,Fucidin H,fucidin,15000mg,null,null,null,topical,hidrocortisona,fucidin|15000mg,fucidin|15000mg|bio:unknown|brand:fucidinh|combo:hidrocortisona|form:topical,32999,online,true,https://salcobrand.cl/products/fucidin-h-acido-fusi-dico-hidrocortisona-crema-15g?default_sku=30546
hidrocortisona,salcobrand,Nutracort Hidrocortisona 1% Loción 120ml,Nutracort Hidrocortisona 1% Loción 120ml,Nutracort,nutracort,120ml,null,null,hidrocortisona,topical,null,nutracort|120ml,nutracort|120ml|bio:unknown|brand:nutracort|var:hidrocortisona|form:topical,34495,online,true,https://salcobrand.cl/products/hidrocortisona-1-topico-liquido-a3ca97c1-c7b1-4aab-a2b7-b0229133db3e?default_sku=70135
hidrocortisona,cruz-verde,"Pandel Hidrocortisona 0,1% Crema Tópica 15 gr","Pandel Hidrocortisona 0,1% Crema Tópica 15 gr",null,pandel,null,null,null,hidrocortisona,topical,null,pandel,pandel|bio:unknown|brand:unknown|var:hidrocortisona|form:topical,35540,store,true,https://www.cruzverde.cl/pandel-hidrocortisona-0-1-crema-topica-15-gr/67305.html
hidrocortisona,cruz-verde,Nutracort Hidrocortisona 1% Loción 120 mL,Nutracort Hidrocortisona 1% Loción 120 mL,null,nutracort,120ml,null,null,hidrocortisona,topical,null,nutracort|120ml,nutracort|120ml|bio:unknown|brand:unknown|var:hidrocortisona|form:topical,39190,store,true,https://www.cruzverde.cl/nutracort-hidrocortisona-1-locion-120-ml/252274.html
ibuprofeno,farmex,Ibuprofeno 400 mg x 20 comprimidos,Ibuprofeno 400 mg x 20 comprimidos,CHILE,ibuprofeno,400mg,20,20,null,solid-oral,null,ibuprofeno|400mg|20,ibuprofeno|400mg|20|bio:unknown|brand:chile|form:solid-oral,690,store,true,https://farmex.cl/products/ibuprofeno-400-mg-x-20-comprimido?_pos=1&_psq=ibuprofeno&_psid=769e11a81&_ss=e
ibuprofeno,araucomed,Ibuprofeno 400 mg x 20 comprimidos. (Chile),Ibuprofeno 400 mg x 20 comprimidos,CHILE,ibuprofeno,400mg,20,20,null,solid-oral,null,ibuprofeno|400mg|20,ibuprofeno|400mg|20|bio:unknown|brand:chile|form:solid-oral,790,store,true,https://farmacia.araucomed.com/analgesicos-y-antinflamatorios/ibuprofeno-400mg-x20com-chile
ibuprofeno,easyfarma,Ibuprofeno 400 mg x 20 comp,Ibuprofeno (B) 400mg 20 Comprimidos,Ibuprofeno,ibuprofeno,400mg,20,20,null,solid-oral,null,ibuprofeno|400mg|20,ibuprofeno|400mg|20|bio:unknown|brand:unknown|form:solid-oral,790,store,true,https://nuevo.easyfarma.cl/26105-ibuprofeno-400-mg-x-20-2.html
ibuprofeno,cruz-verde,Ibuprofeno 400 mg 20 Comprimidos,Ibuprofeno (B) 400mg 20 Comprimidos,Ibuprofeno,ibuprofeno,400mg,20,20,null,solid-oral,null,ibuprofeno|400mg|20,ibuprofeno|400mg|20|bio:unknown|brand:unknown|form:solid-oral,1590,store,true,https://www.cruzverde.cl/ibuprofeno-400-mg-20-comprimidos/273441.html
ibuprofeno,salcobrand,Ibuprofeno (B) 400mg 20 Comprimidos,Ibuprofeno (B) 400mg 20 Comprimidos,Ibuprofeno,ibuprofeno,400mg,20,20,null,solid-oral,null,ibuprofeno|400mg|20,ibuprofeno|400mg|20|bio:unknown|brand:unknown|form:solid-oral,1847,online,true,https://salcobrand.cl/products/ibuprofeno-b-400mg-20-comprimidos?default_sku=437127
ibuprofeno,ecofarmacias,Ibuprofeno 400 mg x 20 Comprimidos recubiertos,Ibuprofeno 400mg 20 Comprimidos,null,ibuprofeno,400mg,20,20,null,solid-oral,null,ibuprofeno|400mg|20,ibuprofeno|400mg|20|bio:true|brand:unknown|form:solid-oral,850,store,true,https://www.ecofarmacias.cl/producto/ibuprofeno-400-mg-x-20-comprimidos-recubiertos/
ibuprofeno,sermecoop,Ibuprofeno 400mg 20 Comprimidos,Ibuprofeno 400mg 20 Comprimidos,null,ibuprofeno,400mg,20,20,null,solid-oral,null,ibuprofeno|400mg|20,ibuprofeno|400mg|20|bio:true|brand:unknown|form:solid-oral,990,store,true,https://www.farmaciasermecoop.cl/index.php/online/detalleproducto?p_=19091&d_=1
ibuprofeno,ahumada,Ibuprofeno 400 mg x 20 Comprimidos CHILE,Ibuprofeno 400mg 20 Comprimidos,null,ibuprofeno,400mg,20,20,null,solid-oral,null,ibuprofeno|400mg|20,ibuprofeno|400mg|20|bio:true|brand:unknown|form:solid-oral,1430,store,true,https://www.farmaciasahumada.cl/ibuprofeno-400-mg-x-20-comprimidos-chile-86596.html
ibuprofeno,easyfarma,Ibuprofeno 400 mg x 20,Ibuprofeno 400 mg x 20,null,ibuprofeno,400mg,20,20,null,null,null,ibuprofeno|400mg|20,ibuprofeno|400mg|20|bio:unknown|brand:unknown,890,store,true,https://nuevo.easyfarma.cl/24657-ibuprofeno-400-mg-x-20.html
ibuprofeno,dr-simi,Ibuprofeno 400 mg 20 comprimidos,Ibuprofeno 400 mg 20 comprimidos,TEVA,ibuprofeno,400mg,20,20,null,solid-oral,null,ibuprofeno|400mg|20,ibuprofeno|400mg|20|bio:true|brand:teva|form:solid-oral,920,store,true,https://www.drsimi.cl/ibuprofeno-400-mg-20-comprimidos-recubiertos/p
ibuprofeno,easyfarma,Ibuprofeno 600 Mg 20 Comp....,Ibuprofeno 600 Mg 20 Comp....,null,ibuprofeno,600mg,20,20,null,solid-oral,null,ibuprofeno|600mg|20,ibuprofeno|600mg|20|bio:unknown|brand:opko|form:solid-oral,1190,store,true,https://nuevo.easyfarma.cl/105341-ibuprofeno-600-mg-20-comp-recubiertos-lab-opko.html
ibuprofeno,dr-simi,Ibuprofeno 200 mg 20 comprimidos recubiertos,Ibuprofeno 200 mg 20 comprimidos recubiertos,ASCEND,ibuprofeno,200mg,20,20,null,solid-oral,null,ibuprofeno|200mg|20,ibuprofeno|200mg|20|bio:true|brand:ascend|form:solid-oral,1200,store,true,https://www.drsimi.cl/ibuprofeno-200-mg-20-comprimidos/p
ibuprofeno,dr-simi,Ibuprofeno 600 mg 20 comprimidos recubiertos,Ibuprofeno 600 mg 20 comprimidos recubiertos,OPKO,ibuprofeno,600mg,20,20,null,solid-oral,null,ibuprofeno|600mg|20,ibuprofeno|600mg|20|bio:true|brand:opko|form:solid-oral,1200,store,true,https://www.drsimi.cl/ibuprofeno-600-mg-20-comprimidos-recubiertos/p
ibuprofeno,farmex,Ibuprofeno 600 mg 20 Comprimidos Laboratorio Chile,Ibuprofeno 600 mg 20 Comprimidos Laboratorio Chile,ASCEND,ibuprofeno,600mg,20,20,null,solid-oral,null,ibuprofeno|600mg|20,ibuprofeno|600mg|20|bio:unknown|brand:ascend|form:solid-oral,1290,store,true,https://farmex.cl/products/ibuprofeno-600-mg-x-20-comprimidos-16?_pos=3&_psq=ibuprofeno&_psid=769e11a81&_ss=e
ibuprofeno,farmex,Ibuprofeno 600 mg Lab chile - 20 Comprimidos,Ibuprofeno 600 mg Lab chile - 20 Comprimidos,LABORATORIO CHILE,ibuprofeno,600mg,20,20,null,solid-oral,null,ibuprofeno|600mg|20,ibuprofeno|600mg|20|bio:unknown|brand:chile|form:solid-oral,1290,store,true,https://farmex.cl/products/ibuprofeno-600-mg-x-20-comprimidos?_pos=4&_psq=ibuprofeno&_psid=769e11a81&_ss=e
ibuprofeno,farmex,Ibuprofeno Jarabe 100 mg / 5 mL x 100 mL,Ibuprofeno Jarabe 100 mg / 5 mL x 100 mL,Opko,ibuprofeno,100mg,null,null,null,fluid-oral,null,ibuprofeno|100ml|100,ibuprofeno|100ml|100|bio:unknown|brand:opko|form:fluid-oral,1290,store,true,https://farmex.cl/products/ibuprofeno-jarabe-mg-5-ml-x-100-ml?_pos=5&_psq=ibuprofeno&_psid=769e11a81&_ss=e
ibuprofeno,farmex,Ibuprofeno 200 mg x 20 comprimidos,Ibuprofeno 200 mg x 20 comprimidos,GENERICOS-ASCEND,ibuprofeno,200mg,20,20,null,solid-oral,null,ibuprofeno|200mg|20,ibuprofeno|200mg|20|bio:unknown|brand:ascend|form:solid-oral,1290,store,true,https://farmex.cl/products/ibuprofeno-200-mg-x-20-comp?_pos=7&_psq=ibuprofeno&_psid=769e11a81&_ss=e
ibuprofeno,easyfarma,Ibuprofeno 600 mg  x 20,Ibuprofeno 600 mg  x 20,null,ibuprofeno,600mg,20,20,null,null,null,ibuprofeno|600mg|20,ibuprofeno|600mg|20|bio:unknown|brand:unknown,1290,store,true,https://nuevo.easyfarma.cl/24658-ibuprofeno-600-mg-x-20.html
ibuprofeno,araucomed,Ibuprofeno Forte suspensión  Oral 200mg/5ml 100ml (Opko),Ibuprofeno Forte suspensión  Oral 200mg/5ml 100ml (Opko),Opko,ibuprofeno,200mg,null,null,forte,fluid-oral,null,ibuprofeno|100ml,ibuprofeno|100ml|bio:unknown|brand:opko|var:forte|form:fluid-oral,1490,store,true,https://farmacia.araucomed.com/analgesicos-y-antinflamatorios/ibuprofeno-forte-suspension-oral-200mg-5ml-100ml-o
ibuprofeno,araucomed,Ibucalm 400 mg x 10 cápsulas blandas.,Ibucalm 400 mg x 10 cápsulas blandas.,Opko,ibucalm,400mg,10,10,null,solid-oral,null,ibucalm|400mg|10,ibucalm|400mg|10|bio:unknown|brand:opko|form:solid-oral,1490,store,true,https://farmacia.araucomed.com/analgesicos-y-antinflamatorios/ibucalm-400mg-x20cap
ibuprofeno,ahumada,Ibuprofeno 600 mg x 20 Comprimidos Recubiertos OPKO CHILE S.A.,Ibuprofeno 600 mg x 20 Comprimidos Recubiertos OPKO CHILE S.A.,null,ibuprofeno,600mg,20,20,null,solid-oral,null,ibuprofeno|600mg|20,ibuprofeno|600mg|20|bio:true|brand:unknown|form:solid-oral,1541,store,true,https://www.farmaciasahumada.cl/ibuprofeno-600-mg-x-20-comprimidos-recubiertos-opko-chile-s.a.-86595.html
ibuprofeno,araucomed,Ibupirac LC 400 mg x 10 cápsulas blandas.,Ibupirac LC 400 mg x 10 cápsulas blandas.,Chemopharma,ibupirac,400mg,10,10,lc,solid-oral,null,ibupirac|400mg|10,ibupirac|400mg|10|bio:unknown|brand:chemopharma|var:lc|form:solid-oral,1690,store,true,https://farmacia.araucomed.com/analgesicos-y-antinflamatorios/ibupirac-lc-400-mg-x-10-capsulas-blandas
ibuprofeno,dr-simi,Ibuprofeno 100 mg/5 mL suspensión oral 100 mL,Ibuprofeno 100 mg/5 mL suspensión oral 100 mL,OPKO,ibuprofeno,100mg,null,null,null,fluid-oral,null,ibuprofeno|100ml,ibuprofeno|100ml|bio:false|brand:opko|form:fluid-oral,1800,store,true,https://www.drsimi.cl/ibuprofeno-100-mg-5ml-suspension-oral-100-ml/p
ibuprofeno,ahumada,Ibuprofeno 200 mg x 20 Comprimidos Recubiertos,Ibuprofeno 200 mg X 20 comprimidos (Ascend),null,ibuprofeno,200mg,20,20,null,solid-oral,null,ibuprofeno|200mg|20,ibuprofeno|200mg|20|bio:true|brand:unknown|form:solid-oral,1880,store,true,https://www.farmaciasahumada.cl/ibuprofeno-200-mg-x-20-comprimidos-recubiertos-86357.html
ibuprofeno,ecofarmacias,Ibuprofeno 200 mg X 20 comprimidos (Ascend),Ibuprofeno 200 mg X 20 comprimidos (Ascend),null,ibuprofeno,200mg,20,20,null,solid-oral,null,ibuprofeno|200mg|20,ibuprofeno|200mg|20|bio:true|brand:unknown|form:solid-oral,1890,store,false,https://www.ecofarmacias.cl/producto/ibuprofeno-200-mg-x-20-comprimidos-ascend/
ibuprofeno,ecofarmacias,Ibuprofeno Suspensión Oral 200mg/5ml 100ml Ascend,Ibuprofeno 200mg/5ml Jarabe 100ml,Ibuprofeno,ibuprofeno,200mg,null,null,null,fluid-oral,null,ibuprofeno|100ml,ibuprofeno|100ml|bio:unknown|brand:unknown|form:fluid-oral,1890,store,true,https://www.ecofarmacias.cl/producto/ibuprofeno-suspension-oral-200mg-5ml-100ml-ascend/
ibuprofeno,sermecoop,Ibuprofeno 200mg/5ml Jarabe 100ml,Ibuprofeno 200mg/5ml Jarabe 100ml,Ibuprofeno,ibuprofeno,200mg,null,null,null,fluid-oral,null,ibuprofeno|100ml,ibuprofeno|100ml|bio:unknown|brand:unknown|form:fluid-oral,2790,store,true,https://www.farmaciasermecoop.cl/index.php/online/detalleproducto?p_=8634&d_=1
ibuprofeno,cruz-verde,Ibuprofeno 100 mg/5mL Suspensión 100 mL,Ibuprofeno 200mg/5ml Jarabe 100ml,Ibuprofeno,ibuprofeno,100mg,null,null,null,fluid-oral,null,ibuprofeno|100ml,ibuprofeno|100ml|bio:unknown|brand:unknown|form:fluid-oral,3140,store,true,https://www.cruzverde.cl/ibuprofeno-100-mg-5ml-suspension-100-ml/199392.html
ibuprofeno,salcobrand,Ibuprofeno 200mg/5ml Jarabe 100ml,Ibuprofeno 200mg/5ml Jarabe 100ml,Ibuprofeno,ibuprofeno,200mg,null,null,null,fluid-oral,null,ibuprofeno|100ml,ibuprofeno|100ml|bio:unknown|brand:unknown|form:fluid-oral,4599,store,true,https://salcobrand.cl/products/ibuprofeno-200mg-5ml-jarabe-100ml?default_sku=590129
ibuprofeno,ecofarmacias,Ibuprofeno Suspensión 100 mg/5ml x 100 ml (cenabast),Ibuprofeno Suspensión 100 mg/5ml x 100 ml (cenabast),null,ibuprofeno,100mg,null,null,null,fluid-oral,null,ibuprofeno|100ml|100,ibuprofeno|100ml|100|bio:unknown|brand:unknown|form:fluid-oral,1890,store,true,https://www.ecofarmacias.cl/producto/ibuprofeno-suspension-100-mg-5ml-x-100-ml-cenabast/
ibuprofeno,ahumada,Ibuprofeno 100 mg/5 mL x 100 mL Suspensión Oral ETHON PHARMACEUTICALS S.P.A,Ibuprofeno Suspensión 100 mg/5ml x 100 ml (cenabast),null,ibuprofeno,100mg,null,null,null,fluid-oral,null,ibuprofeno|100ml|100,ibuprofeno|100ml|100|bio:unknown|brand:unknown|form:fluid-oral,2825,store,true,https://www.farmaciasahumada.cl/ibuprofeno-100-mg-5-ml-x-100-ml-suspension-oral-ethon-pharmaceuticals-s.p.a-91536.html
ibuprofeno,araucomed,Ibucalm 400 mg x 20 cápsulas blandas.,Ibucalm 400 mg x 20 cápsulas blandas.,Opko,ibucalm,400mg,20,20,null,solid-oral,null,ibucalm|400mg|20,ibucalm|400mg|20|bio:unknown|brand:opko|form:solid-oral,1990,store,true,https://farmacia.araucomed.com/analgesicos-y-antinflamatorios/ibucalm-400-mg-x-20-capsulas
ibuprofeno,ecofarmacias,Dolad Ibuprofeno suspensión oral 200mg/5ml 120ml Ascend Cenabast DESCUENTO,Dolad Ibuprofeno suspensión oral 200mg/5ml 120ml Ascend Cenabast DESCUENTO,null,dolad,200mg,null,null,null,fluid-oral,null,dolad|120ml,dolad|120ml|bio:unknown|brand:unknown|form:fluid-oral,1990,store,false,https://www.ecofarmacias.cl/producto/dolad-ibuprofeno-suspension-oral-200mg-5ml-120ml-ascend-cenabast-descuento/
ibuprofeno,cruz-verde,Ibuprofeno 600 mg 20 Comprimidos,Ibuprofeno (B) 600mg 20 Comprimidos,Ibuprofeno,ibuprofeno,600mg,20,20,null,solid-oral,null,ibuprofeno|600mg|20,ibuprofeno|600mg|20|bio:unknown|brand:unknown|form:solid-oral,2090,store,true,https://www.cruzverde.cl/ibuprofeno-600-mg-20-comprimidos/273362.html
ibuprofeno,salcobrand,Ibuprofeno (B) 600mg 20 Comprimidos,Ibuprofeno (B) 600mg 20 Comprimidos,Ibuprofeno,ibuprofeno,600mg,20,20,null,solid-oral,null,ibuprofeno|600mg|20,ibuprofeno|600mg|20|bio:unknown|brand:unknown|form:solid-oral,2815,online,true,https://salcobrand.cl/products/opko-ibuprofeno-b-600mg-20-comprimidos?default_sku=1768333
ibuprofeno,cruz-verde,Ibuprofeno 200 mg 20 Comprimidos,Ibuprofeno (B) 200mg 20 Comprimidos Recubiertos,Ibuprofeno,ibuprofeno,200mg,20,20,null,solid-oral,null,ibuprofeno|200mg|20,ibuprofeno|200mg|20|bio:unknown|brand:unknown|form:solid-oral,2090,store,true,https://www.cruzverde.cl/ibuprofeno-200-mg-20-comprimidos/199297.html
ibuprofeno,salcobrand,Ibuprofeno (B) 200mg 20 Comprimidos Recubiertos,Ibuprofeno (B) 200mg 20 Comprimidos Recubiertos,Ibuprofeno,ibuprofeno,200mg,20,20,null,solid-oral,null,ibuprofeno|200mg|20,ibuprofeno|200mg|20|bio:unknown|brand:unknown|form:solid-oral,3519,online,true,https://salcobrand.cl/products/ascend-ibuprofeno-b-200mg-20-comprimidos-recubiertos?default_sku=1218005
ibuprofeno,cruz-verde,Pyriped Ibuprofeno 400Mg 10 Cápsulas Blandas,Pyriped Ibuprofeno 400Mg 10 Cápsulas Blandas,null,pyriped,400mg,10,10,null,solid-oral,null,pyriped|400mg|10,pyriped|400mg|10|bio:unknown|brand:unknown|form:solid-oral,2290,store,false,https://www.cruzverde.cl/pyriped-ibuprofeno-400mg-10-capsulas-blandas/575224.html
ibuprofeno,cruz-verde,Tapsin Duo Paracetamol Ibuprofeno 12 Comprimidos Recubiertos,Tapsin Duo Paracetamol Ibuprofeno 12 Comprimidos Recubiertos,null,tapsin,null,12,12,duo,solid-oral,null,tapsin|12,tapsin|12|bio:unknown|brand:unknown|var:duo|form:solid-oral,2290,store,true,https://www.cruzverde.cl/tapsin-duo-paracetamol-ibuprofeno-12-comprimidos-recubiertos/550757.html
ibuprofeno,araucomed,Ibufren Forte 200mg/5ml Suspensión Oral 100ml,Ibufren Forte 200mg/5ml Suspensión Oral 100ml,Hospifarma,ibufren,200mg,null,null,forte,fluid-oral,null,ibufren|100ml,ibufren|100ml|bio:unknown|brand:hospifarma|var:forte|form:fluid-oral,2290,store,true,https://farmacia.araucomed.com/analgesicos-y-antinflamatorios/ibufren-forte-200mg-5ml-suspension-oral-100ml
ibuprofeno,ahumada,Ibucalm Ibuprofeno 400 Mg 10 Cap Blandas,Ibucalm Ibuprofeno 400 Mg 10 Cap Blandas,null,ibucalm,400mg,10,10,null,solid-oral,null,ibucalm|400mg|10,ibucalm|400mg|10|bio:true|brand:unknown|form:solid-oral,2388,store,true,https://www.farmaciasahumada.cl/ibucalm-ibuprofeno-400-mg-10-cap-blandas-96109.html
ibuprofeno,ecofarmacias,Ibucalm Ibuprofeno 400 Mg X 10 Capsulas blandas (Opko),Ibucalm Ibuprofeno 400 Mg 10 Cap Blandas,null,ibucalm,400mg,10,10,null,solid-oral,null,ibucalm|400mg|10,ibucalm|400mg|10|bio:true|brand:unknown|form:solid-oral,2980,store,false,https://www.ecofarmacias.cl/producto/ibucalm-ibuprofeno-400mg-x-10-capsulas-blandas-opko/
ibuprofeno,ecofarmacias,Ibuprofeno Dolad suspensión oral 200mg/5ml 120ml (Ascend Cenabast),Ibuprofeno Dolad suspensión oral 200mg/5ml 120ml (Ascend Cenabast),null,ibuprofeno,200mg,null,null,dolad,fluid-oral,null,ibuprofeno|120ml,ibuprofeno|120ml|bio:unknown|brand:unknown|var:dolad|form:fluid-oral,2430,store,false,https://www.ecofarmacias.cl/producto/ibuprofeno-dolad-suspension-oral-200mg-5ml-120ml-ascend-cenabast/
ibuprofeno,araucomed,Bediatil Forte suspensión Oral 200 mg/5ml x 100 ml.,Bediatil Forte suspensión Oral 200 mg/5ml x 100 ml.,Pasteur,bediatil,200mg,null,null,forte,fluid-oral,null,bediatil|100ml|100,bediatil|100ml|100|bio:unknown|brand:pasteur|var:forte|form:fluid-oral,2490,store,true,https://farmacia.araucomed.com/analgesicos-y-antinflamatorios/bediatil-forte-suspension-oral-200mg-5ml-x100ml
ibuprofeno,araucomed,Ibucalm 600 mg x 10 cápsulas blandas.,Ibucalm 600 mg x 10 cápsulas blandas.,Opko,ibucalm,600mg,10,10,null,solid-oral,null,ibucalm|600mg|10,ibucalm|600mg|10|bio:unknown|brand:opko|form:solid-oral,2490,store,true,https://farmacia.araucomed.com/analgesicos-y-antinflamatorios/ibucalm-600mg-x10cap
ibuprofeno,araucomed,Kitadol Duo x 10 comprimidos,Kitadol Duo x 10 comprimidos,Laboratorio Chile,kitadol,null,10,10,duo,solid-oral,null,kitadol|10,kitadol|10|bio:unknown|brand:chile|var:duo|form:solid-oral,2490,store,true,https://farmacia.araucomed.com/analgesicos-y-antinflamatorios/kitadol-duo-x10com
ibuprofeno,salcobrand,Tapsin Duo (B) Paracetamol / Ibuprofeno 12 Comprimidos Recubiertos,Tapsin Duo (B) Paracetamol / Ibuprofeno 12 Comprimidos Recubiertos,Tapsin,tapsin,null,12,12,null,solid-oral,ibuprofeno,tapsin|12,tapsin|12|bio:unknown|brand:tapsin|combo:ibuprofeno|form:solid-oral,2612,sbpay,true,https://salcobrand.cl/products/tapsin-duo-b-paracetamol-ibuprofeno-12-comprimidos-recubiertos?default_sku=586353
ibuprofeno,ahumada,Actron RA 200 mg x 10 Cápsulas Blandas,Actron RA 200 mg x 10 Cápsulas Blandas,null,actron,200mg,10,10,ra,solid-oral,null,actron|200mg|10,actron|200mg|10|bio:unknown|brand:unknown|var:ra|form:solid-oral,2774,cmr,true,https://www.farmaciasahumada.cl/actron-ra-200-mg-x-10-capsulas-blandas-60079.html
ibuprofeno,salcobrand,Actron (R) Ibuprofeno 400mg 10 Cápsulas Blandas,Actron (R) Ibuprofeno 400mg 10 Cápsulas Blandas,Actron,actron,400mg,10,10,null,solid-oral,null,actron|400mg|10,actron|400mg|10|bio:unknown|brand:actron|form:solid-oral,2981,online,true,https://salcobrand.cl/products/actron-r-ibuprofeno-400mg-10-capsulas-blandas?default_sku=151609
ibuprofeno,sermecoop,Pyriped (ibuprofeno) 100mg/5ml Jarabe 100ml,Pyriped (ibuprofeno) 100mg/5ml Jarabe 100ml,null,pyriped,100mg,null,null,null,fluid-oral,null,pyriped|100ml,pyriped|100ml|bio:unknown|brand:unknown|form:fluid-oral,2990,store,true,https://www.farmaciasermecoop.cl/index.php/online/detalleproducto?p_=20963&d_=1
ibuprofeno,ecofarmacias,Pyriped Ibuprofeno Suspension Oral 200mg/5ml 100ml,Pyriped (ibuprofeno) 100mg/5ml Jarabe 100ml,null,pyriped,200mg,null,null,null,fluid-oral,null,pyriped|100ml,pyriped|100ml|bio:unknown|brand:unknown|form:fluid-oral,3990,store,false,https://www.ecofarmacias.cl/producto/ibuprofeno-suspension-oral-200mg-5ml-100ml-2/
ibuprofeno,cruz-verde,Pyriped Ibuprofeno 100 mg/5mL Suspensión 100 mL,Pyriped (ibuprofeno) 100mg/5ml Jarabe 100ml,null,pyriped,100mg,null,null,null,fluid-oral,null,pyriped|100ml,pyriped|100ml|bio:unknown|brand:unknown|form:fluid-oral,8040,store,true,https://www.cruzverde.cl/pyriped-ibuprofeno-100-mg-5ml-suspension-100-ml/193020.html
ibuprofeno,araucomed,Ibupirac LC 400 mg x 20 cápsulas blandas.,Ibupirac LC 400 mg x 20 cápsulas blandas.,Chemopharma,ibupirac,400mg,20,20,lc,solid-oral,null,ibupirac|400mg|20,ibupirac|400mg|20|bio:unknown|brand:chemopharma|var:lc|form:solid-oral,2990,store,true,https://farmacia.araucomed.com/bioequivalentes/ibupirac-lc-400mg-x20cap
ibuprofeno,araucomed,Tapsin Duo x 12 comprimidos,Tapsin Duo x 12 comprimidos,Maver,tapsin,null,12,12,duo,solid-oral,null,tapsin|12,tapsin|12|bio:unknown|brand:maver|var:duo|form:solid-oral,2990,store,true,https://farmacia.araucomed.com/analgesicos-y-antinflamatorios/tapsin-duo-x-12-comprimidos
ibuprofeno,sermecoop,Actron (ibuprofeno) 200mg 10  Cápsulas,Actron (ibuprofeno) 200mg 10  Cápsulas,null,actron,200mg,10,10,null,solid-oral,null,actron|200mg|10,actron|200mg|10|bio:unknown|brand:unknown|form:solid-oral,2990,store,false,https://www.farmaciasermecoop.cl/index.php/online/detalleproducto?p_=20761&d_=1
ibuprofeno,easyfarma,Ibuprofeno Jarabe 200 mg /...,Ibuprofeno Jarabe 200 mg /...,null,ibuprofeno,200mg,null,null,null,fluid-oral,null,ibuprofeno|200mg,ibuprofeno|200mg|bio:unknown|brand:unknown|form:fluid-oral,2990,store,true,https://nuevo.easyfarma.cl/103076-ibuprofeno-jarabe-200-mg-5-ml.html
ibuprofeno,easyfarma,Actron RA 200 mg. 10...,Actron RA 200 mg. 10...,null,actron,200mg,null,null,ra,null,null,actron|200mg,actron|200mg|bio:unknown|brand:unknown|var:ra,2990,store,true,https://nuevo.easyfarma.cl/30382-actron-ra-200-mg-x-10-capsulas-blandas.html
ibuprofeno,easyfarma,Finagrip 10 Comp. Recubiertos,Finagrip 10 Comp. Recubiertos,null,finagrip,null,10,10,null,solid-oral,null,finagrip|10,finagrip|10|bio:unknown|brand:unknown|form:solid-oral,2990,store,true,https://nuevo.easyfarma.cl/105297-finagrip-10-comp-recubiertos.html
ibuprofeno,ahumada,Actron 400 mg x 10 Cápsulas Blandas,Actron 400 mg x 10 cápsulas...,null,actron,400mg,10,10,null,solid-oral,null,actron|400mg|10,actron|400mg|10|bio:unknown|brand:unknown|form:solid-oral,3059,cmr,true,https://www.farmaciasahumada.cl/actron-400-mg-x-10-capsulas-blandas-44354.html
ibuprofeno,easyfarma,Actron 400 mg x 10 cápsulas...,Actron 400 mg x 10 cápsulas...,null,actron,400mg,10,10,null,solid-oral,null,actron|400mg|10,actron|400mg|10|bio:unknown|brand:unknown|form:solid-oral,3490,store,true,https://nuevo.easyfarma.cl/25051-actron-400mg-x-10.html
ibuprofeno,cruz-verde,Actron 400 Ibuprofeno 400 mg 10 Cápsulas Blandas,Actron 400 mg x 10 cápsulas...,null,actron,400mg,10,10,null,solid-oral,null,actron|400mg|10,actron|400mg|10|bio:unknown|brand:unknown|form:solid-oral,3990,store,true,https://www.cruzverde.cl/actron-400-ibuprofeno-400-mg-10-capsulas-blandas/250281.html
ibuprofeno,salcobrand,DorAliv (B) Ibuprofeno 400mg 10 Cápsulas Blandas,DorAliv (B) Ibuprofeno 400mg 10 Cápsulas Blandas,Notts,doraliv,400mg,10,10,null,solid-oral,null,doraliv|400mg|10,doraliv|400mg|10|bio:unknown|brand:notts|form:solid-oral,3079,online,true,https://salcobrand.cl/products/doraliv-b-ibuprofeno-400mg-10-capsulas-blandas?default_sku=582596
ibuprofeno,salcobrand,Ibuprofeno Actron  200 mg RA (R) 10 Cápsulas Blandas,Ibuprofeno Actron  200 mg RA (R) 10 Cápsulas Blandas,Actron,ibuprofeno,200mg,10,10,actron,solid-oral,null,ibuprofeno|200mg|10,ibuprofeno|200mg|10|bio:unknown|brand:actron|var:actron|form:solid-oral,3167,online,true,https://salcobrand.cl/products/ibuprofeno-actron-200mg-ra-r-10-capsulas-blandas?default_sku=151559
ibuprofeno,araucomed,Ibupirac LC 600 mg x 10 cápsulas blandas.,Ibupirac LC 600 mg x 10 cápsulas blandas.,Chemopharma,ibupirac,600mg,10,10,lc,solid-oral,null,ibupirac|600mg|10,ibupirac|600mg|10|bio:unknown|brand:chemopharma|var:lc|form:solid-oral,3290,store,true,https://farmacia.araucomed.com/bioequivalentes/ibupirac-lc-600mg-x10cap
ibuprofeno,dr-simi,IbuAliv niños ibuprofeno 100 mg/5 mL suspensión oral 100 mL,IbuAliv niños ibuprofeno 100 mg/5 mL suspensión oral 100 mL,VIVUNT,ibualiv,100mg,null,null,infantil,fluid-oral,null,ibualiv|100ml,ibualiv|100ml|bio:false|brand:vivunt|var:infantil|form:fluid-oral,3400,store,true,https://www.drsimi.cl/ibuprofeno-100mg-5ml-susp-ped-100ml-ch00531-1/p
ibuprofeno,ecofarmacias,Actron ibuprofeno 600mg por 10 caps. blandas DESCUENTO,Actron ibuprofeno 600mg por 10 caps. blandas DESCUENTO,null,actron,600mg,10,10,null,solid-oral,null,actron|600mg,actron|600mg|bio:unknown|brand:unknown|form:solid-oral,3500,store,false,https://www.ecofarmacias.cl/producto/actron-ibuprofeno-600mg-por-10-caps-blanda/
ibuprofeno,ahumada,Ibufren Fte 200Mg/5Ml Suspención Oral 100Ml Frasco,Ibufren Fte 200Mg/5Ml Suspención Oral 100Ml Frasco,null,ibufren,200mg,null,null,fte,null,null,ibufren|100ml,ibufren|100ml|bio:unknown|brand:unknown|var:fte,3596,cmr,true,https://www.farmaciasahumada.cl/ibufren-fte-200mg-5ml-suspencion-oral-100ml-frasco-92941.html
ibuprofeno,dr-simi,Dolorub ibuprofeno 5 % crema 45 g,Dolorub ibuprofeno 5 % crema 45 g,MAVER,dolorub,45000mg,null,null,null,topical,null,dolorub|45000mg,dolorub|45000mg|bio:false|brand:maver|form:topical,3600,store,true,https://www.drsimi.cl/dolorub-crema-ibuprofeno-5--crema-topica-tubo-45-gr-ch6156/p
ibuprofeno,dr-simi,Tapsin Duo paracetamol 300 mg ibuprofeno 200 mg 12 comprimidos recubiertos,Tapsin Duo paracetamol 300 mg ibuprofeno 200 mg 12 comprimidos recubiertos,MAVER,tapsin,300mg,12,12,duo,solid-oral,null,tapsin|300mg|12,tapsin|300mg|12|bio:false|brand:maver|var:duo|form:solid-oral,3600,store,true,https://www.drsimi.cl/tapsin-duo-paracetamol-ibuprofeno-300-mg-200-mg-12-comprimidos-recubiertos-ch6158/p
ibuprofeno,salcobrand,Kitadol Duo Ibuprofeno / Paracetamol 10 Comprimidos Recubiertos,Kitadol Duo Ibuprofeno / Paracetamol 10 Comprimidos Recubiertos,Kitadol Duo,kitadol,null,10,10,null,solid-oral,paracetamol,kitadol|10,kitadol|10|bio:unknown|brand:kitadolduo|combo:paracetamol|form:solid-oral,3674,sbpay,true,https://salcobrand.cl/products/kitadol-duo-ibuprofeno-paracetamol-10-comprimidos-recubiertos?default_sku=579036
ibuprofeno,araucomed,Niofen Forte 200mg/5ml suspensión oral 120 ml.,Niofen Forte 200mg/5ml suspensión oral 120 ml.,null,niofen,200mg,null,null,forte,fluid-oral,null,niofen|120ml,niofen|120ml|bio:unknown|brand:unknown|var:forte|form:fluid-oral,3690,store,true,https://farmacia.araucomed.com/analgesicos-y-antinflamatorios/niofen-forte-200mg-5ml-suspension-oral-120ml
ibuprofeno,ecofarmacias,Niofen Forte Ibuprofeno 200 Mg /5Ml Jarabe 120ml (DESCUENTO por caja manchada),Niofen Forte 200mg/5ml suspensión oral 120 ml.,null,niofen,200mg,null,null,forte,fluid-oral,null,niofen|120ml,niofen|120ml|bio:unknown|brand:unknown|var:forte|form:fluid-oral,3990,store,false,https://www.ecofarmacias.cl/producto/niofen-forte-ibuprofeno-200-mg-5ml-jarabe-120ml-unidades-con-caja-manchada-con-jarabe/
ibuprofeno,dr-simi,Ibupirac LC ibuprofeno 400 mg 20 cápsulas blandas,Ibupirac LC ibuprofeno 400 mg 20 cápsulas blandas,CHEMOPHARMA,ibupirac,400mg,20,20,lc,solid-oral,null,ibupirac|400mg|20,ibupirac|400mg|20|bio:true|brand:chemopharma|var:lc|form:solid-oral,3960,store,true,https://www.drsimi.cl/doraliv-ibuprofeno-400-mg-20-capsulas/p
ibuprofeno,ecofarmacias,Ibucalm Ibuprofeno 600mg x 10 Cápsulas blandas,Ibucalm Ibuprofeno 600 Mg 10 Cap Blandas,null,ibucalm,600mg,10,10,null,solid-oral,null,ibucalm|600mg|10,ibucalm|600mg|10|bio:true|brand:unknown|form:solid-oral,3980,store,true,https://www.ecofarmacias.cl/producto/ibucalm-ibuprofeno-600mg-x-10-capsulas-blandas/
ibuprofeno,ahumada,Ibucalm Ibuprofeno 600 Mg 10 Cap Blandas,Ibucalm Ibuprofeno 600 Mg 10 Cap Blandas,null,ibucalm,600mg,10,10,null,solid-oral,null,ibucalm|600mg|10,ibucalm|600mg|10|bio:true|brand:unknown|form:solid-oral,4487,store,true,https://www.farmaciasahumada.cl/ibucalm-ibuprofeno-600-mg-10-cap-blandas-96110.html
ibuprofeno,ecofarmacias,Ibuprofeno Ibupirac Flu Forte suspensión DESCUENTO caja dañada,Ibuprofeno Ibupirac Flu Forte suspensión DESCUENTO caja dañada,null,ibuprofeno,null,null,null,ibupirac,fluid-oral,null,ibuprofeno,ibuprofeno|bio:unknown|brand:unknown|var:ibupirac|form:fluid-oral,3980,store,false,https://www.ecofarmacias.cl/producto/ibupirac-flu-forte-suspension-descuento-caja-danada/
ibuprofeno,sermecoop,Ibupirac Lc (ibuprofeno) 600mg 10  Cápsulas Blandas,Ibupirac LC 600 mg x 10 Cápsulas Blandas,null,ibupirac,600mg,10,10,lc,solid-oral,null,ibupirac|600mg|10,ibupirac|600mg|10|bio:true|brand:unknown|var:lc|form:solid-oral,3990,store,true,https://www.farmaciasermecoop.cl/index.php/online/detalleproducto?p_=8620&d_=1
ibuprofeno,ahumada,Ibupirac LC 600 mg x 10 Cápsulas Blandas,Ibupirac LC 600 mg x 10 Cápsulas Blandas,null,ibupirac,600mg,10,10,lc,solid-oral,null,ibupirac|600mg|10,ibupirac|600mg|10|bio:true|brand:unknown|var:lc|form:solid-oral,6787,cmr,true,https://www.farmaciasahumada.cl/ibupirac-lc-600-mg-x-10-capsulas-blandas-74304.html
ibuprofeno,araucomed,Ibucalm 600 mg x 20 cápsulas blandas.,Ibucalm 600 mg x 20 cápsulas blandas.,Opko,ibucalm,600mg,20,20,null,solid-oral,null,ibucalm|600mg|20,ibucalm|600mg|20|bio:unknown|brand:opko|form:solid-oral,3990,store,true,https://farmacia.araucomed.com/genito-urinario/ibucalm-600-mg-x-20-capsulas-blandas
ibuprofeno,araucomed,Dolorub 5% crema 60 g,Dolorub 5% crema 60 g,Maver,dolorub,60000mg,null,null,null,topical,null,dolorub|60000mg,dolorub|60000mg|bio:unknown|brand:maver|form:topical,3990,store,true,https://farmacia.araucomed.com/analgesicos-y-antinflamatorios/dolorub-5-crema-60g
ibuprofeno,araucomed,Dolorub 5% gel x 60 gramos.,Dolorub 5% gel x 60 gramos.,Maver,dolorub,null,null,null,null,topical,null,dolorub|60,dolorub|60|bio:unknown|brand:maver|form:topical,3990,store,true,https://farmacia.araucomed.com/analgesicos-y-antinflamatorios/dolorub-5-gel-60g
ibuprofeno,ecofarmacias,Dolorub Ibuprofeno Gel 60g DESCUENTO,Dolorub Ibuprofeno Gel 60g DESCUENTO,null,dolorub,60000mg,null,null,null,topical,null,dolorub|60000mg,dolorub|60000mg|bio:unknown|brand:unknown|form:topical,3990,store,false,https://www.ecofarmacias.cl/producto/dolorub-ibuprofeno-gel-60g-descuento/
ibuprofeno,cruz-verde,Ibucalm Ibuprofeno 400 mg 10 Cápsulas blandas,Ibucalm Ibuprofeno 400 mg 10 Cápsulas blandas,null,ibucalm,400mg,10,10,null,solid-oral,null,ibucalm|400mg|10,ibucalm|400mg|10|bio:unknown|brand:unknown|form:solid-oral,4240,store,true,https://www.cruzverde.cl/ibucalm-ibuprofeno-400-mg-10-capsulas-blandas/545276.html
ibuprofeno,ahumada,Dolorub 5 % x 45 g Crema Topica,Dolorub 5 % x 45 g Crema Topica,null,dolorub,45000mg,null,null,null,topical,null,dolorub|45000mg|45,dolorub|45000mg|45|bio:unknown|brand:unknown|form:topical,4349,cmr,true,https://www.farmaciasahumada.cl/dolorub-5-x-45-g-crema-topica-79224.html
ibuprofeno,cruz-verde,Ibupirac LC Ibuprofeno 600 mg 10 Cápsulas Blandas,Ibupirac LC Ibuprofeno 600 mg 10 Cápsulas Blandas,null,ibupirac,600mg,10,10,lc,solid-oral,null,ibupirac|600mg|10,ibupirac|600mg|10|bio:unknown|brand:unknown|var:lc|form:solid-oral,4390,store,true,https://www.cruzverde.cl/ibupirac-lc-ibuprofeno-600-mg-10-capsulas-blandas/266410.html
ibuprofeno,cruz-verde,Pyriped Ibuprofeno 400 mg 20 Cápsulas Blandas,Pyriped Ibuprofeno 400 mg 20 Cápsulas Blandas,null,pyriped,400mg,20,20,null,solid-oral,null,pyriped|400mg|20,pyriped|400mg|20|bio:unknown|brand:unknown|form:solid-oral,4490,store,true,https://www.cruzverde.cl/pyriped-ibuprofeno-400-mg-20-capsulas-blandas/263909.html
ibuprofeno,ecofarmacias,Ibuprofeno Deucodol Forte  200 mg/5 ml x 120 ml,Ibuprofeno Deucodol Forte  200 mg/5 ml x 120 ml,null,ibuprofeno,200mg,null,null,deucodol,null,null,ibuprofeno|120ml|120,ibuprofeno|120ml|120|bio:unknown|brand:unknown|var:deucodol,4690,store,false,https://www.ecofarmacias.cl/producto/ibuprofeno-deucodol-forte-200-mg-5-ml-x-120-ml/
ibuprofeno,salcobrand,Ibupirac LC (B) Ibuprofeno 400mg 20 Cápsulas Blandas,Ibupirac LC (B) Ibuprofeno 400mg 20 Cápsulas Blandas,Ibupirac,ibupirac,400mg,20,20,lc,solid-oral,null,ibupirac|400mg|20,ibupirac|400mg|20|bio:unknown|brand:ibupirac|var:lc|form:solid-oral,4799,sbpay,true,https://salcobrand.cl/products/ibuprofeno-400mg-oral-solido-9b80a20f-7357-4504-8b8f-ff377070b6d3?default_sku=2984392
ibuprofeno,dr-simi,DorAliv ibuprofeno 600 mg 10 cápsulas blandas,DorAliv ibuprofeno 600 mg 10 cápsulas blandas,VIVUNT,doraliv,600mg,10,10,null,solid-oral,null,doraliv|600mg|10,doraliv|600mg|10|bio:true|brand:vivunt|form:solid-oral,4800,store,true,https://www.drsimi.cl/doraliv-ibuprofeno-600-mg-10-capsulas-blandas/p
ibuprofeno,ahumada,Ibupirac LC 400 mg x 20 Cápsulas Blandas,Ibupirac LC 400 mg x 20 Cápsulas Blandas,null,ibupirac,400mg,20,20,lc,solid-oral,null,ibupirac|400mg|20,ibupirac|400mg|20|bio:true|brand:unknown|var:lc|form:solid-oral,4934,cmr,true,https://www.farmaciasahumada.cl/ibupirac-lc-400-mg-x-20-capsulas-blandas-62367.html
ibuprofeno,easyfarma,Dolorub 5% Crema Topica Con...,Dolorub 5% Crema Topica Con...,null,dolorub,null,null,null,null,topical,null,dolorub,dolorub|bio:unknown|brand:unknown|form:topical,4990,store,true,https://nuevo.easyfarma.cl/104955-dolorub-5-crema-topica-con-aplicador-60-gr.html
ibuprofeno,cruz-verde,Dolorub Ibuprofeno 5% Crema Tópica 60 gr,Dolorub 5% Crema Topica Con...,null,dolorub,null,null,null,null,topical,null,dolorub,dolorub|bio:unknown|brand:unknown|form:topical,7490,store,true,https://www.cruzverde.cl/dolorub-ibuprofeno-5-crema-topica-60-gr/72106.html
ibuprofeno,ecofarmacias,Ibucalm Ibuprofeno 600 Mg X 20 Capsulas blandas (Opko),Ibucalm Ibuprofeno 600 Mg X 20 Capsulas blandas (Opko),null,ibucalm,600mg,20,20,null,solid-oral,null,ibucalm|600mg|20,ibucalm|600mg|20|bio:true|brand:unknown|form:solid-oral,4990,store,false,https://www.ecofarmacias.cl/producto/ibucalm-ibuprofeno-600-mg-x-10-capsulas-blandas-opko/
ibuprofeno,easyfarma,DorAliv 600 mg x 10...,DorAliv 600 mg x 10...,null,doraliv,600mg,10,10,null,null,null,doraliv|600mg|10,doraliv|600mg|10|bio:unknown|brand:unknown,4990,store,true,https://nuevo.easyfarma.cl/104970-doraliv-600-mg-x-10-capsulas-blandas.html
ibuprofeno,salcobrand,DorAliv (B) Ibuprofeno 400mg 20 Cápsulas Blandas,DorAliv (B) Ibuprofeno 400mg 20 Cápsulas Blandas,Notts,doraliv,400mg,20,20,null,solid-oral,null,doraliv|400mg|20,doraliv|400mg|20|bio:unknown|brand:notts|form:solid-oral,5103,online,true,https://salcobrand.cl/products/doraliv-b-ibuprofeno-400mg-20-capsulas-blandas?default_sku=585398
ibuprofeno,ahumada,Deucodol Forte 200 mg/5 mL x 120 mL Suspension Oral,Deucodol Forte 200 mg/5 mL x 120 mL Suspension Oral,null,deucodol,200mg,null,null,forte,fluid-oral,null,deucodol|120ml|120,deucodol|120ml|120|bio:unknown|brand:unknown|var:forte|form:fluid-oral,5174,store,true,https://www.farmaciasahumada.cl/deucodol-forte-200-mg-5-ml-x-120-ml-suspension-oral-92249.html
ibuprofeno,cruz-verde,Dolorub Analgesica-Antiinflamatoria Ibuprofeno 5% Crema Tópica 45 gr,Dolorub Analgesica-Antiinflamatoria Ibuprofeno 5% Crema Tópica 45 gr,null,dolorub,null,null,null,analgesicaantiinflamatoria,topical,null,dolorub,dolorub|bio:unknown|brand:unknown|var:analgesicaantiinflamatoria|form:topical,5190,store,true,https://www.cruzverde.cl/dolorub-analgesica-antiinflamatoria-ibuprofeno-5-crema-topica-45-gr/273313.html
ibuprofeno,cruz-verde,Ibucalm Ibuprofeno 600 mg 10 Cápsulas blandas,Ibucalm Ibuprofeno 600 mg 10 Cápsulas blandas,null,ibucalm,600mg,10,10,null,solid-oral,null,ibucalm|600mg|10,ibucalm|600mg|10|bio:unknown|brand:unknown|form:solid-oral,5280,store,true,https://www.cruzverde.cl/ibucalm-ibuprofeno-600-mg-10-capsulas-blandas/545277.html
ibuprofeno,salcobrand,Ibuprofeno 200mg Jarabe 120ml,Ibuprofeno 200mg Jarabe 120ml,Ibuprofeno,ibuprofeno,200mg,null,null,null,fluid-oral,null,ibuprofeno|120ml,ibuprofeno|120ml|bio:unknown|brand:unknown|form:fluid-oral,5367,online,true,https://salcobrand.cl/products/ibuprofeno-200mg-jarabe-120ml?default_sku=577406
ibuprofeno,salcobrand,IbuAliv Forte Ibuprofeno 200mg/5ml Jarabe 100ml,IbuAliv Forte Ibuprofeno 200mg/5ml Jarabe 100ml,Notts,ibualiv,200mg,null,null,forte,fluid-oral,null,ibualiv|100ml,ibualiv|100ml|bio:unknown|brand:notts|var:forte|form:fluid-oral,5524,online,true,https://salcobrand.cl/products/ibualiv-forte-ibuprofeno-200mg-5ml-jarabe-100ml?default_sku=588160
ibuprofeno,salcobrand,Ipson Forte Infantil Ibuprofeno 120ml,Ipson Forte Infantil Ibuprofeno 120ml,Ipson Forte Pediatrico,ipson,120ml,null,null,forte,null,null,ipson|120ml,ipson|120ml|bio:unknown|brand:ipsonfortepediatrico|var:forte,5576,sbpay,true,https://salcobrand.cl/products/ipson-forte-infantil-ibuprofeno-jarabe-120ml?default_sku=2971444
ibuprofeno,salcobrand,Ipson Infantil Ibuprofeno 120ml,Ipson Infantil Ibuprofeno 120ml,Ipson,ipson,120ml,null,null,infantil,null,null,ipson|120ml,ipson|120ml|bio:unknown|brand:ipson|var:infantil,5625,sbpay,true,https://salcobrand.cl/products/ipson-infantil-ibuprofeno-jarabe-120ml?default_sku=2971304
ibuprofeno,ahumada,Actron 400mg X 20 Capsulas Blandas,Actron 400mg X 20 Capsulas Blandas,null,actron,400mg,20,20,null,solid-oral,null,actron|400mg|20,actron|400mg|20|bio:unknown|brand:unknown|form:solid-oral,5819,cmr,true,https://www.farmaciasahumada.cl/actron-400mg-x-20-capsulas-blandas-89764.html
ibuprofeno,cruz-verde,Actron Ibuprofeno 400 mg 20 Cápsulas Blandas,Actron 400mg X 20 Capsulas Blandas,null,actron,400mg,20,20,null,solid-oral,null,actron|400mg|20,actron|400mg|20|bio:unknown|brand:unknown|form:solid-oral,7728,store,true,https://www.cruzverde.cl/actron-ibuprofeno-400-mg-20-capsulas-blandas/393607.html
ibuprofeno,ahumada,Dolorub 5 % x 60 g Crema Tópica,Dolorub 5 % x 60 g Crema Tópica,null,dolorub,60000mg,null,null,null,topical,null,dolorub|60000mg|60,dolorub|60000mg|60|bio:unknown|brand:unknown|form:topical,5849,cmr,true,https://www.farmaciasahumada.cl/dolorub-5-x-60-g-crema-topica-13227.html
ibuprofeno,ahumada,Actron 600 mg x 10 Cápsulas Blandas,Actron 600 Mg 10 Cap blandas,null,actron,600mg,10,10,null,solid-oral,null,actron|600mg|10,actron|600mg|10|bio:unknown|brand:unknown|form:solid-oral,5932,cmr,true,https://www.farmaciasahumada.cl/actron-600-mg-x-10-capsulas-blandas-48361.html
ibuprofeno,easyfarma,Actron 600 Mg 10 Cap blandas,Actron 600 Mg 10 Cap blandas,null,actron,600mg,10,10,null,solid-oral,null,actron|600mg|10,actron|600mg|10|bio:unknown|brand:unknown|form:solid-oral,6490,store,true,https://nuevo.easyfarma.cl/25052-actron-600mg-x-10.html
ibuprofeno,salcobrand,Deucodol Forte Ibuprofeno 200mg/5ml Jarabe 120ml,Deucodol Forte Ibuprofeno 200mg/5ml Jarabe 120ml,Deucodol,deucodol,200mg,null,null,forte,fluid-oral,null,deucodol|120ml,deucodol|120ml|bio:unknown|brand:deucodol|var:forte|form:fluid-oral,5983,online,true,https://salcobrand.cl/products/deucodol-forte-ibuprofeno-200mg-5ml-jarabe-120ml?default_sku=2100051
ibuprofeno,araucomed,Pironal Flu Forte x 12 comprimidos.,Pironal Flu Forte x 12 comprimidos.,Bagó,pironal,null,12,12,flu,solid-oral,null,pironal|12,pironal|12|bio:unknown|brand:bago|var:flu|form:solid-oral,5990,store,true,https://farmacia.araucomed.com/descongestionantes/pironal-flu-forte-x12com
ibuprofeno,easyfarma,DorAliv 600 Mg 20 Caps....,DorAliv 600 Mg 20 Caps....,null,doraliv,600mg,20,20,null,solid-oral,null,doraliv|600mg,doraliv|600mg|bio:unknown|brand:unknown|form:solid-oral,5990,store,true,https://nuevo.easyfarma.cl/105031-doraliv-600-mg-20-caps-blandas.html
ibuprofeno,salcobrand,Actron Ibuprofeno 600mg 10 Cápsulas Blandas,Actron Ibuprofeno 600mg 10 Cápsulas Blandas,Actron,actron,600mg,10,10,null,solid-oral,null,actron|600mg|10,actron|600mg|10|bio:unknown|brand:actron|form:solid-oral,6005,online,true,https://salcobrand.cl/products/bayer-actron-ibuprofeno-600mg-10-capsulas-blandas?default_sku=151610
ibuprofeno,salcobrand,DorAliv (B) Ibuprofeno 600mg 10 Cápsulas Blandas,DorAliv (B) Ibuprofeno 600mg 10 Cápsulas Blandas,Notts,doraliv,600mg,10,10,null,solid-oral,null,doraliv|600mg|10,doraliv|600mg|10|bio:unknown|brand:notts|form:solid-oral,6159,online,true,https://salcobrand.cl/products/doraliv-b-ibuprofeno-600mg-10-capsulas-blandas?default_sku=583222
ibuprofeno,ahumada,Niofen Forte 200 mg/5 mL x 120 mL Suspensión Oral,Niofen Forte 200 mg/5 mL x 120 mL Suspensión Oral,null,niofen,200mg,null,null,forte,fluid-oral,null,niofen|120ml|120,niofen|120ml|120|bio:unknown|brand:unknown|var:forte|form:fluid-oral,6202,cmr,true,https://www.farmaciasahumada.cl/niofen-forte-200-mg-5-ml-x-120-ml-suspension-oral-11882.html
ibuprofeno,ahumada,Ipson 100 mg/5 mL x 120 mL Suspensión Oral,Ipson 100 mg/5 mL x 120 mL Suspensión Oral,null,ipson,100mg,null,null,null,fluid-oral,null,ipson|120ml|120,ipson|120ml|120|bio:unknown|brand:unknown|form:fluid-oral,6582,store,true,https://www.farmaciasahumada.cl/ipson-100-mg-5-ml-x-120-ml-suspension-oral-2531.html
ibuprofeno,cruz-verde,Ibupirac LC Ibuprofeno 400 mg 20 Cápsulas Blandas,Ibupirac LC Ibuprofeno 400 mg 20 Cápsulas Blandas,null,ibupirac,400mg,20,20,lc,solid-oral,null,ibupirac|400mg|20,ibupirac|400mg|20|bio:unknown|brand:unknown|var:lc|form:solid-oral,6590,store,true,https://www.cruzverde.cl/ibupirac-lc-ibuprofeno-400-mg-20-capsulas-blandas/257271.html
ibuprofeno,salcobrand,Actron (R) Ibuprofeno 400mg 20 Cápsulas Blandas,Actron (R) Ibuprofeno 400mg 20 Cápsulas Blandas,Actron,actron,400mg,20,20,null,solid-oral,null,actron|400mg|20,actron|400mg|20|bio:unknown|brand:actron|form:solid-oral,6687,online,true,https://salcobrand.cl/products/actron-r-ibuprofeno-400mg-20-capsulas-blandas?default_sku=578998
ibuprofeno,cruz-verde,Ibucalm Ibuprofeno 400 mg 20 Cápsulas blandas,Ibucalm Ibuprofeno 400 mg 20 Cápsulas blandas,null,ibucalm,400mg,20,20,null,solid-oral,null,ibucalm|400mg|20,ibucalm|400mg|20|bio:unknown|brand:unknown|form:solid-oral,6940,store,true,https://www.cruzverde.cl/ibucalm-ibuprofeno-400-mg-20-capsulas-blandas/552317.html
ibuprofeno,salcobrand,Niofen Forte Ibuprofeno 200mg/5ml Jarabe 120ml,Niofen Forte Ibuprofeno 200mg/5ml Jarabe 120ml,Niofen Forte,niofen,200mg,null,null,forte,fluid-oral,null,niofen|120ml,niofen|120ml|bio:unknown|brand:niofenforte|var:forte|form:fluid-oral,7215,online,true,https://salcobrand.cl/products/niofen-forte-ibuprofeno-200mg-5ml-jarabe-120ml?default_sku=2835635
ibuprofeno,ecofarmacias,Ipson-D Ibuprofeno Pseudofedrina Clorhidrato 100 mg &#8211; 15 mg / 5 ml 120 Ml,Ipson-D Ibuprofeno Pseudofedrina Clorhidrato 100 mg &#8211; 15 mg / 5 ml 120 Ml,null,ipsond,100mg,null,null,pseudofedrina,null,null,ipsond|120ml,ipsond|120ml|bio:unknown|brand:unknown|var:pseudofedrina,7430,store,false,https://www.ecofarmacias.cl/producto/ipson-d-ibuprofeno-pseudofedrina-clorhidrato-100-mg-15-mg-5-ml-120-ml/
ibuprofeno,araucomed,Termo-Niofen Suspension Oral 120ml,Termo-Niofen Suspension Oral 120ml,null,termoniofen,120ml,null,null,null,fluid-oral,null,termoniofen|120ml,termoniofen|120ml|bio:unknown|brand:unknown|form:fluid-oral,7490,store,true,https://farmacia.araucomed.com/analgesicos-y-antinflamatorios/termo-niofen-suspension-oral-120ml
ibuprofeno,ahumada,Ibupirac Forte 200 mg/5 mL x 100 mL Suspensión Oral,Ibupirac Forte 200 mg/5 mL x 100 mL Suspensión Oral,null,ibupirac,200mg,null,null,forte,fluid-oral,null,ibupirac|100ml|100,ibupirac|100ml|100|bio:unknown|brand:unknown|var:forte|form:fluid-oral,7529,cmr,true,https://www.farmaciasahumada.cl/ibupirac-forte-200-mg-5-ml-x-100-ml-suspension-oral-26091.html
ibuprofeno,cruz-verde,Ibucalm Ibuprofeno 600 mg 20 Cápsulas blandas,Ibucalm Ibuprofeno 600 mg 20 Cápsulas blandas,null,ibucalm,600mg,20,20,null,solid-oral,null,ibucalm|600mg|20,ibucalm|600mg|20|bio:unknown|brand:unknown|form:solid-oral,7590,store,true,https://www.cruzverde.cl/ibucalm-ibuprofeno-600-mg-20-capsulas-blandas/552318.html
ibuprofeno,ahumada,Actron 600 mg x 20 Cápsulas Blandas,Actron 600 mg x 20 Cápsulas Blandas,null,actron,600mg,20,20,null,solid-oral,null,actron|600mg|20,actron|600mg|20|bio:unknown|brand:unknown|form:solid-oral,8429,cmr,true,https://www.farmaciasahumada.cl/actron-600-mg-x-20-capsulas-blandas-89548.html
ibuprofeno,cruz-verde,Actron 600 Ibuprofeno 600 mg 20 Cápsulas Blandas,Actron 600 mg x 20 Cápsulas Blandas,null,actron,600mg,20,20,null,solid-oral,null,actron|600mg|20,actron|600mg|20|bio:unknown|brand:unknown|form:solid-oral,10690,store,true,https://www.cruzverde.cl/actron-600-ibuprofeno-600-mg-20-capsulas-blandas/393608.html
ibuprofeno,salcobrand,Actron (R) Ibuprofeno 600mg 20 Cápsulas Blandas,Actron (R) Ibuprofeno 600mg 20 Cápsulas Blandas,Actron 600,actron,600mg,20,20,null,solid-oral,null,actron|600mg|20,actron|600mg|20|bio:unknown|brand:actron600|form:solid-oral,9085,online,true,https://salcobrand.cl/products/actron-r-ibuprofeno-600mg-20-capsulas-blandas?default_sku=578997
ibuprofeno,salcobrand,Doraliv (B) Ibuprofeno 600mg 20 Cápsulas Blandas,Doraliv (B) Ibuprofeno 600mg 20 Cápsulas Blandas,Notts,doraliv,600mg,20,20,null,solid-oral,null,doraliv|600mg|20,doraliv|600mg|20|bio:unknown|brand:notts|form:solid-oral,9327,online,true,https://salcobrand.cl/products/doraliv-b-ibuprofeno-600mg-20-capsulas-blandas?default_sku=585397
ibuprofeno,araucomed,Pironal Flu Forte Suspensión Oral 100ml,Pironal Flu Forte Suspensión Oral 100ml,Bagó,pironal,100ml,null,null,flu,fluid-oral,null,pironal|100ml,pironal|100ml|bio:unknown|brand:bago|var:flu|form:fluid-oral,10990,store,true,https://farmacia.araucomed.com/gripe-y-resfrio/pironal-flu-forte-suspension-oral-100ml
ibuprofeno,cruz-verde,Niofen Cold HBP Ibuprofeno 200 mg 10 Comprimidos,Niofen Cold HBP Ibuprofeno 200 mg 10 Comprimidos,null,niofen,200mg,10,10,cold,solid-oral,null,niofen|200mg|10,niofen|200mg|10|bio:unknown|brand:unknown|var:cold|form:solid-oral,11490,store,true,https://www.cruzverde.cl/niofen-cold-hbp-ibuprofeno-200-mg-10-comprimidos/258414.html
ibuprofeno,ahumada,Ipson Forte 200 mg/5 mL x 120 mL Suspensión Oral,Ipson Forte 200 mg/5 mL x 120 mL Suspensión Oral,null,ipson,200mg,null,null,forte,fluid-oral,null,ipson|120ml|120,ipson|120ml|120|bio:unknown|brand:unknown|var:forte|form:fluid-oral,11990,store,true,https://www.farmaciasahumada.cl/ipson-forte-200-mg-5-ml-x-120-ml-suspension-oral-28936.html
ibuprofeno,araucomed,Ipson D forte suspension oral 120ml,Ipson D forte suspension oral 120ml,null,ipson,120ml,null,null,d,fluid-oral,null,ipson|120ml,ipson|120ml|bio:unknown|brand:unknown|var:d|form:fluid-oral,11990,store,true,https://farmacia.araucomed.com/analgesicos-y-antinflamatorios/ipson-d-forte-suspension-oral-120ml
ibuprofeno,cruz-verde,Triofeno Ibuprofeno 200 mg 20 Comprimidos,Triofeno Ibuprofeno 200 mg 20 Comprimidos,null,triofeno,200mg,20,20,null,solid-oral,null,triofeno|200mg|20,triofeno|200mg|20|bio:unknown|brand:unknown|form:solid-oral,13090,store,true,https://www.cruzverde.cl/triofeno-ibuprofeno-200-mg-20-comprimidos/263945.html
ibuprofeno,cruz-verde,Pironal Flu Forte Ibuprofeno 400 mg 12 Comprimidos Recubiertos,Pironal Flu Forte Ibuprofeno 400 mg 12 Comprimidos Recubiertos,null,pironal,400mg,12,12,flu,solid-oral,null,pironal|400mg|12,pironal|400mg|12|bio:unknown|brand:unknown|var:flu|form:solid-oral,15290,store,true,https://www.cruzverde.cl/pironal-flu-forte-ibuprofeno-400-mg-12-comprimidos-recubiertos/257146.html
ibuprofeno,cruz-verde,Pironal Flu Forte Ibuprofeno 200 mg Suspensión 100 mL,Pironal Flu Forte Ibuprofeno 200 mg Suspensión 100 mL,null,pironal,200mg,null,null,flu,fluid-oral,null,pironal|100ml,pironal|100ml|bio:unknown|brand:unknown|var:flu|form:fluid-oral,17390,store,true,https://www.cruzverde.cl/pironal-flu-forte-ibuprofeno-200-mg-suspension-100-ml/257148.html
ibuprofeno,cruz-verde,Pironal Forte Ibuprofeno 200 mg/5mL Suspensión 100 mL,Pironal Forte Ibuprofeno 200 mg/5mL Suspensión 100 mL,null,pironal,200mg,null,null,forte,fluid-oral,null,pironal|100ml,pironal|100ml|bio:unknown|brand:unknown|var:forte|form:fluid-oral,19290,store,true,https://www.cruzverde.cl/pironal-forte-ibuprofeno-200-mg-5ml-suspension-100-ml/9185.html
ketoprofeno,araucomed,Ketoprofeno solución inyectable 100mg/2ml x 1 ampolla (Biosano),Ketoprofeno solución inyectable 100mg/2ml x 1 ampolla (Biosano),Biosano,ketoprofeno,100mg,1,1,null,injectable,null,ketoprofeno|2ml,ketoprofeno|2ml|bio:unknown|brand:biosano|form:injectable,550,store,false,https://farmacia.araucomed.com/analgesicos-y-antinflamatorios/ketoprofeno-iny100mg-2ml-biosano
ketoprofeno,ecofarmacias,Ketoprofeno 50 mg x 20 (LCH) DESCUENTO caja arrugada,Ketoprofeno 50 mg x 20 (LCH) DESCUENTO caja arrugada,null,ketoprofeno,50mg,20,20,null,null,null,ketoprofeno|50mg|20,ketoprofeno|50mg|20|bio:true|brand:unknown,600,store,false,https://www.ecofarmacias.cl/producto/ketoprofeno-50-mg-x-20-lch-descuento-caja-arrugada/
ketoprofeno,araucomed,Ketoprofeno Liofilizado para Inyectable 100mg Frasco Ampolla (Eurofarma),Ketoprofeno Liofilizado para Inyectable 100mg Frasco Ampolla (Eurofarma),Eurofarma,ketoprofeno,100mg,1,1,liofilizado,injectable,null,ketoprofeno|100mg,ketoprofeno|100mg|bio:unknown|brand:eurofarma|var:liofilizado|form:injectable,800,store,false,https://farmacia.araucomed.com/analgesicos-y-antinflamatorios/ketoprofeno-liofilizado-para-inyectable-100mg-frasco-ampolla-eurofarma
ketoprofeno,araucomed,Ketoprofeno Intravenoso 100mg/2ml Ampolla Vidrio (Fresenius),Ketoprofeno Intravenoso 100mg/2ml Ampolla Vidrio (Fresenius),Fresenius Kabi,ketoprofeno,100mg,1,1,intravenoso,injectable,null,ketoprofeno|2ml,ketoprofeno|2ml|bio:unknown|brand:freseniuskabi|var:intravenoso|form:injectable,800,store,false,https://farmacia.araucomed.com/bioequivalentes/ketoprofeno-100mg-2ml-flex-fresenius
ketoprofeno,ecofarmacias,Ketoprofeno 50 mg x 20 cápsulas,Ketoprofeno 50mg 20  Cápsulas,null,ketoprofeno,50mg,20,20,null,solid-oral,null,ketoprofeno|50mg|20,ketoprofeno|50mg|20|bio:true|brand:unknown|form:solid-oral,1240,store,false,https://www.ecofarmacias.cl/producto/ketoprofeno-50-mg-x-20-capsulas/
ketoprofeno,sermecoop,Ketoprofeno 50mg 20  Cápsulas,Ketoprofeno 50mg 20  Cápsulas,null,ketoprofeno,50mg,20,20,null,solid-oral,null,ketoprofeno|50mg|20,ketoprofeno|50mg|20|bio:true|brand:unknown|form:solid-oral,1690,store,true,https://www.farmaciasermecoop.cl/index.php/online/detalleproducto?p_=14545&d_=1
ketoprofeno,ahumada,Ketoprofeno 50 mg x 20 Cápsulas MINTLAB CO SA,Ketoprofeno 50mg 20  Cápsulas,null,ketoprofeno,50mg,20,20,null,solid-oral,null,ketoprofeno|50mg|20,ketoprofeno|50mg|20|bio:true|brand:unknown|form:solid-oral,2834,store,true,https://www.farmaciasahumada.cl/ketoprofeno-50-mg-x-20-capsulas-mintlab-co-sa-86456.html
ketoprofeno,farmex,Ketoprofeno 200 mg x 10 comprimidos.,Ketoprofeno 200 mg x 10 comprimidos.,null,ketoprofeno,200mg,10,10,null,solid-oral,null,ketoprofeno|200mg|10,ketoprofeno|200mg|10|bio:unknown|brand:unknown|form:solid-oral,1251,store,true,https://farmex.cl/products/ketoprofeno-200-mg-x-10-comprimidos?_pos=8&_psq=ketoprofeno&_psid=f182ed720&_ss=e
ketoprofeno,cruz-verde,Ketoprofeno 200 mg 10 Comprimidos de Liberación Proolongada,Ketoprofeno 200 mg x 10 comprimidos.,null,ketoprofeno,200mg,10,10,null,solid-oral,null,ketoprofeno|200mg|10,ketoprofeno|200mg|10|bio:unknown|brand:unknown|form:solid-oral,4190,store,true,https://www.cruzverde.cl/ketoprofeno-200-mg-10-comprimidos-de-liberacion-proolongada/199354.html
ketoprofeno,araucomed,Ketoprofeno 50 mg x 20 cápsulas. (Mintlab),Ketoprofeno 50 mg x 20 cápsulas. (Mintlab),Mintlab,ketoprofeno,50mg,20,20,null,solid-oral,null,ketoprofeno|50mg|20,ketoprofeno|50mg|20|bio:unknown|brand:mintlab|form:solid-oral,1290,store,true,https://farmacia.araucomed.com/analgesicos-y-antinflamatorios/ketoprofeno-50mg-x20cap-mintlab
ketoprofeno,farmex,Ketoprofeno 50 mg x 20 cápsulas,Ketoprofeno 50 mg x 20 cápsulas,Chile,ketoprofeno,50mg,20,20,null,solid-oral,null,ketoprofeno|50mg|20,ketoprofeno|50mg|20|bio:unknown|brand:chile|form:solid-oral,1390,store,true,https://farmex.cl/products/ketoprofeno-50-mg-x-20-capsulas?_pos=3&_psq=ketoprofeno&_psid=f182ed720&_ss=e
ketoprofeno,araucomed,Ketoprofeno 50mg x20cap Chile (Cenabast),Ketoprofeno 50 mg x 20 cápsulas,Chile,ketoprofeno,50mg,20,20,null,solid-oral,null,ketoprofeno|50mg|20,ketoprofeno|50mg|20|bio:unknown|brand:chile|form:solid-oral,1490,store,false,https://farmacia.araucomed.com/analgesicos-y-antinflamatorios/ketoprofeno-50mg-x20cap-chile-cenabast
ketoprofeno,farmex,Ketoprofeno 200 mg x 10 comprimidos,Ketoprofeno 200 mg x 10 comprimidos,MINTLAB,ketoprofeno,200mg,10,10,null,solid-oral,null,ketoprofeno|200mg|10,ketoprofeno|200mg|10|bio:unknown|brand:mintlab|form:solid-oral,1390,store,true,https://farmex.cl/products/ketoprofeno-tabletas-ketoprofeno?_pos=2&_psq=ketoprofeno&_psid=f182ed720&_ss=e
ketoprofeno,araucomed,Ketoprofeno T.U. 200 mg x 10 comprimidos. (Mintlab),Ketoprofeno T.U. 200 mg x 10 comprimidos. (Mintlab),Mintlab,ketoprofeno,200mg,10,10,t,solid-oral,null,ketoprofeno|200mg|10,ketoprofeno|200mg|10|bio:unknown|brand:mintlab|var:t|form:solid-oral,1490,store,true,https://farmacia.araucomed.com/analgesicos-y-antinflamatorios/ketoprofeno-200mg-x10com-mintlab
ketoprofeno,araucomed,Ketoprofeno Iny.100mg/2ml x5amp. Biosano (Cenabast),Ketoprofeno 100 mg / 2 mL x 5 ampollas,BIOSANO,ketoprofeno,100mg,null,null,null,injectable,null,ketoprofeno|2ml|5,ketoprofeno|2ml|5|bio:unknown|brand:biosano|form:injectable,1490,store,false,https://farmacia.araucomed.com/analgesicos-y-antinflamatorios/ketoprofeno-iny100mg-2ml-x5amp-biosano-cenabast
ketoprofeno,farmex,Ketoprofeno 100 mg / 2 mL x 5 ampollas,Ketoprofeno 100 mg / 2 mL x 5 ampollas,BIOSANO,ketoprofeno,100mg,5,5,null,injectable,null,ketoprofeno|2ml|5,ketoprofeno|2ml|5|bio:unknown|brand:biosano|form:injectable,6490,store,true,https://farmex.cl/products/ketoprofeno-amp-ketoprofeno?_pos=4&_psq=ketoprofeno&_psid=f182ed720&_ss=e
ketoprofeno,ecofarmacias,Ketoprofeno TU 200 mg x 10 Comprimidos de liberación prolongada (Mintlab),Ketoprofeno TU 200 mg x 10 Comprimidos de liberación prolongada (Mintlab),null,ketoprofeno,200mg,10,10,tu,solid-oral,null,ketoprofeno|200mg|10,ketoprofeno|200mg|10|bio:unknown|brand:unknown|var:tu|form:solid-oral,1680,store,true,https://www.ecofarmacias.cl/producto/ketoprofeno-200mg-x-10/
ketoprofeno,dr-simi,Ketoprofeno 50 mg 20 cápsulas,Ketoprofeno 50 mg 20 cápsulas,MILAB,ketoprofeno,50mg,20,20,null,solid-oral,null,ketoprofeno|50mg|20,ketoprofeno|50mg|20|bio:true|brand:milab|form:solid-oral,1800,store,true,https://www.drsimi.cl/ketoprofeno-50-mg-20-capsulas/p
ketoprofeno,easyfarma,Ketoprofeno T.U. 200 mg. 10...,Ketoprofeno T.U. 200 mg. 10...,null,ketoprofeno,200mg,null,null,t,null,null,ketoprofeno|200mg,ketoprofeno|200mg|bio:unknown|brand:unknown|var:t,1890,store,true,https://nuevo.easyfarma.cl/26049-ketoprofeno-t-u-200mg-x-10.html
ketoprofeno,farmex,Ketoprofeno 50 mg x 20 capulas,Ketoprofeno 50 mg x 20 capulas,MINTLAB,ketoprofeno,50mg,20,20,null,null,null,ketoprofeno|50mg|20,ketoprofeno|50mg|20|bio:unknown|brand:mintlab,1990,store,true,https://farmex.cl/products/ketoprofeno-50-mg-x-20-cap-mintlab?_pos=1&_psq=ketoprofeno&_psid=f182ed720&_ss=e
ketoprofeno,easyfarma,Ketoprofeno 50 mg 20 caps,Ketoprofeno 50 mg 20 caps,null,ketoprofeno,50mg,20,20,null,solid-oral,null,ketoprofeno|50mg,ketoprofeno|50mg|bio:unknown|brand:unknown|form:solid-oral,1990,store,true,https://nuevo.easyfarma.cl/102223-ketoprofeno-50-mg-20-caps.html
ketoprofeno,araucomed,"Ketoprofeno Gel 2,5% x 60 gramos. (Hospifarma)","Ketoprofeno Gel 2,5% x 60 gramos. (Hospifarma)",Ascend,ketoprofeno,null,null,null,null,topical,null,ketoprofeno|60,ketoprofeno|60|bio:unknown|brand:ascend|form:topical,2200,store,false,https://farmacia.araucomed.com/analgesicos-y-antinflamatorios/ketoprofeno-gel-25-x60g-hospifarma
ketoprofeno,araucomed,Dolostat 100mg x20com.,Dolostat 100mg x20com.,Eurofarma,dolostat,100mg,20,20,null,solid-oral,null,dolostat|100mg|20,dolostat|100mg|20|bio:unknown|brand:eurofarma|form:solid-oral,2290,store,false,https://farmacia.araucomed.com/analgesicos-y-antinflamatorios/dolostat-100mg-x20com
ketoprofeno,dr-simi,Ketoprofeno T.U. 200 mg 10 comprimidos con recubrimiento entérico de liberación prolongada,Ketoprofeno T.U. 200 mg 10 comprimidos con recubrimiento entérico de liberación prolongada,MILAB,ketoprofeno,200mg,10,10,t,solid-oral,null,ketoprofeno|200mg|10,ketoprofeno|200mg|10|bio:true|brand:milab|var:t|form:solid-oral,2400,store,true,https://www.drsimi.cl/ketoprofeno-t-u-200-mg-10-comprimidos-con-recubrimiento-enterico-de-liberacion-prolongada/p
ketoprofeno,araucomed,Relatene 100 mg x 20 comprimidos.,Relatene 100 mg x 20 comprimidos.,Mintlab,relatene,100mg,20,20,null,solid-oral,null,relatene|100mg|20,relatene|100mg|20|bio:unknown|brand:mintlab|form:solid-oral,2490,store,true,https://farmacia.araucomed.com/analgesicos-y-antinflamatorios/relatene-100mg-x20com
ketoprofeno,ecofarmacias,"Ketoprofeno Gel Topico 2,5% 60g (Ascend)","Ketoprofeno Gel Topico 2,5% 60g (Ascend)",null,ketoprofeno,60000mg,null,null,null,topical,null,ketoprofeno|60000mg,ketoprofeno|60000mg|bio:unknown|brand:unknown|form:topical,2590,store,false,https://www.ecofarmacias.cl/producto/ketoprofeno-gel-topico-25-60g/
ketoprofeno,cruz-verde,Ketoprofeno 50 mg 20 Cápsulas,Ketoprofeno 50 mg 20 Cápsulas,null,ketoprofeno,50mg,20,20,null,solid-oral,null,ketoprofeno|50mg|20,ketoprofeno|50mg|20|bio:unknown|brand:unknown|form:solid-oral,3140,store,true,https://www.cruzverde.cl/ketoprofeno-50-mg-20-capsulas/268664.html
ketoprofeno,araucomed,Relatene 100mg x10com,Relatene 100mg x10com,Mintlab,relatene,100mg,10,10,null,solid-oral,null,relatene|100mg|10,relatene|100mg|10|bio:unknown|brand:mintlab|form:solid-oral,3290,store,false,https://farmacia.araucomed.com/analgesicos-y-antinflamatorios/relatene-100mg-x10com
ketoprofeno,dr-simi,"Ketoprofeno 2,5 % gel tópico 60 g","Ketoprofeno 2,5 % gel tópico 60 g",ASCEND,ketoprofeno,60000mg,null,null,null,topical,null,ketoprofeno|60000mg,ketoprofeno|60000mg|bio:false|brand:ascend|form:topical,3600,store,true,https://www.drsimi.cl/ketoprofeno-ca0268/p
ketoprofeno,ahumada,Ketoprofeno 200 mg x 10 Comprimidos con Recubrimiento Entérico de Liberación Prolongada MINTLAB CO SA,Ketoprofeno 200 mg x 10 Comprimidos con Recubrimiento Entérico de Liberación Prolongada MINTLAB CO SA,null,ketoprofeno,200mg,10,10,null,solid-oral,null,ketoprofeno|200mg|10,ketoprofeno|200mg|10|bio:true|brand:unknown|form:solid-oral,3770,store,true,https://www.farmaciasahumada.cl/ketoprofeno-200-mg-x-10-comprimidos-con-recubrimiento-enterico-de-liberacion-prolongada-mintlab-co-sa-86628.html
ketoprofeno,easyfarma,Relatene 50 mg x 20 cápsulas,Relatene 50 mg x 20 cápsulas,null,relatene,50mg,20,20,null,solid-oral,null,relatene|50mg|20,relatene|50mg|20|bio:unknown|brand:unknown|form:solid-oral,3990,store,true,https://nuevo.easyfarma.cl/102773-relatene-50-mg-x-20-capsulas.html
ketoprofeno,cruz-verde,Relatene Ketoprofeno 50 mg 20 Cápsulas,Relatene 50 mg x 20 cápsulas,null,relatene,50mg,20,20,null,solid-oral,null,relatene|50mg|20,relatene|50mg|20|bio:unknown|brand:unknown|form:solid-oral,8140,store,true,https://www.cruzverde.cl/relatene-ketoprofeno-50-mg-20-capsulas/193028.html
ketoprofeno,easyfarma,Relatene 100 mg 20 comp,Relatene 100 mg 20 comp,null,relatene,100mg,20,20,null,solid-oral,null,relatene|100mg|20,relatene|100mg|20|bio:unknown|brand:unknown|form:solid-oral,3990,store,true,https://nuevo.easyfarma.cl/101977-relatene-100-mg-20-comp.html
ketoprofeno,cruz-verde,Relatene Ketoprofeno 100 mg 20 Comprimidos Recubiertos,Relatene 100 mg 20 comp,null,relatene,100mg,20,20,null,solid-oral,null,relatene|100mg|20,relatene|100mg|20|bio:unknown|brand:unknown|form:solid-oral,9390,store,true,https://www.cruzverde.cl/relatene-ketoprofeno-100-mg-20-comprimidos-recubiertos/254475.html
ketoprofeno,easyfarma,Ketoprofeno Gel 2.5% 60 Gr...,Ketoprofeno Gel 2.5% 60 Gr...,null,ketoprofeno,null,null,null,null,topical,null,ketoprofeno,ketoprofeno|bio:unknown|brand:ascend|form:topical,3990,store,true,https://nuevo.easyfarma.cl/104155-ketoprofeno-gel-25-60-gr-ascend.html
ketoprofeno,ecofarmacias,Relatene Ketoprofeno 100 mg x 20 Com. Recubiertos,Relatene Ketoprofeno 100 mg x 20 Com. Recubiertos,null,relatene,100mg,20,20,null,null,null,relatene|100mg|20,relatene|100mg|20|bio:true|brand:unknown,4980,store,true,https://www.ecofarmacias.cl/producto/relatene-ketoprofeno-100-mg-x-20-com-recubiertos/
ketoprofeno,araucomed,Winasorb Jarabe 150mg/5ml x 60 ml.,Winasorb Jarabe 150mg/5ml x 60 ml.,null,winasorb,150mg,null,null,null,fluid-oral,null,winasorb|60ml|60,winasorb|60ml|60|bio:unknown|brand:unknown|form:fluid-oral,4990,store,true,https://farmacia.araucomed.com/analgesicos-y-antinflamatorios/winasorb-jarabe-150mg-5ml-x60ml
ketoprofeno,cruz-verde,Relatene Ketoprofeno 100 mg 10 Comprimidos Recubiertos,Relatene Ketoprofeno 100 mg 10 Comprimidos Recubiertos,null,relatene,100mg,10,10,null,solid-oral,null,relatene|100mg|10,relatene|100mg|10|bio:unknown|brand:unknown|form:solid-oral,5490,store,true,https://www.cruzverde.cl/relatene-ketoprofeno-100-mg-10-comprimidos-recubiertos/254476.html
ketoprofeno,salcobrand,Ketoprofeno (B) 50mg 20 Cápsulas,Ketoprofeno (B) 50mg 20 Cápsulas,Ketoprofeno,ketoprofeno,50mg,20,20,null,solid-oral,null,ketoprofeno|50mg|20,ketoprofeno|50mg|20|bio:unknown|brand:ketoprofeno|form:solid-oral,5631,online,true,https://salcobrand.cl/products/ketoprofeno-b-50mg-20-capsulas?default_sku=437795
ketoprofeno,ecofarmacias,Ketoprofeno 100 mg/2Ml 5 Ampollas (Biosano),Ketoprofeno 100 mg/2Ml 5 Ampollas (Biosano),null,ketoprofeno,100mg,5,5,null,injectable,null,ketoprofeno|2ml|5,ketoprofeno|2ml|5|bio:unknown|brand:unknown|form:injectable,5980,store,false,https://www.ecofarmacias.cl/producto/ketoprofeno-100-mg-2ml-5-ampollas-biosano/
ketoprofeno,ahumada,Ketoprofeno 100 mg/2 ml x 5 Ampollas Solución Inyectable IV BIOSANO,Ketoprofeno 100 mg/2Ml 5 Ampollas (Biosano),null,ketoprofeno,100mg,5,5,null,injectable,null,ketoprofeno|2ml|5,ketoprofeno|2ml|5|bio:unknown|brand:unknown|form:injectable,8999,cmr,true,https://www.farmaciasahumada.cl/ketoprofeno-100-mg-2-ml-x-5-ampollas-solucion-inyectable-iv-biosano-74656.html
ketoprofeno,salcobrand,Ketoprofeno Gel 60g,Ketoprofeno Gel 60g,Ketoprofeno,ketoprofeno,60000mg,null,null,null,topical,null,ketoprofeno|60000mg,ketoprofeno|60000mg|bio:unknown|brand:ketoprofeno|form:topical,6511,online,true,https://salcobrand.cl/products/ascend-ketoprofeno-gel-60g?default_sku=577213
ketoprofeno,salcobrand,Ketoprofeno 200mg 10 Comprimidos Prolongados,Ketoprofeno 200mg 10 Comprimidos Prolongados,Ketoprofeno,ketoprofeno,200mg,10,10,null,solid-oral,null,ketoprofeno|200mg|10,ketoprofeno|200mg|10|bio:unknown|brand:ketoprofeno|form:solid-oral,6863,online,true,https://salcobrand.cl/products/ketoprofeno-200mg-10-comprimidos-prolongados?default_sku=2631144
ketoprofeno,araucomed,Naxpet Perro y gato 10 mg x 10 comprimidos.,Naxpet Perro y gato 10 mg x 10 comprimidos.,Drag Pharma,naxpet,10mg,10,10,perro,solid-oral,null,naxpet|10mg|10,naxpet|10mg|10|bio:unknown|brand:dragpharma|var:perro|form:solid-oral,6990,store,true,https://farmacia.araucomed.com/veterinarios/naxpet-perro-y-gato-10mg-x10com
ketoprofeno,araucomed,"Naxpet Perro y gato suspension oral 0,4% x20ml","Naxpet Perro y gato suspension oral 0,4% x20ml",Drag Pharma,naxpet,20ml,null,null,perro,fluid-oral,null,naxpet|20ml|20,naxpet|20ml|20|bio:unknown|brand:dragpharma|var:perro|form:fluid-oral,6990,store,true,https://farmacia.araucomed.com/veterinarios/naxpet-perro-y-gato-suspension-oral-04-x20ml
ketoprofeno,salcobrand,Naxpet Ketoprofeno Perros y Gatos 10mg Comprimidos,Naxpet Ketoprofeno Perros y Gatos 10mg Comprimidos,Naxpet,naxpet,10mg,null,null,perros,solid-oral,null,naxpet|10mg,naxpet|10mg|bio:unknown|brand:naxpet|var:perros|form:solid-oral,7629,sbpay,true,https://salcobrand.cl/products/naxpet-analgesico-en-comprimidos-10mg-para-perros-y-gatos?default_sku=8450241
ketoprofeno,salcobrand,Naxpet Ketoprofeno Perros y Gatos 0.4mg/ml Solución Oral 20ml,Naxpet Ketoprofeno Perros y Gatos 0.4mg/ml Solución Oral 20ml,Naxpet,naxpet,0.4mg,null,null,perros,fluid-oral,null,naxpet|20ml,naxpet|20ml|bio:unknown|brand:naxpet|var:perros|form:fluid-oral,7919,online,true,https://salcobrand.cl/products/naxpet-analgesico-al-0-4-para-perros-y-gatos?default_sku=8450159
ketoprofeno,easyfarma,Ketoprofeno 100 mg/2mL 5...,Ketoprofeno 100 mg/2mL 5...,null,ketoprofeno,100mg,null,null,null,null,null,ketoprofeno|2ml,ketoprofeno|2ml|bio:unknown|brand:unknown,7990,store,true,https://nuevo.easyfarma.cl/102807-ketoprofeno-100-mg-2ml-5-ampollas.html
ketoprofeno,ahumada,Vet. Naxpet 0.4 % x 20 ml Suspensión Oral para Perros y Gatos,Vet. Naxpet 0.4 % x 20 ml Suspensión Oral para Perros y Gatos,null,vet,20ml,null,null,naxpet,fluid-oral,null,vet|20ml|20,vet|20ml|20|bio:unknown|brand:unknown|var:naxpet|form:fluid-oral,8329,store,true,https://www.farmaciasahumada.cl/vet.-naxpet-0.4-x-20-ml-suspension-oral-para-perros-y-gatos-84911.html
ketoprofeno,cruz-verde,"Naxpet Ketoprofeno 0,4% Suspensión Oral 20 mL","Naxpet Ketoprofeno 0,4% Suspensión Oral 20 mL",null,naxpet,20ml,null,null,null,fluid-oral,null,naxpet|20ml,naxpet|20ml|bio:unknown|brand:unknown|form:fluid-oral,8490,store,true,https://www.cruzverde.cl/naxpet-ketoprofeno-0-4-suspension-oral-20-ml/152360.html
ketoprofeno,dr-simi,Ketoprofeno 100 mg/2 mL 5 ampollas solución inyectable,Ketoprofeno 100 mg/2 mL 5 ampollas solución inyectable,BIOSANO,ketoprofeno,100mg,5,5,null,injectable,null,ketoprofeno|2ml|5,ketoprofeno|2ml|5|bio:false|brand:biosano|form:injectable,8600,store,true,https://www.drsimi.cl/ketoprofeno-100-mg-2ml-i-v-inyectale-5-ampolla/p
ketoprofeno,araucomed,Talflex BI 150mg x 14 comprimidos de liberación sostenida,Talflex BI 150mg x 14 comprimidos de liberación sostenida,Bagó,talflex,150mg,14,14,bi,solid-oral,null,talflex|150mg|14,talflex|150mg|14|bio:unknown|brand:bago|var:bi|form:solid-oral,9490,store,false,https://farmacia.araucomed.com/analgesicos-y-antinflamatorios/talflex-bi-15mg-x-14-comprimidos-de-liberacion-sos
ketoprofeno,ahumada,Naxpet 10 mg x 10 Comprimidos,Naxpet 10 mg x 10 Comprimidos,null,naxpet,10mg,10,10,null,solid-oral,null,naxpet|10mg|10,naxpet|10mg|10|bio:unknown|brand:unknown|form:solid-oral,9699,store,true,https://www.farmaciasahumada.cl/naxpet-10-mg-x-10-comprimidos-20043.html
ketoprofeno,cruz-verde,Naxpet Ketoprofeno 10 mg 10 Comprimidos,Naxpet 10 mg x 10 Comprimidos,null,naxpet,10mg,10,10,null,solid-oral,null,naxpet|10mg|10,naxpet|10mg|10|bio:unknown|brand:unknown|form:solid-oral,9890,store,true,https://www.cruzverde.cl/naxpet-ketoprofeno-10-mg-10-comprimidos/152172.html
ketoprofeno,araucomed,Naxpet Raza grande 30 mg x 10 comprimidos.,Naxpet Raza grande 30 mg x 10 comprimidos.,Naxpet,naxpet,30mg,10,10,raza,solid-oral,null,naxpet|30mg|10,naxpet|30mg|10|bio:unknown|brand:naxpet|var:raza|form:solid-oral,9990,store,true,https://farmacia.araucomed.com/veterinarios/naxpet-raza-grande-30mg-x10com
ketoprofeno,easyfarma,Dolostat Bi 150 mg 10...,Dolostat Bi 150 mg 10...,null,dolostat,150mg,null,null,bi,null,null,dolostat|150mg,dolostat|150mg|bio:unknown|brand:unknown|var:bi,9990,store,true,https://nuevo.easyfarma.cl/101750-dolostat-bi-150-mg-10-comprimidos.html
ketoprofeno,araucomed,Profenid-bi 150 mg x 10 comprimidos.,Profenid-bi 150 mg x 10 comprimidos.,Sanofi,profenidbi,150mg,10,10,null,solid-oral,null,profenidbi|150mg|10,profenidbi|150mg|10|bio:unknown|brand:sanofi|form:solid-oral,10490,store,false,https://farmacia.araucomed.com/analgesicos-y-antinflamatorios/profenid-bi-150mg-x10comlp
ketoprofeno,dr-simi,Dolostat BI ketoprofeno 150 mg 10 comprimidos de liberación prolongada,Dolostat BI ketoprofeno 150 mg 10 comprimidos de liberación prolongada,EUROFARMA,dolostat,150mg,10,10,bi,solid-oral,null,dolostat|150mg|10,dolostat|150mg|10|bio:true|brand:eurofarma|var:bi|form:solid-oral,10960,store,true,https://www.drsimi.cl/ketoprofeno-150mg-10comp-lp-be0256-1/p
ketoprofeno,easyfarma,Talflex Bi 150 mg 14 comp,Talflex Bi 150 mg 14 comp,null,talflex,150mg,14,14,bi,solid-oral,null,talflex|150mg|14,talflex|150mg|14|bio:unknown|brand:unknown|var:bi|form:solid-oral,10990,store,true,https://nuevo.easyfarma.cl/29326-talflex-bi-150mg-14-comp.html
ketoprofeno,ahumada,Talflex BI 150 mg x 14 Comprimidos de Liberación Sostenida,Talflex Bi 150 mg 14 comp,null,talflex,150mg,14,14,bi,solid-oral,null,talflex|150mg|14,talflex|150mg|14|bio:unknown|brand:unknown|var:bi|form:solid-oral,13184,cmr,true,https://www.farmaciasahumada.cl/talflex-bi-150-mg-x-14-comprimidos-de-liberacion-sostenida-85417.html
ketoprofeno,cruz-verde,Talflex Bi Ketoprofeno 150 mg 14 Comprimidos de Liberación Sostenida,Talflex Bi 150 mg 14 comp,null,talflex,150mg,14,14,bi,solid-oral,null,talflex|150mg|14,talflex|150mg|14|bio:unknown|brand:unknown|var:bi|form:solid-oral,17090,store,true,https://www.cruzverde.cl/talflex-bi-ketoprofeno-150-mg-14-comprimidos-de-liberacion-sostenida/276297.html
ketoprofeno,cruz-verde,Ketoprofeno 100 mg 5 Ampollas,Ketoprofeno 100 mg 5 Ampollas,null,ketoprofeno,100mg,5,5,null,injectable,null,ketoprofeno|100mg|5,ketoprofeno|100mg|5|bio:unknown|brand:unknown|form:injectable,11590,store,true,https://www.cruzverde.cl/ketoprofeno-100-mg-5-ampollas/287506.html
ketoprofeno,salcobrand,Naxpet Ketoprofeno Perros y Gatos 30mg Comprimidos,Naxpet Ketoprofeno Perros y Gatos 30mg Comprimidos,Drag Pharma,naxpet,30mg,null,null,perros,solid-oral,null,naxpet|30mg,naxpet|30mg|bio:unknown|brand:dragpharma|var:perros|form:solid-oral,12583,online,true,https://salcobrand.cl/products/naxpet-30mg-10-comprimidos?default_sku=8450337
ketoprofeno,salcobrand,Ketoprofeno 100mg/2ml Inyectable 5 Ampollas,Ketoprofeno 100mg/2ml Inyectable 5 Ampollas,Ketoprofeno,ketoprofeno,100mg,5,5,null,injectable,null,ketoprofeno|2ml|5,ketoprofeno|2ml|5|bio:unknown|brand:ketoprofeno|form:injectable,12935,online,true,https://salcobrand.cl/products/ketoprofeno-100mg-2ml-inyectable-5-ampollas?default_sku=300115
ketoprofeno,ahumada,Vet. Naxpet 30 mg Raza Grande Perros 10 Comp.,Vet. Naxpet 30 mg Raza Grande Perros 10 Comp.,null,vet,30mg,10,10,naxpet,solid-oral,null,vet|30mg|10,vet|30mg|10|bio:unknown|brand:unknown|var:naxpet|form:solid-oral,12939,store,true,https://www.farmaciasahumada.cl/vet.-naxpet-30-mg-raza-grande-perros-10-comp.-38379.html
ketoprofeno,ahumada,Dolostat BI 150 mg x 10 Comprimidos Liberación Prolongada,Dolostat BI 150 mg x 10 Comprimidos Liberación Prolongada,null,dolostat,150mg,10,10,bi,solid-oral,null,dolostat|150mg|10,dolostat|150mg|10|bio:true|brand:unknown|var:bi|form:solid-oral,13072,cmr,true,https://www.farmaciasahumada.cl/dolostat-bi-150-mg-x-10-comprimidos-liberacion-prolongada-88627.html
ketoprofeno,cruz-verde,Naxpet Perros Raza Grande Mas De 30kg Ketoprofeno 30 mg 10 Comprimidos,Naxpet Perros Raza Grande Mas De 30kg Ketoprofeno 30 mg 10 Comprimidos,null,naxpet,30mg,10,10,perros,solid-oral,null,naxpet|30mg|10,naxpet|30mg|10|bio:unknown|brand:unknown|var:perros|form:solid-oral,13190,store,true,https://www.cruzverde.cl/naxpet-perros-raza-grande-mas-de-30kg-ketoprofeno-30-mg-10-comprimidos/152229.html
ketoprofeno,cruz-verde,Dolostat BI Ketoprofeno 150 mg 10 Comprimidos de Liberacion Prolongada,Dolostat BI Ketoprofeno 150 mg 10 Comprimidos de Liberacion Prolongada,null,dolostat,150mg,10,10,bi,solid-oral,null,dolostat|150mg|10,dolostat|150mg|10|bio:unknown|brand:unknown|var:bi|form:solid-oral,13991,store,true,https://www.cruzverde.cl/dolostat-bi-ketoprofeno-150-mg-10-comprimidos-de-liberacion-prolongada/384053.html
ketoprofeno,salcobrand,Dolostat BI Ketoprofeno 150mg 10 Comprimidos Prolongadados,Dolostat BI Ketoprofeno 150mg 10 Comprimidos Prolongadados,Dolostat,dolostat,150mg,10,10,bi,solid-oral,null,dolostat|150mg|10,dolostat|150mg|10|bio:unknown|brand:dolostat|var:bi|form:solid-oral,14607,online,true,https://salcobrand.cl/products/dolostat-bi-150-mg-x10-comprimidos-liberacion-prolongada?default_sku=576748
ketoprofeno,salcobrand,Talflex Bi Ketoprofeno 150mg 14 Comprimidos,Talflex Bi Ketoprofeno 150mg 14 Comprimidos,Talflex,talflex,150mg,14,14,bi,solid-oral,null,talflex|150mg|14,talflex|150mg|14|bio:unknown|brand:talflex|var:bi|form:solid-oral,15047,online,true,https://salcobrand.cl/products/ketoprofeno-150mg-oral-solido?default_sku=2590359
ketoprofeno,ahumada,Profenid Bi 150 mg x 10 Comprimidos de Liberación Prolongada,Profenid Bi 150 mg x 10 Comprimidos de Liberación Prolongada,null,profenid,150mg,10,10,bi,solid-oral,null,profenid|150mg|10,profenid|150mg|10|bio:unknown|brand:unknown|var:bi|form:solid-oral,16304,cmr,true,https://www.farmaciasahumada.cl/profenid-bi-150-mg-x-10-comprimidos-de-liberacion-prolongada-49681.html
ketoprofeno,salcobrand,Profenid Bi Ketoprofeno 150mg 10 Comprimidos Prolongados,Profenid Bi Ketoprofeno 150mg 10 Comprimidos Prolongados,Profenid Bi,profenid,150mg,10,10,bi,solid-oral,null,profenid|150mg|10,profenid|150mg|10|bio:unknown|brand:profenidbi|var:bi|form:solid-oral,19359,online,true,https://salcobrand.cl/products/profenid-bi-ketoprofeno-150mg-10-comprimidos-prolongados?default_sku=3261223
ketoprofeno,cruz-verde,Profenid-Bi Ketoprofeno 150 mg 10 Comprimidos Liberacion Prolongada,Profenid-Bi Ketoprofeno 150 mg 10 Comprimidos Liberacion Prolongada,null,profenidbi,150mg,10,10,null,solid-oral,null,profenidbi|150mg|10,profenidbi|150mg|10|bio:unknown|brand:unknown|form:solid-oral,21740,store,true,https://www.cruzverde.cl/profenid-bi-ketoprofeno-150-mg-10-comprimidos-liberacion-prolongada/254531.html
kitadol,ecofarmacias,"Kitadol, paracetamol, 500Mg X 24 comp.(LCh) DESCUENTO caja arrugada",Kitadol 500 mg x 24 comprimidos.,null,kitadol,500mg,24,24,null,solid-oral,null,kitadol|500mg|24,kitadol|500mg|24|bio:unknown|brand:unknown|form:solid-oral,650,store,false,https://www.ecofarmacias.cl/producto/kitadol-500mg-x-24-comprimidos-lch-descuento-caja-arrugada/
kitadol,farmex,Kitadol 500 mg x 24 comprimidos.,Kitadol 500 mg x 24 comprimidos.,null,kitadol,500mg,24,24,null,solid-oral,null,kitadol|500mg|24,kitadol|500mg|24|bio:unknown|brand:unknown|form:solid-oral,922,store,true,https://farmex.cl/products/kitadol-500-mg-x-24-comprimidos-13?_pos=10&_psq=kitadol&_psid=3f394487e&_ss=e
kitadol,araucomed,Kitadol 500 mg x 24 comprimidos.,Kitadol 500 mg x 24 comprimidos,LABORATORIO CHILE,kitadol,500mg,24,24,null,solid-oral,null,kitadol|500mg|24,kitadol|500mg|24|bio:unknown|brand:chile|form:solid-oral,750,store,true,https://farmacia.araucomed.com/analgesicos-y-antinflamatorios/kitadol-500mg-x24com
kitadol,farmex,Kitadol 500 mg x 24 comprimidos,Kitadol 500 mg x 24 comprimidos,LABORATORIO CHILE,kitadol,500mg,24,24,null,solid-oral,null,kitadol|500mg|24,kitadol|500mg|24|bio:unknown|brand:chile|form:solid-oral,990,store,true,https://farmex.cl/products/kitadol-comprimidos-bioequivalente-paracetamol?_pos=1&_psq=kitadol&_psid=3f394487e&_ss=e
kitadol,salcobrand,Kitadol (B) Paracetamol 500mg 24 Comprimidos,Kitadol (B) Paracetamol 500mg 24 Comprimidos,Kitadol,kitadol,500mg,24,24,null,solid-oral,null,kitadol|500mg|24,kitadol|500mg|24|bio:unknown|brand:kitadol|form:solid-oral,1004,online,true,https://salcobrand.cl/products/kitadol-b-paracetamol-500mg-24-comprimidos?default_sku=430924
kitadol,ahumada,Kitadol 500 mg x 24 Comprimidos,Kitadol 500 mg x 24 Comprimidos,null,kitadol,500mg,24,24,null,solid-oral,null,kitadol|500mg|24,kitadol|500mg|24|bio:true|brand:unknown|form:solid-oral,1190,store,true,https://www.farmaciasahumada.cl/kitadol-500-mg-x-24-comprimidos-15414.html
kitadol,easyfarma,Kitadol 500 mg x 24,Kitadol 500 mg x 24,null,kitadol,500mg,24,24,null,null,null,kitadol|500mg|24,kitadol|500mg|24|bio:unknown|brand:unknown,1390,store,true,https://nuevo.easyfarma.cl/24662-kitadol-500-mg-x-24.html
kitadol,araucomed,Kitadol Antigripal Dia y Noche x 18 comprimidos.,Kitadol Antigripal día y noche x 18 comprimidos,CHILE,kitadol,null,18,18,antigripal,solid-oral,null,kitadol|n|18,kitadol|n|18|bio:unknown|brand:chile|var:antigripal|form:solid-oral,1990,store,false,https://farmacia.araucomed.com/gripe-y-resfrio/kitadol-antigripal-dia-y-noche-x18com
kitadol,farmex,Kitadol Antigripal día y noche x 18 comprimidos,Kitadol Antigripal día y noche x 18 comprimidos,CHILE,kitadol,null,18,18,antigripal,solid-oral,null,kitadol|n|18,kitadol|n|18|bio:unknown|brand:chile|var:antigripal|form:solid-oral,1990,store,true,https://farmex.cl/products/kitadol-antigripal-dia-y-noche-x-18-comprimidos?_pos=3&_psq=kitadol&_psid=3f394487e&_ss=e
kitadol,ecofarmacias,Kitadol 100 mg/ml gotas 15 ml LCh DESCUENTO,Kitadol 100 mg/ml gotas 15 ml LCh DESCUENTO,null,kitadol,100mg,null,null,null,fluid-oral,null,kitadol|15ml,kitadol|15ml|bio:unknown|brand:unknown|form:fluid-oral,2200,store,false,https://www.ecofarmacias.cl/producto/kitadol-100-mg-ml-gotas-15-ml-lch-descuento/
kitadol,ahumada,Kitadol 160 mg x 16 Comprimidos Masticables,Kitadol Paracetamol 160 mg 16 Comprimidos,null,kitadol,160mg,16,16,null,solid-oral,null,kitadol|160mg|16,kitadol|160mg|16|bio:unknown|brand:unknown|form:solid-oral,2347,cmr,true,https://www.farmaciasahumada.cl/kitadol-160-mg-x-16-comprimidos-masticables-61992.html
kitadol,cruz-verde,Kitadol Paracetamol 160 mg 16 Comprimidos,Kitadol Paracetamol 160 mg 16 Comprimidos,null,kitadol,160mg,16,16,null,solid-oral,null,kitadol|160mg|16,kitadol|160mg|16|bio:unknown|brand:unknown|form:solid-oral,3090,store,true,https://www.cruzverde.cl/kitadol-paracetamol-160-mg-16-comprimidos/252676.html
kitadol,ecofarmacias,Kitadol Infantil 160Mg X 16 comprimidos (LCh),Kitadol Infantil 160Mg X 16 comprimidos (LCh),null,kitadol,160mg,16,16,infantil,solid-oral,null,kitadol|160mg|16,kitadol|160mg|16|bio:unknown|brand:unknown|var:infantil|form:solid-oral,2380,store,true,https://www.ecofarmacias.cl/producto/kitadol-160mg-x-16-infantil/
kitadol,araucomed,Kitadol Infantil 160 mg x 16 comprimidos masticables.,Kitadol Infantil 160 mg x 16 comprimidos masticables,LABORATORIO CHILE,kitadol,160mg,16,16,infantil,solid-oral,null,kitadol|160mg|16,kitadol|160mg|16|bio:unknown|brand:chile|var:infantil|form:solid-oral,2390,store,true,https://farmacia.araucomed.com/analgesicos-y-antinflamatorios/kitadol-ninos-160mg-x16com
kitadol,farmex,Kitadol Infantil 160 mg x 16 comprimidos masticables,Kitadol Infantil 160 mg x 16 comprimidos masticables,LABORATORIO CHILE,kitadol,160mg,16,16,infantil,solid-oral,null,kitadol|160mg|16,kitadol|160mg|16|bio:unknown|brand:chile|var:infantil|form:solid-oral,2590,store,true,https://farmex.cl/products/kitadol-infantil-160-mg-x-16-comprimidos-masticables?_pos=5&_psq=kitadol&_psid=3f394487e&_ss=e
kitadol,ecofarmacias,Kitadol Paracetamol Infantil gotas 100mg 15ml DESCUENTO,Kitadol inf. gts. 15 mL,null,kitadol,100mg,null,null,infantil,fluid-oral,null,kitadol|15ml,kitadol|15ml|bio:unknown|brand:unknown|var:infantil|form:fluid-oral,2400,store,false,https://www.ecofarmacias.cl/producto/kitadol-paracetamol-infantil-gotas-100mg-15ml-descuento/
kitadol,easyfarma,Kitadol inf. gts. 15 mL,Kitadol inf. gts. 15 mL,null,kitadol,15ml,null,null,infantil,fluid-oral,null,kitadol|15ml,kitadol|15ml|bio:unknown|brand:unknown|var:infantil|form:fluid-oral,3990,store,true,https://nuevo.easyfarma.cl/24664-kitadol-inf-gotas-x-15-ml.html
kitadol,cruz-verde,Kitadol Infantil Paracetamol 100 mg Gotas 15 mL,Kitadol inf. gts. 15 mL,null,kitadol,100mg,null,null,infantil,fluid-oral,null,kitadol|15ml,kitadol|15ml|bio:unknown|brand:unknown|var:infantil|form:fluid-oral,4790,store,true,https://www.cruzverde.cl/kitadol-infantil-paracetamol-100-mg-gotas-15-ml/1355.html
kitadol,easyfarma,Kitadol Forte x 10 comp.,Kitadol Forte x 10 comp.,null,kitadol,null,10,10,forte,solid-oral,null,kitadol|10,kitadol|10|bio:unknown|brand:unknown|var:forte|form:solid-oral,2490,store,true,https://nuevo.easyfarma.cl/24663-kitadol-forte-x-10.html
kitadol,ahumada,Kitadol Forte x 10 Comprimidos Recubiertos,Kitadol Forte x 10 comp.,null,kitadol,null,10,10,forte,solid-oral,null,kitadol|10,kitadol|10|bio:unknown|brand:unknown|var:forte|form:solid-oral,3584,cmr,true,https://www.farmaciasahumada.cl/kitadol-forte-x-10-comprimidos-recubiertos-83630.html
kitadol,araucomed,Kitadol Duo x 10 comprimidos,Kitadol Duo x 10 comprimidos,Laboratorio Chile,kitadol,null,10,10,duo,solid-oral,null,kitadol|10,kitadol|10|bio:unknown|brand:chile|var:duo|form:solid-oral,2490,store,true,https://farmacia.araucomed.com/analgesicos-y-antinflamatorios/kitadol-duo-x10com
kitadol,farmex,Kitadol Pediatrico 100 mg / mL Gotas x 15 mL,Kitadol Pediatrico 100 mg / mL Gotas x 15 mL,LABORATORIO CHILE,kitadol,100mg,null,null,infantil,fluid-oral,null,kitadol|15ml|15,kitadol|15ml|15|bio:unknown|brand:chile|var:infantil|form:fluid-oral,2690,store,true,https://farmex.cl/products/kitadol-pediatrico-100mg-ml-gotas-x-15-ml?_pos=4&_psq=kitadol&_psid=3f394487e&_ss=e
kitadol,salcobrand,Kitadol Parcetamol Infantil 16 Comprimidos Masticables,Kitadol Parcetamol Infantil 16 Comprimidos Masticables,Kitadol Infantil,kitadol,null,16,16,parcetamol,solid-oral,null,kitadol|16,kitadol|16|bio:unknown|brand:kitadolinfantil|var:parcetamol|form:solid-oral,2799,online,true,https://salcobrand.cl/products/kitadol-parcetamol-infantil-16-comprimidos-masticables?default_sku=438063
kitadol,ecofarmacias,Kitadol Forte 500 mg/50 mg (paracetamol/cafeína) X 10 comprimidos (LCh),Kitadol Forte 500 mg/50 mg (paracetamol/cafeína) X 10 comprimidos (LCh),null,kitadol,500mg,10,10,null,solid-oral,cafeina,kitadol|500mg|10,kitadol|500mg|10|bio:unknown|brand:unknown|combo:cafeina|form:solid-oral,2980,store,true,https://www.ecofarmacias.cl/producto/kitadol-forte-500mg-x-10/
kitadol,easyfarma,Kitadol Duo 10 Comp....,Kitadol Duo X 10 Comp,null,kitadol,null,10,10,duo,solid-oral,null,kitadol|10,kitadol|10|bio:unknown|brand:unknown|var:duo|form:solid-oral,2990,store,true,https://nuevo.easyfarma.cl/102073-kitadol-duo-10-comp-recubiertos.html
kitadol,ecofarmacias,Kitadol Duo (Ibuprofeno &#8211; Paracetamol) x 10 Comprimidos Recubiertos,Kitadol Duo X 10 Comp,null,kitadol,null,10,10,duo,solid-oral,null,kitadol|10,kitadol|10|bio:unknown|brand:unknown|var:duo|form:solid-oral,3490,store,true,https://www.ecofarmacias.cl/producto/kitadol-duo-ibuprofeno-paracetamol-x-10-comprimidos-recubiertos/
kitadol,ahumada,Kitadol Duo X 10 Comp,Kitadol Duo X 10 Comp,null,kitadol,null,10,10,duo,solid-oral,null,kitadol|10,kitadol|10|bio:unknown|brand:unknown|var:duo|form:solid-oral,3742,cmr,true,https://www.farmaciasahumada.cl/kitadol-duo-x-10-comp-89714.html
kitadol,araucomed,Kitadol Infantil 100mg/ml gotas 15ml.,Kitadol Infantil 100mg/ml gotas 15ml.,Laboratorio Chile,kitadol,100mg,null,null,infantil,fluid-oral,null,kitadol|15ml,kitadol|15ml|bio:unknown|brand:chile|var:infantil|form:fluid-oral,2990,store,true,https://farmacia.araucomed.com/analgesicos-y-antinflamatorios/kitadol-pediatrico-100mg-ml-gotas-x15ml
kitadol,ecofarmacias,Kitadol Antigripal Dia/Noche 18 Comprimidos recubiertos,Kitadol Antigripal Dia/Noche 18 Comprimidos recubiertos,null,kitadol,null,18,18,antigripal,solid-oral,null,kitadol|n|18,kitadol|n|18|bio:unknown|brand:unknown|var:antigripal|form:solid-oral,3390,store,true,https://www.ecofarmacias.cl/producto/kitadol-antigripal-dia-noche-12-comprimidos-recubiertos/
kitadol,ahumada,Kitadol Antigripal Día y Noche 18 Comprimidos Recubiertos,Kitadol Antigripal Dia/Noche 18 Comprimidos recubiertos,null,kitadol,null,18,18,antigripal,solid-oral,null,kitadol|n|18,kitadol|n|18|bio:unknown|brand:unknown|var:antigripal|form:solid-oral,3854,cmr,true,https://www.farmaciasahumada.cl/kitadol-antigripal-dia-y-noche-18-comprimidos-recubiertos-91638.html
kitadol,cruz-verde,Kitadol Antigripal 18 Comprimidos Recubiertos Día/Noche (12 Día y 6 Noche),Kitadol Antigripal Dia/Noche 18 Comprimidos recubiertos,null,kitadol,null,18,18,antigripal,solid-oral,null,kitadol|n|18,kitadol|n|18|bio:unknown|brand:unknown|var:antigripal|form:solid-oral,4890,store,true,https://www.cruzverde.cl/kitadol-antigripal-18-comprimidos-recubiertos-dia-noche-12-dia-y-6-noche/544205.html
kitadol,ahumada,Kitadol 100 mg/mL x 15 mL Solución Oral Para Gotas,Kitadol 100 mg/mL x 15 mL Solución Oral Para Gotas,null,kitadol,100mg,null,null,null,fluid-oral,null,kitadol|15ml|15,kitadol|15ml|15|bio:unknown|brand:unknown|form:fluid-oral,3487,cmr,true,https://www.farmaciasahumada.cl/kitadol-100-mg-ml-x-15-ml-solucion-oral-para-gotas-15375.html
kitadol,easyfarma,Kitadol Infantil 160 Mg 16...,Kitadol Infantil 160 Mg 16...,null,kitadol,160mg,null,null,infantil,null,null,kitadol|160mg,kitadol|160mg|bio:unknown|brand:unknown|var:infantil,3490,store,true,https://nuevo.easyfarma.cl/24666-kitadol-inf-x-16.html
kitadol,ecofarmacias,Kitadol 120 mg/5 ml Jarabe 60 ml (LCh) (Cenabast) DESCUENTO,Kitadol Paracetamol 120 mg/5ml Jarabe 60 mL,null,kitadol,120mg,null,null,null,fluid-oral,null,kitadol|60ml,kitadol|60ml|bio:unknown|brand:unknown|form:fluid-oral,3500,store,false,https://www.ecofarmacias.cl/producto/kitadol-120-mg-5-ml-jarabe-60-ml-lch-cenabast-descuento/
kitadol,cruz-verde,Kitadol Paracetamol 120 mg/5ml Jarabe 60 mL,Kitadol Paracetamol 120 mg/5ml Jarabe 60 mL,null,kitadol,120mg,null,null,null,fluid-oral,null,kitadol|60ml,kitadol|60ml|bio:unknown|brand:unknown|form:fluid-oral,9070,store,true,https://www.cruzverde.cl/kitadol-paracetamol-120-mg-5ml-jarabe-60-ml/1390.html
kitadol,salcobrand,Kitadol Duo Ibuprofeno / Paracetamol 10 Comprimidos Recubiertos,Kitadol Duo Ibuprofeno / Paracetamol 10 Comprimidos Recubiertos,Kitadol Duo,kitadol,null,10,10,null,solid-oral,paracetamol,kitadol|10,kitadol|10|bio:unknown|brand:kitadolduo|combo:paracetamol|form:solid-oral,3674,sbpay,true,https://salcobrand.cl/products/kitadol-duo-ibuprofeno-paracetamol-10-comprimidos-recubiertos?default_sku=579036
kitadol,salcobrand,Kitadol Parcetamol Infantil Gotas 15ml,Kitadol Parcetamol Infantil Gotas 15ml,Kitadol Infantil,kitadol,15ml,null,null,parcetamol,fluid-oral,null,kitadol|15ml,kitadol|15ml|bio:unknown|brand:kitadolinfantil|var:parcetamol|form:fluid-oral,4017,online,true,https://salcobrand.cl/products/kitadol-parcetamol-infantil-gotas-15ml?default_sku=430991
kitadol,salcobrand,Kitadol Forte Paracetamol / Cafeína 10 Comprimidos Recubiertos,Kitadol Forte Paracetamol / Cafeína 10 Comprimidos Recubiertos,Kitadol,kitadol,null,10,10,null,solid-oral,cafeina,kitadol|10,kitadol|10|bio:unknown|brand:kitadol|combo:cafeina|form:solid-oral,4135,online,true,https://salcobrand.cl/products/kitadol-forte-paracetamol-cafeina-10-comprimidos-recubiertos?default_sku=430514
kitadol,salcobrand,Kitadol Antigripal Paracetamol 12 Dí­as + 6 Noches 18 Comprimidos Recubiertos,Kitadol Antigripal Paracetamol 12 Dí­as + 6 Noches 18 Comprimidos Recubiertos,Kitadol,kitadol,null,18,18,antigripal,solid-oral,null,kitadol|18,kitadol|18|bio:unknown|brand:kitadol|var:antigripal|form:solid-oral,4399,online,true,https://salcobrand.cl/products/kitadol-antigripal-paracetamol-12-di-as-6-noches-18-comprimidos-recubiertos?default_sku=584095
kitadol,araucomed,Kitadol Infantil 120mg/5ml jarabe 60 ml. (Cenabast),Kitadol Infantil 120mg/5ml jarabe 60 ml. (Cenabast),Laboratorio Chile,kitadol,120mg,null,null,infantil,fluid-oral,null,kitadol|60ml,kitadol|60ml|bio:unknown|brand:chile|var:infantil|form:fluid-oral,4490,store,true,https://farmacia.araucomed.com/analgesicos-y-antinflamatorios/kitadol-infantil-120mg-5ml-jarabe-60ml-cenabast
kitadol,araucomed,Kitadol 1 g x 18 comprimidos.,Kitadol 1 g x 18 comprimidos,LABORATORIO CHILE,kitadol,1000mg,18,18,null,solid-oral,null,kitadol|1000mg|18,kitadol|1000mg|18|bio:unknown|brand:chile|form:solid-oral,5490,store,true,https://farmacia.araucomed.com/analgesicos-y-antinflamatorios/kitadol-1g-x18com
kitadol,farmex,Kitadol 1 g x 18 comprimidos,Kitadol 1 g x 18 comprimidos,LABORATORIO CHILE,kitadol,1000mg,18,18,null,solid-oral,null,kitadol|1000mg|18,kitadol|1000mg|18|bio:unknown|brand:chile|form:solid-oral,5990,store,true,https://farmex.cl/products/kitadol-1-g-x-18-comprimidos-be?_pos=2&_psq=kitadol&_psid=3f394487e&_ss=e
kitadol,salcobrand,Kitadol (B) Paracetamol 1g 18 Comprimidos,Kitadol (B) Paracetamol 1g 18 Comprimidos,Kitadol,kitadol,1000mg,18,18,null,solid-oral,null,kitadol|1000mg|18,kitadol|1000mg|18|bio:unknown|brand:kitadol|form:solid-oral,5885,sbpay,true,https://salcobrand.cl/products/kitadol-b-paracetamol-1g-18-comprimidos?default_sku=435361
kitadol,dr-simi,Kitadol paracetamol 120 mg/5 mL jarabe infantil 100 mL,Kitadol paracetamol 120 mg/5 mL jarabe infantil 100 mL,TEVA,kitadol,120mg,null,null,null,fluid-oral,null,kitadol|100ml,kitadol|100ml|bio:false|brand:teva|form:fluid-oral,5960,store,true,https://www.drsimi.cl/kitadol-paracetamol-120-mg-5-ml-infantil-jarabe-100-ml/p
kitadol,araucomed,Kitadol Infantil 120mg/5ml jarabe x 100 ml.,Kitadol Infantil 120mg/5ml jarabe x 100 ml.,Laboratorio Chile,kitadol,120mg,null,null,infantil,fluid-oral,null,kitadol|100ml|100,kitadol|100ml|100|bio:unknown|brand:chile|var:infantil|form:fluid-oral,5990,store,false,https://farmacia.araucomed.com/analgesicos-y-antinflamatorios/kitadol-pediatrico-120mg-ml-jarabe-x-100-ml
kitadol,ecofarmacias,Kitadol 1000Mg X 18 comprimidos (LCh),Kitadol 1 g 18 Comprimidos,null,kitadol,1000mg,18,18,null,solid-oral,null,kitadol|1000mg|18,kitadol|1000mg|18|bio:true|brand:unknown|form:solid-oral,6450,store,true,https://www.ecofarmacias.cl/producto/kitadol-1000mg-x-18/
kitadol,ahumada,Kitadol 1 g 18 Comprimidos,Kitadol 1 g 18 Comprimidos,null,kitadol,1000mg,18,18,null,solid-oral,null,kitadol|1000mg|18,kitadol|1000mg|18|bio:true|brand:unknown|form:solid-oral,7490,store,true,https://www.farmaciasahumada.cl/kitadol-1-g-18-comprimidos-66871.html
kitadol,ahumada,Kitadol 120 mg/5 mL x 60 mL Jarabe,Kitadol 120 mg/5 mL x 60 mL Jarabe,null,kitadol,120mg,null,null,null,fluid-oral,null,kitadol|60ml|60,kitadol|60ml|60|bio:unknown|brand:unknown|form:fluid-oral,7087,cmr,true,https://www.farmaciasahumada.cl/kitadol-120-mg-5-ml-x-60-ml-jarabe-9209.html
kitadol,ecofarmacias,Kitadol Paracetamol Infantil Jarabe 100ml,Kitadol Paracetamol Infantil Jarabe 100ml,null,kitadol,100ml,null,null,infantil,fluid-oral,null,kitadol|100ml,kitadol|100ml|bio:unknown|brand:unknown|var:infantil|form:fluid-oral,7950,store,false,https://www.ecofarmacias.cl/producto/kitadol-paracetamol-infantil-jarabe-100ml/
kitadol,easyfarma,Kitadol 1000 Mg x 18...,Kitadol 1000 Mg x 18...,null,kitadol,1000mg,18,18,null,null,null,kitadol|1000mg|18,kitadol|1000mg|18|bio:unknown|brand:unknown,7990,store,true,https://nuevo.easyfarma.cl/24661-kitadol-1000-x-18.html
kitadol,ahumada,Kitadol Infantil 120 mg/5 mL x 100 mL Jarabe,Kitadol Infantil 120 mg/5 mL x 100 mL Jarabe,null,kitadol,120mg,null,null,infantil,fluid-oral,null,kitadol|100ml|100,kitadol|100ml|100|bio:unknown|brand:unknown|var:infantil|form:fluid-oral,8804,cmr,true,https://www.farmaciasahumada.cl/kitadol-infantil-120-mg-5-ml-x-100-ml-jarabe-92659.html
kitadol,easyfarma,Kitadol Jarabe infantil 120...,Kitadol Jarabe infantil 120...,null,kitadol,null,null,null,infantil,fluid-oral,null,kitadol,kitadol|bio:unknown|brand:unknown|var:infantil|form:fluid-oral,8990,store,true,https://nuevo.easyfarma.cl/24665-kitadol-inf-jarabe-x-60-ml.html
kitadol,salcobrand,Kitadol Paracetamol Infantil Jarabe 100ml,Kitadol Paracetamol Infantil Jarabe 100ml,Kitadol,kitadol,100ml,null,null,infantil,fluid-oral,null,kitadol|100ml,kitadol|100ml|bio:unknown|brand:kitadol|var:infantil|form:fluid-oral,9047,online,true,https://salcobrand.cl/products/kitadol-paracetamol-infantil-jarabe-100ml?default_sku=586509
kitadol,salcobrand,Kitadol Paracetamol Infantil Jarabe 60ml,Kitadol Paracetamol Infantil Jarabe 60ml,Kitadol,kitadol,60ml,null,null,infantil,fluid-oral,null,kitadol|60ml,kitadol|60ml|bio:unknown|brand:kitadol|var:infantil|form:fluid-oral,9855,online,true,https://salcobrand.cl/products/kitadol-paracetamol-infantil-jarabe-60ml?default_sku=430983
loratadina,ecofarmacias,Loratadina 10 mg por 30 comprimidos DESCUENTO,Loratadina 10 mg por 30 comprimidos DESCUENTO,null,loratadina,10mg,30,30,null,solid-oral,null,loratadina|10mg|30,loratadina|10mg|30|bio:true|brand:unknown|form:solid-oral,499,store,false,https://www.ecofarmacias.cl/producto/loratadina-10-mg-por-30-comprimidos-descuento/
loratadina,araucomed,Loratadina 10 mg x 30 comprimidos. (Chile),Loratadina 10 mg x 30 comprimidos,CHILE,loratadina,10mg,30,30,null,solid-oral,null,loratadina|10mg|30,loratadina|10mg|30|bio:unknown|brand:chile|form:solid-oral,600,store,true,https://farmacia.araucomed.com/antihistaminicos/loratadina-10mg-x30com-chile
loratadina,farmex,Loratadina 10 mg x 30 comprimidos,Loratadina 10 mg x 30 comprimidos,CHILE,loratadina,10mg,30,30,null,solid-oral,null,loratadina|10mg|30,loratadina|10mg|30|bio:unknown|brand:chile|form:solid-oral,690,store,true,https://farmex.cl/products/loratadina-x-comploratadina?_pos=1&_psq=loratadina&_psid=5b9326a2b&_ss=e
loratadina,araucomed,Loratadina 10mg x30com. (Opko),Loratadina 10mg x30com. (Opko),Opko,loratadina,10mg,30,30,null,solid-oral,null,loratadina|10mg|30,loratadina|10mg|30|bio:unknown|brand:opko|form:solid-oral,600,store,false,https://farmacia.araucomed.com/antihistaminicos/loratadina-10mg-x30com-opko
loratadina,farmex,"Loratadina 10 mg x 30 comprimidos ""Ley Cenabast""","Loratadina 10 mg x 30 comprimidos ""Ley Cenabast""",ascend,loratadina,10mg,30,30,null,solid-oral,null,loratadina|10mg|30,loratadina|10mg|30|bio:unknown|brand:ascend|form:solid-oral,690,store,true,https://farmex.cl/products/loratadina-10-mg-x-30-comprimidos-ley-cenabast-1?_pos=2&_psq=loratadina&_psid=5b9326a2b&_ss=e
loratadina,araucomed,Loratadina 10 mg x 30 comprimiidos. Ascend (Cenabast),Loratadina 10 mg x 30 comprimiidos. Ascend (Cenabast),Ascend,loratadina,10mg,30,30,null,null,null,loratadina|10mg|30,loratadina|10mg|30|bio:unknown|brand:ascend,790,store,false,https://farmacia.araucomed.com/antihistaminicos/loratadina-10-mg-x-30-comprimiidos-ascend-cenabast
loratadina,dr-simi,Loratadina 10 mg 30 comprimidos,Loratadina 10 mg 30 comprimidos,TEVA,loratadina,10mg,30,30,null,solid-oral,null,loratadina|10mg|30,loratadina|10mg|30|bio:true|brand:teva|form:solid-oral,800,store,true,https://www.drsimi.cl/loratadina-10-mg-30-comprimidos/p
loratadina,easyfarma,Loratadina 10 mg x 30 comp....,Loratadina 10 mg x 30 comp....,null,loratadina,10mg,30,30,null,solid-oral,null,loratadina|10mg|30,loratadina|10mg|30|bio:unknown|brand:unknown|form:solid-oral,990,store,true,https://nuevo.easyfarma.cl/46211-loratadina-10mg-x-30-lab-chile.html
loratadina,cruz-verde,Loratadina 10 mg 30 Comprimidos,Loratadina 10 mg x 30 comp....,null,loratadina,10mg,30,30,null,solid-oral,null,loratadina|10mg|30,loratadina|10mg|30|bio:unknown|brand:unknown|form:solid-oral,1390,store,true,https://www.cruzverde.cl/loratadina-10-mg-30-comprimidos/273015.html
loratadina,araucomed,Loptame Jarabe 5mg/5ml x60ml,Loptame Jarabe 5mg/5ml x60ml,Eurofarma,loptame,5mg,null,null,null,fluid-oral,null,loptame|60ml|60,loptame|60ml|60|bio:unknown|brand:eurofarma|form:fluid-oral,1200,store,false,https://farmacia.araucomed.com/antihistaminicos/loptame-jarabe-5mg-5ml-x60ml
loratadina,araucomed,Loratadina 5 mg/5 ml jarabe x 60 ml (Chile),Loratadina 5 mg/5 ml jarabe x 60 ml (Chile),Laboratorio Chile,loratadina,5mg,null,null,null,fluid-oral,null,loratadina|60ml|60,loratadina|60ml|60|bio:unknown|brand:chile|form:fluid-oral,1490,store,true,https://farmacia.araucomed.com/antihistaminicos/loratadina-5-mg-5-ml-jarabe-x-60-ml-chile
loratadina,araucomed,Loratadina 5 mg/5 ml jarabe 60ml (Mintlab),Loratadina 5 mg/5 ml jarabe 60ml (Mintlab),Mintlab,loratadina,5mg,null,null,null,fluid-oral,null,loratadina|60ml,loratadina|60ml|bio:unknown|brand:mintlab|form:fluid-oral,1490,store,false,https://farmacia.araucomed.com/antihistaminicos/loratadina-5-mg-5-ml-jarabe-60ml-mintlab
loratadina,ecofarmacias,Loratadina Jarabe 5 mg/5 ml x 90 ml (Mintlab),Loratadina Jarabe 5 mg/5 ml x 90 ml (Mintlab),null,loratadina,5mg,null,null,null,fluid-oral,null,loratadina|90ml|90,loratadina|90ml|90|bio:unknown|brand:unknown|form:fluid-oral,2190,store,false,https://www.ecofarmacias.cl/producto/loratadina-jarabe-5-mg-5-ml-x-90-ml-mintlab/
loratadina,salcobrand,Loratadina (B) 10mg 30 Comprimidos,Loratadina (B) 10mg 30 Comprimidos,Loratadina,loratadina,10mg,30,30,null,solid-oral,null,loratadina|10mg|30,loratadina|10mg|30|bio:unknown|brand:loratadina|form:solid-oral,2287,online,true,https://salcobrand.cl/products/labchileloratadina-b-10mg-30-comprimidos?default_sku=434912
loratadina,ecofarmacias,Loratadina 5mg/5ml Jarabe 60 ml (LCh),Loratadina 5mg/5ml Jarabe 60 ml (LCh),null,loratadina,5mg,null,null,null,fluid-oral,null,loratadina|60ml,loratadina|60ml|bio:true|brand:unknown|form:fluid-oral,2640,store,true,https://www.ecofarmacias.cl/producto/loratadina-5mg-5ml-jarabe-60-ml-lch/
loratadina,dr-simi,Loratadina 5 mg/5 mL jarabe 90 mL,Loratadina 5 mg/5 mL jarabe 90 mL,MILAB,loratadina,5mg,null,null,null,fluid-oral,null,loratadina|90ml,loratadina|90ml|bio:true|brand:milab|form:fluid-oral,2960,store,true,https://www.drsimi.cl/loratadina-5-mg-5ml-jarabe-90ml/p
loratadina,araucomed,Frenaler 5mg/5ml jarabe 60 ml,Frenaler 5mg/5ml jarabe 60 ml,Laboratorio Chile,frenaler,5mg,null,null,null,fluid-oral,null,frenaler|60ml,frenaler|60ml|bio:unknown|brand:chile|form:fluid-oral,2990,store,false,https://farmacia.araucomed.com/antihistaminicos/frenaler-5mg-5ml-jarabe-60ml-vence-12-2021
loratadina,easyfarma,Loratadina Jarabe 5mg/5mL...,Loratadina Jarabe 5mg/5mL...,null,loratadina,5mg,null,null,null,fluid-oral,null,loratadina|5ml,loratadina|5ml|bio:unknown|brand:lch|form:fluid-oral,2990,store,true,https://nuevo.easyfarma.cl/105314-loratadina-jarabe-5mg-5ml-60-ml-lch.html
loratadina,dr-simi,Alledryl loratadina 5 mg/5 mL jarabe 60 mL,Alledryl loratadina 5 mg/5 mL jarabe 60 mL,PRATER,alledryl,5mg,null,null,null,fluid-oral,null,alledryl|60ml,alledryl|60ml|bio:false|brand:prater|form:fluid-oral,3000,store,true,https://www.drsimi.cl/alledryl-loratadina-5-mg-5ml-jarabe-60-ml/p
loratadina,salcobrand,Loratadina 5mg/5ml Jarabe 90ml,Loratadina 5mg/5ml Jarabe 90ml,Loratadina,loratadina,5mg,null,null,null,fluid-oral,null,loratadina|90ml,loratadina|90ml|bio:unknown|brand:loratadina|form:fluid-oral,3079,online,true,https://salcobrand.cl/products/loratadina-5mg-5ml-jarabe-90ml?default_sku=577491
loratadina,cruz-verde,Loratadina 5 mg/5ml Solución Oral 90 mL,Loratadina 5 mg/5ml Solución Oral 90 mL,null,loratadina,5mg,null,null,null,fluid-oral,null,loratadina|90ml,loratadina|90ml|bio:unknown|brand:unknown|form:fluid-oral,3690,store,true,https://www.cruzverde.cl/loratadina-5-mg-5ml-solucion-oral-90-ml/270021.html
loratadina,easyfarma,D Histaplus Jarabe 60 mL,D Histaplus Jarabe 60 mL,null,histaplus,60ml,null,null,d,fluid-oral,null,histaplus|60ml,histaplus|60ml|bio:unknown|brand:unknown|var:d|form:fluid-oral,4490,store,true,https://nuevo.easyfarma.cl/103152-d-histaplus-jarabe-60-ml.html
loratadina,ecofarmacias,Alledryl-D loratadina 15mg/5ml jarabe infantil 120ml DESCUENTO,Alledryl-D loratadina 15mg/5ml jarabe infantil 120ml DESCUENTO,null,alledryld,15mg,null,null,null,fluid-oral,null,alledryld|120ml,alledryld|120ml|bio:true|brand:unknown|form:fluid-oral,4980,store,false,https://www.ecofarmacias.cl/producto/alledryl-d-loratadina-15mg-5ml-jarabe-infantil-120ml-descuento/
loratadina,araucomed,Alledryl-D Jarabe x120ml,Alledryl-D Jarabe x120ml,null,alledryld,120ml,null,null,null,fluid-oral,null,alledryld|120ml|120,alledryld|120ml|120|bio:unknown|brand:unknown|form:fluid-oral,5490,store,true,https://farmacia.araucomed.com/antihistaminicos/alledryl-d-jarabe-x120ml
loratadina,easyfarma,D Histaplus Jarabe 100 mL,D Histaplus Jarabe 100 mL,null,histaplus,100ml,null,null,d,fluid-oral,null,histaplus|100ml,histaplus|100ml|bio:unknown|brand:unknown|var:d|form:fluid-oral,5990,store,true,https://nuevo.easyfarma.cl/103151-d-histaplus-jarabe-100-ml.html
loratadina,ahumada,Loratadina Inf 5Mg5Ml 60Ml 1Jb,Loratadina Inf 5Mg5Ml 60Ml 1Jb,null,loratadina,60ml,null,null,infantil,null,null,loratadina|60ml,loratadina|60ml|bio:unknown|brand:unknown|var:infantil,6158,store,true,https://www.farmaciasahumada.cl/loratadina-inf-5mg5ml-60ml-1jb-92796.html
loratadina,salcobrand,Loratadina 5mg/5ml Jarabe 60 ml,Loratadina 5mg/5ml Jarabe 60 ml,Loratadina,loratadina,5mg,null,null,null,fluid-oral,null,loratadina|60ml,loratadina|60ml|bio:unknown|brand:loratadina|form:fluid-oral,6159,online,true,https://salcobrand.cl/products/loratadina-5mg-5ml-jarabe-60-ml?default_sku=583364
loratadina,sermecoop,"Alledryl-d (loratadina 2,5mg/pseudoefedrina 15mg) Jarabe 120ml","Alledryl-d (loratadina 2,5mg/pseudoefedrina 15mg) Jarabe 120ml",null,alledryld,2.5mg,null,null,null,fluid-oral,pseudoefedrina,alledryld|120ml,alledryld|120ml|bio:unknown|brand:unknown|combo:pseudoefedrina|form:fluid-oral,6790,store,false,https://www.farmaciasermecoop.cl/index.php/online/detalleproducto?p_=19435&d_=1
loratadina,sermecoop,Alledryl (loratadina) Jarabe 60ml,Alledryl (loratadina) Jarabe 60ml,null,alledryl,60ml,null,null,null,fluid-oral,null,alledryl|60ml,alledryl|60ml|bio:unknown|brand:unknown|form:fluid-oral,6890,store,false,https://www.farmaciasermecoop.cl/index.php/online/detalleproducto?p_=19619&d_=1
loratadina,cruz-verde,Alledryl Loratadina 5 mg / 5 mL Jarabe 60 mL,Alledryl (loratadina) Jarabe 60ml,null,alledryl,5mg,null,null,null,fluid-oral,null,alledryl|60ml,alledryl|60ml|bio:unknown|brand:unknown|form:fluid-oral,9990,store,true,https://www.cruzverde.cl/alledryl-loratadina-5-mg-5-ml-jarabe-60-ml/111022.html
loratadina,easyfarma,Alledryl-D jarabe 120 mL,Alledryl-D jarabe 120 mL,null,alledryld,120ml,null,null,null,fluid-oral,null,alledryld|120ml,alledryld|120ml|bio:unknown|brand:unknown|form:fluid-oral,6990,store,true,https://nuevo.easyfarma.cl/26282-alledryl-d-jarabe-x-120ml.html
loratadina,cruz-verde,Alledryl-D Loratadina 15 mg/5ml Jarabe 120 mL,Alledryl-D jarabe 120 mL,null,alledryld,15mg,null,null,null,fluid-oral,null,alledryld|120ml,alledryld|120ml|bio:unknown|brand:unknown|form:fluid-oral,8890,store,true,https://www.cruzverde.cl/alledryl-d-loratadina-15-mg-5ml-jarabe-120-ml/111160.html
loratadina,dr-simi,"Alledryl-D loratadina 2,5 mg pseudoefedrina 15 mg jarabe 120 mL","Alledryl-D loratadina 2,5 mg pseudoefedrina 15 mg jarabe 120 mL",PRATER,alledryld,2.5mg,null,null,null,fluid-oral,null,alledryld|120ml,alledryld|120ml|bio:false|brand:prater|form:fluid-oral,7560,store,true,https://www.drsimi.cl/alledryl-d-jarabe-120-ml/p
loratadina,araucomed,Alledryl-D x 20 cápsulas.,Alledryl-D x 20 cápsulas.,null,alledryld,null,20,20,null,solid-oral,null,alledryld|20,alledryld|20|bio:unknown|brand:unknown|form:solid-oral,7990,store,true,https://farmacia.araucomed.com/antihistaminicos/alledryl-d-x20cap
loratadina,easyfarma,Alledryl-D comprimidos x 20,Alledryl-D x 20 cápsulas.,null,alledryld,null,20,20,null,solid-oral,null,alledryld|20,alledryld|20|bio:unknown|brand:unknown|form:solid-oral,11990,store,true,https://nuevo.easyfarma.cl/26281-alledryl-d-x-20.html
loratadina,ahumada,Alledryl D  x 120 mL Jarabe,Alledryl D  x 120 mL Jarabe,null,alledryl,120ml,null,null,d,fluid-oral,null,alledryl|120ml|120,alledryl|120ml|120|bio:unknown|brand:unknown|var:d|form:fluid-oral,8017,cmr,true,https://www.farmaciasahumada.cl/alledryl-d--x-120-ml-jarabe-43934.html
loratadina,cruz-verde,Hysticlar Loratadina 5 mg Jarabe 100 mL,Hysticlar Loratadina 5 mg Jarabe 100 mL,null,hysticlar,5mg,null,null,null,fluid-oral,null,hysticlar|100ml,hysticlar|100ml|bio:unknown|brand:unknown|form:fluid-oral,8590,store,true,https://www.cruzverde.cl/hysticlar-loratadina-5-mg-jarabe-100-ml/268733.html
loratadina,sermecoop,Alledryl-d (loratadina 5mg/pseudoefedrina 20mg) 20 Caps,Alledryl-d (loratadina 5mg/pseudoefedrina 20mg) 20 Caps,null,alledryld,5mg,20,20,null,solid-oral,pseudoefedrina,alledryld|5mg,alledryld|5mg|bio:unknown|brand:unknown|combo:pseudoefedrina|form:solid-oral,8990,store,false,https://www.farmaciasermecoop.cl/index.php/online/detalleproducto?p_=19434&d_=1
loratadina,salcobrand,Alledryl D Loratadina / Pseudoefedrina Jarabe 120ml,Alledryl D Loratadina / Pseudoefedrina Jarabe 120ml,Alledryl D,alledryl,120ml,null,null,null,fluid-oral,pseudoefedrina,alledryl|120ml,alledryl|120ml|bio:unknown|brand:alledryld|combo:pseudoefedrina|form:fluid-oral,9151,online,true,https://salcobrand.cl/products/alledryl-d-loratadina-pseudoefedrina-jarabe-120ml?default_sku=901032
loratadina,araucomed,Rinomex Jarabe 100ml,Rinomex Jarabe 100ml,null,rinomex,100ml,null,null,null,fluid-oral,null,rinomex|100ml,rinomex|100ml|bio:unknown|brand:unknown|form:fluid-oral,9290,store,false,https://farmacia.araucomed.com/gripe-y-resfrio/rinomex-jarabe-100ml
loratadina,ahumada,Alledryl 5 mg/ 5 mL x 60 mL Jarabe,Alledryl 5 mg/ 5 mL x 60 mL Jarabe,null,alledryl,5mg,null,null,null,fluid-oral,null,alledryl|60ml|60,alledryl|60ml|60|bio:unknown|brand:unknown|form:fluid-oral,9914,cmr,true,https://www.farmaciasahumada.cl/alledryl-5-mg--5-ml-x-60-ml-jarabe-3715.html
loratadina,ahumada,Frenaler D Infantil x 100 mL Jarabe,Frenaler D Infantil x 100 mL Jarabe,null,frenaler,100ml,null,null,d,fluid-oral,null,frenaler|100ml|100,frenaler|100ml|100|bio:unknown|brand:unknown|var:d|form:fluid-oral,11209,cmr,true,https://www.farmaciasahumada.cl/frenaler-d-infantil-x-100-ml-jarabe-18929.html
loratadina,araucomed,Frenaler D jarabe x 100 ml.,Frenaler D jarabe x 100 ml.,Laboratorio Chile,frenaler,100ml,null,null,d,fluid-oral,null,frenaler|100ml|100,frenaler|100ml|100|bio:unknown|brand:chile|var:d|form:fluid-oral,11990,store,true,https://farmacia.araucomed.com/antihistaminicos/frenaler-d-jarabe-x100ml
loratadina,araucomed,Frenaler D x10cap,Frenaler D x10cap,Laboratorio Chile,frenaler,null,10,10,d,solid-oral,null,frenaler|10,frenaler|10|bio:unknown|brand:chile|var:d|form:solid-oral,11990,store,false,https://farmacia.araucomed.com/antihistaminicos/frenaler-d-x10com
loratadina,cruz-verde,Frenaler-D Loratadina 15 mg/5ml Jarabe 100 mL,Frenaler-D Loratadina 15 mg/5ml Jarabe 100 mL,null,frenalerd,15mg,null,null,null,fluid-oral,null,frenalerd|100ml,frenalerd|100ml|bio:unknown|brand:unknown|form:fluid-oral,13390,store,true,https://www.cruzverde.cl/frenaler-d-loratadina-15-mg-5ml-jarabe-100-ml/1367.html
loratadina,ahumada,Alledryl-D 5/120 mg x 20 Cápsulas con Gránulos de Liberación Prolongada,Alledryl-D Pseudoefedrina 120 mg 20 Cápsulas,null,alledryld,120mg,20,20,null,solid-oral,null,alledryld|120mg|20,alledryld|120mg|20|bio:unknown|brand:unknown|form:solid-oral,13657,cmr,true,https://www.farmaciasahumada.cl/alledryl-d-5-120-mg-x-20-capsulas-con-granulos-de-liberacion-prolongada-44771.html
loratadina,cruz-verde,Alledryl-D Pseudoefedrina 120 mg 20 Cápsulas,Alledryl-D Pseudoefedrina 120 mg 20 Cápsulas,null,alledryld,120mg,20,20,null,solid-oral,null,alledryld|120mg|20,alledryld|120mg|20|bio:unknown|brand:unknown|form:solid-oral,15390,store,true,https://www.cruzverde.cl/alledryl-d-pseudoefedrina-120-mg-20-capsulas/250887.html
loratadina,salcobrand,Frenaler-D Loratadina / Pseudoefedrina Jarabe Infantil 100ml,Frenaler-D Loratadina / Pseudoefedrina Jarabe Infantil 100ml,Frenaler-D,frenalerd,100ml,null,null,null,fluid-oral,pseudoefedrina,frenalerd|100ml,frenalerd|100ml|bio:unknown|brand:frenalerd|combo:pseudoefedrina|form:fluid-oral,14079,online,true,https://salcobrand.cl/products/frenaler-d-loratadina-pseudoefedrina-jarabe-infantil-100ml?default_sku=430363
loratadina,salcobrand,Olokem (B) Olopatadina 0.2% Solucion Oftálmica 2.5ml,Olokem (B) Olopatadina 0.2% Solucion Oftálmica 2.5ml,Olokem,olokem,2.5ml,null,null,olopatadina,ophthalmic,null,olokem|2.5ml,olokem|2.5ml|bio:unknown|brand:olokem|var:olopatadina|form:ophthalmic,14079,online,true,https://salcobrand.cl/products/olokem-b-olopatadina-0-2-solucion-oftalmica-2-5ml?default_sku=590872
loratadina,salcobrand,Alledryl-D Loratadina / Pseudoefedrina 5mg/120mg 20 Cápsulas Prolongadas,Alledryl-D Loratadina / Pseudoefedrina 5mg/120mg 20 Cápsulas Prolongadas,Alledryl D,alledryld,5mg,20,20,null,solid-oral,pseudoefedrina,alledryld|5mg|20,alledryld|5mg|20|bio:unknown|brand:alledryld|combo:pseudoefedrina|form:solid-oral,15927,online,true,https://salcobrand.cl/products/alledryl-d-loratadina-pseudoefedrina-5mg-120mg-20-capsulas-prolongadas?default_sku=901035
loratadina,araucomed,Frenaler D x20com,Frenaler D x20com,Laboratorio Chile,frenaler,null,20,20,d,solid-oral,null,frenaler|20,frenaler|20|bio:unknown|brand:chile|var:d|form:solid-oral,15990,store,false,https://farmacia.araucomed.com/antihistaminicos/frenaler-d-x20com
loratadina,easyfarma,Aerius Jarabe 2.5mg/5ml x...,Aerius Jarabe 2.5mg/5ml x...,null,aerius,2.5mg,null,null,null,fluid-oral,null,aerius|5ml,aerius|5ml|bio:unknown|brand:unknown|form:fluid-oral,19990,store,true,https://nuevo.easyfarma.cl/25934-aerius-jarabe.html
loratadina,salcobrand,Patanol S Olopatadina 0.2% Solución Oftálmica 2.5ml,Patanol S Olopatadina 0.2% Solución Oftálmica 2.5ml,Patanol S,patanol,2.5ml,null,null,s,ophthalmic,null,patanol|2.5ml,patanol|2.5ml|bio:unknown|brand:patanols|var:s|form:ophthalmic,22410,online,true,https://salcobrand.cl/products/patanol-s-olopatadina-0-2-solucion-oftalmica-2-5ml?default_sku=29733
loratadina,salcobrand,Zepiken (B) Olopatadina 0.2% Solución Oftálmica 5ml,Zepiken (B) Olopatadina 0.2% Solución Oftálmica 5ml,Zepiken,zepiken,5ml,null,null,olopatadina,ophthalmic,null,zepiken|5ml,zepiken|5ml|bio:unknown|brand:zepiken|var:olopatadina|form:ophthalmic,24287,online,true,https://salcobrand.cl/products/principio-activo-olopatadina?default_sku=571308
loratadina,easyfarma,Aerius 5 mg 30 comprimidos,Aerius 5 mg 30 comprimidos,null,aerius,5mg,30,30,null,solid-oral,null,aerius|5mg|30,aerius|5mg|30|bio:unknown|brand:unknown|form:solid-oral,24990,store,true,https://nuevo.easyfarma.cl/105617-aerius-5-mg-30-comprimidos-stock-2-venc-11-07-2026.html
loratadina,salcobrand,Olof Olopatadina 0.2% Solución Oftálmica 5ml,Olof Olopatadina 0.2% Solución Oftálmica 5ml,Olof,olof,5ml,null,null,olopatadina,ophthalmic,null,olof|5ml,olof|5ml|bio:unknown|brand:olof|var:olopatadina|form:ophthalmic,25255,online,true,https://salcobrand.cl/products/olof-olopatadina-0-2-solucion-oftalmica-5ml?default_sku=2974022
loratadina,salcobrand,Ryaltris Olopatadina 600mcg Mometasona 25mcg Suspensión Nasal Nebulizacion 240 Dosis,Ryaltris Olopatadina 600mcg Mometasona 25mcg Suspensión Nasal Nebulizacion 240 Dosis,Ryaltris,ryaltris,0.6mg,null,null,olopatadina,inhaled,null,ryaltris|600mcg,ryaltris|600mcg|bio:unknown|brand:ryaltris|var:olopatadina|form:inhaled,28071,online,true,https://salcobrand.cl/products/ryaltris-olopatadina-600mcg-mometasona-25mcg-suspension-nasal-nebulizacion-240-dosis?default_sku=591179
loratadina,salcobrand,Alergiol Forte Olopatadina 0.2% Solución Oftálmica 5ml,Alergiol Forte Olopatadina 0.2% Solución Oftálmica 5ml,Alergiol Forte,alergiol,5ml,null,null,forte,ophthalmic,null,alergiol|5ml,alergiol|5ml|bio:unknown|brand:alergiolforte|var:forte|form:ophthalmic,28159,online,true,https://salcobrand.cl/products/alergiol-forte-olopatadina-0-2-solucion-oftalmica-5ml?default_sku=3070029
loratadina,salcobrand,Olodina (B) PF Olopatadina 0.2% Solución Oftálmica 5ml,Olodina (B) PF Olopatadina 0.2% Solución Oftálmica 5ml,Olodina,olodina,5ml,null,null,pf,ophthalmic,null,olodina|5ml,olodina|5ml|bio:unknown|brand:olodina|var:pf|form:ophthalmic,28687,online,true,https://salcobrand.cl/products/olodina-b-pf-olopatadina-0-2-solucion-oftalmica-5ml?default_sku=589953
loratadina,salcobrand,Patanol Olopatadina 0.1% Solución Oftálmica 5ml,Patanol Olopatadina 0.1% Solución Oftálmica 5ml,Patanol,patanol,5ml,null,null,olopatadina,ophthalmic,null,patanol|5ml,patanol|5ml|bio:unknown|brand:patanol|var:olopatadina|form:ophthalmic,28799,online,true,https://salcobrand.cl/products/patanol-olopatadina-0-1-solucion-oftalmica-5ml?default_sku=24005
loratadina,ecofarmacias,Neo Alledryl desloratadina 5mg por  30 comp.DESCUENTO,Neo Alledryl desloratadina 5mg por  30 comp.DESCUENTO,null,neo,5mg,30,30,alledryl,solid-oral,null,neo|5mg|30,neo|5mg|30|bio:true|brand:unknown|var:alledryl|form:solid-oral,1100,store,false,https://www.ecofarmacias.cl/producto/neo-alledryl-desloratadina-5mg-por-30-comp-descuento/
loratadina,ecofarmacias,Desloratadina 5mg x 30 comprimidos recubiertos (CuraeSpring),Desloratadina 5mg x 30 comprimidos recubiertos (CuraeSpring),null,desloratadina,5mg,30,30,null,solid-oral,null,desloratadina|5mg|30,desloratadina|5mg|30|bio:true|brand:unknown|form:solid-oral,1380,store,true,https://www.ecofarmacias.cl/producto/desloratadina-5mg-x-30-comprimidos-recubiertos-curaespring/
loratadina,ecofarmacias,"Desloratadina 2,5mg jarabe 60ml DESCUENTO","Desloratadina 2,5mg jarabe 60ml DESCUENTO",null,desloratadina,2.5mg,null,null,null,fluid-oral,null,desloratadina|60ml,desloratadina|60ml|bio:unknown|brand:unknown|form:fluid-oral,2090,store,false,https://www.ecofarmacias.cl/producto/desloratadina-25mg-jarabe-60ml-descuento/
loratadina,ecofarmacias,Neo-Alledryl Desloratadina 5 mg x 30 Comprimidos (Prater),Neo-Alledryl Desloratadina 5 mg x 30 Comprimidos (Prater),null,neoalledryl,5mg,30,30,desloratadina,solid-oral,null,neoalledryl|5mg|30,neoalledryl|5mg|30|bio:true|brand:unknown|var:desloratadina|form:solid-oral,2140,store,true,https://www.ecofarmacias.cl/producto/neo-alledryl-desloratadina-5-mg-x-30-comprimidos-prater/
loratadina,ecofarmacias,Lotadin Desloratadina 2.5mg Jarabe 120 Ml (Cenabast),Lotadin Desloratadina 2.5mg Jarabe 120 Ml (Cenabast),null,lotadin,2.5mg,null,null,desloratadina,fluid-oral,null,lotadin|120ml,lotadin|120ml|bio:unknown|brand:unknown|var:desloratadina|form:fluid-oral,2210,store,true,https://www.ecofarmacias.cl/producto/lotadin-desloratadina-2-5mg-jarabe-120-ml-cenabast/
loratadina,dr-simi,NeoAlledryl desloratadina 5 mg 30 comprimidos recubiertos,NeoAlledryl desloratadina 5 mg 30 comprimidos recubiertos,PRATER,neoalledryl,5mg,30,30,desloratadina,solid-oral,null,neoalledryl|5mg|30,neoalledryl|5mg|30|bio:true|brand:prater|var:desloratadina|form:solid-oral,2880,store,true,https://www.drsimi.cl/desloratadina-5-mg-30-comprimidos-recubiertos/p
loratadina,easyfarma,Desloratadina 5 Mg 30 Comp....,Desloratadina 5 Mg 30 Comp....,null,desloratadina,5mg,30,30,null,solid-oral,null,desloratadina|5mg|30,desloratadina|5mg|30|bio:unknown|brand:curaespring|form:solid-oral,2990,store,true,https://nuevo.easyfarma.cl/105313-desloratadina-5-mg-30-comp-recubiertos-curaespring.html
loratadina,easyfarma,Desloratadina 5 Mg 30...,Desloratadina 5 Mg 30...,null,desloratadina,5mg,null,null,null,null,null,desloratadina|5mg,desloratadina|5mg|bio:unknown|brand:ascend,2990,store,true,https://nuevo.easyfarma.cl/105119-desloratadina-5-mg-30-comprimidos-ascend.html
loratadina,easyfarma,Desloratadina 5 Mg 30...,Desloratadina 5 Mg 30...,null,desloratadina,5mg,null,null,null,null,null,desloratadina|5mg,desloratadina|5mg|bio:unknown|brand:unknown,2990,store,true,https://nuevo.easyfarma.cl/26288-desloratadina-5mg-x-30.html
loratadina,easyfarma,"Desloratadina jarabe 2,5...","Desloratadina jarabe 2,5...",null,desloratadina,null,null,null,null,fluid-oral,null,desloratadina,desloratadina|bio:unknown|brand:unknown|form:fluid-oral,2990,store,true,https://nuevo.easyfarma.cl/25688-desloratadina-25mg-jarabe-x-60ml.html
loratadina,dr-simi,"Neo Alledryl desloratadina 2,5 mg/5 mL jarabe 60 mL","Neo Alledryl desloratadina 2,5 mg/5 mL jarabe 60 mL",PRATER,neo,2.5mg,null,null,alledryl,fluid-oral,null,neo|60ml,neo|60ml|bio:false|brand:prater|var:alledryl|form:fluid-oral,3000,store,true,https://www.drsimi.cl/neoalledryl-desloratadina-2-5-mg-5ml-solucion-60-ml/p
loratadina,sermecoop,"Neoalledryl Jarabe (desloratadina) 2,5mg/5ml 60ml","Neoalledryl Jarabe (desloratadina) 2,5mg/5ml 60ml",null,neoalledryl,2.5mg,null,null,null,fluid-oral,null,neoalledryl|60ml,neoalledryl|60ml|bio:unknown|brand:unknown|form:fluid-oral,4490,store,true,https://www.farmaciasermecoop.cl/index.php/online/detalleproducto?p_=20736&d_=1
loratadina,ecofarmacias,"Despeval Desloratadina 2,5 mg/5 ml Jarabe 100 Ml","Despeval Desloratadina 2,5 mg/5 ml Jarabe 100 Ml",null,despeval,2.5mg,null,null,desloratadina,fluid-oral,null,despeval|100ml,despeval|100ml|bio:unknown|brand:unknown|var:desloratadina|form:fluid-oral,6980,store,false,https://www.ecofarmacias.cl/producto/despeval-desloratadina-25-mg-5-ml-jarabe-100-ml/
loratadina,dr-simi,"NeoAlledryl-D desloratadina 2,5 mg pseudoefedrina 120 mg 30 comprimidos de liberación prolongada","NeoAlledryl-D desloratadina 2,5 mg pseudoefedrina 120 mg 30 comprimidos de liberación prolongada",PRATER,neoalledryld,2.5mg,30,30,desloratadina,solid-oral,null,neoalledryld|2.5mg|30,neoalledryld|2.5mg|30|bio:false|brand:prater|var:desloratadina|form:solid-oral,8120,store,true,https://www.drsimi.cl/neo-alledryl-d-30-comprimidos-de-liberacion-prolongada/p
losartan,ecofarmacias,Losartan 50 mg x 30 comprimidos (LCH) DESCUENTO,Losartan 50 mg x 30 comprimidos (LCH) DESCUENTO,null,losartan,50mg,30,30,null,solid-oral,null,losartan|50mg|30,losartan|50mg|30|bio:true|brand:unknown|form:solid-oral,490,store,false,https://www.ecofarmacias.cl/producto/losartan-50-mg-x-30-comprimidos-lch-descuento/
losartan,ahumada,Losartan Potasico 50 mg x 30 Comprimidos Recubiertos,Losartan 50 mg x 30 comprimidos (LCH) DESCUENTO,null,losartan,50mg,30,30,null,solid-oral,null,losartan|50mg|30,losartan|50mg|30|bio:true|brand:unknown|form:solid-oral,1528,store,true,https://www.farmaciasahumada.cl/losartan-potasico-50-mg-x-30-comprimidos-recubiertos-92800.html
losartan,araucomed,Losartan Potasico 50 mg x30com. (Hospifarma),Losartan Potasico 50 mg x30com. (Hospifarma),Hospifarma,losartan,50mg,30,30,null,solid-oral,null,losartan|50mg|30,losartan|50mg|30|bio:unknown|brand:hospifarma|form:solid-oral,600,store,false,https://farmacia.araucomed.com/antihipertensivos/losartan-potasico-50-mg-x30com-hospifarma
losartan,araucomed,Losartan Potasico 50 mg x 30 comprimidos. (Opko),Losartan Potasico 50 mg x 30 comprimidos. (Opko),Opko,losartan,50mg,30,30,null,solid-oral,null,losartan|50mg|30,losartan|50mg|30|bio:unknown|brand:opko|form:solid-oral,800,store,false,https://farmacia.araucomed.com/antihipertensivos/losartan-potasico-50-mg-x30com-opko
losartan,farmex,"Losartan Potásico 50 mg x 30 Comprimidos ""Ley Cenabast""",Losartan Potasico 50 mg x 30 comprimidos. (Opko),Opko,losartan,50mg,30,30,null,solid-oral,null,losartan|50mg|30,losartan|50mg|30|bio:unknown|brand:opko|form:solid-oral,995,store,true,https://farmex.cl/products/losartan-potasico-50-mg-x-30-comprimidos-ley-cenabast?_pos=4&_psq=losartan&_psid=017d41b60&_ss=e
losartan,araucomed,Losartan Potasico 50 mg x30com. (Mintlab),Losartan Potasico 50 mg x30com. (Mintlab),Mintlab,losartan,50mg,30,30,null,solid-oral,null,losartan|50mg|30,losartan|50mg|30|bio:unknown|brand:mintlab|form:solid-oral,900,store,false,https://farmacia.araucomed.com/antihipertensivos/losartan-potasico-50-mg-x30com-mintlab
losartan,araucomed,Losartan Potasico 50 mg x 30 comprimidos. (Seven Pharma),Losartan Potasico 50 mg x 30 comprimidos. (Seven Pharma),Seven Pharma,losartan,50mg,30,30,null,solid-oral,null,losartan|50mg|30,losartan|50mg|30|bio:unknown|brand:sevenpharma|form:solid-oral,900,store,false,https://farmacia.araucomed.com/antihipertensivos/losartan-potasico-50-mg-x-30-comprimidos-seven-pharma
losartan,farmex,Losartan Potásico 50 mg x 30 comprimidos,Losartan Potásico 50 mg x 30 comprimidos,CHILE,losartan,50mg,30,30,null,solid-oral,null,losartan|50mg|30,losartan|50mg|30|bio:unknown|brand:chile|form:solid-oral,990,store,true,https://farmex.cl/products/losart-bioequivalente-comprimidos-recubiertos-losartan-potasico?_pos=1&_psq=losartan&_psid=017d41b60&_ss=e
losartan,araucomed,Losartan Potasico 50 mg x 30 comprimidos. (Chile),Losartan Potásico 50 mg x 30 comprimidos,CHILE,losartan,50mg,30,30,null,solid-oral,null,losartan|50mg|30,losartan|50mg|30|bio:unknown|brand:chile|form:solid-oral,1200,store,true,https://farmacia.araucomed.com/antihipertensivos/losartan-potasico-50mg-30com-chile
losartan,araucomed,Losartan Potasico 50 mg x 30 comprimidos. (Ascend),Losartan Potasico 50 mg x 30 comprimidos. (Ascend),Ascend,losartan,50mg,30,30,null,solid-oral,null,losartan|50mg|30,losartan|50mg|30|bio:unknown|brand:ascend|form:solid-oral,990,store,true,https://farmacia.araucomed.com/antihipertensivos/losartan-potasico-50-mg-x30com-ascend
losartan,araucomed,Losartan Potasico 50 mg x30com. (Eurofarma),Losartan Potasico 50 mg x30com. (Eurofarma),Eurofarma,losartan,50mg,30,30,null,solid-oral,null,losartan|50mg|30,losartan|50mg|30|bio:unknown|brand:eurofarma|form:solid-oral,990,store,false,https://farmacia.araucomed.com/antihipertensivos/losartan-potasico-50-mg-x30com-eurofarma
losartan,farmex,Losartán Potásico 50 mg x 30 comprimidos,Losartán Potásico 50 mg x 30 comprimidos,HETERO,losartan,50mg,30,30,null,solid-oral,null,losartan|50mg|30,losartan|50mg|30|bio:unknown|brand:hetero|form:solid-oral,1195,store,true,https://farmex.cl/products/losartan-50-mg-x-30-comprimidos?_pos=3&_psq=losartan&_psid=017d41b60&_ss=e
losartan,farmex,Losartan Potásico 50 mg x 30 Comprimidos susc-1 de 6 meses,Losartan (B) 50mg 30 Comprimidos Recubiertos,Losartan,losartan,50mg,30,30,null,solid-oral,null,losartan|50mg|30,losartan|50mg|30|bio:unknown|brand:unknown|form:solid-oral,1225,store,true,https://farmex.cl/products/losartan-potasico-50-mg-x-30-comprimidos-susc-1-de-6-meses?_pos=10&_psq=losartan&_psid=017d41b60&_ss=e
losartan,salcobrand,Losartan (B) 50mg 30 Comprimidos Recubiertos,Losartan (B) 50mg 30 Comprimidos Recubiertos,Losartan,losartan,50mg,30,30,null,solid-oral,null,losartan|50mg|30,losartan|50mg|30|bio:unknown|brand:unknown|form:solid-oral,1495,online,true,https://salcobrand.cl/products/losartan-b-50mg-x-30-comprimidos?default_sku=1763151
losartan,cruz-verde,Losartan Potasico 50 mg 30 Comprimidos,Losartan (B) 50mg 30 Comprimidos Recubiertos,Losartan,losartan,50mg,30,30,null,solid-oral,null,losartan|50mg|30,losartan|50mg|30|bio:unknown|brand:unknown|form:solid-oral,1840,store,true,https://www.cruzverde.cl/losartan-potasico-50-mg-30-comprimidos/268539.html
losartan,easyfarma,Losartan 50 mg 30...,Losartan 50 mg 30...,null,losartan,50mg,null,null,null,null,null,losartan|50mg,losartan|50mg|bio:unknown|brand:unknown,1490,store,true,https://nuevo.easyfarma.cl/24682-losartan-50-mg-x-30.html
losartan,araucomed,"Losartan Hidroclorotiazida 50/12,5 x30com (Eurofarma)","Losartan Hidroclorotiazida 50/12,5 x30com (Eurofarma)",Eurofarma,losartan,null,30,30,null,solid-oral,null,losartan|30,losartan|30|bio:unknown|brand:eurofarma|form:solid-oral,1590,store,false,https://farmacia.araucomed.com/antihipertensivos/losartan-hidroclorotiazida-50-125-x30com-eurofarma
losartan,araucomed,"Losartan Hidroclorotiazida 50/12,5mg x30com (Hospifarma)","Losartan Hidroclorotiazida 50/12,5mg x30com (Hospifarma)",Hospifarma,losartan,12.5mg,30,30,null,solid-oral,hidroclorotiazida,losartan|12.5mg|30,losartan|12.5mg|30|bio:unknown|brand:hospifarma|combo:hidroclorotiazida|form:solid-oral,1690,store,false,https://farmacia.araucomed.com/antihipertensivos/losartan-hidroclorotiazida-50-125mg-x30com-hospifa
losartan,farmex,"Losartán Potásico 100 mg x 30 Comprimidos ""LEY CENABAST""","Losartán Potásico 100 mg x 30 Comprimidos ""LEY CENABAST""",Neoethicals,losartan,100mg,30,30,null,solid-oral,null,losartan|100mg|30,losartan|100mg|30|bio:unknown|brand:neoethicals|form:solid-oral,1695,store,true,https://farmex.cl/products/losartan-potasico-100-mg-x-30-comprimidos-2?_pos=7&_psq=losartan&_psid=017d41b60&_ss=e
losartan,ecofarmacias,Losartan Potasico 100 mg x 30 Comprimidos (cenabast),Losartan Potasico 100 mg x 30 Comprimidos (cenabast),null,losartan,100mg,30,30,null,solid-oral,null,losartan|100mg|30,losartan|100mg|30|bio:true|brand:unknown|form:solid-oral,1820,store,true,https://www.ecofarmacias.cl/producto/losartan-potasico-100-mg-x-30-comprimidos-cenabast/
losartan,ahumada,Losartan 100 mg x 30 Comprimidos Recubiertos SEVEN PHARMA CHILE SPA,Losartan Potasico 100 mg x 30 Comprimidos (cenabast),null,losartan,100mg,30,30,null,solid-oral,null,losartan|100mg|30,losartan|100mg|30|bio:true|brand:unknown|form:solid-oral,3749,cmr,true,https://www.farmaciasahumada.cl/losartan-100-mg-x-30-comprimidos-recubiertos-seven-pharma-chile-spa-91504.html
losartan,araucomed,"Losartan Hidroclorotiazida 50/12,5mg x 30 comprimidos. (Ascend)","Losartan Hidroclorotiazida 50/12,5mg x 30 comprimidos. (Ascend)",Ascend,losartan,12.5mg,30,30,null,solid-oral,hidroclorotiazida,losartan|12.5mg|30,losartan|12.5mg|30|bio:unknown|brand:ascend|combo:hidroclorotiazida|form:solid-oral,1990,store,false,https://farmacia.araucomed.com/antihipertensivos/losartan-hidroclorotiazida-50-125mg-x30com-ascend
losartan,araucomed,Losartan Potasico 100 mg x 30 comprimidos. (Ascend),Losartan Potasico 100 mg x 30 comprimidos. (Ascend),Ascend,losartan,100mg,30,30,null,solid-oral,null,losartan|100mg|30,losartan|100mg|30|bio:unknown|brand:ascend|form:solid-oral,1990,store,false,https://farmacia.araucomed.com/antihipertensivos/losartan-potasico-100-mg-x30com-ascend
losartan,easyfarma,Losartan 100 mg. 30 comp....,Losartan Potasico 100 mg x 30 comprimidos. (Ascend),Ascend,losartan,100mg,30,30,null,solid-oral,null,losartan|100mg|30,losartan|100mg|30|bio:unknown|brand:ascend|form:solid-oral,4990,store,true,https://nuevo.easyfarma.cl/41325-losartan-100-mg-30-comp-lab-ascend.html
losartan,farmex,Losartan Potásico + Hidroclorotiazida 50 mg / 12.5 mg x 30 comprimidos,Losartan Potásico + Hidroclorotiazida 50 mg / 12.5 mg x 30 comprimidos,ASCEND,losartan,50mg,30,30,null,solid-oral,hidroclorotiazida,losartan|50mg|30,losartan|50mg|30|bio:unknown|brand:ascend|combo:hidroclorotiazida|form:solid-oral,1990,store,true,https://farmex.cl/products/losartan-potasico-hidroclorotiazida-50-12-5-mg-x-30-comprimidos-1?_pos=5&_psq=losartan&_psid=017d41b60&_ss=e
losartan,ecofarmacias,Losartan Potásico + Hidroclorotiazida 50 mg/12.5 mg x 30 comp.,Losartan Potásico + Hidroclorotiazida 50 mg/12.5 mg x 30 comp.,null,losartan,50mg,30,30,null,solid-oral,hidroclorotiazida,losartan|50mg|30,losartan|50mg|30|bio:unknown|brand:unknown|combo:hidroclorotiazida|form:solid-oral,2180,store,true,https://www.ecofarmacias.cl/producto/losartan-potasico-hidroclorotiazida-50-mg-12-5-mg-x-30-comp/
losartan,ahumada,Losartan/Hidroclorotiazida 50 mg/12.5 mg x 30 Comprimidos Recubiertos ASCEND,Losartan Potásico + Hidroclorotiazida 50 mg/12.5 mg x 30 comp.,null,losartan,50mg,30,30,null,solid-oral,hidroclorotiazida,losartan|50mg|30,losartan|50mg|30|bio:unknown|brand:unknown|combo:hidroclorotiazida|form:solid-oral,5999,cmr,true,https://www.farmaciasahumada.cl/losartan-hidroclorotiazida-50-mg-12.5-mg-x-30-comprimidos-recubiertos-ascend-86373.html
losartan,farmex,"Losartán Potásico 100 mg x 30 comprimidos recubiertos ""Ley Cenabast""","Losartán Potásico 100 mg x 30 comprimidos recubiertos ""Ley Cenabast""",SEVEN PHARMA,losartan,100mg,30,30,null,solid-oral,null,losartan|100mg|30,losartan|100mg|30|bio:unknown|brand:sevenpharma|form:solid-oral,2290,store,true,https://farmex.cl/products/losartan-potasico-100-mg-x-30-comprimidos-recubiertos-1?_pos=8&_psq=losartan&_psid=017d41b60&_ss=e
losartan,farmex,"Losartán Potásico / Hidroclorotiazida 50 mg / 12,5 mg x 30 comprimidos","Losartán Potásico / Hidroclorotiazida 50 mg / 12,5 mg x 30 comprimidos",OPKO,losartan,50mg,30,30,null,solid-oral,hidroclorotiazida,losartan|50mg|30,losartan|50mg|30|bio:unknown|brand:opko|combo:hidroclorotiazida|form:solid-oral,2590,store,true,https://farmex.cl/products/losartan-potasico-hidroclorotiazida-50-mg-12-5-mg-x-30-comprimidos?_pos=6&_psq=losartan&_psid=017d41b60&_ss=e
losartan,sermecoop,"Losartán/hidroclorotiazida 50/ 12,5 Mg X 30 Comprimidos","Losartán/hidroclorotiazida 50/ 12,5 Mg X 30 Comprimidos",null,losartan,12.5mg,30,30,null,solid-oral,hidroclorotiazida,losartan|12.5mg|30,losartan|12.5mg|30|bio:true|brand:unknown|combo:hidroclorotiazida|form:solid-oral,2590,store,true,https://www.farmaciasermecoop.cl/index.php/online/detalleproducto?p_=21621&d_=1
losartan,araucomed,Losartan Hidroclorotiazida 100/25mg x30com (Eurofarma),Losartan Hidroclorotiazida 100/25mg x30com (Eurofarma),Eurofarma,losartan,25mg,30,30,null,solid-oral,hidroclorotiazida,losartan|25mg|30,losartan|25mg|30|bio:unknown|brand:eurofarma|combo:hidroclorotiazida|form:solid-oral,2790,store,false,https://farmacia.araucomed.com/antihipertensivos/losartan-hidroclorotiazida-100-25mg-x30com-eurofar
losartan,ecofarmacias,Losartan 50 mg / Hidroclorotiazida 12.5 mg x 30 Comp.,Losartan 50 mg / Hidroclorotiazida 12.5 mg x 30 Comp.,null,losartan,50mg,30,30,null,solid-oral,hidroclorotiazida,losartan|50mg|30,losartan|50mg|30|bio:true|brand:unknown|combo:hidroclorotiazida|form:solid-oral,2980,store,false,https://www.ecofarmacias.cl/producto/losartan-50-mg-hidroclorotiazida-12-5-mg-x-30-comp/
losartan,easyfarma,Losartan +...,Losartan +...,null,losartan,null,null,null,null,null,null,losartan,losartan|bio:unknown|brand:opko,2990,store,true,https://nuevo.easyfarma.cl/103505-losartan-hidroclorotiazida-50-mg-125-mg-x-30-comp-lab-opko.html
losartan,easyfarma,Losartan 100 Mg X 30 Comp...,Losartan 100 Mg X 30 Comp...,null,losartan,100mg,30,30,null,solid-oral,null,losartan|100mg|30,losartan|100mg|30|bio:unknown|brand:pharma|form:solid-oral,2990,store,true,https://nuevo.easyfarma.cl/104435-losartan-100-mg-x-30-comp-seven-pharma.html
losartan,easyfarma,Losartan Potasico 100 Mg 30...,Losartan Potasico 100 Mg 30...,null,losartan,100mg,null,null,null,null,null,losartan|100mg,losartan|100mg|bio:unknown|brand:opko,2990,store,true,https://nuevo.easyfarma.cl/102743-losartan-potasico-100-mg-30-comp-recubiertos-opko.html
losartan,salcobrand,Losartán (B) 100mg 30 Comprimidos Recubiertos - Cenabast,Losartán (B) 100mg 30 Comprimidos Recubiertos - Cenabast,Losartán,losartan,100mg,30,30,null,solid-oral,null,losartan|100mg|30,losartan|100mg|30|bio:unknown|brand:unknown|form:solid-oral,2999,store,true,https://salcobrand.cl/products/losartan-b-100mg-30-comprimidos-recubiertos?default_sku=4980272
losartan,cruz-verde,Losartan Potasico 100 mg 30 Comprimidos,Losartán (B) 100mg 30 Comprimidos Recubiertos - Cenabast,Losartán,losartan,100mg,30,30,null,solid-oral,null,losartan|100mg|30,losartan|100mg|30|bio:unknown|brand:unknown|form:solid-oral,4990,store,true,https://www.cruzverde.cl/losartan-potasico-100-mg-30-comprimidos/297058.html
losartan,easyfarma,Losartan 100 mg. 30 comp.,Losartán (B) 100mg 30 Comprimidos Recubiertos - Cenabast,Losartán,losartan,100mg,30,30,null,solid-oral,null,losartan|100mg|30,losartan|100mg|30|bio:unknown|brand:unknown|form:solid-oral,4990,store,true,https://nuevo.easyfarma.cl/24683-losartan-100-mg-x-30.html
losartan,araucomed,Losartan Potasico 100 mg x 30 comprimidos. (Chile),Losartan Potasico 100 mg x 30 comprimidos. (Chile),Laboratorio Chile,losartan,100mg,30,30,null,solid-oral,null,losartan|100mg|30,losartan|100mg|30|bio:unknown|brand:chile|form:solid-oral,3490,store,true,https://farmacia.araucomed.com/antihipertensivos/losartan-potasico-100-mg-x30com-chile
losartan,araucomed,Losartan Potasico 100 mg x30com. (Opko),Losartan Potasico 100 mg x30com. (Opko),Opko,losartan,100mg,30,30,null,solid-oral,null,losartan|100mg|30,losartan|100mg|30|bio:unknown|brand:opko|form:solid-oral,3490,store,false,https://farmacia.araucomed.com/antihipertensivos/losartan-potasico-100-mg-x30com-opko
losartan,easyfarma,Losartan +...,Losartan +...,null,losartan,null,null,null,null,null,null,losartan,losartan|bio:unknown|brand:ascend,3490,store,true,https://nuevo.easyfarma.cl/64836-losartan-hidroclorotiazida-50-125-x-30-comp-ascend.html
losartan,ecofarmacias,Losartan + Hidroclorotiazida 100/25 x 30 Comp Eurofarma,Losartan / Hidroclorotiazida (B) 50/12.5 30 Comprimidos Recubiertos,Losartan / Hidroclorotiazida,losartan,null,30,30,null,solid-oral,hidroclorotiazida,losartan|30,losartan|30|bio:unknown|brand:unknown|combo:hidroclorotiazida|form:solid-oral,3990,store,false,https://www.ecofarmacias.cl/producto/losartan-potasico-hidroclorotiazida-100-25-x-30-comprimidos-recubiertos-eurofarma/
losartan,salcobrand,Losartan / Hidroclorotiazida (B) 50/12.5 30 Comprimidos Recubiertos,Losartan / Hidroclorotiazida (B) 50/12.5 30 Comprimidos Recubiertos,Losartan / Hidroclorotiazida,losartan,null,30,30,null,solid-oral,hidroclorotiazida,losartan|30,losartan|30|bio:unknown|brand:unknown|combo:hidroclorotiazida|form:solid-oral,8271,online,true,https://salcobrand.cl/products/losartan-hidroclorotiazida-b-50-12-5-30-comprimidos-recubiertos?default_sku=580802
losartan,salcobrand,Lorsartán Potásico / Hidroclorotiazida 50/12.5 30 Comprimidos Recubiertos,Lorsartán Potásico / Hidroclorotiazida 50/12.5 30 Comprimidos Recubiertos,Lorsartán Potásico/Hidroclorotiazida ,lorsartan,null,30,30,null,solid-oral,hidroclorotiazida,lorsartan|30,lorsartan|30|bio:unknown|brand:unknown|combo:hidroclorotiazida|form:solid-oral,6247,online,true,https://salcobrand.cl/products/lorsartan-potasico-hidroclorotiazida-50-12-5-30-comprimidos-recubiertos?default_sku=573676
losartan,cruz-verde,Lopren Losartan Potasico 50 mg 30 Comprimidos Recubiertos,Lopren Losartan Potasico 50 mg 30 Comprimidos Recubiertos,null,lopren,50mg,30,30,null,solid-oral,null,lopren|50mg|30,lopren|50mg|30|bio:unknown|brand:unknown|form:solid-oral,7890,store,true,https://www.cruzverde.cl/lopren-losartan-potasico-50-mg-30-comprimidos-recubiertos/256772.html
losartan,dr-simi,Simperten-D 100/25 losartan 100 mg hidroclorotiazida 25 mg 30 comprimidos recubiertos,Simperten-D 100/25 losartan 100 mg hidroclorotiazida 25 mg 30 comprimidos recubiertos,TEVA,simpertend,100mg,30,30,null,solid-oral,null,simpertend|100mg|30,simpertend|100mg|30|bio:true|brand:teva|form:solid-oral,8800,store,true,https://www.drsimi.cl/losartan-hidroclorotiazida-100-25-mg-30-comprimidos/p
losartan,araucomed,"Hyzaar 50/12,5mg x30com","Hyzaar 50/12,5mg x30com",null,hyzaar,12.5mg,30,30,null,solid-oral,null,hyzaar|12.5mg|30,hyzaar|12.5mg|30|bio:unknown|brand:unknown|form:solid-oral,10490,store,false,https://farmacia.araucomed.com/antihipertensivos/hyzaar-50-125mg-x30com
losartan,araucomed,Cozaar 50 mg x30com,Cozaar 50 mg x30com,null,cozaar,50mg,30,30,null,solid-oral,null,cozaar|50mg|30,cozaar|50mg|30|bio:unknown|brand:unknown|form:solid-oral,11890,store,false,https://farmacia.araucomed.com/antihipertensivos/cozaar-50-mg-x30com
losartan,ahumada,Cozaar 50 mg x 30 Comprimidos Recubiertos,Cozaar 50 mg x30com,null,cozaar,50mg,30,30,null,solid-oral,null,cozaar|50mg|30,cozaar|50mg|30|bio:unknown|brand:unknown|form:solid-oral,23172,store,true,https://www.farmaciasahumada.cl/cozaar-50-mg-x-30-comprimidos-recubiertos-12911.html
losartan,cruz-verde,Cozaar Losartan Potasico 50 mg 30 Comprimidos,Cozaar 50 mg x30com,null,cozaar,50mg,30,30,null,solid-oral,null,cozaar|50mg|30,cozaar|50mg|30|bio:unknown|brand:unknown|form:solid-oral,35640,store,true,https://www.cruzverde.cl/cozaar-losartan-potasico-50-mg-30-comprimidos/197022.html
losartan,araucomed,Simperten D 50/12.5 x 30 comprimidos recubiertos,Simperten D 50/12.5 x 30 comprimidos recubiertos,Laboratorio Chile,simperten,null,30,30,d,solid-oral,null,simperten|30,simperten|30|bio:unknown|brand:chile|var:d|form:solid-oral,12400,store,true,https://farmacia.araucomed.com/antihipertensivos/simperten-d-50-125-x30com
losartan,easyfarma,Hyzaar Forte 100/25 mg 30...,Hyzaar Forte 100/25 mg 30...,null,hyzaar,25mg,null,null,forte,null,null,hyzaar|25mg,hyzaar|25mg|bio:unknown|brand:unknown|var:forte,17990,store,true,https://nuevo.easyfarma.cl/104325-hyzaar-forte-100-25-mg-30-comprimidos.html
losartan,ahumada,Hyzaar Forte 100 mg/25 mg x 30 Comprimidos Recubiertos,Hyzaar Forte Losartan 100 mg 30 Comprimidos,null,hyzaar,100mg,30,30,forte,solid-oral,null,hyzaar|100mg|30,hyzaar|100mg|30|bio:unknown|brand:unknown|var:forte|form:solid-oral,19467,store,true,https://www.farmaciasahumada.cl/hyzaar-forte-100-mg-25-mg-x-30-comprimidos-recubiertos-25323.html
losartan,cruz-verde,Hyzaar Forte Losartan 100 mg 30 Comprimidos,Hyzaar Forte Losartan 100 mg 30 Comprimidos,null,hyzaar,100mg,30,30,forte,solid-oral,null,hyzaar|100mg|30,hyzaar|100mg|30|bio:unknown|brand:unknown|var:forte|form:solid-oral,29940,store,true,https://www.cruzverde.cl/hyzaar-forte-losartan-100-mg-30-comprimidos/197047.html
losartan,ahumada,Simperten-D 50 mg/12.5 mg x 30 Comprimidos Recubiertos,Simperten-D Losartan 50 mg 30 Comprimidos Recubierto,null,simpertend,50mg,30,30,null,solid-oral,null,simpertend|50mg|30,simpertend|50mg|30|bio:unknown|brand:unknown|form:solid-oral,19954,store,true,https://www.farmaciasahumada.cl/simperten-d-50-mg-12.5-mg-x-30-comprimidos-recubiertos-20238.html
losartan,cruz-verde,Simperten-D Losartan 50 mg 30 Comprimidos Recubierto,Simperten-D Losartan 50 mg 30 Comprimidos Recubierto,null,simpertend,50mg,30,30,null,solid-oral,null,simpertend|50mg|30,simpertend|50mg|30|bio:unknown|brand:unknown|form:solid-oral,30690,store,true,https://www.cruzverde.cl/simperten-d-losartan-50-mg-30-comprimidos-recubierto/1417.html
losartan,ahumada,Losapres 100 mg x 30 Comprimidos Recubiertos,Losapres 100 mg x 30 Comprimidos Recubiertos,null,losapres,100mg,30,30,null,solid-oral,null,losapres|100mg|30,losapres|100mg|30|bio:true|brand:unknown|form:solid-oral,20871,store,true,https://www.farmaciasahumada.cl/losapres-100-mg-x-30-comprimidos-recubiertos-44597.html
losartan,ahumada,Simperten-D 100 mg/25 mg x 30 Comprimidos Recubiertos,Simperten-D 100 mg/25 mg x 30 Comprimidos Recubiertos,null,simpertend,100mg,30,30,null,solid-oral,null,simpertend|100mg|30,simpertend|100mg|30|bio:true|brand:unknown|form:solid-oral,21287,store,true,https://www.farmaciasahumada.cl/simperten-d-100-mg-25-mg-x-30-comprimidos-recubiertos-38062.html
losartan,ahumada,Hyzaar 50 mg/12.5 mg x 30 Comprimidos Recubiertos,Hyzaar 50 mg/12.5 mg x 30 Comprimidos Recubiertos,null,hyzaar,50mg,30,30,null,solid-oral,null,hyzaar|50mg|30,hyzaar|50mg|30|bio:unknown|brand:unknown|form:solid-oral,21319,store,true,https://www.farmaciasahumada.cl/hyzaar-50-mg-12.5-mg-x-30-comprimidos-recubiertos-13167.html
losartan,salcobrand,Corodin (B) Losartán Potásico 100mg 30 Comprimidos Recubiertos,Corodin (B) Losartán Potásico 100mg 30 Comprimidos Recubiertos,Corodin,corodin,100mg,30,30,null,solid-oral,null,corodin|100mg|30,corodin|100mg|30|bio:unknown|brand:corodin|form:solid-oral,21911,online,true,https://salcobrand.cl/products/corodin-b-losartan-potasico-100mg-30-comprimidos-recubiertos?default_sku=2835986
losartan,ahumada,Corodin 50 mg x 30 Comprimidos Recubiertos,Corodin 50 mg x 30 Comprimidos Recubiertos,null,corodin,50mg,30,30,null,solid-oral,null,corodin|50mg|30,corodin|50mg|30|bio:true|brand:unknown|form:solid-oral,22274,cmr,true,https://www.farmaciasahumada.cl/corodin-50-mg-x-30-comprimidos-recubiertos-28998.html
losartan,salcobrand,Losapres (B) Losartán 100mg 30 Comprimidos Recubiertos,Losapres (B) Losartán 100mg 30 Comprimidos Recubiertos,Losapres,losapres,100mg,30,30,null,solid-oral,null,losapres|100mg|30,losapres|100mg|30|bio:unknown|brand:losapres|form:solid-oral,22967,online,true,https://salcobrand.cl/products/losapres-b-losartan-100mg-30-comprimidos-recubiertos?default_sku=2571193
losartan,ahumada,Losapres-D 50 mg/12.5 mg x 30 Comprimidos Recubiertos,Losapres-D 50 mg/12.5 mg x 30 Comprimidos Recubiertos,null,losapresd,50mg,30,30,null,solid-oral,null,losapresd|50mg|30,losapresd|50mg|30|bio:unknown|brand:unknown|form:solid-oral,23601,store,true,https://www.farmaciasahumada.cl/losapres-d-50-mg-12.5-mg-x-30-comprimidos-recubiertos-18296.html
losartan,cruz-verde,Corodin Losartan Potasico 100 mg 30 Comprimidos,Corodin Losartan Potasico 100 mg 30 Comprimidos,null,corodin,100mg,30,30,null,solid-oral,null,corodin|100mg|30,corodin|100mg|30|bio:unknown|brand:unknown|form:solid-oral,24390,store,true,https://www.cruzverde.cl/corodin-losartan-potasico-100-mg-30-comprimidos/4671.html
losartan,ahumada,Tellmi Am 80/10 Mg 30 Comprimidos,Tellmi Am 80/10 Mg 30 Comprimidos,null,tellmi,10mg,30,30,am,solid-oral,null,tellmi|10mg|30,tellmi|10mg|30|bio:unknown|brand:unknown|var:am|form:solid-oral,24494,cmr,true,https://www.farmaciasahumada.cl/tellmi-am-80-10-mg-30-comprimidos-94885.html
losartan,ahumada,Losapres 50 mg x 30 Comprimidos Recubiertos,Losapres 50 mg x 30 Comprimidos Recubiertos,null,losapres,50mg,30,30,null,solid-oral,null,losapres|50mg|30,losapres|50mg|30|bio:true|brand:unknown|form:solid-oral,24832,cmr,true,https://www.farmaciasahumada.cl/losapres-50-mg-x-30-comprimidos-recubiertos-17995.html
losartan,salcobrand,Corodin (B) Losartán Potásico 50mg 30 Comprimidos Recubiertos,Corodin (B) Losartán Potásico 50mg 30 Comprimidos Recubiertos,Corodin,corodin,50mg,30,30,null,solid-oral,null,corodin|50mg|30,corodin|50mg|30|bio:unknown|brand:corodin|form:solid-oral,25343,online,true,https://salcobrand.cl/products/corodin-b-losartan-potasico-50mg-30-comprimidos-recubiertos?default_sku=2831619
losartan,salcobrand,Losapres D 50/12.5 Losartan / Hidroclorotiazida 30 Comprimidos Recubiertos,Losapres D 50/12.5 Losartan / Hidroclorotiazida 30 Comprimidos Recubiertos,Losapres D,losapres,null,30,30,null,solid-oral,hidroclorotiazida,losapres|30,losapres|30|bio:unknown|brand:losapresd|combo:hidroclorotiazida|form:solid-oral,25959,online,true,https://salcobrand.cl/products/losapres-d-50-12-5-losartan-hidroclorotiazida-30-comprimidos-recubiertos?default_sku=2571194
losartan,ahumada,Cordiax AM 80 mg/10 mg x 40 Comprimidos,Cordiax AM 80 mg/10 mg x 40 Comprimidos,null,cordiax,80mg,40,40,am,solid-oral,null,cordiax|80mg|40,cordiax|80mg|40|bio:unknown|brand:unknown|var:am|form:solid-oral,26064,store,true,https://www.farmaciasahumada.cl/cordiax-am-80-mg-10-mg-x-40-comprimidos-91008.html
losartan,cruz-verde,Losapres Losartan Potasico 100 mg 30 Comprimidos Recubierto,Losapres Losartan Potasico 100 mg 30 Comprimidos Recubierto,null,losapres,100mg,30,30,null,solid-oral,null,losapres|100mg|30,losapres|100mg|30|bio:unknown|brand:unknown|form:solid-oral,26090,store,true,https://www.cruzverde.cl/losapres-losartan-potasico-100-mg-30-comprimidos-recubierto/251737.html
losartan,salcobrand,Simperten-D 50/12.5 Hidroclorotiazida / Losartan 30 Comprimidos Recubiertos,Simperten-D 50/12.5 Hidroclorotiazida / Losartan 30 Comprimidos Recubiertos,Simperten-D,simpertend,null,30,30,null,solid-oral,losartan,simpertend|30,simpertend|30|bio:unknown|brand:simpertend|combo:losartan|form:solid-oral,26575,online,true,https://salcobrand.cl/products/simperten-d-50-12-5-hidroclorotiazida-losartan-30-comprimidos-recubiertos?default_sku=439441
losartan,cruz-verde,"Hyzaar Losartan / Hidroclorotiazida 50 mg / 12,5 mg 30 Comprimidos","Hyzaar Losartan / Hidroclorotiazida 50 mg / 12,5 mg 30 Comprimidos",null,hyzaar,50mg,30,30,null,solid-oral,hidroclorotiazida,hyzaar|50mg|30,hyzaar|50mg|30|bio:unknown|brand:unknown|combo:hidroclorotiazida|form:solid-oral,26640,store,true,https://www.cruzverde.cl/hyzaar-losartan-hidroclorotiazida-50-mg-12-5-mg-30-comprimidos/197018.html
losartan,ahumada,Losapres-D 100 mg/25 mg x 30 Comprimidos Recubiertos,Losapres-D 100 mg/25 mg x 30 Comprimidos Recubiertos,null,losapresd,100mg,30,30,null,solid-oral,null,losapresd|100mg|30,losapresd|100mg|30|bio:unknown|brand:unknown|form:solid-oral,26714,store,true,https://www.farmaciasahumada.cl/losapres-d-100-mg-25-mg-x-30-comprimidos-recubiertos-44599.html
losartan,cruz-verde,Losapres-D 100/25 Losartan 100 mg 30 Comprimidos Recubierto,Losapres-D 100 mg/25 mg x 30 Comprimidos Recubiertos,null,losapresd,100mg,30,30,null,solid-oral,null,losapresd|100mg|30,losapresd|100mg|30|bio:unknown|brand:unknown|form:solid-oral,33390,store,true,https://www.cruzverde.cl/losapres-d-100-25-losartan-100-mg-30-comprimidos-recubierto/251739.html
losartan,easyfarma,Simperten-D 100/25 mg. 30...,Simperten-D 100/25 mg. 30...,null,simpertend,25mg,null,null,null,null,null,simpertend|25mg,simpertend|25mg|bio:unknown|brand:unknown,26990,store,true,https://nuevo.easyfarma.cl/24731-simperten-d-100-25-x-30.html
losartan,ahumada,Cozaar 100 mg x 30 Comprimidos Recubiertos,Cozaar 100 mg x 30 Comprimidos Recubiertos,null,cozaar,100mg,30,30,null,solid-oral,null,cozaar|100mg|30,cozaar|100mg|30|bio:unknown|brand:unknown|form:solid-oral,27481,store,true,https://www.farmaciasahumada.cl/cozaar-100-mg-x-30-comprimidos-recubiertos-38549.html
losartan,cruz-verde,Cozaar Losartan Potasico 100 mg 30 Comprimidos,Cozaar 100 mg x 30 Comprimidos Recubiertos,null,cozaar,100mg,30,30,null,solid-oral,null,cozaar|100mg|30,cozaar|100mg|30|bio:unknown|brand:unknown|form:solid-oral,34350,store,true,https://www.cruzverde.cl/cozaar-losartan-potasico-100-mg-30-comprimidos/197051.html
losartan,salcobrand,Losapres (B) Losartán 50mg 30 Comprimidos Recubiertos,Losapres (B) Losartán 50mg 30 Comprimidos Recubiertos,Losapres ,losapres,50mg,30,30,null,solid-oral,null,losapres|50mg|30,losapres|50mg|30|bio:unknown|brand:losapres|form:solid-oral,28247,online,true,https://salcobrand.cl/products/losapres-b-losartan-50mg-30-comprimidos-recubiertos?default_sku=2571192
losartan,ahumada,Iltuxam HCT 40/5/25 mg (28 comprimidos),Iltuxam HCT 40/5/25 mg (28 comprimidos),null,iltuxam,25mg,28,28,hct,null,null,iltuxam|25mg|28,iltuxam|25mg|28|bio:true|brand:unknown|var:hct,28299,store,true,https://www.farmaciasahumada.cl/iltuxam-hct-40-5-25-mg-%2828-comprimidos%29-96996.html
losartan,ahumada,"Iltuxam HCT 20/5/12,5 mg (28 comprimidos)","Iltuxam HCT 20/5/12,5 mg (28 comprimidos)",null,iltuxam,12.5mg,28,28,hct,null,null,iltuxam|12.5mg|28,iltuxam|12.5mg|28|bio:true|brand:unknown|var:hct,28299,store,true,https://www.farmaciasahumada.cl/iltuxam-hct-20-5-12-5-mg-%2828-comprimidos%29-96997.html
losartan,cruz-verde,Corodin Losartan Potasico 50 mg 30 Comprimidos,Corodin Losartan Potasico 50 mg 30 Comprimidos,null,corodin,50mg,30,30,null,solid-oral,null,corodin|50mg|30,corodin|50mg|30|bio:unknown|brand:unknown|form:solid-oral,28790,store,true,https://www.cruzverde.cl/corodin-losartan-potasico-50-mg-30-comprimidos/4540.html
losartan,salcobrand,Losapres D 100/25 Losartán / Hidroclorotiazida 30 Comprimidos Recubiertos,Losapres D 100/25 Losartán / Hidroclorotiazida 30 Comprimidos Recubiertos,Losapres,losapres,null,30,30,null,solid-oral,hidroclorotiazida,losapres|30,losapres|30|bio:unknown|brand:losapres|combo:hidroclorotiazida|form:solid-oral,29391,online,true,https://salcobrand.cl/products/losapres-d-100-25-losartan-hidroclorotiazida-30-comprimidos-recubiertos?default_sku=2571195
losartan,salcobrand,Hyzaar Losartán Potásico / Hidroclorotiazida 30 Comprimidos Recubiertos,Hyzaar Losartán Potásico / Hidroclorotiazida 30 Comprimidos Recubiertos,Hyzaar,hyzaar,null,30,30,null,solid-oral,hidroclorotiazida,hyzaar|30,hyzaar|30|bio:unknown|brand:hyzaar|combo:hidroclorotiazida|form:solid-oral,29567,online,true,https://salcobrand.cl/products/hyzaar-losartan-potasico-hidroclorotiazida-30-comprimidos-recubiertos?default_sku=2028040
losartan,salcobrand,Hyzaar Forte Hidroclorotiazida / Losartán 30 Comprimidos Recubiertos,Hyzaar Forte Hidroclorotiazida / Losartán 30 Comprimidos Recubiertos,Hyzaar,hyzaar,null,30,30,null,solid-oral,losartan,hyzaar|30,hyzaar|30|bio:unknown|brand:hyzaar|combo:losartan|form:solid-oral,30359,online,true,https://salcobrand.cl/products/hyzaar-forte-hidroclorotiazida-losartan-30-comprimidos-recubiertos?default_sku=2025365
losartan,cruz-verde,Losapres Losartán Potásico 50 mg 30 Comprimidos Recubiertos,Losapres Losartán Potásico 50 mg 30 Comprimidos Recubiertos,null,losapres,50mg,30,30,null,solid-oral,null,losapres|50mg|30,losapres|50mg|30|bio:unknown|brand:unknown|form:solid-oral,32090,store,true,https://www.cruzverde.cl/losapres-losartan-potasico-50-mg-30-comprimidos-recubiertos/161122.html
losartan,salcobrand,Cozaar (R) Losartán 50mg 30 Comprimidos Recubiertos,Cozaar (R) Losartán 50mg 30 Comprimidos Recubiertos,Cozaar,cozaar,50mg,30,30,null,solid-oral,null,cozaar|50mg|30,cozaar|50mg|30|bio:unknown|brand:cozaar|form:solid-oral,32559,online,true,https://salcobrand.cl/products/cozaar-r-losartan-50mg-30-comprimidos-recubiertos?default_sku=2020301
losartan,cruz-verde,Simperten-D Losartan 100 mg 30 Comprimidos Recubierto,Simperten-D Losartan 100 mg 30 Comprimidos Recubierto,null,simpertend,100mg,30,30,null,solid-oral,null,simpertend|100mg|30,simpertend|100mg|30|bio:unknown|brand:unknown|form:solid-oral,32740,store,true,https://www.cruzverde.cl/simperten-d-losartan-100-mg-30-comprimidos-recubierto/1500.html
losartan,salcobrand,Cozaar (R) Losartán 100mg 30 Comprimidos Recubiertos,Cozaar (R) Losartán 100mg 30 Comprimidos Recubiertos,Cozaar,cozaar,100mg,30,30,null,solid-oral,null,cozaar|100mg|30,cozaar|100mg|30|bio:unknown|brand:cozaar|form:solid-oral,33263,online,true,https://salcobrand.cl/products/cozaar-r-losartan-100mg-30-comprimidos-recubiertos?default_sku=2020082
metformina,ecofarmacias,Metformina Clorhidrato 850mg x 30 Comprimidos,Metformina Clorhidrato 850mg x 30 Comprimidos,null,metformina,850mg,30,30,null,solid-oral,null,metformina|850mg|30,metformina|850mg|30|bio:true|brand:unknown|form:solid-oral,1690,store,false,https://www.ecofarmacias.cl/producto/metformina-clorhidrato-850mg-x-30-comprimidos/
metformina,ecofarmacias,Metformina 850 mg x 60 comprimidos (Cenabast),Metformina 850 mg x 60 comprimidos (Cenabast),null,metformina,850mg,60,60,null,solid-oral,null,metformina|850mg|60,metformina|850mg|60|bio:true|brand:unknown|form:solid-oral,1930,store,false,https://www.ecofarmacias.cl/producto/metformina-850-mg-x-60-comprimidos-cenabast/
metformina,ahumada,Metformina Clorhidrato 850 mg x 60 Comprimidos,Metformina 850 mg x 60 comprimidos (Cenabast),null,metformina,850mg,60,60,null,solid-oral,null,metformina|850mg|60,metformina|850mg|60|bio:true|brand:unknown|form:solid-oral,6290,store,true,https://www.farmaciasahumada.cl/metformina-clorhidrato-850-mg-x-60-comprimidos-96812.html
metformina,ecofarmacias,Metformina 1000mg x 30 Comp. de Liberación Prolongada DESCUENTO,Metformina 1000mg x 30 Comp. de Liberación Prolongada DESCUENTO,null,metformina,1000mg,30,30,null,solid-oral,null,metformina|1000mg|30,metformina|1000mg|30|bio:true|brand:unknown|form:solid-oral,1980,store,false,https://www.ecofarmacias.cl/producto/metformina-1000mg-x-30-comp-de-liberacion-prolongada-descuento/
metformina,araucomed,Metformina XR 500 mg x 30 comprimidos. Caplin Point (Cenabast),Metformina XR 500 mg x 30 comprimidos. Caplin Point (Cenabast),Ascend,metformina,500mg,30,30,xr,solid-oral,null,metformina|500mg|30,metformina|500mg|30|bio:unknown|brand:ascend|var:xr|form:solid-oral,1990,store,true,https://farmacia.araucomed.com/hipoglicemiantes/metformina-xr-500-mg-x-30-comprimidos-caplin-point-cenabast
metformina,easyfarma,Metformina 850 Mg 30 Comp....,Metformina 850 Mg 30 Comp....,null,metformina,850mg,30,30,null,solid-oral,null,metformina|850mg|30,metformina|850mg|30|bio:unknown|brand:opko|form:solid-oral,1990,store,true,https://nuevo.easyfarma.cl/105155-metformina-850-mg-30-comp-recubiertos-opko.html
metformina,ecofarmacias,Metformina Clorhidrato 500 mg x 30 Comprimidos (cenabast),Metformina Clorhidrato 500 mg x 30 Comprimidos (cenabast),null,metformina,500mg,30,30,null,solid-oral,null,metformina|500mg|30,metformina|500mg|30|bio:true|brand:unknown|form:solid-oral,2080,store,true,https://www.ecofarmacias.cl/producto/metformina-clorhidrato-500-mg-x-30-comprimidos-cenabast/
metformina,farmex,Metformina 850 mg x 60 comprimidos.,Metformina 850 mg 60 Comprimidos,null,metformina,850mg,60,60,null,solid-oral,null,metformina|850mg|60,metformina|850mg|60|bio:unknown|brand:unknown|form:solid-oral,2318,store,true,https://farmex.cl/products/metformina-850-mg-x-60-comprimidos?_pos=10&_psq=metformina&_psid=6c159fb61&_ss=e
metformina,cruz-verde,Metformina 850 mg 60 Comprimidos,Metformina 850 mg 60 Comprimidos,null,metformina,850mg,60,60,null,solid-oral,null,metformina|850mg|60,metformina|850mg|60|bio:unknown|brand:unknown|form:solid-oral,6990,store,true,https://www.cruzverde.cl/metformina-850-mg-60-comprimidos/270505.html
metformina,ecofarmacias,Metformina Clorhidrato750 mg x 30 Comprimidos (Cenabast) DESCUENTO,Metformina Clorhidrato750 mg x 30 Comprimidos (Cenabast) DESCUENTO,null,metformina,750mg,30,30,null,solid-oral,null,metformina|750mg|30,metformina|750mg|30|bio:unknown|brand:unknown|form:solid-oral,2390,store,false,https://www.ecofarmacias.cl/producto/metformina-clorhidrato750-mg-x-30-comprimidos-cenabast-descuento/
metformina,easyfarma,Metformina Clorhidrato 850...,Metformina Clorhidrato 850...,null,metformina,null,null,null,null,null,null,metformina,metformina|bio:unknown|brand:unknown,2490,store,true,https://nuevo.easyfarma.cl/104747-metformina-clorhidrato-850-mg-x-30-comp.html
metformina,araucomed,Metformina XR 750 mg x 30 comprimidos. (CuraeSpring),Metformina XR 750 mg x 30 comprimidos. (CuraeSpring),MDC Health,metformina,750mg,30,30,xr,solid-oral,null,metformina|750mg|30,metformina|750mg|30|bio:unknown|brand:mdchealth|var:xr|form:solid-oral,2500,store,true,https://farmacia.araucomed.com/hipoglicemiantes/metformina-xr-750-mg-x-30-comprimidos-curaespring
metformina,dr-simi,Metformina 850 mg 30 comprimidos recubiertos,Metformina 850 mg 30 comprimidos recubiertos,ASCEND,metformina,850mg,30,30,null,solid-oral,null,metformina|850mg|30,metformina|850mg|30|bio:true|brand:ascend|form:solid-oral,2600,store,true,https://www.drsimi.cl/metformina-clorhidrato-850-mg-30-comprimidos-be0001/p
metformina,araucomed,Metformina XR 1000 mg x 30 comprimidos. (CuraeSpring),Metformina XR 1000 mg x 30 comprimidos. (CuraeSpring),MDC Health,metformina,1000mg,30,30,xr,solid-oral,null,metformina|1000mg|30,metformina|1000mg|30|bio:unknown|brand:mdchealth|var:xr|form:solid-oral,2990,store,true,https://farmacia.araucomed.com/hipoglicemiantes/metformina-xr-1000-mg-x-30-comprimidos-curaespring
metformina,cruz-verde,Metformina 850 mg 30 Comprimidos,Metformina 850 mg 30 Comprimidos,null,metformina,850mg,30,30,null,solid-oral,null,metformina|850mg|30,metformina|850mg|30|bio:unknown|brand:unknown|form:solid-oral,3390,store,true,https://www.cruzverde.cl/metformina-850-mg-30-comprimidos/270506.html
metformina,salcobrand,Metformina (B) 850mg 30 Comprimidos Recubiertos,Metformina (B) 850mg 30 Comprimidos Recubiertos,Metformina,metformina,850mg,30,30,null,solid-oral,null,metformina|850mg|30,metformina|850mg|30|bio:unknown|brand:metformina|form:solid-oral,3431,online,true,https://salcobrand.cl/products/metformina-b-850mg-30-comprimidos-recubiertos?default_sku=36054
metformina,dr-simi,Metformina 850 mg 60 comprimidos,Metformina 850 mg 60 comprimidos,TEVA,metformina,850mg,60,60,null,solid-oral,null,metformina|850mg|60,metformina|850mg|60|bio:true|brand:teva|form:solid-oral,3529,store,false,https://www.drsimi.cl/metformina-850-mg-60-comprimidos-be0294/p
metformina,easyfarma,Metformina Clorhidrato 850...,Metformina Clorhidrato 850...,null,metformina,null,null,null,null,null,null,metformina,metformina|bio:unknown|brand:andromaco,3990,store,true,https://nuevo.easyfarma.cl/103319-metformina-clorhidrato-850-mg-60-comprimidos-andromaco.html
metformina,dr-simi,Glimefor XR metformina 500 mg 30 comprimidos de liberación prolongada,Glimefor XR metformina 500 mg 30 comprimidos de liberación prolongada,ASCEND,glimefor,500mg,30,30,xr,solid-oral,null,glimefor|500mg|30,glimefor|500mg|30|bio:true|brand:ascend|var:xr|form:solid-oral,4400,store,true,https://www.drsimi.cl/metformina-500-mg-30-comp-recubiertos-liberacion-prolongada/p
metformina,dr-simi,Glaupax 500 metformina 500 mg 30 comprimidos recubiertos,Glaupax 500 metformina 500 mg 30 comprimidos recubiertos,PASTEUR,glaupax,500mg,30,30,null,solid-oral,null,glaupax|500mg|30,glaupax|500mg|30|bio:true|brand:pasteur|form:solid-oral,4480,store,true,https://www.drsimi.cl/glaupax-500-metformina-500-mg-30-comprimidos/p
metformina,sermecoop,Glaupax Xr (metformina) 500mg 30 Comprimidos,Glaupax Xr (metformina) 500mg 30 Comprimidos,null,glaupax,500mg,30,30,xr,solid-oral,null,glaupax|500mg|30,glaupax|500mg|30|bio:true|brand:unknown|var:xr|form:solid-oral,4990,store,true,https://www.farmaciasermecoop.cl/index.php/online/detalleproducto?p_=7773&d_=1
metformina,ahumada,Glaupax XR 500 mg x 30 Comprimidos de Liberación Prolongada,Glaupax Xr (metformina) 500mg 30 Comprimidos,null,glaupax,500mg,30,30,xr,solid-oral,null,glaupax|500mg|30,glaupax|500mg|30|bio:true|brand:unknown|var:xr|form:solid-oral,8989,store,true,https://www.farmaciasahumada.cl/glaupax-xr-500-mg-x-30-comprimidos-de-liberacion-prolongada-86619.html
metformina,ecofarmacias,Glimefor XR Metformina 500 mg x 30 Comprimidos,Glimefor XR Metformina 500 mg x 30 Comprimidos,null,glimefor,500mg,30,30,xr,solid-oral,null,glimefor|500mg|30,glimefor|500mg|30|bio:true|brand:unknown|var:xr|form:solid-oral,4990,store,false,https://www.ecofarmacias.cl/producto/glimefor-xr-metformina-500-mg-x-30-comprimidos/
metformina,farmex,Metformina Lp 500 mg x 30 comprimidos,Metformina Lp 500 mg x 30 comprimidos,ASCEND,metformina,500mg,30,30,lp,solid-oral,null,metformina|500mg|30,metformina|500mg|30|bio:unknown|brand:ascend|var:lp|form:solid-oral,4990,store,true,https://farmex.cl/products/metformina-liberacion-prolongada-500-mg-x-30-comp-ascend?_pos=2&_psq=metformina&_psid=6c159fb61&_ss=e
metformina,salcobrand,Metformina (B) 850mg 60 Comprimidos,Metformina (B) 850mg 60 Comprimidos,Metformina,metformina,850mg,60,60,null,solid-oral,null,metformina|850mg|60,metformina|850mg|60|bio:unknown|brand:metformina|form:solid-oral,5279,online,true,https://salcobrand.cl/products/metformina-b-850mg-60-comprimidos?default_sku=435930
metformina,ahumada,Glicenex 500 mg x 30 Comprimidos Recubiertos,Glicenex 500 mg x 30 Comprimidos Recubiertos,null,glicenex,500mg,30,30,null,solid-oral,null,glicenex|500mg|30,glicenex|500mg|30|bio:true|brand:unknown|form:solid-oral,5687,store,true,https://www.farmaciasahumada.cl/glicenex-500-mg-x-30-comprimidos-recubiertos-42616.html
metformina,ahumada,Glaupax 850 mg x 30 Comprimidos Recubiertos,Glaupax 850 mg x 30 Comprimidos Recubiertos,null,glaupax,850mg,30,30,null,solid-oral,null,glaupax|850mg|30,glaupax|850mg|30|bio:true|brand:unknown|form:solid-oral,5752,store,true,https://www.farmaciasahumada.cl/glaupax-850-mg-x-30-comprimidos-recubiertos-87844.html
metformina,dr-simi,Glucosan XR 750 metformina 750 mg 30 comprimidos de liberación prolongada,Glucosan XR 750 metformina 750 mg 30 comprimidos de liberación prolongada,SANITAS,glucosan,750mg,30,30,xr,solid-oral,null,glucosan|750mg|30,glucosan|750mg|30|bio:true|brand:sanitas|var:xr|form:solid-oral,6000,store,true,https://www.drsimi.cl/metformina-750-mg-30-comprimidos-recubiertos-de-liberacion-prolongada-be0094-1/p
metformina,ahumada,Glaupax 500 mg x 30 Comprimidos Recubiertos,Glaupax 500 mg x 30 Comprimidos Recubiertos,null,glaupax,500mg,30,30,null,solid-oral,null,glaupax|500mg|30,glaupax|500mg|30|bio:true|brand:unknown|form:solid-oral,6168,store,true,https://www.farmaciasahumada.cl/glaupax-500-mg-x-30-comprimidos-recubiertos-87845.html
metformina,cruz-verde,Glimefor 850 Metformina 850 mg 30 Comprimidos Recubiertos,Glimefor 850 Metformina 850 mg 30 Comprimidos Recubiertos,null,glimefor,850mg,30,30,null,solid-oral,null,glimefor|850mg|30,glimefor|850mg|30|bio:unknown|brand:unknown|form:solid-oral,6390,store,true,https://www.cruzverde.cl/glimefor-850-metformina-850-mg-30-comprimidos-recubiertos/298014.html
metformina,ecofarmacias,Glimefor 1000 Metformina 1000 mg x 30 Comp. (Cenabast),Glimefor 1000 Metformina 1000 mg x 30 Comp. (Cenabast),null,glimefor,1000mg,30,30,null,solid-oral,null,glimefor|1000mg|30,glimefor|1000mg|30|bio:true|brand:unknown|form:solid-oral,6460,store,true,https://www.ecofarmacias.cl/producto/glimefor-1000-metformina-1000-mg-x-30-comp-cenabast/
metformina,araucomed,Metformina XR 1000 mg x 60 comprimidos. Ascend (Cenabast),Metformina XR 1000 mg x 60 comprimidos. Ascend (Cenabast),Ascend,metformina,1000mg,60,60,xr,solid-oral,null,metformina|1000mg|60,metformina|1000mg|60|bio:unknown|brand:ascend|var:xr|form:solid-oral,6990,store,true,https://farmacia.araucomed.com/hipoglicemiantes/metformina-xr-1000-mg-x-60-comprimidos-ascend-cenabast
metformina,araucomed,Glimefor XR 1000 mg x 30 comprimidos.,Glimefor XR 1000 mg x 30 comprimidos.,Ascend,glimefor,1000mg,30,30,xr,solid-oral,null,glimefor|1000mg|30,glimefor|1000mg|30|bio:unknown|brand:ascend|var:xr|form:solid-oral,6990,store,true,https://farmacia.araucomed.com/hipoglicemiantes/glimefor-xr-1000-mg-x-30-comprimidos
metformina,araucomed,Glucosan XR 1000 mg x 30 comprimidos.,Glucosan XR 1000 mg x 30 comprimidos.,Sanitas,glucosan,1000mg,30,30,xr,solid-oral,null,glucosan|1000mg|30,glucosan|1000mg|30|bio:unknown|brand:sanitas|var:xr|form:solid-oral,6990,store,true,https://farmacia.araucomed.com/hipoglicemiantes/glucosan-xr-1000mg-x30com
metformina,ahumada,Glucophage 500 mg x 30 Comprimidos Recubiertos,Glucophage Metformina 500 mg 30 Comprimidos,null,glucophage,500mg,30,30,null,solid-oral,null,glucophage|500mg|30,glucophage|500mg|30|bio:unknown|brand:unknown|form:solid-oral,7019,store,true,https://www.farmaciasahumada.cl/glucophage-500-mg-x-30-comprimidos-recubiertos-17228.html
metformina,cruz-verde,Glucophage Metformina 500 mg 30 Comprimidos,Glucophage Metformina 500 mg 30 Comprimidos,null,glucophage,500mg,30,30,null,solid-oral,null,glucophage|500mg|30,glucophage|500mg|30|bio:unknown|brand:unknown|form:solid-oral,10990,store,true,https://www.cruzverde.cl/glucophage-metformina-500-mg-30-comprimidos/57206.html
metformina,farmex,Metformina Lp 1000 mg x 30 comprimidos,Metformina Lp 1000 mg x 30 comprimidos,ASCEND,metformina,1000mg,30,30,lp,solid-oral,null,metformina|1000mg|30,metformina|1000mg|30|bio:unknown|brand:ascend|var:lp|form:solid-oral,7790,store,true,https://farmex.cl/products/metformina-1000-mg-lp-x-30-comprimidos-ascend?_pos=1&_psq=metformina&_psid=6c159fb61&_ss=e
metformina,ahumada,Glicenex SR 500 mg x 30 Comprimidos de Liberación Prolongada,Glicenex SR 500 mg x 30 Comprimidos de Liberación Prolongada,null,glicenex,500mg,30,30,sr,solid-oral,null,glicenex|500mg|30,glicenex|500mg|30|bio:true|brand:unknown|var:sr|form:solid-oral,7962,store,true,https://www.farmaciasahumada.cl/glicenex-sr-500-mg-x-30-comprimidos-de-liberacion-prolongada-65249.html
metformina,ahumada,Glicenex 850 mg x 30 Comprimidos Recubiertos,Glicenex 850 mg x 30 Comprimidos Recubiertos,null,glicenex,850mg,30,30,null,solid-oral,null,glicenex|850mg|30,glicenex|850mg|30|bio:true|brand:unknown|form:solid-oral,8254,store,true,https://www.farmaciasahumada.cl/glicenex-850-mg-x-30-comprimidos-recubiertos-49492.html
metformina,araucomed,Glicenex SR 500 mg x 30 comprimidos.,Glicenex SR 500 mg x 30 comprimidos.,Bagó,glicenex,500mg,30,30,sr,solid-oral,null,glicenex|500mg|30,glicenex|500mg|30|bio:unknown|brand:bago|var:sr|form:solid-oral,8490,store,true,https://farmacia.araucomed.com/hipoglicemiantes/glicenex-sr-500mg-x-30com
metformina,cruz-verde,Glicenex Metformina 500 mg Comprimidos Recubiertos,Glicenex Metformina 500 mg Comprimidos Recubiertos,null,glicenex,500mg,null,null,null,solid-oral,null,glicenex|500mg,glicenex|500mg|bio:unknown|brand:unknown|form:solid-oral,8740,store,true,https://www.cruzverde.cl/glicenex-metformina-500-mg-comprimidos-recubiertos/253774.html
metformina,salcobrand,Diametina XR (B) Metformina 500mg 30 Comprimidos Prolongados,Diametina XR (B) Metformina 500mg 30 Comprimidos Prolongados,Diametina XR,diametina,500mg,30,30,xr,solid-oral,null,diametina|500mg|30,diametina|500mg|30|bio:unknown|brand:diametinaxr|var:xr|form:solid-oral,8887,online,true,https://salcobrand.cl/products/diametina-xr-b-metformina-500mg-30-comprimidos-prolongados?default_sku=589547
metformina,araucomed,Glicenex SR 1000 mg x 30 comprimidos.,Glicenex SR 1000 mg x 30 comprimidos.,Bagó,glicenex,1000mg,30,30,sr,solid-oral,null,glicenex|1000mg|30,glicenex|1000mg|30|bio:unknown|brand:bago|var:sr|form:solid-oral,8990,store,true,https://farmacia.araucomed.com/hipoglicemiantes/glicenex-sr-1000mg-x-30com
metformina,dr-simi,Glimefor XR metformina 1000 mg 30 comprimidos de liberación prolongada,Glimefor XR metformina 1000 mg 30 comprimidos de liberación prolongada,ASCEND,glimefor,1000mg,30,30,xr,solid-oral,null,glimefor|1000mg|30,glimefor|1000mg|30|bio:true|brand:ascend|var:xr|form:solid-oral,9000,store,true,https://www.drsimi.cl/glimefor-xr-metformina-1000-mg-30-comprimidos-de-liberacion-prolongada/p
metformina,cruz-verde,Glaupax 500 Metformina 500 mg 30 Comprimidos Recubiertoss,Glaupax 500 Metformina 500 mg 30 Comprimidos Recubiertoss,null,glaupax,500mg,30,30,null,solid-oral,null,glaupax|500mg|30,glaupax|500mg|30|bio:unknown|brand:unknown|form:solid-oral,9480,store,true,https://www.cruzverde.cl/glaupax-500-metformina-500-mg-30-comprimidos-recubiertoss/272597.html
metformina,ecofarmacias,Glucosan XR Metformina Clorhidrato 750 mg x 60 Comp. Recubiertos,Glucosan XR 750 mg x 60 Comprimidos Recubiertos,null,glucosan,750mg,60,60,xr,solid-oral,null,glucosan|750mg|60,glucosan|750mg|60|bio:true|brand:unknown|var:xr|form:solid-oral,9980,store,true,https://www.ecofarmacias.cl/producto/glucosan-xr-metformina-clorhidrato-750-mg-x-60-comp-recubiertos/
metformina,ahumada,Glucosan XR 750 mg x 60 Comprimidos Recubiertos,Glucosan XR 750 mg x 60 Comprimidos Recubiertos,null,glucosan,750mg,60,60,xr,solid-oral,null,glucosan|750mg|60,glucosan|750mg|60|bio:true|brand:unknown|var:xr|form:solid-oral,14000,store,true,https://www.farmaciasahumada.cl/glucosan-xr-750-mg-x-60-comprimidos-recubiertos-88978.html
metformina,sermecoop,Glaupax Xr (metformina) 1000mg 30 Comprimidos,Glaupax Xr (metformina) 1000mg 30 Comprimidos,null,glaupax,1000mg,30,30,xr,solid-oral,null,glaupax|1000mg|30,glaupax|1000mg|30|bio:true|brand:unknown|var:xr|form:solid-oral,9990,store,true,https://www.farmaciasermecoop.cl/index.php/online/detalleproducto?p_=7774&d_=1
metformina,ahumada,Glaupax XR 1000 mg 30 Comprimidos de Liberación Prolongada,Glaupax Xr (metformina) 1000mg 30 Comprimidos,null,glaupax,1000mg,30,30,xr,solid-oral,null,glaupax|1000mg|30,glaupax|1000mg|30|bio:true|brand:unknown|var:xr|form:solid-oral,11992,store,true,https://www.farmaciasahumada.cl/glaupax-xr-1000-mg-30-comprimidos-de-liberacion-prolongada-86621.html
metformina,easyfarma,Diametina XR 1000 MG X 30...,Diametina XR 1000 MG X 30...,null,diametina,1000mg,30,30,xr,null,null,diametina|1000mg|30,diametina|1000mg|30|bio:unknown|brand:unknown|var:xr,9990,store,true,https://nuevo.easyfarma.cl/105232-diametina-xr-1000-mg-x-30-comp-lp.html
metformina,ahumada,Glicenex SR 1000 mg 30 Comprimidos de Liberación Prolongada,Glicenex SR 1000 mg 30 Comprimidos de Liberación Prolongada,null,glicenex,1000mg,30,30,sr,solid-oral,null,glicenex|1000mg|30,glicenex|1000mg|30|bio:true|brand:unknown|var:sr|form:solid-oral,10757,store,true,https://www.farmaciasahumada.cl/glicenex-sr-1000-mg-30-comprimidos-de-liberacion-prolongada-87201.html
metformina,salcobrand,Glaupax XR (B) Metformina 500mg 30 Comprimidos Prolongados,Glaupax XR (B) Metformina 500mg 30 Comprimidos Prolongados,Glaupax,glaupax,500mg,30,30,xr,solid-oral,null,glaupax|500mg|30,glaupax|500mg|30|bio:unknown|brand:glaupax|var:xr|form:solid-oral,10787,online,true,https://salcobrand.cl/products/glaupax-xr-b-metformina-500mg-30-comprimidos-prolongados?default_sku=2501230
metformina,farmex,Metformina Lp 750 mg x 30 comprimidos,Metformina Lp 750 mg x 30 comprimidos,ASCEND,metformina,750mg,30,30,lp,solid-oral,null,metformina|750mg|30,metformina|750mg|30|bio:unknown|brand:ascend|var:lp|form:solid-oral,10795,store,true,https://farmex.cl/products/metformina-750-mg-lp-x-30-comp?_pos=8&_psq=metformina&_psid=6c159fb61&_ss=e
metformina,ahumada,Glafornil XR 500 mg 30 Comprimidos de Liberación Prolongada,Glafornil XR 500 mg 30 Comprimidos de Liberación Prolongada,null,glafornil,500mg,30,30,xr,solid-oral,null,glafornil|500mg|30,glafornil|500mg|30|bio:unknown|brand:unknown|var:xr|form:solid-oral,11212,store,true,https://www.farmaciasahumada.cl/glafornil-xr-500-mg-30-comprimidos-de-liberacion-prolongada-41132.html
metformina,farmex,Glafornil XR Metformina 500 mg x 30 comprimidos,Glafornil XR Metformina 500 mg x 30 comprimidos,MERCK,glafornil,500mg,30,30,xr,solid-oral,null,glafornil|500mg|30,glafornil|500mg|30|bio:unknown|brand:merck|var:xr|form:solid-oral,11490,store,true,https://farmex.cl/products/glafornil-xr-500-mg-x-30-comprimidos?_pos=4&_psq=metformina&_psid=6c159fb61&_ss=e
metformina,ecofarmacias,Hipoglucin 850g metformina clorhidrato x 60 comp.Lab Chile DESCUENTO,Hipoglucin 850g metformina clorhidrato x 60 comp.Lab Chile DESCUENTO,null,hipoglucin,850000mg,60,60,null,solid-oral,null,hipoglucin|850000mg|60,hipoglucin|850000mg|60|bio:true|brand:unknown|form:solid-oral,11690,store,false,https://www.ecofarmacias.cl/producto/hipoglucin-850g-metformina-clorhidrato-x-60-comprimidos-lab-chile-descuento/
metformina,ecofarmacias,Glucosan XR metformina clorhidrato 1000 mg x 60 comp. DESCUENTO,Glucosan XR metformina clorhidrato 1000 mg x 60 comp. DESCUENTO,null,glucosan,1000mg,60,60,xr,solid-oral,null,glucosan|1000mg|60,glucosan|1000mg|60|bio:true|brand:unknown|var:xr|form:solid-oral,11990,store,false,https://www.ecofarmacias.cl/producto/glucosan-xr-metformina-clorhidrato-1000-mg-x-60-comp-descuento/
metformina,ahumada,Glucosan XR 1000 mg x 60 Comprimidos Recubiertos de Liberación Prolongada,Glucosan XR metformina clorhidrato 1000 mg x 60 comp. DESCUENTO,null,glucosan,1000mg,60,60,xr,solid-oral,null,glucosan|1000mg|60,glucosan|1000mg|60|bio:true|brand:unknown|var:xr|form:solid-oral,20292,store,true,https://www.farmaciasahumada.cl/glucosan-xr-1000-mg-x-60-comprimidos-recubiertos-de-liberacion-prolongada-93866.html
metformina,easyfarma,Glafornil 500 30 Comp Lab...,Glafornil 500 30 Comp Lab...,null,glafornil,null,30,30,null,solid-oral,null,glafornil|30,glafornil|30|bio:unknown|brand:unknown|form:solid-oral,11990,store,true,https://nuevo.easyfarma.cl/25933-glafornil-500mg-x-30.html
metformina,easyfarma,Glafornil XR 500 mg 30...,Glafornil XR 500 mg 30...,null,glafornil,500mg,null,null,xr,null,null,glafornil|500mg,glafornil|500mg|bio:unknown|brand:unknown|var:xr,11990,store,true,https://nuevo.easyfarma.cl/25944-glafornil-xr-500mg-x-30.html
metformina,ahumada,Glifortex XR 750 mg x 30 Comprimidos Recubiertos de Liberación Prolongada,Glifortex XR 750 mg x 30 Comprimidos Recubiertos de Liberación Prolongada,null,glifortex,750mg,30,30,xr,solid-oral,null,glifortex|750mg|30,glifortex|750mg|30|bio:true|brand:unknown|var:xr|form:solid-oral,12024,store,true,https://www.farmaciasahumada.cl/glifortex-xr-750-mg-x-30-comprimidos-recubiertos-de-liberacion-prolongada-76548.html
metformina,salcobrand,Hipoglucin 500 LP (B) Metformina 500mg 30 Comprimidos Prolongados,Hipoglucin 500 LP (B) Metformina 500mg 30 Comprimidos Prolongados,Hipoglucin,hipoglucin,500mg,30,30,lp,solid-oral,null,hipoglucin|500mg|30,hipoglucin|500mg|30|bio:unknown|brand:hipoglucin|var:lp|form:solid-oral,12079,online,true,https://salcobrand.cl/products/hipoglucin-500-lp-b-metformina-500mg-30-comprimidos-prolongados?default_sku=439566
metformina,ahumada,Glaupax XR 750 mg 30 Comprimidos de Liberación Prolongada,Glaupax XR 750 mg 30 Comprimidos de Liberación Prolongada,null,glaupax,750mg,30,30,xr,solid-oral,null,glaupax|750mg|30,glaupax|750mg|30|bio:true|brand:unknown|var:xr|form:solid-oral,12479,store,true,https://www.farmaciasahumada.cl/glaupax-xr-750-mg-30-comprimidos-de-liberacion-prolongada-86620.html
metformina,farmex,Glifortex XR Metformina 1000 mg x 30 comprimidos de Liberación Prolongada,Glifortex XR Metformina 1000 mg x 30 comprimidos de Liberación Prolongada,ANDROMACO,glifortex,1000mg,30,30,xr,solid-oral,null,glifortex|1000mg|30,glifortex|1000mg|30|bio:unknown|brand:andromaco|var:xr|form:solid-oral,13190,store,true,https://farmex.cl/products/glifortex-xr-1000-mg-x-30-comprimidos-de-liberacion-prolongada?_pos=9&_psq=metformina&_psid=6c159fb61&_ss=e
metformina,araucomed,Glafornil 850mg x30com.,Glafornil 850mg x30com.,null,glafornil,850mg,30,30,null,solid-oral,null,glafornil|850mg|30,glafornil|850mg|30|bio:unknown|brand:unknown|form:solid-oral,13490,store,true,https://farmacia.araucomed.com/hipoglicemiantes/glafornil-850mg-x30com
metformina,ahumada,Glafornil 850 mg x 30 Comprimidos Recubiertos,Glafornil 850mg x30com.,null,glafornil,850mg,30,30,null,solid-oral,null,glafornil|850mg|30,glafornil|850mg|30|bio:unknown|brand:unknown|form:solid-oral,15918,store,true,https://www.farmaciasahumada.cl/glafornil-850-mg-x-30-comprimidos-recubiertos-9272.html
metformina,easyfarma,Glafornil 850 mg 30 comp....,Glafornil 850mg x30com.,null,glafornil,850mg,30,30,null,solid-oral,null,glafornil|850mg|30,glafornil|850mg|30|bio:unknown|brand:unknown|form:solid-oral,15990,store,true,https://nuevo.easyfarma.cl/25931-glafornil-850mg-x-30.html
metformina,ecofarmacias,Glifortex Metformina 850 mg x 60 comprimidos,Glifortex Metformina 850 mg x 60 comprimidos,null,glifortex,850mg,60,60,null,solid-oral,null,glifortex|850mg|60,glifortex|850mg|60|bio:true|brand:unknown|form:solid-oral,13690,store,true,https://www.ecofarmacias.cl/producto/glifortex-metformina-850-mg-x-60-comprimidos/
metformina,cruz-verde,Glimefor XR Metformina 500 mg 30 Comprimidos,Glimefor XR Metformina 500 mg 30 Comprimidos,null,glimefor,500mg,30,30,xr,solid-oral,null,glimefor|500mg|30,glimefor|500mg|30|bio:unknown|brand:unknown|var:xr|form:solid-oral,13790,store,true,https://www.cruzverde.cl/glimefor-xr-metformina-500-mg-30-comprimidos/296291.html
metformina,cruz-verde,Glimefor XR Metformina de Liberación Prolongada 1000 mg 30 Comprimidos,Glimefor XR Metformina de Liberación Prolongada 1000 mg 30 Comprimidos,null,glimefor,1000mg,30,30,xr,solid-oral,null,glimefor|1000mg|30,glimefor|1000mg|30|bio:unknown|brand:unknown|var:xr|form:solid-oral,13990,store,true,https://www.cruzverde.cl/glimefor-xr-metformina-de-liberacion-prolongada-1000-mg-30-comprimidos/400036.html
metformina,ahumada,Glicenex SR 750 mg x 30 Comprimidos de Liberación Prolongada,Glicenex SR 750 mg x 30 Comprimidos de Liberación Prolongada,null,glicenex,750mg,30,30,sr,solid-oral,null,glicenex|750mg|30,glicenex|750mg|30|bio:true|brand:unknown|var:sr|form:solid-oral,14007,store,true,https://www.farmaciasahumada.cl/glicenex-sr-750-mg-x-30-comprimidos-de-liberacion-prolongada-65291.html
metformina,ahumada,Glucophage 850 mg x 30 Comprimidos Recubiertos,Glucophage Metformina 850 mg 30 Comprimidos,null,glucophage,850mg,30,30,null,solid-oral,null,glucophage|850mg|30,glucophage|850mg|30|bio:unknown|brand:unknown|form:solid-oral,14026,store,true,https://www.farmaciasahumada.cl/glucophage-850-mg-x-30-comprimidos-recubiertos-1670.html
metformina,cruz-verde,Glucophage Metformina 850 mg 30 Comprimidos,Glucophage Metformina 850 mg 30 Comprimidos,null,glucophage,850mg,30,30,null,solid-oral,null,glucophage|850mg|30,glucophage|850mg|30|bio:unknown|brand:unknown|form:solid-oral,21990,store,true,https://www.cruzverde.cl/glucophage-metformina-850-mg-30-comprimidos/57169.html
metformina,salcobrand,Glicenex SR (B) Metformina 1000mg 30 Comprimidos Prolongados,Glicenex SR (B) Metformina 1000mg 30 Comprimidos Prolongados,Glicenex,glicenex,1000mg,30,30,sr,solid-oral,null,glicenex|1000mg|30,glicenex|1000mg|30|bio:unknown|brand:glicenex|var:sr|form:solid-oral,14079,online,true,https://salcobrand.cl/products/glicenex-sr-b-metformina-1000mg-30-comprimidos-prolongados?default_sku=2590369
metformina,cruz-verde,Glaupax XR Metformina 500 mg 30 Comprimidos,Glaupax XR Metformina 500 mg 30 Comprimidos,null,glaupax,500mg,30,30,xr,solid-oral,null,glaupax|500mg|30,glaupax|500mg|30|bio:unknown|brand:unknown|var:xr|form:solid-oral,14390,store,true,https://www.cruzverde.cl/glaupax-xr-metformina-500-mg-30-comprimidos/288667.html
metformina,farmex,Hipoglucin LP Metformina 1000 mg x 30 comprimidos,Hipoglucin LP Metformina 1000 mg x 30 comprimidos,CHILE,hipoglucin,1000mg,30,30,lp,solid-oral,null,hipoglucin|1000mg|30,hipoglucin|1000mg|30|bio:unknown|brand:chile|var:lp|form:solid-oral,14390,store,true,https://farmex.cl/products/hipoglucin-tabletas-liberacion-prolongada-metformina-1000?_pos=5&_psq=metformina&_psid=6c159fb61&_ss=e
metformina,salcobrand,Hipoglucin LP (B) Metformina 750mg 30 Comprimidos Prolongados,Hipoglucin LP (B) Metformina 750mg 30 Comprimidos Prolongados,Hipoglucin,hipoglucin,750mg,30,30,lp,solid-oral,null,hipoglucin|750mg|30,hipoglucin|750mg|30|bio:unknown|brand:hipoglucin|var:lp|form:solid-oral,14479,online,true,https://salcobrand.cl/products/hipoglucin-lp-b-metformina-750mg-30-comprimidos-prolongados?default_sku=437151
metformina,ahumada,Glifortex XR 1000 mg x 30 Comprimidos Recubiertos de Liberación Prolongada,Glifortex XR 1000 mg x 30 Comprimidos Recubiertos de Liberación Prolongada,null,glifortex,1000mg,30,30,xr,solid-oral,null,glifortex|1000mg|30,glifortex|1000mg|30|bio:true|brand:unknown|var:xr|form:solid-oral,14657,store,true,https://www.farmaciasahumada.cl/glifortex-xr-1000-mg-x-30-comprimidos-recubiertos-de-liberacion-prolongada-76549.html
metformina,salcobrand,Hipoglucin LP (B) Metformina 500mg 60 Comprimidos Prolongados,Hipoglucin LP (B) Metformina 500mg 60 Comprimidos Prolongados,Hipoglucin,hipoglucin,500mg,60,60,lp,solid-oral,null,hipoglucin|500mg|60,hipoglucin|500mg|60|bio:unknown|brand:hipoglucin|var:lp|form:solid-oral,14719,online,true,https://salcobrand.cl/products/hipoglucin-lp-b-metformina-500mg-60-comprimidos-prolongados?default_sku=439574
metformina,araucomed,Vildagliptina Metformina 50/850 mg. x 60 comprimidos. Seven Pharma (Cenabast),Vildagliptina Metformina 50/850 mg. x 60 comprimidos. Seven Pharma (Cenabast),Seven Pharma,vildagliptina,850mg,60,60,null,solid-oral,metformina,vildagliptina|850mg|60,vildagliptina|850mg|60|bio:unknown|brand:sevenpharma|combo:metformina|form:solid-oral,14990,store,true,https://farmacia.araucomed.com/hipoglicemiantes/vildagliptina-metformina-50-850-mg-x-60-comprimidos-seven-pharmacenabast
metformina,farmex,"Vildagliptina/Metformina Clorhidrato 50/850 Mg X 60 comprimidos recubiertos ""Ley Cenabast""",Vildagliptina Metformina 50/850 mg. x 60 comprimidos. Seven Pharma (Cenabast),Seven Pharma,vildagliptina,850mg,60,60,null,solid-oral,metformina,vildagliptina|850mg|60,vildagliptina|850mg|60|bio:unknown|brand:sevenpharma|combo:metformina|form:solid-oral,18990,store,true,https://farmex.cl/products/vildagliptina-metformina-clorhidrato-50-850-mg-x-60-comprimidos-recubiertos-ley-cenabast?_pos=7&_psq=metformina&_psid=6c159fb61&_ss=e
metformina,araucomed,Vidaron M 50/1000 mg. x 60 comprimidos. (Cenabast),Vidaron M 50/1000 mg. x 60 comprimidos. (Cenabast),Seven Pharma,vidaron,1000mg,60,60,m,solid-oral,null,vidaron|1000mg|60,vidaron|1000mg|60|bio:unknown|brand:sevenpharma|var:m|form:solid-oral,14990,store,true,https://farmacia.araucomed.com/hipoglicemiantes/vidaron-m-50-1000-mg-x-60-comprimidos-cenabast
metformina,farmex,Hipoglucin Metformina 1 g x 30 comprimidos,Hipoglucin Metformina 1 g x 30 comprimidos,Laboratios Chile,hipoglucin,1000mg,30,30,null,solid-oral,null,hipoglucin|1000mg|30,hipoglucin|1000mg|30|bio:unknown|brand:laboratioschile|form:solid-oral,14990,store,true,https://farmex.cl/products/hipoglucin-1-g-x-30-comprimidos-rec-chile?_pos=3&_psq=metformina&_psid=6c159fb61&_ss=e
metformina,salcobrand,Glaupax XR Metformina 750mg 30 Comprimidos ,Glaupax XR Metformina 750mg 30 Comprimidos ,Glaupax,glaupax,750mg,30,30,xr,solid-oral,null,glaupax|750mg|30,glaupax|750mg|30|bio:unknown|brand:glaupax|var:xr|form:solid-oral,15135,online,true,https://salcobrand.cl/products/glaupax-xr-metformina-750mg-30-comprimidos?default_sku=2501231
metformina,salcobrand,Glaupax XR (B) Metformina 1000mg 30 Comprimidos Prolongados,Glaupax XR (B) Metformina 1000mg 30 Comprimidos Prolongados,Glaupax,glaupax,1000mg,30,30,xr,solid-oral,null,glaupax|1000mg|30,glaupax|1000mg|30|bio:unknown|brand:glaupax|var:xr|form:solid-oral,15743,online,true,https://salcobrand.cl/products/glaupax-xr-b-metformina-1000mg-30-comprimidos-prolongados?default_sku=2501232
metformina,cruz-verde,Glaupax XR Metformina 750 mg 30 Comprimidos de Liberación Prolongada,Glaupax XR Metformina 750 mg 30 Comprimidos de Liberación Prolongada,null,glaupax,750mg,30,30,xr,solid-oral,null,glaupax|750mg|30,glaupax|750mg|30|bio:unknown|brand:unknown|var:xr|form:solid-oral,16240,store,true,https://www.cruzverde.cl/glaupax-xr-metformina-750-mg-30-comprimidos-de-liberacion-prolongada/288668.html
metformina,salcobrand,Glifortex XR (B) Metformina 750mg 30 Comprimidos Prolongados,Glifortex XR (B) Metformina 750mg 30 Comprimidos Prolongados,Glifortex,glifortex,750mg,30,30,xr,solid-oral,null,glifortex|750mg|30,glifortex|750mg|30|bio:unknown|brand:glifortex|var:xr|form:solid-oral,16279,online,true,https://salcobrand.cl/products/glifortex-xr-b-metformina-750mg-30-comprimidos-prolongados?default_sku=37913
metformina,salcobrand,Glafornil XR (R) Metformina 500mg 30 Comprimidos Prolongados,Glafornil XR (R) Metformina 500mg 30 Comprimidos Prolongados,Glafornil,glafornil,500mg,30,30,xr,solid-oral,null,glafornil|500mg|30,glafornil|500mg|30|bio:unknown|brand:glafornil|var:xr|form:solid-oral,16455,online,true,https://salcobrand.cl/products/glafornil-xr-r-metformina-500mg-30-comprimidos-prolongados?default_sku=2010524
metformina,cruz-verde,Glicenex Sr Metformina 1000 mg 30 Comprimidos,Glicenex Sr Metformina 1000 mg 30 Comprimidos,null,glicenex,1000mg,30,30,sr,solid-oral,null,glicenex|1000mg|30,glicenex|1000mg|30|bio:unknown|brand:unknown|var:sr|form:solid-oral,16540,store,true,https://www.cruzverde.cl/glicenex-sr-metformina-1000-mg-30-comprimidos/294111.html
metformina,araucomed,Vildavitae Plus 50/1000 mg. x 60 comprimidos.,Vildavitae Plus 50/1000 mg. x 60 comprimidos.,Galenicum,vildavitae,1000mg,60,60,plus,solid-oral,null,vildavitae|1000mg|60,vildavitae|1000mg|60|bio:unknown|brand:galenicum|var:plus|form:solid-oral,16990,store,true,https://farmacia.araucomed.com/hipoglicemiantes/vildavitae-plus-50-1000-mg-x-60-comprimidos
metformina,salcobrand,Hipoglucin LP (B) Metformina 1000mg 30 Comprimidos Prolongados,Hipoglucin LP (B) Metformina 1000mg 30 Comprimidos Prolongados,Hipoglucin,hipoglucin,1000mg,30,30,lp,solid-oral,null,hipoglucin|1000mg|30,hipoglucin|1000mg|30|bio:unknown|brand:hipoglucin|var:lp|form:solid-oral,17119,online,true,https://salcobrand.cl/products/hipoglucin-lp-b-metformina-1000mg-30-comprimidos-prolongados?default_sku=437569
metformina,ahumada,Glucosan XR 1000 mg x 30 Comprimidos Recubiertos de Liberación Prolongada,Glucosan XR 1000 mg x 30 Comprimidos Recubiertos de Liberación Prolongada,null,glucosan,1000mg,30,30,xr,solid-oral,null,glucosan|1000mg|30,glucosan|1000mg|30|bio:true|brand:unknown|var:xr|form:solid-oral,17991,store,true,https://www.farmaciasahumada.cl/glucosan-xr-1000-mg-x-30-comprimidos-recubiertos-de-liberacion-prolongada-93846.html
metformina,cruz-verde,Glifortex Metformina 850 mg 30 Comprimidos,Glifortex Metformina 850 mg 30 Comprimidos,null,glifortex,850mg,30,30,null,solid-oral,null,glifortex|850mg|30,glifortex|850mg|30|bio:unknown|brand:unknown|form:solid-oral,18190,store,true,https://www.cruzverde.cl/glifortex-metformina-850-mg-30-comprimidos/15401.html
metformina,ecofarmacias,Glimefor XR Metformina de Liberación Prolongada 1000 mg x 60 Comprimidos,Glimefor XR Metformina de Liberación Prolongada 1000 mg x 60 Comprimidos,null,glimefor,1000mg,60,60,xr,solid-oral,null,glimefor|1000mg|60,glimefor|1000mg|60|bio:true|brand:unknown|var:xr|form:solid-oral,18990,store,true,https://www.ecofarmacias.cl/producto/glimefor-xr-metformina-de-liberacion-prolongada-1000-mg-x-60-comprimidos/
metformina,salcobrand,Vildagliptina / Metformina (B) 50/850mg 60 Comprimidos Recubiertos - Cenabast,Vildagliptina / Metformina (B) 50/850mg 60 Comprimidos Recubiertos - Cenabast,Vildagliptina / Metformina,vildagliptina,850mg,60,60,null,solid-oral,metformina,vildagliptina|850mg|60,vildagliptina|850mg|60|bio:unknown|brand:unknown|combo:metformina|form:solid-oral,19030,store,true,https://salcobrand.cl/products/vildagliptina-metformina-b-50-850mg-60-comprimidos-recubiertos?default_sku=592454
metformina,ecofarmacias,Vildagliptina/Metformina Clorhidrato 50/850 x 60 compr. (Cenabast),Vildagliptina/Metformina Clorhidrato 50/850 x 60 compr. (Cenabast),null,vildagliptina,null,60,60,null,null,metformina,vildagliptina|60,vildagliptina|60|bio:true|brand:unknown|combo:metformina,19030,store,true,https://www.ecofarmacias.cl/producto/vildagliptina-metformina-clorhidrato-50-850-x-60-compr-cenabast/
metformina,ecofarmacias,Glafornil XR Metformina 850mg x 30 comp. liberación prolongada DESCUENTO,Glafornil XR Metformina 850mg x 30 comp. liberación prolongada DESCUENTO,null,glafornil,850mg,30,30,xr,solid-oral,null,glafornil|850mg|30,glafornil|850mg|30|bio:unknown|brand:unknown|var:xr|form:solid-oral,19300,store,false,https://www.ecofarmacias.cl/producto/glafornil-xr-metformina-850mg-x-30-comp-liberacion-prolongada-descuento/
metformina,salcobrand,Glifortex XR (B) Metformina 1000mg 30 Comprimidos Prolongados,Glifortex XR (B) Metformina 1000mg 30 Comprimidos Prolongados,Glifortex,glifortex,1000mg,30,30,xr,solid-oral,null,glifortex|1000mg|30,glifortex|1000mg|30|bio:unknown|brand:glifortex|var:xr|form:solid-oral,19359,online,true,https://salcobrand.cl/products/glifortex-xr-b-metformina-1000mg-30-comprimidos-prolongados?default_sku=37914
metformina,cruz-verde,Glaupax XR Metformina 1000 mg 30 Comprimidos,Glaupax XR Metformina 1000 mg 30 Comprimidos,null,glaupax,1000mg,30,30,xr,solid-oral,null,glaupax|1000mg|30,glaupax|1000mg|30|bio:unknown|brand:unknown|var:xr|form:solid-oral,19390,store,true,https://www.cruzverde.cl/glaupax-xr-metformina-1000-mg-30-comprimidos/288669.html
metformina,ahumada,Glafornil XR 750 mg 30 Comprimidos de Liberación Prolongada,Glafornil XR 750 mg 30 Comprimidos de Liberación Prolongada,null,glafornil,750mg,30,30,xr,solid-oral,null,glafornil|750mg|30,glafornil|750mg|30|bio:unknown|brand:unknown|var:xr|form:solid-oral,20182,store,true,https://www.farmaciasahumada.cl/glafornil-xr-750-mg-30-comprimidos-de-liberacion-prolongada-49772.html
metformina,cruz-verde,Glucosan XR Metformina Clorhidrato 750 mg 60 Comprimidos Recubiertos de Liberacion Prolongada,Glucosan XR Metformina Clorhidrato 750 mg 60 Comprimidos Recubiertos de Liberacion Prolongada,null,glucosan,750mg,60,60,xr,solid-oral,null,glucosan|750mg|60,glucosan|750mg|60|bio:unknown|brand:unknown|var:xr|form:solid-oral,20640,store,true,https://www.cruzverde.cl/glucosan-xr-metformina-clorhidrato-750-mg-60-comprimidos-recubiertos-de-liberacion-prolongada/391789.html
metformina,ahumada,Glafornil 850 mg x 60 Comprimidos Recubiertos,Glafornil 850 mg x 60 comprimidos.,null,glafornil,850mg,60,60,null,solid-oral,null,glafornil|850mg|60,glafornil|850mg|60|bio:unknown|brand:unknown|form:solid-oral,20669,store,true,https://www.farmaciasahumada.cl/glafornil-850-mg-x-60-comprimidos-recubiertos-9285.html
metformina,araucomed,Glafornil 850 mg x 60 comprimidos.,Glafornil 850 mg x 60 comprimidos.,null,glafornil,850mg,60,60,null,solid-oral,null,glafornil|850mg|60,glafornil|850mg|60|bio:unknown|brand:unknown|form:solid-oral,21990,store,true,https://farmacia.araucomed.com/hipoglicemiantes/glafornil-850mg-x60com
metformina,cruz-verde,Glicenex SR  Metformina 750 mg 30 Comprimidos,Glicenex SR  Metformina 750 mg 30 Comprimidos,null,glicenex,750mg,30,30,sr,solid-oral,null,glicenex|750mg|30,glicenex|750mg|30|bio:unknown|brand:unknown|var:sr|form:solid-oral,21540,store,true,https://www.cruzverde.cl/glicenex-sr-metformina-750-mg-30-comprimidos/260681.html
metformina,cruz-verde,Glucosan XR Metformina Clorhidrato 1000mg 30 Comprimidos Recubiertos de Liberación Prolongada,Glucosan XR Metformina Clorhidrato 1000mg 30 Comprimidos Recubiertos de Liberación Prolongada,null,glucosan,1000mg,30,30,xr,solid-oral,null,glucosan|1000mg|30,glucosan|1000mg|30|bio:unknown|brand:unknown|var:xr|form:solid-oral,23640,store,true,https://www.cruzverde.cl/glucosan-xr-metformina-clorhidrato-1000mg-30-comprimidos-recubiertos-de-liberacion-prolongada/392718.html
metformina,araucomed,Sitareddys M 50/850 x 56 comprimidos recubiertos.,Sitareddys M 50/850 x 56 comprimidos recubiertos.,Dr.Reddys,sitareddys,null,56,56,m,solid-oral,null,sitareddys|56,sitareddys|56|bio:unknown|brand:drreddys|var:m|form:solid-oral,23990,store,true,https://farmacia.araucomed.com/hipoglicemiantes/sitareddys-m-50-850-x-56-comprimidos-recubiertos
metformina,dr-simi,Sitareddys M sitagliptina 50 mg metformina 850 mg 56 comprimidos recubiertos,Sitareddys M sitagliptina 50 mg metformina 850 mg 56 comprimidos recubiertos,DR. REDDYS,sitareddys,50mg,56,56,m,solid-oral,null,sitareddys|50mg|56,sitareddys|50mg|56|bio:true|brand:drreddys|var:m|form:solid-oral,24000,store,true,https://www.drsimi.cl/sitareddys-m-50-850-metformina-sitagliptina-56-comprimidos-recubiertos-be0308-1/p
metformina,ahumada,Glafornil XR 1000 mg 30 Comprimidos de Liberación Prolongada,Glafornil XR 1000 mg 30 Comprimidos de Liberación Prolongada,null,glafornil,1000mg,30,30,xr,solid-oral,null,glafornil|1000mg|30,glafornil|1000mg|30|bio:unknown|brand:unknown|var:xr|form:solid-oral,24537,store,true,https://www.farmaciasahumada.cl/glafornil-xr-1000-mg-30-comprimidos-de-liberacion-prolongada-64772.html
metformina,cruz-verde,Glimefor 850 Metformina 850 mg 60 Comprimidos Recubiertos,Glimefor 850 Metformina 850 mg 60 Comprimidos Recubiertos,null,glimefor,850mg,60,60,null,solid-oral,null,glimefor|850mg|60,glimefor|850mg|60|bio:unknown|brand:unknown|form:solid-oral,24690,store,true,https://www.cruzverde.cl/glimefor-850-metformina-850-mg-60-comprimidos-recubiertos/298015.html
metformina,cruz-verde,Glimefor XR Metformina 750 mg 30 Comprimidos,Glimefor XR Metformina 750 mg 30 Comprimidos,null,glimefor,750mg,30,30,xr,solid-oral,null,glimefor|750mg|30,glimefor|750mg|30|bio:unknown|brand:unknown|var:xr|form:solid-oral,24990,store,true,https://www.cruzverde.cl/glimefor-xr-metformina-750-mg-30-comprimidos/296292.html
metformina,ahumada,Glafornil 1000 mg x 30 Comprimidos Recubiertos,Glafornil 1000 mg x 30 Comprimidos Recubiertos,null,glafornil,1000mg,30,30,null,solid-oral,null,glafornil|1000mg|30,glafornil|1000mg|30|bio:unknown|brand:unknown|form:solid-oral,25609,store,true,https://www.farmaciasahumada.cl/glafornil-1000-mg-x-30-comprimidos-recubiertos-27809.html
metformina,easyfarma,Glafornil XR 1000 mg 30...,Glafornil XR 1000 mg 30...,null,glafornil,1000mg,null,null,xr,null,null,glafornil|1000mg,glafornil|1000mg|bio:unknown|brand:unknown|var:xr,25990,store,true,https://nuevo.easyfarma.cl/25959-glafornil-xr-1000mg-x-30.html
metformina,farmex,Hipoglucin LP Metformina 1000 mg x 60 Comprimidos de Liberación Prolongada,Hipoglucin LP Metformina 1000 mg x 60 Comprimidos de Liberación Prolongada,CHILE,hipoglucin,1000mg,60,60,lp,solid-oral,null,hipoglucin|1000mg|60,hipoglucin|1000mg|60|bio:unknown|brand:chile|var:lp|form:solid-oral,26490,store,true,https://farmex.cl/products/hipoglucin-tabletas-liberacion-prolongada-metformina?_pos=6&_psq=metformina&_psid=6c159fb61&_ss=e
metformina,araucomed,Jovius Met 50/850 mg. x 60 comprimidos.,Jovius Met 50/850 mg. x 60 comprimidos.,Laboratorio Chile,jovius,850mg,60,60,met,solid-oral,null,jovius|850mg|60,jovius|850mg|60|bio:unknown|brand:chile|var:met|form:solid-oral,26990,store,true,https://farmacia.araucomed.com/hipoglicemiantes/jovius-met-50-850-mg-x-60-comprimidos
metformina,salcobrand,Glafornil XR (R) Metformina 750mg 30 Comprimidos Prolongados,Glafornil XR (R) Metformina 750mg 30 Comprimidos Prolongados,Glafornil,glafornil,750mg,30,30,xr,solid-oral,null,glafornil|750mg|30,glafornil|750mg|30|bio:unknown|brand:glafornil|var:xr|form:solid-oral,28951,online,true,https://salcobrand.cl/products/glafornil-xr-r-metformina-750mg-30-comprimidos-prolongados?default_sku=2013001
metformina,dr-simi,Vildavitae plus vildagliptina 50 mg metformina 850 mg 60 comprimidos recubiertos,Vildavitae plus vildagliptina 50 mg metformina 850 mg 60 comprimidos recubiertos,GALENICUM,vildavitae,50mg,60,60,plus,solid-oral,null,vildavitae|50mg|60,vildavitae|50mg|60|bio:true|brand:galenicum|var:plus|form:solid-oral,29400,store,true,https://www.drsimi.cl/vildavitae-plus-metformina-clorhidrato-vildagliptina-850mg-50mg-60comprimidos-be0299-1/p
metformina,salcobrand,Vildavitae Plus (B)  Vildagliptina / Metformina  50/1000 60 Comprimidos Recubiertos,Vildavitae Plus (B)  Vildagliptina / Metformina  50/1000 60 Comprimidos Recubiertos,Vildavitea,vildavitae,null,60,60,null,solid-oral,metformina,vildavitae|60,vildavitae|60|bio:unknown|brand:vildavitea|combo:metformina|form:solid-oral,30869,online,true,https://salcobrand.cl/products/vildavitae-plus-b-vildagliptina-metformina-50-1000-60-comprimidos-recubiertos?default_sku=590735
metformina,araucomed,Vilzermet 50/1000 mg. x 60 comprimidos.,Vilzermet 50/1000 mg. x 60 comprimidos.,Tecnofarma,vilzermet,1000mg,60,60,null,solid-oral,null,vilzermet|1000mg|60,vilzermet|1000mg|60|bio:unknown|brand:tecnofarma|form:solid-oral,31990,store,true,https://farmacia.araucomed.com/hipoglicemiantes/vilzermet-50-1000-mg-x-60-comprimidos
metformina,salcobrand,Jovius Met (B) 1000/50 Metformina / Vildagliptina 30 Comprimidos Recubiertos,Jovius Met (B) 1000/50 Metformina / Vildagliptina 30 Comprimidos Recubiertos,Jovius,jovius,null,30,30,null,solid-oral,vildagliptina,jovius|30,jovius|30|bio:unknown|brand:jovius|combo:vildagliptina|form:solid-oral,32559,online,true,https://salcobrand.cl/products/jovius-met-b-1000-50-metformina-vildagliptina-30-comprimidos-recubiertos?default_sku=590676
metformina,cruz-verde,Glucosan XR Metformina Clorhidrato 1000 mg 60 Comprimidos Recubiertos de Liberacion Prolongada,Glucosan XR Metformina Clorhidrato 1000 mg 60 Comprimidos Recubiertos de Liberacion Prolongada,null,glucosan,1000mg,60,60,xr,solid-oral,null,glucosan|1000mg|60,glucosan|1000mg|60|bio:unknown|brand:unknown|var:xr|form:solid-oral,32790,store,true,https://www.cruzverde.cl/glucosan-xr-metformina-clorhidrato-1000-mg-60-comprimidos-recubiertos-de-liberacion-prolongada/392720.html
metformina,salcobrand,Glafornil XR Metformina 850mg 30 Comprimidos Prolongados,Glafornil XR Metformina 850mg 30 Comprimidos Prolongados,Glafornil,glafornil,850mg,30,30,xr,solid-oral,null,glafornil|850mg|30,glafornil|850mg|30|bio:unknown|brand:glafornil|var:xr|form:solid-oral,32823,online,true,https://salcobrand.cl/products/glafornil-xr-850-mg-30-comprimidos-prolongados?default_sku=583218
metformina,cruz-verde,Glucovance Metformina 500 mg 30 Comprimidos Recubiertos,Glucovance Metformina 500 mg 30 Comprimidos Recubiertos,null,glucovance,500mg,30,30,null,solid-oral,null,glucovance|500mg|30,glucovance|500mg|30|bio:unknown|brand:unknown|form:solid-oral,32990,store,true,https://www.cruzverde.cl/glucovance-metformina-500-mg-30-comprimidos-recubiertos/11151.html
metformina,araucomed,Vilzermet 50/850 mg. x 60 comprimidos.,Vilzermet 50/850 mg. x 60 comprimidos.,Tecnofarma,vilzermet,850mg,60,60,null,solid-oral,null,vilzermet|850mg|60,vilzermet|850mg|60|bio:unknown|brand:tecnofarma|form:solid-oral,32990,store,true,https://farmacia.araucomed.com/hipoglicemiantes/vilzermet-50-850-mg-x-60-comprimidos
metformina,dr-simi,Vidaron M vildagliptina 50 mg metformina 1000 mg 60 comprimidos recubiertos,Vidaron M vildagliptina 50 mg metformina 1000 mg 60 comprimidos recubiertos,SEVEN PHARMA,vidaron,50mg,60,60,m,solid-oral,null,vidaron|50mg|60,vidaron|50mg|60|bio:true|brand:sevenpharma|var:m|form:solid-oral,34000,store,true,https://www.drsimi.cl/vidaron-m-vildagliptina-50-mg-metformina-1000-mg-60-comprimidos-recubiertos/p
metformina,salcobrand,Glafornil XR (R) Metformina 1000mg 30 Comprimidos Prolongados,Glafornil XR (R) Metformina 1000mg 30 Comprimidos Prolongados,Glafornil,glafornil,1000mg,30,30,xr,solid-oral,null,glafornil|1000mg|30,glafornil|1000mg|30|bio:unknown|brand:glafornil|var:xr|form:solid-oral,34847,online,true,https://salcobrand.cl/products/glafornil-xr-r-metformina-1000mg-30-comprimidos-prolongados?default_sku=2015001
metformina,araucomed,Jovius Met 50/1000 mg. x 60 comprimidos.,Jovius Met 50/1000 mg. x 60 comprimidos.,Laboratorio Chile,jovius,1000mg,60,60,met,solid-oral,null,jovius|1000mg|60,jovius|1000mg|60|bio:unknown|brand:chile|var:met|form:solid-oral,34990,store,true,https://farmacia.araucomed.com/hipoglicemiantes/jovius-met-50-1000-mg-x-60-comprimidos
metformina,araucomed,"Enclyna Duo 12,5/850 mg x 60 comprimidos.","Enclyna Duo 12,5/850 mg x 60 comprimidos.",Bagó,enclyna,850mg,60,60,duo,solid-oral,null,enclyna|850mg|60,enclyna|850mg|60|bio:unknown|brand:bago|var:duo|form:solid-oral,39990,store,true,https://farmacia.araucomed.com/hipoglicemiantes/enclyna-duo-125-850-mg-x-60-comprimidos
metformina,cruz-verde,Jovius Met (50/1000 mg) 30 comprimidos,Jovius Met (50/1000 mg) 30 comprimidos,null,jovius,1000mg,30,30,met,solid-oral,null,jovius|1000mg|30,jovius|1000mg|30|bio:unknown|brand:unknown|var:met|form:solid-oral,41190,store,false,https://www.cruzverde.cl/jovius-met-50-1000-mg-30-comprimidos/572235.html
metformina,salcobrand,Jovius Met (B) 850/50 Metformina / Vildagliptina 60 Comprimidos Recubiertos,Jovius Met (B) 850/50 Metformina / Vildagliptina 60 Comprimidos Recubiertos,Jovius,jovius,null,60,60,null,solid-oral,vildagliptina,jovius|60,jovius|60|bio:unknown|brand:jovius|combo:vildagliptina|form:solid-oral,41535,online,true,https://salcobrand.cl/products/jovius-met-b-850-50-metformina-vildagliptina-60-comprimidos-recubiertos?default_sku=590655
metformina,easyfarma,Enclyna Duo 12.5/850 Mg 60...,Enclyna Duo 12.5/850 Mg 60...,null,enclyna,850mg,null,null,duo,null,null,enclyna|850mg,enclyna|850mg|bio:unknown|brand:unknown|var:duo,42990,store,true,https://nuevo.easyfarma.cl/105245-enclyna-duo-125-850-mg-60-comp-recubiertos.html
metformina,easyfarma,Enclyna Duo 12.5/1000 60...,Enclyna Duo 12.5/1000 60...,null,enclyna,null,null,null,duo,null,null,enclyna,enclyna|bio:unknown|brand:unknown|var:duo,43990,store,true,https://nuevo.easyfarma.cl/105246-enclyna-duo-125-1000-60-comp-recubiertos.html
metformina,cruz-verde,Sitareddys M 50Mg/850Mg X 56 Comp.,Sitareddys M 50Mg/850Mg X 56 Comp.,null,sitareddys,50mg,56,56,m,solid-oral,null,sitareddys|50mg|56,sitareddys|50mg|56|bio:unknown|brand:unknown|var:m|form:solid-oral,50190,store,false,https://www.cruzverde.cl/sitareddys-m-50mg-850mg-x-56-comp/576959.html
metformina,easyfarma,Galvus Met 50/500 mg 56...,Galvus Met 50/500 mg 56...,null,galvus,500mg,null,null,met,null,null,galvus|500mg,galvus|500mg|bio:unknown|brand:unknown|var:met,55990,store,true,https://nuevo.easyfarma.cl/102725-galvus-met-50-500-mg-56-comp.html
metformina,dr-simi,Galvus Met 50/1000 vildagliptina 50 mg metformina 1000 mg 56 comprimidos recubiertos,Galvus Met 50/1000 vildagliptina 50 mg metformina 1000 mg 56 comprimidos recubiertos,NOVARTIS,galvus,50mg,56,56,met,solid-oral,null,galvus|50mg|56,galvus|50mg|56|bio:false|brand:novartis|var:met|form:solid-oral,57400,store,true,https://www.drsimi.cl/galvus-met-50-1000-56-comprimidos-recubiertos/p
metformina,easyfarma,Galvus Met 50/1000 mg 56...,Galvus Met 50/1000 mg 56...,null,galvus,1000mg,null,null,met,null,null,galvus|1000mg,galvus|1000mg|bio:unknown|brand:unknown|var:met,57990,store,true,https://nuevo.easyfarma.cl/102726-galvus-met-50-1000-mg-56-comprimidos.html
naproxeno,ecofarmacias,Naproxeno 550 mg x 10 comp. recubiertos Andrómaco DESCUENTO,Naproxeno 550 mg x 10 comp. recubiertos Andrómaco DESCUENTO,null,naproxeno,550mg,10,10,null,solid-oral,null,naproxeno|550mg|10,naproxeno|550mg|10|bio:true|brand:unknown|form:solid-oral,1150,store,false,https://www.ecofarmacias.cl/producto/naproxeno-550-mg-x-10-comp-recubiertos-andromaco-descuento-3/
naproxeno,ahumada,Naproxeno Sodico 550 mg x 10 Comprimidos Recubiertos ANDROMACO S.A.,Naproxeno 550 mg x 10 comp. recubiertos Andrómaco DESCUENTO,null,naproxeno,550mg,10,10,null,solid-oral,null,naproxeno|550mg|10,naproxeno|550mg|10|bio:true|brand:unknown|form:solid-oral,2460,store,true,https://www.farmaciasahumada.cl/naproxeno-sodico-550-mg-x-10-comprimidos-recubiertos-andromaco-s.a.-971.html
naproxeno,araucomed,Naproxeno 550mg x10com. (Eurofarma),Naproxeno 550mg x10com. (Eurofarma),Eurofarma,naproxeno,550mg,10,10,null,solid-oral,null,naproxeno|550mg|10,naproxeno|550mg|10|bio:unknown|brand:eurofarma|form:solid-oral,1190,store,false,https://farmacia.araucomed.com/analgesicos-y-antinflamatorios/naproxeno-550mg-x10com-eurofarma
naproxeno,araucomed,Naproxeno 550mg x10com. (Andromaco),Naproxeno 550mg x10com. (Andromaco),Andrómaco,naproxeno,550mg,10,10,null,solid-oral,null,naproxeno|550mg|10,naproxeno|550mg|10|bio:unknown|brand:andromaco|form:solid-oral,1350,store,false,https://farmacia.araucomed.com/analgesicos-y-antinflamatorios/naproxeno-550mg-x10com-andromaco
naproxeno,araucomed,Naproxeno 550 mg x 10 comprimidos. (Mintlab),Naproxeno 550 mg x 10 comprimidos. (Mintlab),Mintlab,naproxeno,550mg,10,10,null,solid-oral,null,naproxeno|550mg|10,naproxeno|550mg|10|bio:unknown|brand:mintlab|form:solid-oral,1390,store,true,https://farmacia.araucomed.com/analgesicos-y-antinflamatorios/naproxeno-550mg-x10com-mintlab
naproxeno,farmex,Naproxeno 550 mg x 10 comprimidos.,Naproxeno 550 mg x 10 comprimidos.,null,naproxeno,550mg,10,10,null,solid-oral,null,naproxeno|550mg|10,naproxeno|550mg|10|bio:unknown|brand:unknown|form:solid-oral,1521,store,true,https://farmex.cl/products/naproxeno-550-mg-x-10-comprimidos-2?_pos=6&_psq=naproxeno&_psid=943a8dfbd&_ss=e
naproxeno,farmex,Naproxeno 550 mg x 10 comprimidos,Naproxeno 550 mg x 10 comprimidos,LABORATORIO CHILE,naproxeno,550mg,10,10,null,solid-oral,null,naproxeno|550mg|10,naproxeno|550mg|10|bio:unknown|brand:chile|form:solid-oral,1690,store,true,https://farmex.cl/products/naproxeno-550-mg-x-10-comprimidos-recubiertos?_pos=1&_psq=naproxeno&_psid=943a8dfbd&_ss=e
naproxeno,dr-simi,Naproxeno 550 mg 10 comprimidos recubiertos,Naproxeno 550 mg 10 comprimidos recubiertos,ANDRÓMACO,naproxeno,550mg,10,10,null,solid-oral,null,naproxeno|550mg|10,naproxeno|550mg|10|bio:true|brand:andromaco|form:solid-oral,1960,store,true,https://www.drsimi.cl/triox-n-f-forte-naproxeno-sodico-550-mg-10-comprimidos/p
naproxeno,easyfarma,Naproxeno Sodico 550 Mg 10...,Naproxeno Sodico 550 Mg 10...,null,naproxeno,550mg,null,null,null,null,null,naproxeno|550mg,naproxeno|550mg|bio:unknown|brand:unknown,1990,store,true,https://nuevo.easyfarma.cl/105206-naproxeno-sodico-550-mg-10-comprimidos-lab-chile.html
naproxeno,easyfarma,Naproxeno Sódico 550 mg. 10...,Naproxeno Sódico 550 mg. 10...,null,naproxeno,550mg,null,null,null,null,null,naproxeno|550mg,naproxeno|550mg|bio:unknown|brand:andromaco,1990,store,true,https://nuevo.easyfarma.cl/41324-naproxeno-550-mg-10-comp-lab-andromaco.html
naproxeno,easyfarma,Flogotone Forte 10 comp.,Flogotone Forte 10 comp.,null,flogotone,null,10,10,forte,solid-oral,null,flogotone|10,flogotone|10|bio:unknown|brand:unknown|var:forte|form:solid-oral,1990,store,true,https://nuevo.easyfarma.cl/25684-flogotone-forte-x-10.html
naproxeno,easyfarma,Triox N.F. Forte x 10,Triox N.F. Forte x 10,null,triox,null,10,10,n,null,null,triox|10,triox|10|bio:unknown|brand:unknown|var:n,1990,store,true,https://nuevo.easyfarma.cl/35087-triox-n-f-forte-x-10.html
naproxeno,araucomed,Eurogesic 275mg x10com,Eurogesic 275mg x10com,null,eurogesic,275mg,10,10,null,solid-oral,null,eurogesic|275mg|10,eurogesic|275mg|10|bio:unknown|brand:unknown|form:solid-oral,2990,store,true,https://farmacia.araucomed.com/analgesicos-y-antinflamatorios/eurogesic-275mg-x10com
naproxeno,cruz-verde,Eurogesic Adulto Naproxeno 275 mg 10 Comprimidos,Eurogesic 275mg x10com,null,eurogesic,275mg,10,10,null,solid-oral,null,eurogesic|275mg|10,eurogesic|275mg|10|bio:unknown|brand:unknown|form:solid-oral,4190,store,true,https://www.cruzverde.cl/eurogesic-adulto-naproxeno-275-mg-10-comprimidos/6277.html
naproxeno,araucomed,Winasorb Gotas 100mg/ml x25ml,Winasorb Gotas 100mg/ml x25ml,null,winasorb,100mg,null,null,null,fluid-oral,null,winasorb|25ml|25,winasorb|25ml|25|bio:unknown|brand:unknown|form:fluid-oral,2990,store,false,https://farmacia.araucomed.com/analgesicos-y-antinflamatorios/winasorb-gotas-100mg-ml-x25ml
naproxeno,cruz-verde,Naproxeno de Sodio 550 mg 10 Comprimidos Recubiertos,Naproxeno de Sodio 550 mg 10 Comprimidos Recubiertos,null,naproxeno,550mg,10,10,sodio,solid-oral,null,naproxeno|550mg|10,naproxeno|550mg|10|bio:unknown|brand:unknown|var:sodio|form:solid-oral,3390,store,true,https://www.cruzverde.cl/naproxeno-de-sodio-550-mg-10-comprimidos-recubiertos/297124.html
naproxeno,araucomed,Eurogesic Forte 550 mg x 10 comprimidos.,Eurogesic Forte 550 mg x 10 comprimidos.,null,eurogesic,550mg,10,10,forte,solid-oral,null,eurogesic|550mg|10,eurogesic|550mg|10|bio:unknown|brand:unknown|var:forte|form:solid-oral,3490,store,true,https://farmacia.araucomed.com/analgesicos-y-antinflamatorios/eurogesic-forte-550mg-x10com
naproxeno,cruz-verde,Eurogesic FORTE Naproxeno 550 mg 10 Comprimidos Recubiertos,Eurogesic Forte 550 mg x 10 comprimidos.,null,eurogesic,550mg,10,10,forte,solid-oral,null,eurogesic|550mg|10,eurogesic|550mg|10|bio:unknown|brand:unknown|var:forte|form:solid-oral,4590,store,true,https://www.cruzverde.cl/eurogesic-forte-naproxeno-550-mg-10-comprimidos-recubiertos/6278.html
naproxeno,easyfarma,Eurogesic Adulto 275 mg x...,Eurogesic Adulto 275 mg x...,null,eurogesic,275mg,null,null,null,null,null,eurogesic|275mg,eurogesic|275mg|bio:unknown|brand:unknown,3490,store,true,https://nuevo.easyfarma.cl/25416-eurogesic-x-10.html
naproxeno,salcobrand,Naproxeno (B) 550mg 10 Comprimidos Recubiertos,Naproxeno (B) 550mg 10 Comprimidos Recubiertos,Naproxeno,naproxeno,550mg,10,10,null,solid-oral,null,naproxeno|550mg|10,naproxeno|550mg|10|bio:unknown|brand:naproxeno|form:solid-oral,3519,online,true,https://salcobrand.cl/products/naproxeno-b-550mg-10-comprimidos-recubiertos?default_sku=437639
naproxeno,araucomed,Flectane 500/20 x 10 comprimidos.,Flectane 500/20 x 10 comprimidos.,Sanitas,flectane,null,10,10,null,solid-oral,null,flectane|10,flectane|10|bio:unknown|brand:sanitas|form:solid-oral,3590,store,true,https://farmacia.araucomed.com/analgesicos-y-antinflamatorios/flectane-500-20-x10com
naproxeno,salcobrand,Eurogesic Adulto Naproxeno Sódico 10 Comprimidos Recubiertos,Eurogesic Adulto Naproxeno Sódico 10 Comprimidos Recubiertos,Eurogesic,eurogesic,null,10,10,null,solid-oral,null,eurogesic|10,eurogesic|10|bio:unknown|brand:eurogesic|form:solid-oral,3739,sbpay,true,https://salcobrand.cl/products/eurogesic-adulto-naproxeno-sodico-10-comprimidos-recubiertos?default_sku=2970274
naproxeno,salcobrand,Eurogesic Forte (B) Naproxeno 550mg 10 Comprimidos Recubiertos,Eurogesic Forte (B) Naproxeno 550mg 10 Comprimidos Recubiertos,Eurogesic Forte,eurogesic,550mg,10,10,forte,solid-oral,null,eurogesic|550mg|10,eurogesic|550mg|10|bio:unknown|brand:eurogesicforte|var:forte|form:solid-oral,3904,sbpay,true,https://salcobrand.cl/products/eurogesic-forte-b-naproxeno-550mg-10-comprimidos-recubiertos?default_sku=2970398
naproxeno,ahumada,EUROGESIC Naproxeno Sódico 275 mg 10 comprimidos,EUROGESIC Naproxeno Sódico 275 mg 10 comprimidos,null,eurogesic,275mg,10,10,null,solid-oral,null,eurogesic|275mg|10,eurogesic|275mg|10|bio:true|brand:unknown|form:solid-oral,4400,store,true,https://www.farmaciasahumada.cl/eurogesic-naproxeno-sodico-275-mg-10-comprimidos-19187.html
naproxeno,araucomed,Kitadol Infantil 120mg/5ml jarabe 60 ml. (Cenabast),Kitadol Infantil 120mg/5ml jarabe 60 ml. (Cenabast),Laboratorio Chile,kitadol,120mg,null,null,infantil,fluid-oral,null,kitadol|60ml,kitadol|60ml|bio:unknown|brand:chile|var:infantil|form:fluid-oral,4490,store,true,https://farmacia.araucomed.com/analgesicos-y-antinflamatorios/kitadol-infantil-120mg-5ml-jarabe-60ml-cenabast
naproxeno,easyfarma,Eurogesic Infantil 50 mg x...,Eurogesic Infantil 50 mg x...,null,eurogesic,50mg,null,null,infantil,null,null,eurogesic|50mg,eurogesic|50mg|bio:unknown|brand:unknown|var:infantil,4490,store,true,https://nuevo.easyfarma.cl/25417-eurogesic-infantil-supositorio-x-6.html
naproxeno,ahumada,Eurogesic Infantil 50 mg x 6 Supositorios,Eurogesic Infantil 50 mg x 6 Supositorios,null,eurogesic,50mg,6,6,infantil,suppository,null,eurogesic|50mg|6,eurogesic|50mg|6|bio:unknown|brand:unknown|var:infantil|form:suppository,4570,store,true,https://www.farmaciasahumada.cl/eurogesic-infantil-50-mg-x-6-supositorios-19200.html
naproxeno,ahumada,EUROGESIC FORTE Naproxeno Sódico 550 mg 10 comprimidos,EUROGESIC FORTE Naproxeno Sódico 550 mg 10 comprimidos,null,eurogesic,550mg,10,10,forte,solid-oral,null,eurogesic|550mg|10,eurogesic|550mg|10|bio:true|brand:unknown|var:forte|form:solid-oral,4608,store,true,https://www.farmaciasahumada.cl/eurogesic-forte-naproxeno-sodico-550-mg-10-comprimidos-19226.html
naproxeno,ahumada,Triox NF Forte 550 mg x 10 Comprimidos Recubiertos,Triox NF Forte 550 mg x 10 Comprimidos Recubiertos,null,triox,550mg,10,10,nf,solid-oral,null,triox|550mg|10,triox|550mg|10|bio:true|brand:unknown|var:nf|form:solid-oral,4859,cmr,true,https://www.farmaciasahumada.cl/triox-nf-forte-550-mg-x-10-comprimidos-recubiertos-25471.html
naproxeno,araucomed,Winasorb Jarabe 150mg/5ml x 60 ml.,Winasorb Jarabe 150mg/5ml x 60 ml.,null,winasorb,150mg,null,null,null,fluid-oral,null,winasorb|60ml|60,winasorb|60ml|60|bio:unknown|brand:unknown|form:fluid-oral,4990,store,true,https://farmacia.araucomed.com/analgesicos-y-antinflamatorios/winasorb-jarabe-150mg-5ml-x60ml
naproxeno,salcobrand,Triox N.F. Forte Naproxeno Sódico 550mg 10 Comprimidos Recubiertos,Triox N.F. Forte Naproxeno Sódico 550mg 10 Comprimidos Recubiertos,Triox,triox,550mg,10,10,n,solid-oral,null,triox|550mg|10,triox|550mg|10|bio:unknown|brand:triox|var:n|form:solid-oral,5543,online,true,https://salcobrand.cl/products/triox-n-f-forte?default_sku=581860
naproxeno,salcobrand,Eurogesic Infantil Naproxeno Sódico 6 Supositorios,Eurogesic Infantil Naproxeno Sódico 6 Supositorios,Eurogesic Pediatrico,eurogesic,null,6,6,infantil,suppository,null,eurogesic,eurogesic|bio:unknown|brand:eurogesicpediatrico|var:infantil|form:suppository,5543,online,true,https://salcobrand.cl/products/eurogesic-pediatrico-50mg?default_sku=2970428
naproxeno,cruz-verde,Triox N.F. Forte Naproxeno 550 mg 10 Comprimidos Recubierto,Triox N.F. Forte Naproxeno 550 mg 10 Comprimidos Recubierto,null,triox,550mg,10,10,n,solid-oral,null,triox|550mg|10,triox|550mg|10|bio:unknown|brand:unknown|var:n|form:solid-oral,6290,store,true,https://www.cruzverde.cl/triox-n-f-forte-naproxeno-550-mg-10-comprimidos-recubierto/15466.html
naproxeno,cruz-verde,Eurogesic Pediatrico Naproxeno 50 mg 6 Supositorios,Eurogesic Pediatrico Naproxeno 50 mg 6 Supositorios,null,eurogesic,50mg,6,6,infantil,suppository,null,eurogesic|50mg,eurogesic|50mg|bio:unknown|brand:unknown|var:infantil|form:suppository,6340,store,true,https://www.cruzverde.cl/eurogesic-pediatrico-naproxeno-50-mg-6-supositorios/6280.html
naproxeno,easyfarma,Flectane 500/20 mg x 10 comp,Flectane 500/20 mg x 10 comp,null,flectane,20mg,10,10,null,solid-oral,null,flectane|20mg|10,flectane|20mg|10|bio:unknown|brand:unknown|form:solid-oral,6490,store,true,https://nuevo.easyfarma.cl/35277-flectane-500-20-mg-x-10-comp.html
naproxeno,araucomed,Eurogesic Infantil 125mg/5ml suspensión oral 60 ml.,Eurogesic Infantil 125mg/5ml suspensión oral 60 ml.,null,eurogesic,125mg,null,null,infantil,fluid-oral,null,eurogesic|60ml,eurogesic|60ml|bio:unknown|brand:unknown|var:infantil|form:fluid-oral,6990,store,true,https://farmacia.araucomed.com/analgesicos-y-antinflamatorios/eurogesic-infantil-125mg-5ml-suspension-oral-60-ml
naproxeno,ahumada,Eurogesic 125 mg/5 mL x 60 mL Polvo Para Suspension Oral Con Solvente,Eurogesic 125 mg/5 mL x 60 mL Polvo Para Suspension Oral Con Solvente,null,eurogesic,125mg,null,null,null,fluid-oral,null,eurogesic|60ml|60,eurogesic|60ml|60|bio:unknown|brand:unknown|form:fluid-oral,7132,store,true,https://www.farmaciasahumada.cl/eurogesic-125-mg-5-ml-x-60-ml-polvo-para-suspension-oral-con-solvente-19051.html
naproxeno,salcobrand,Eurogesic Infantil Naproxeno Sódico 60ml,Eurogesic Infantil Naproxeno Sódico 60ml,Eurogesic,eurogesic,60ml,null,null,infantil,null,null,eurogesic|60ml,eurogesic|60ml|bio:unknown|brand:eurogesic|var:infantil,8711,online,true,https://salcobrand.cl/products/eurogesic-infantil-naproxeno-sodico-60ml?default_sku=2970411
naproxeno,araucomed,Flectane 500/20 x 30 comprimidos.,Flectane 500/20 x 30 comprimidos.,Sanitas,flectane,null,30,30,null,solid-oral,null,flectane|30,flectane|30|bio:unknown|brand:sanitas|form:solid-oral,9990,store,true,https://farmacia.araucomed.com/analgesicos-y-antinflamatorios/flectane-500-20-x30com
naproxeno,ahumada,Flectane 500 mg/20 mg x 10 Comprimidos con Recubrimiento Entérico,Flectane 500 mg/20 mg x 10 Comprimidos con Recubrimiento Entérico,null,flectane,500mg,10,10,null,solid-oral,null,flectane|500mg|10,flectane|500mg|10|bio:unknown|brand:unknown|form:solid-oral,10357,cmr,true,https://www.farmaciasahumada.cl/flectane-500-mg-20-mg-x-10-comprimidos-con-recubrimiento-enterico-85557.html
naproxeno,cruz-verde,Flectane 500/20 Naproxeno 500 mg 10 Comprimidos con Recubierto Enterico,Flectane 500 mg/20 mg x 10 Comprimidos con Recubrimiento Entérico,null,flectane,500mg,10,10,null,solid-oral,null,flectane|500mg|10,flectane|500mg|10|bio:unknown|brand:unknown|form:solid-oral,13740,store,true,https://www.cruzverde.cl/flectane-500-20-naproxeno-500-mg-10-comprimidos-con-recubierto-enterico/292505.html
naproxeno,cruz-verde,Eurogesic Naproxeno 25 mg Suspensión 60 mL,Eurogesic Naproxeno 25 mg Suspensión 60 mL,null,eurogesic,25mg,null,null,null,fluid-oral,null,eurogesic|60ml,eurogesic|60ml|bio:unknown|brand:unknown|form:fluid-oral,11090,store,true,https://www.cruzverde.cl/eurogesic-naproxeno-25-mg-suspension-60-ml/6286.html
naproxeno,salcobrand,Flectane Esomeprazol / Naproxeno 20/500 10 Comprimidos Recubiertos,Flectane Esomeprazol / Naproxeno 20/500 10 Comprimidos Recubiertos,Flectane,flectane,null,10,10,null,solid-oral,naproxeno,flectane|10,flectane|10|bio:unknown|brand:flectane|combo:naproxeno|form:solid-oral,11791,online,true,https://salcobrand.cl/products/esomeprazol-20mg-naproxeno-500mg-oral-solido-bc0ec912-796a-46e7-a9fd-32a76f305a47?default_sku=2988385
naproxeno,dr-simi,Flectane naproxeno 500 mg esomeprazol 20 mg 30 comprimidos con recubrimiento entérico,Flectane naproxeno 500 mg esomeprazol 20 mg 30 comprimidos con recubrimiento entérico,SANITAS,flectane,500mg,30,30,null,solid-oral,null,flectane|500mg|30,flectane|500mg|30|bio:false|brand:sanitas|form:solid-oral,12800,store,true,https://www.drsimi.cl/flectane-500-20-naproxeno-esomeprazol-500-20mg-30-comp-rec/p
naproxeno,easyfarma,Flectane 500/20 mg x 30,Flectane 500/20 mg x 30,null,flectane,20mg,30,30,null,null,null,flectane|20mg|30,flectane|20mg|30|bio:unknown|brand:unknown,13990,store,true,https://nuevo.easyfarma.cl/37104-flectane-500-20-mg-x-30.html
naproxeno,salcobrand,Flectane Esomeprazol / Naproxeno 20/500 30 Comprimidos Recubiertos,Flectane Esomeprazol / Naproxeno 20/500 30 Comprimidos Recubiertos,Flectane,flectane,null,30,30,null,solid-oral,naproxeno,flectane|30,flectane|30|bio:unknown|brand:flectane|combo:naproxeno|form:solid-oral,23759,online,true,https://salcobrand.cl/products/esomeprazol-20mg-naproxeno-500mg-oral-solido?default_sku=2988380
naproxeno,cruz-verde,Flectane 500/20 Naproxeno 500 mg 30 Comprimidos,Flectane 500/20 Naproxeno 500 mg 30 Comprimidos,null,flectane,500mg,30,30,null,solid-oral,null,flectane|500mg|30,flectane|500mg|30|bio:unknown|brand:unknown|form:solid-oral,25540,store,true,https://www.cruzverde.cl/flectane-500-20-naproxeno-500-mg-30-comprimidos/292507.html
next,ecofarmacias,Next Gl Plus x 6 Comprimidos,Next GL Plus x 6 comp,null,nextgl,null,6,6,plus,solid-oral,null,nextgl|6,nextgl|6|bio:unknown|brand:unknown|var:plus|form:solid-oral,3390,store,true,https://www.ecofarmacias.cl/producto/next-gl-plus-x-6-comprimidos/
next,ahumada,Next Gl Plus 6 Comprimidos,Next GL Plus x 6 comp,null,nextgl,null,6,6,plus,solid-oral,null,nextgl|6,nextgl|6|bio:unknown|brand:unknown|var:plus|form:solid-oral,3982,cmr,true,https://www.farmaciasahumada.cl/next-gl-plus-6-comprimidos-92246.html
next,easyfarma,Next GL Plus x 6 comp,Next GL Plus x 6 comp,null,nextgl,null,6,6,plus,solid-oral,null,nextgl|6,nextgl|6|bio:unknown|brand:unknown|var:plus|form:solid-oral,4490,store,true,https://nuevo.easyfarma.cl/104318-next-gl-plus-x-6-comp.html
next,salcobrand,Next GL Plus 6 Comprimidos Recubiertos,Next GL Plus 6 Comprimidos Recubiertos,Next,nextgl,null,6,6,plus,solid-oral,null,nextgl|6,nextgl|6|bio:unknown|brand:next|var:plus|form:solid-oral,5199,store,true,https://salcobrand.cl/products/next-gl-plus-6-comprimidos-recubiertos?default_sku=587156
next,ecofarmacias,Next GL Gripe x 12 comp.,Next GL Gripe x 12 comp.,null,nextgl,null,12,12,gripe,solid-oral,null,nextgl|12,nextgl|12|bio:unknown|brand:unknown|var:gripe|form:solid-oral,5320,store,true,https://www.ecofarmacias.cl/producto/next-gl-gripe-x-12-comp/
next,easyfarma,Next GL Gripe X 12 Comp....,Next GL Gripe x 12 comp.,null,nextgl,null,12,12,gripe,solid-oral,null,nextgl|12,nextgl|12|bio:unknown|brand:unknown|var:gripe|form:solid-oral,5990,store,true,https://nuevo.easyfarma.cl/105142-next-gl-gripe-x-12-comp-recubiertos-vence-02-2026-stock-1.html
next,salcobrand,Next GL Plus 12 Comprimidos Recubiertos,Next GL Plus 12 Comprimidos Recubiertos,Next,nextgl,null,12,12,plus,solid-oral,null,nextgl|12,nextgl|12|bio:unknown|brand:next|var:plus|form:solid-oral,5977,sbpay,true,https://salcobrand.cl/products/next-gl-plus-12-comprimidos-recubiertos?default_sku=591037
next,ahumada,Next Gl 12 Comprimidos,Next Gl 12 Comprimidos,null,nextgl,null,12,12,null,solid-oral,null,nextgl|12,nextgl|12|bio:unknown|brand:unknown|form:solid-oral,6239,cmr,true,https://www.farmaciasahumada.cl/next-gl-12-comprimidos-92245.html
next,ecofarmacias,Next GL Plus 12 Comprimidos Recubiertos,Next GL Plus 12 Comprimidos Recubiertos,null,nextgl,null,12,12,plus,solid-oral,null,nextgl|12,nextgl|12|bio:unknown|brand:unknown|var:plus|form:solid-oral,6780,store,true,https://www.ecofarmacias.cl/producto/next-gl-plus-12-comprimidos-recubiertos/
next,ahumada,Next GL Plus Gripe y Tos 12 Comprimidos Recubiertos,Next GL Plus 12 Comprimidos Recubiertos,null,nextgl,null,12,12,plus,solid-oral,null,nextgl|12,nextgl|12|bio:unknown|brand:unknown|var:plus|form:solid-oral,6990,store,true,https://www.farmaciasahumada.cl/next-gl-plus-gripe-y-tos-12-comprimidos-recubiertos-95315.html
next,salcobrand,Corrector Facial Maybelline Instant Age Eraser Neutralizer 7ml,Corrector Facial Maybelline Instant Age Eraser Neutralizer 7ml,Maybelline,corrector,7ml,null,null,facial,null,null,corrector|7ml,corrector|7ml|bio:unknown|brand:maybelline|var:facial,6959,online,true,https://salcobrand.cl/products/corrector-facial-maybelline-instant-age-eraser-neutralizer-7ml?default_sku=5990589
next,easyfarma,Next Gl Plus Gripe Y Tos 12...,Next Gl Plus Gripe Y Tos 12...,null,nextgl,null,null,null,plus,null,null,nextgl,nextgl|bio:unknown|brand:recuebiertos|var:plus,6990,store,true,https://nuevo.easyfarma.cl/105652-next-gl-plus-gripe-y-tos-12-comp-recuebiertos.html
next,salcobrand,Next GL 12 Comprimidos Recubiertos,Next GL 12 Comprimidos Recubiertos,Next,nextgl,null,12,12,null,solid-oral,null,nextgl|12,nextgl|12|bio:unknown|brand:next|form:solid-oral,7127,online,true,https://salcobrand.cl/products/next-gl-12-comprimidos-recubiertos?default_sku=587157
next,salcobrand,Agua Micelar Hydro Boost ,Agua Micelar Hydro Boost ,Neutrogena,agua,null,null,null,micelar,null,null,agua,agua|bio:unknown|brand:neutrogena|var:micelar,8299,store,true,https://salcobrand.cl/products/hydro-boost-agua-micelar-neutrogena-400ml?default_sku=577856
next,salcobrand,Neutrogena Face Care Intensive Hidratante Mate 3 En 1,Neutrogena Face Care Intensive Hidratante Mate 3 En 1,Neutrogena,neutrogena,null,null,null,face,null,null,neutrogena,neutrogena|bio:unknown|brand:neutrogena|var:face,9899,store,true,https://salcobrand.cl/products/neutrogena-face-care-intensive-hidratante-mate-3-en-1?default_sku=582072
next,salcobrand,Crema facial Neutrogena Face Care Intensive Antiedad FPS22 100g,Crema facial Neutrogena Face Care Intensive Antiedad FPS22 100g,Neutrogena,facial,100000mg,null,null,neutrogena,topical,null,facial|100000mg,facial|100000mg|bio:unknown|brand:neutrogena|var:neutrogena|form:topical,9899,store,true,https://salcobrand.cl/products/crema-facial-neutrogena-face-care-intensive-antiedad-fps22-100g?default_sku=582071
next,salcobrand,NEUTROGENA® Desmaquillante de Ojos Bifásico 162ml,NEUTROGENA® Desmaquillante de Ojos Bifásico 162ml,Neutrogena,neutrogena,162ml,null,null,desmaquillante,null,null,neutrogena|162ml,neutrogena|162ml|bio:unknown|brand:neutrogena|var:desmaquillante,10399,store,true,https://salcobrand.cl/products/neutrogena-desmaquillante-de-ojos-bifasico-162ml?default_sku=4815065
next,salcobrand,L'Oréal Paris Infailible Skin Ink Tono 15 Neutral 15ml,L'Oréal Paris Infailible Skin Ink Tono 15 Neutral 15ml,L'Oréal,oreal,15ml,null,null,paris,null,null,oreal|15ml,oreal|15ml|bio:unknown|brand:loreal|var:paris,10499,online,true,https://salcobrand.cl/products/l-oreal-paris-infailible-skin-ink-tono-15-neutral-15ml?default_sku=592293
next,salcobrand,Protector Solar Neutrogena Hydro Boost Sin Color FPS50 40ml,Protector Solar Neutrogena Hydro Boost Sin Color FPS50 40ml,Neutrogena,protector,40ml,null,null,solar,null,null,protector|40ml,protector|40ml|bio:unknown|brand:neutrogena|var:solar,10877,online,true,https://salcobrand.cl/products/protector-solar-neutrogena-hydro-boost-sin-color-fps50-40ml?default_sku=588524
next,salcobrand,Neutrogena Hydro Boost Crema Facial Refill 50g,Neutrogena Hydro Boost Crema Facial Refill 50g,Neutrogena,neutrogena,50000mg,null,null,hydro,topical,null,neutrogena|50000mg,neutrogena|50000mg|bio:unknown|brand:neutrogena|var:hydro|form:topical,11399,store,true,https://salcobrand.cl/products/crema-facial-refill-neutrogena-hydro-boost-50g?default_sku=585191
next,salcobrand,Hidratante Corporal Neutrogena Hydro Boost Water Gel 400ml,Hidratante Corporal Neutrogena Hydro Boost Water Gel 400ml,Neutrogena,hidratante,400ml,null,null,corporal,topical,null,hidratante|400ml,hidratante|400ml|bio:unknown|brand:neutrogena|var:corporal|form:topical,11599,store,true,https://salcobrand.cl/products/hidratante-corporal-neutrogena-hydro-boost-water-gel-400ml?default_sku=571255
next,salcobrand,Ariana Grande Thank u next Body Spray 236ml,Ariana Grande Thank u next Body Spray 236ml,Ariana Grande,ariana,236ml,null,null,grande,null,null,ariana|236ml,ariana|236ml|bio:unknown|brand:arianagrande|var:grande,11999,sbpay,true,https://salcobrand.cl/products/ariana-grande-thank-u-next-body-spray-236ml?default_sku=585168
next,salcobrand,Gel de Limpieza Facial Neutrógena Ultra Gentle 354 ml,Gel de Limpieza Facial Neutrógena Ultra Gentle 354 ml,Neutrogena,limpieza,354ml,null,null,facial,topical,null,limpieza|354ml,limpieza|354ml|bio:unknown|brand:neutrogena|var:facial|form:topical,12499,store,true,https://salcobrand.cl/products/gel-de-limpieza-facial-neutrogena-ultra-gentle-354-ml?default_sku=7650001
next,cruz-verde,Spray Comeback Curl Next Day Revitalizador de Rizos 355ml,Spray Comeback Curl Next Day Revitalizador de Rizos 355ml,null,spray,355ml,null,null,comeback,null,null,spray|355ml,spray|355ml|bio:unknown|brand:unknown|var:comeback,12990,store,true,https://www.cruzverde.cl/spray-comeback-curl-next-day-revitalizador-de-rizos-355ml/572388.html
next,araucomed,Regenesis Next x30cap,Regenesis Next x30cap,Exeltis,regenesis,null,30,30,next,solid-oral,null,regenesis|30,regenesis|30|bio:unknown|brand:exeltis|var:next|form:solid-oral,13990,store,false,https://farmacia.araucomed.com/vitaminas-y-minerales/regenesis-next-x30cap
next,salcobrand,Hidratante Facial Gel Hydro Boost Neutrogena 50g,Hidratante Facial Gel Hydro Boost Neutrogena 50g,Neutrogena,hidratante,50000mg,null,null,facial,topical,null,hidratante|50000mg,hidratante|50000mg|bio:unknown|brand:neutrogena|var:facial|form:topical,14599,store,true,https://salcobrand.cl/products/hidratante-facial-gel-neutrogena-hydro-boost-50g?default_sku=7650030
next,salcobrand,Svr Desmaquillante Sensifine Dermo Nettoyant 400ml,Svr Desmaquillante Sensifine Dermo Nettoyant 400ml,Svr,svr,400ml,null,null,desmaquillante,null,null,svr|400ml,svr|400ml|bio:unknown|brand:svr|var:desmaquillante,14909,online,true,https://salcobrand.cl/products/svr-desmaquillante-sensifine-dermo-nettoyant-400ml?default_sku=579651
next,cruz-verde,Ariana Grande Thank U Next Body Spay 236ml (M),Ariana Grande Thank U Next Body Spay 236ml (M),null,ariana,236ml,null,null,grande,null,null,ariana|236ml,ariana|236ml|bio:unknown|brand:unknown|var:grande,14990,store,true,https://www.cruzverde.cl/ariana-grande-thank-u-next-body-spay-236ml-m/560589.html
next,salcobrand,Sérum Hidratante Neutrogena Hydro Boost 30ml,Sérum Hidratante Neutrogena Hydro Boost 30ml,Neutrogena,serum,30ml,null,null,hidratante,null,null,serum|30ml,serum|30ml|bio:unknown|brand:neutrogena|var:hidratante,15699,store,true,https://salcobrand.cl/products/serum-hidratante-neutrogena-hydro-boost-30ml?default_sku=584271
next,salcobrand,Serum Antimanchas Neutrogena® Hydro Boost 30ml,Serum Antimanchas Neutrogena® Hydro Boost 30ml,Neutrogena,serum,30ml,null,null,antimanchas,null,null,serum|30ml,serum|30ml|bio:unknown|brand:neutrogena|var:antimanchas,16199,store,true,https://salcobrand.cl/products/serum-antimanchas-neutrogena-hydro-boost-30ml?default_sku=590782
next,cruz-verde,Next Fwd 24 Tabs /50,Next Fwd 24 Tabs /50,null,nextfwd,null,24,24,null,solid-oral,null,nextfwd,nextfwd|bio:unknown|brand:unknown|form:solid-oral,21900,store,false,https://www.cruzverde.cl/next-fwd-24-tabs-50/65020.html
next,cruz-verde,Glow Your Own Way Next Level Self Tan Gel 473 Ml,Glow Your Own Way Next Level Self Tan Gel 473 Ml,null,glowyour,473ml,null,null,own,topical,null,glowyour|473ml,glowyour|473ml|bio:unknown|brand:unknown|var:own|form:topical,24990,store,false,https://www.cruzverde.cl/glow-your-own-way-next-level-self-tan-gel-473-ml/586101.html
next,salcobrand,Neotone Sérum 30ml,Neotone Sérum 30ml,Isispharma,neotone,30ml,null,null,serum,null,null,neotone|30ml,neotone|30ml|bio:unknown|brand:isispharma|var:serum,28559,online,true,https://salcobrand.cl/products/neotone-serum-30ml?default_sku=529095
next,salcobrand,Nexium (R) 20mg 28 Comprimidos Recubiertos,Nexium (R) 20mg 28 Comprimidos Recubiertos,Nexium,nexium,20mg,28,28,null,solid-oral,null,nexium|20mg|28,nexium|20mg|28|bio:unknown|brand:nexium|form:solid-oral,29127,online,true,https://salcobrand.cl/products/esomeprazol-20mg-oral-solido-aa953d2d-a55a-450a-85b3-cbc6c5be7ec0?default_sku=2052188
next,salcobrand,Nutren Senior Neutro 740g,Nutren Senior Neutro 740g,Nestlé,nutren,740000mg,null,null,senior,null,null,nutren|740000mg,nutren|740000mg|bio:unknown|brand:nestle|var:senior,29999,store,true,https://salcobrand.cl/products/nutren-senior-neutro-740g?default_sku=591983
next,salcobrand,"Ariana Grande Thank U, Next 30ml","Ariana Grande Thank U, Next 30ml",Ariana Grande,ariana,30ml,null,null,grande,null,null,ariana|30ml,ariana|30ml|bio:unknown|brand:arianagrande|var:grande,31999,sbpay,true,https://salcobrand.cl/products/ariana-grande-thank-u-next-30ml?default_sku=585167
next,cruz-verde,Ariana Grande Thank U Next EDP 30ml (M),Ariana Grande Thank U Next EDP 30ml (M),null,ariana,30ml,null,null,grande,null,null,ariana|30ml,ariana|30ml|bio:unknown|brand:unknown|var:grande,39990,store,true,https://www.cruzverde.cl/ariana-grande-thank-u-next-edp-30ml-m/560591.html
next,ecofarmacias,Tranexton 650 mg x 30 comprimidos,Tranexton 650 mg x 30 comprimidos,null,tranexton,650mg,30,30,null,solid-oral,null,tranexton|650mg|30,tranexton|650mg|30|bio:unknown|brand:unknown|form:solid-oral,48890,store,false,https://www.ecofarmacias.cl/producto/tranexton-650mg-x-30-comprimidos/
next,easyfarma,Tranexton 650 mg 30...,Tranexton 650 mg 30...,null,tranexton,650mg,null,null,null,null,null,tranexton|650mg,tranexton|650mg|bio:unknown|brand:unknown,48990,store,true,https://nuevo.easyfarma.cl/24769-tranexton-650-mg-x-30.html
next,salcobrand,Nexium Esomeprazol 40mg 28 Comprimidos Recubiertos,Nexium Esomeprazol 40mg 28 Comprimidos Recubiertos,Nexium,nexium,40mg,28,28,null,solid-oral,null,nexium|40mg|28,nexium|40mg|28|bio:unknown|brand:nexium|form:solid-oral,53151,online,true,https://salcobrand.cl/products/nexium-esomeprazol-40mg-28-comprimidos-recubiertos?default_sku=2052193
next,salcobrand,Implanon Next Etonogestrel Implante 1 Aplicación,Implanon Next Etonogestrel Implante 1 Aplicación,Implanon,implanon,null,null,null,next,null,null,implanon,implanon|bio:unknown|brand:implanon|var:next,127949,online,true,https://salcobrand.cl/products/implanon-next-etonogestrel-implante-1-aplicacion?default_sku=1160015
nistatina,dr-simi,Nistatina 100.000 Ui comprimidos,Nistatina 100.000 Ui comprimidos,DR. SIMI,nistatina,null,null,null,null,solid-oral,null,nistatina,nistatina|bio:false|brand:drsimi|form:solid-oral,1290,store,false,https://www.drsimi.cl/nistatina-100-000-ui-12com/p
nistatina,araucomed,Nistatina 100.000 U.I. ungüento x 15 gramos. (Hospifarma),Nistatina 100.000 U.I. ungüento x 15 gramos. (Hospifarma),Hospifarma,nistatina,null,null,null,null,topical,null,nistatina|15,nistatina|15|bio:unknown|brand:hospifarma|form:topical,1290,store,false,https://farmacia.araucomed.com/antimicoticos/nistatina-100000ui-ungx15g-hospifarma
nistatina,farmex,Nistatina Unguento 100.000 UI x 15 g,Nistatina Unguento 100.000 UI x 15 g,MINTLAB,nistatina,15000mg,null,null,null,topical,null,nistatina|15000mg|15,nistatina|15000mg|15|bio:unknown|brand:mintlab|form:topical,1390,store,false,https://farmex.cl/products/nistatina-unguento-100-000-ui-x-15-g?_pos=10&_psq=nistatina&_psid=705b90e57&_ss=e
nistatina,easyfarma,Nistatina  100.000 U.I. 12...,Nistatina  100.000 U.I. 12...,null,nistatina,null,null,null,null,null,null,nistatina,nistatina|bio:unknown|brand:metronidazol,1745,store,true,https://nuevo.easyfarma.cl/24707-nistatina-metronidazol.html
nistatina,araucomed,Nistatina 100000Ui ungüento 15g (BPH),Nistatina 100000Ui ungüento 15g (BPH),BPH,nistatina,15000mg,null,null,null,topical,null,nistatina|15000mg,nistatina|15000mg|bio:unknown|brand:bph|form:topical,1790,store,false,https://farmacia.araucomed.com/antimicoticos/nistatina-100000ui-unguento-15g-bph
nistatina,araucomed,Nistatina 100.000Ui ungüento 15g (Mintlab),Nistatina 100.000Ui ungüento 15g (Mintlab),Mintlab,nistatina,15000mg,null,null,null,topical,null,nistatina|15000mg,nistatina|15000mg|bio:unknown|brand:mintlab|form:topical,1790,store,false,https://farmacia.araucomed.com/antibioticos/nistatina-100000ui-unguento-15g-mintlab
nistatina,araucomed,Nistatina 100.000 U.I. ungüento x 15 gramos. (Chile),Nistatina 100.000 U.I. ungüento x 15 gramos. (Chile),Laboratorio Chile,nistatina,null,null,null,null,topical,null,nistatina|15,nistatina|15|bio:unknown|brand:chile|form:topical,2290,store,true,https://farmacia.araucomed.com/antimicoticos/nistatina-100000ui-unguento-x15g-chile
nistatina,ecofarmacias,Nistatina 100000 UI Unguento 15 gr,Nistatina 100000 UI Unguento 15 gr,null,nistatina,null,null,null,null,topical,null,nistatina,nistatina|bio:unknown|brand:unknown|form:topical,2390,store,true,https://www.ecofarmacias.cl/producto/nistatina-100000-ui-unguento-15-gr/
nistatina,cruz-verde,Nistatina 100000 UI Unguento 15 gr,Nistatina 100000 UI Unguento 15 gr,null,nistatina,null,null,null,null,topical,null,nistatina,nistatina|bio:unknown|brand:unknown|form:topical,4290,store,true,https://www.cruzverde.cl/nistatina-100000-ui-unguento-15-gr/199203.html
nistatina,ecofarmacias,Nistatina Unguento Tópico 100.000 Ui/G x 15 gr (Hospifarma),Nistatina Unguento Tópico 100.000 Ui/G x 15 gr (Hospifarma),null,nistatina,null,null,null,null,topical,null,nistatina|15,nistatina|15|bio:unknown|brand:unknown|form:topical,2390,store,false,https://www.ecofarmacias.cl/producto/hospifarma-nistatina-unguento-topico-100-000-ui-g-x-15-gr/
nistatina,easyfarma,Nistatina 100000UI/g 15 gr...,Nistatina 100000UI/g 15 gr...,null,nistatina,null,null,null,null,null,null,nistatina,nistatina|bio:unknown|brand:dermica,2490,store,true,https://nuevo.easyfarma.cl/24706-nistatina-crema-dermica.html
nistatina,farmex,Nistatina 100.000 UI x 12 Óvulos,Nistatina 100.000 UI x 12 Óvulos,CHILE,nistatina,null,12,12,null,suppository,null,nistatina|12,nistatina|12|bio:unknown|brand:chile|form:suppository,2890,store,false,https://farmex.cl/products/nistatina-ovulos?_pos=1&_psq=nistatina&_psid=705b90e57&_ss=e
nistatina,araucomed,Nistatina 100.000 U.I. x 12 óvulos vaginales. (Chile),Nistatina 100.000 UI x 12 Óvulos,CHILE,nistatina,null,12,12,null,suppository,null,nistatina|12,nistatina|12|bio:unknown|brand:chile|form:suppository,2990,store,true,https://farmacia.araucomed.com/antimicoticos/nistatina-100000ui-x12ovulos-chile
nistatina,ecofarmacias,Nistatina 100.000 U.I 12 Óvulos Vaginales (Laboratorio Chile),Nistatina 100.000 UI 12 Óvulos,null,nistatina,null,12,12,null,suppository,null,nistatina,nistatina|bio:unknown|brand:unknown|form:suppository,2920,store,false,https://www.ecofarmacias.cl/producto/nistatina-100-000-u-i-12-ovulos-vaginales-laboratorio-chile/
nistatina,cruz-verde,Nistatina 100.000 UI 12 Óvulos,Nistatina 100.000 UI 12 Óvulos,null,nistatina,null,12,12,null,suppository,null,nistatina,nistatina|bio:unknown|brand:unknown|form:suppository,5990,store,true,https://www.cruzverde.cl/nistatina-100-000-ui-12-ovulos/199420.html
nistatina,dr-simi,Nistatina  100000 UI/g ungüento tópico 15 g,Nistatina  100000 UI/g ungüento tópico 15 g,HOSPIFARMA,nistatina,15000mg,null,null,null,topical,null,nistatina|15000mg,nistatina|15000mg|bio:false|brand:hospifarma|form:topical,3960,store,true,https://www.drsimi.cl/nistatina-100-000-ui-g-unguento-topico-15-gr/p
nistatina,dr-simi,Nistatina 100000 UI 12 óvulos vaginales,Nistatina 100000 UI 12 óvulos vaginales,TEVA,nistatina,null,12,12,null,suppository,null,nistatina,nistatina|bio:false|brand:teva|form:suppository,4400,store,true,https://www.drsimi.cl/nistatina-100-000-ui-12-ovulos-vaginales/p
nistatina,ahumada,Nistatina 100000 UI x 12 Ovulos Vaginales,Nistatina 100000 UI x 12 Ovulos Vaginales,null,nistatina,null,12,12,null,suppository,null,nistatina|12,nistatina|12|bio:unknown|brand:unknown|form:suppository,4499,cmr,true,https://www.farmaciasahumada.cl/nistatina-100000-ui-x-12-ovulos-vaginales-1054.html
nistatina,salcobrand,Nistatina 100.000UI Ungüento Dérmico 15g,Nistatina 100.000UI Ungüento Dérmico 15g,Nistatina,nistatina,15000mg,null,null,null,topical,null,nistatina|15000mg,nistatina|15000mg|bio:unknown|brand:nistatina|form:topical,5895,online,true,https://salcobrand.cl/products/nistatina-100-000ui-unguento-dermico-15g?default_sku=434451
nistatina,salcobrand,Nistatina 100.000UI 12 Óvulos,Nistatina 100.000UI 12 Óvulos,Nistatina,nistatina,null,12,12,null,suppository,null,nistatina,nistatina|bio:unknown|brand:nistatina|form:suppository,8183,online,true,https://salcobrand.cl/products/labchile-nistatina-100-000ui-12-ovulos?default_sku=434257
nistatina,ecofarmacias,Nistatina &#8211; metronidazol 10 Óvulos (Laboratorio Chile),Nistatina Metronidazol 100.000 UI 10 Óvulos,null,nistatina,null,10,10,metronidazol,suppository,null,nistatina,nistatina|bio:unknown|brand:unknown|var:metronidazol|form:suppository,8490,store,false,https://www.ecofarmacias.cl/producto/nistatina-metronidazol-10-ovulos-laboratorio-chile/
nistatina,cruz-verde,Nistatina Metronidazol 100.000 UI 10 Óvulos,Nistatina Metronidazol 100.000 UI 10 Óvulos,null,nistatina,null,10,10,metronidazol,suppository,null,nistatina,nistatina|bio:unknown|brand:unknown|var:metronidazol|form:suppository,15690,store,true,https://www.cruzverde.cl/nistatina-metronidazol-100-000-ui-10-ovulos/2253.html
nistatina,farmex,Nistatina Metronidazol x 10 Óvulos,Nistatina Metronidazol x 10 Óvulos,LABORATORIO CHILE,nistatina,null,10,10,metronidazol,suppository,null,nistatina|10,nistatina|10|bio:unknown|brand:chile|var:metronidazol|form:suppository,8990,store,false,https://farmex.cl/products/nistatina-metronidazol-ovulos?_pos=2&_psq=nistatina&_psid=705b90e57&_ss=e
nistatina,araucomed,Nistatina Metronidazol óvulos x 10 unidades. (Chile),Nistatina Metronidazol x 10 Óvulos,LABORATORIO CHILE,nistatina,null,10,10,metronidazol,suppository,null,nistatina|10,nistatina|10|bio:unknown|brand:chile|var:metronidazol|form:suppository,9990,store,true,https://farmacia.araucomed.com/antimicoticos/nistatina-metronidazol-ovulos-x-10-unidades-chile
nistatina,ecofarmacias,Nistaglós Nistatina NF 10000000 UI Unguento Topico 15 gr,Nistaglós Nistatina NF 10000000 UI Unguento Topico 15 gr,null,nistaglos,null,null,null,nistatina,topical,null,nistaglos,nistaglos|bio:unknown|brand:unknown|var:nistatina|form:topical,9980,store,true,https://www.ecofarmacias.cl/producto/nistaglos-nistatina-nf-10000000-ui-unguento-topico-15-gr/
nistatina,easyfarma,Nistatina Metronidazol 10...,Nistatina Metronidazol 10...,null,nistatina,null,null,null,metronidazol,null,null,nistatina,nistatina|bio:unknown|brand:unknown|var:metronidazol,9990,store,true,https://nuevo.easyfarma.cl/105562-nistatina-metronidazol-10-ovulos-100000-ui-500mg-lab-chile.html
nistatina,easyfarma,Nistaglos NF Crema x 15 g,Nistaglos NF Crema x 15 g,null,nistaglos,15000mg,null,null,nf,topical,null,nistaglos|15000mg|15,nistaglos|15000mg|15|bio:unknown|brand:unknown|var:nf|form:topical,12990,store,true,https://nuevo.easyfarma.cl/24812-nistaglos-grema-x-15mg.html
nistatina,araucomed,Nistaglos Crema 30g,Nistaglos Crema 30g,Andrómaco,nistaglos,30000mg,null,null,null,topical,null,nistaglos|30000mg,nistaglos|30000mg|bio:unknown|brand:andromaco|form:topical,13490,store,false,https://farmacia.araucomed.com/antimicoticos/nistaglos-crema-30g
nistatina,salcobrand,Nistatina / Metronidazol 10 Óvulos,Nistatina / Metronidazol 10 Óvulos,Nistatina,nistatina,null,10,10,null,suppository,metronidazol,nistatina,nistatina|bio:unknown|brand:nistatina|combo:metronidazol|form:suppository,13815,online,true,https://salcobrand.cl/products/nistatina-metronidazol-10-ovulos?default_sku=434249
nistatina,easyfarma,Nistaglos NF Uguento 30 Gr,Nistaglos NF Uguento 30 Gr,null,nistaglos,null,null,null,nf,null,null,nistaglos,nistaglos|bio:unknown|brand:unknown|var:nf,16990,store,true,https://nuevo.easyfarma.cl/104486-nistaglos-nf-uguento-30-gr.html
nistatina,araucomed,Nistatina 100.000 UI suspensión oral 24 ml. (Lafedar),Nistatina 100.000 UI suspensión oral 24 ml. (Lafedar),BPH,nistatina,24ml,null,null,null,fluid-oral,null,nistatina|24ml,nistatina|24ml|bio:unknown|brand:bph|form:fluid-oral,18490,store,false,https://farmacia.araucomed.com/antimicoticos/nistatina-100000ui-solucion-oral-24ml-bph
nistatina,easyfarma,Nistatina 100.000 UI Gotas...,Nistatina 100.000 UI Gotas...,null,nistatina,null,null,null,null,fluid-oral,null,nistatina,nistatina|bio:unknown|brand:unknown|form:fluid-oral,19990,store,true,https://nuevo.easyfarma.cl/25772-nistatina-100000ui-gotas-x-24ml.html
nistatina,dr-simi,Nistatina 100000 UI/mL suspensión oral 20 mL,Nistatina 100000 UI/mL suspensión oral 20 mL,BPH,nistatina,20ml,null,null,null,fluid-oral,null,nistatina|20ml,nistatina|20ml|bio:false|brand:bph|form:fluid-oral,22920,store,true,https://www.drsimi.cl/nistatina-100-000-ui-ml-suspension-oral-gotas-20-ml/p
nistatina,ahumada,Nistatina 100.000 UI/mL x 24 mL Suspension Oral,Nistatina 100.000 UI/mL x 24 mL Suspension Oral,null,nistatina,24ml,null,null,null,fluid-oral,null,nistatina|24ml|24,nistatina|24ml|24|bio:unknown|brand:unknown|form:fluid-oral,23300,store,true,https://www.farmaciasahumada.cl/nistatina-100.000-ui-ml-x-24-ml-suspension-oral--86573.html
nistatina,cruz-verde,Nistatina 100000 UI Suspensión Oral 24 mL,Nistatina 100000 UI Suspensión Oral 24 mL,null,nistatina,24ml,null,null,null,fluid-oral,null,nistatina|24ml,nistatina|24ml|bio:unknown|brand:unknown|form:fluid-oral,25890,store,true,https://www.cruzverde.cl/nistatina-100000-ui-suspension-oral-24-ml/268912.html
nistatina,salcobrand,Nistatina 100.000UI Oral Gotas 24ml,Nistatina 100.000UI Oral Gotas 24ml,Nistatina,nistatina,24ml,null,null,null,fluid-oral,null,nistatina|24ml,nistatina|24ml|bio:unknown|brand:nistatina|form:fluid-oral,33351,online,true,https://salcobrand.cl/products/nistatina-100-000ui-oral-gotas-24ml?default_sku=468940
omeprazol,ecofarmacias,Omeprazol 20 mg x 30 Cápsulas Opko Cenabast DESCUENTO,Omeprazol 20 mg x 30 Cápsulas Opko Cenabast DESCUENTO,null,omeprazol,20mg,30,30,null,solid-oral,null,omeprazol|20mg|30,omeprazol|20mg|30|bio:true|brand:unknown|form:solid-oral,750,store,false,https://www.ecofarmacias.cl/producto/omeprazol-20-mg-x-30-capsulas-opko-cenabast-descuento/
omeprazol,araucomed,Omeprazol 20 mg x 30 cápsulas. (Curae Spring),Omeprazol 20 mg x 30 cápsulas. (Curae Spring),CuraeSpring,omeprazol,20mg,30,30,null,solid-oral,null,omeprazol|20mg|30,omeprazol|20mg|30|bio:unknown|brand:curaespring|form:solid-oral,990,store,true,https://farmacia.araucomed.com/antiulcerosos/omeprazol-20-mg-x-30-capsulas-curae-spring
omeprazol,farmex,Omeprazol 20 mg x 30 cápsulas con gránulos con recubrimiento entérico,Omeprazol 20 mg x 30 cápsulas. (Curae Spring),CuraeSpring,omeprazol,20mg,30,30,null,solid-oral,null,omeprazol|20mg|30,omeprazol|20mg|30|bio:unknown|brand:curaespring|form:solid-oral,1390,store,true,https://farmex.cl/products/omeprazol-20-mg-x-30-capsulas-con-granulos-con-recubrimiento-enterico?_pos=6&_psq=omeprazol&_psid=96ac50cac&_ss=e
omeprazol,easyfarma,Omeprazol 20 mg x 30 caps...,Omeprazol 20 mg x 30 cápsulas. (Curae Spring),CuraeSpring,omeprazol,20mg,30,30,null,solid-oral,null,omeprazol|20mg|30,omeprazol|20mg|30|bio:unknown|brand:curaespring|form:solid-oral,1990,store,true,https://nuevo.easyfarma.cl/104321-omeprazol-20-mg-x-30-caps-curaspring.html
omeprazol,araucomed,Omeprazol 20 mg x 30 comprimidos. (Opko),Omeprazol 20 mg x 30 comprimidos. (Opko),Opko,omeprazol,20mg,30,30,null,solid-oral,null,omeprazol|20mg|30,omeprazol|20mg|30|bio:unknown|brand:opko|form:solid-oral,990,store,false,https://farmacia.araucomed.com/bioequivalentes/omeprazol-20mg-x30com-opko
omeprazol,farmex,"Omeprazol 20 mg x 30 cápsulas ""Ley Cenabast""",Omeprazol 20 mg x 30 comprimidos. (Opko),Opko,omeprazol,20mg,30,30,null,solid-oral,null,omeprazol|20mg|30,omeprazol|20mg|30|bio:unknown|brand:opko|form:solid-oral,990,store,true,https://farmex.cl/products/omeprazol-20-mg-x-30-capsulas-ley-cenabast?_pos=5&_psq=omeprazol&_psid=96ac50cac&_ss=e
omeprazol,araucomed,Omeprazol 40 mg/10 ml. Inyectable x 1 Frasco Ampolla (Hospifarma),Omeprazol 40 mg/10 ml. Inyectable x 1 Frasco Ampolla (Hospifarma),Hospifarma,omeprazol,40mg,1,1,null,injectable,null,omeprazol|10ml,omeprazol|10ml|bio:unknown|brand:hospifarma|form:injectable,1000,store,false,https://farmacia.araucomed.com/antiulcerosos/omeprazol-40mg-inyectable-x1-frasco-ampolla-hospifarma
omeprazol,araucomed,Omeprazol 20 mg x 30 cápsulas. (Ascend),Omeprazol 20 mg x 30 capsulas,ASCEND,omeprazol,20mg,30,30,null,solid-oral,null,omeprazol|20mg|30,omeprazol|20mg|30|bio:unknown|brand:ascend|form:solid-oral,1200,store,false,https://farmacia.araucomed.com/antiulcerosos/omeprazol-20-mg-x-30-capsulas-ascend
omeprazol,farmex,Omeprazol 20 mg x 30 capsulas,Omeprazol 20 mg x 30 capsulas,ASCEND,omeprazol,20mg,30,30,null,solid-oral,null,omeprazol|20mg|30,omeprazol|20mg|30|bio:unknown|brand:ascend|form:solid-oral,1290,store,true,https://farmex.cl/products/omeprazol-20-mg-x-30-comp?_pos=3&_psq=omeprazol&_psid=96ac50cac&_ss=e
omeprazol,easyfarma,Omeprazol 20 mg x 30 cap...,Omeprazol 20 mg x 30 capsulas,ASCEND,omeprazol,20mg,30,30,null,solid-oral,null,omeprazol|20mg|30,omeprazol|20mg|30|bio:unknown|brand:ascend|form:solid-oral,1490,store,true,https://nuevo.easyfarma.cl/104320-omeprazol-20-mg-x-30-cap-lab-ascend.html
omeprazol,araucomed,Omeprazol 20 mg x 30 cápsulas. (Chile),Omeprazol 20 mg x 30 cápsulas. (Chile),Laboratorio Chile,omeprazol,20mg,30,30,null,solid-oral,null,omeprazol|20mg|30,omeprazol|20mg|30|bio:unknown|brand:chile|form:solid-oral,1300,store,true,https://farmacia.araucomed.com/bioequivalentes/omeprazol-20mg-x30cap-chile
omeprazol,ecofarmacias,Omeprazol 20 mg x 60 cápsulas con gránulos Curaspring DESCUENTO,Omeprazol 20 mg x 60 cápsulas con gránulos Curaspring DESCUENTO,null,omeprazol,20mg,60,60,null,solid-oral,null,omeprazol|20mg|60,omeprazol|20mg|60|bio:true|brand:unknown|form:solid-oral,1550,store,false,https://www.ecofarmacias.cl/producto/omeprazol-20-mg-x-60-capsulas-con-granulos-curaspring-descuento/
omeprazol,dr-simi,Omeprazol 20 mg 30 cápsulas con gránulos con recubrimiento entérico,Omeprazol 20 mg 30 cápsulas con gránulos con recubrimiento entérico,ASCEND,omeprazol,20mg,30,30,null,solid-oral,null,omeprazol|20mg|30,omeprazol|20mg|30|bio:true|brand:ascend|form:solid-oral,1560,store,true,https://www.drsimi.cl/omeprazol-20-mg-30-capsulas/p
omeprazol,farmex,Omeprazol 20 mg x 30 cápsulas,Omeprazol (B) 20mg 30 Cápsulas,Omeprazol,omeprazol,20mg,30,30,null,solid-oral,null,omeprazol|20mg|30,omeprazol|20mg|30|bio:unknown|brand:unknown|form:solid-oral,1673,store,true,https://farmex.cl/products/omeprazol-20-mg-x-30-capsulas-7?_pos=9&_psq=omeprazol&_psid=96ac50cac&_ss=e
omeprazol,easyfarma,Omeprazol 20 Mg x 30 Caps....,Omeprazol (B) 20mg 30 Cápsulas,Omeprazol,omeprazol,20mg,30,30,null,solid-oral,null,omeprazol|20mg|30,omeprazol|20mg|30|bio:unknown|brand:unknown|form:solid-oral,1690,store,true,https://nuevo.easyfarma.cl/105577-omeprazol-20-mg-x-30-caps-lab-chile.html
omeprazol,cruz-verde,Omeprazol 20 mg 30 Cápsulas con Gránulos,Omeprazol (B) 20mg 30 Cápsulas,Omeprazol,omeprazol,20mg,30,30,null,solid-oral,null,omeprazol|20mg|30,omeprazol|20mg|30|bio:unknown|brand:unknown|form:solid-oral,2690,store,true,https://www.cruzverde.cl/omeprazol-20-mg-30-capsulas-con-granulos/275886.html
omeprazol,salcobrand,Omeprazol (B) 20mg 30 Cápsulas,Omeprazol (B) 20mg 30 Cápsulas,Omeprazol,omeprazol,20mg,30,30,null,solid-oral,null,omeprazol|20mg|30,omeprazol|20mg|30|bio:unknown|brand:unknown|form:solid-oral,2727,online,true,https://salcobrand.cl/products/omeprazol-b-20mg-30-capsulas?default_sku=430270
omeprazol,easyfarma,Omeprazol 20 mg x 30...,Omeprazol 20 mg x 30...,null,omeprazol,20mg,30,30,null,null,null,omeprazol|20mg|30,omeprazol|20mg|30|bio:unknown|brand:unknown,1690,store,true,https://nuevo.easyfarma.cl/26085-omeprazol-20-mg-x-30.html
omeprazol,araucomed,Omeprazol 20 mg x 60 cápsulas. (Opko),Omeprazol 20 mg x 60 cápsulas,Opko,omeprazol,20mg,60,60,null,solid-oral,null,omeprazol|20mg|60,omeprazol|20mg|60|bio:unknown|brand:opko|form:solid-oral,1790,store,false,https://farmacia.araucomed.com/bioequivalentes/omeprazol-20mg-x60com-opko
omeprazol,farmex,Omeprazol 20 mg x 60 cápsulas,Omeprazol 20 mg x 60 cápsulas,Opko,omeprazol,20mg,60,60,null,solid-oral,null,omeprazol|20mg|60,omeprazol|20mg|60|bio:unknown|brand:opko|form:solid-oral,2395,store,true,https://farmex.cl/products/omeprazol-20-60-capsulas?_pos=4&_psq=omeprazol&_psid=96ac50cac&_ss=e
omeprazol,farmex,Omeprazol 20 mg x 60 capsulas,Omeprazol 20 mg x 60 capsulas,Ascend,omeprazol,20mg,60,60,null,solid-oral,null,omeprazol|20mg|60,omeprazol|20mg|60|bio:unknown|brand:ascend|form:solid-oral,1890,store,true,https://farmex.cl/products/omeprazol-20-mg-x-60-comp?_pos=2&_psq=omeprazol&_psid=96ac50cac&_ss=e
omeprazol,araucomed,Omeprazol 20 mg x 60 cápsulas. (Ascend),Omeprazol 20 mg x 60 capsulas,Ascend,omeprazol,20mg,60,60,null,solid-oral,null,omeprazol|20mg|60,omeprazol|20mg|60|bio:unknown|brand:ascend|form:solid-oral,1990,store,false,https://farmacia.araucomed.com/bioequivalentes/omeprazol-20mg-x60com-ascend
omeprazol,araucomed,Omeprazol 20 mg x 60 cápsulas. (Curae Spring),Omeprazol 20mg x 60 Capsulas,Curae Spring,omeprazol,20mg,60,60,null,solid-oral,null,omeprazol|20mg|60,omeprazol|20mg|60|bio:unknown|brand:curaespring|form:solid-oral,1990,store,false,https://farmacia.araucomed.com/antiulcerosos/omeprazol-20-mg-x-60-capsulas-curae-spring
omeprazol,farmex,Omeprazol 20mg x 60 Capsulas,Omeprazol 20mg x 60 Capsulas,Curae Spring,omeprazol,20mg,60,60,null,solid-oral,null,omeprazol|20mg|60,omeprazol|20mg|60|bio:unknown|brand:curaespring|form:solid-oral,2095,store,true,https://farmex.cl/products/omeprazol-20mg-x-60-capsulas?_pos=1&_psq=omeprazol&_psid=96ac50cac&_ss=e
omeprazol,araucomed,Omeprazol 20mg x60cap. (Chile),Omeprazol 20mg x60cap. (Chile),Laboratorio Chile,omeprazol,20mg,60,60,null,solid-oral,null,omeprazol|20mg|60,omeprazol|20mg|60|bio:unknown|brand:chile|form:solid-oral,2290,store,false,https://farmacia.araucomed.com/bioequivalentes/omeprazol-20mg-x60cap-chile
omeprazol,ecofarmacias,Omeprazol 20 mg x 60 Lab Chile,Omeprazol 20 mg x 60 Lab Chile,null,omeprazol,20mg,60,60,null,null,null,omeprazol|20mg|60,omeprazol|20mg|60|bio:true|brand:unknown,2980,store,false,https://www.ecofarmacias.cl/producto/omeprazol-20-mg-x-50-lab-chile/
omeprazol,easyfarma,Omeprazol 20 mg. x 60 cap....,Omeprazol (B) 20mg 60 Cápsulas,Omeprazol,omeprazol,20mg,60,60,null,solid-oral,null,omeprazol|20mg|60,omeprazol|20mg|60|bio:unknown|brand:unknown|form:solid-oral,2990,store,true,https://nuevo.easyfarma.cl/31322-omeprazol-20-mg.html
omeprazol,salcobrand,Omeprazol (B) 20mg 60 Cápsulas,Omeprazol (B) 20mg 60 Cápsulas,Omeprazol,omeprazol,20mg,60,60,null,solid-oral,null,omeprazol|20mg|60,omeprazol|20mg|60|bio:unknown|brand:unknown|form:solid-oral,3783,online,true,https://salcobrand.cl/products/omeprazol-b-20mg-60-capsulas?default_sku=430271
omeprazol,cruz-verde,Omeprazol 20 mg 60 Cápsulas con Gránulos,Omeprazol (B) 20mg 60 Cápsulas,Omeprazol,omeprazol,20mg,60,60,null,solid-oral,null,omeprazol|20mg|60,omeprazol|20mg|60|bio:unknown|brand:unknown|form:solid-oral,4290,store,true,https://www.cruzverde.cl/omeprazol-20-mg-60-capsulas-con-granulos/276485.html
omeprazol,easyfarma,Omeprazol 20 mg x 60...,Omeprazol 20 mg x 60...,null,omeprazol,20mg,60,60,null,null,null,omeprazol|20mg|60,omeprazol|20mg|60|bio:unknown|brand:curaespring,2990,store,true,https://nuevo.easyfarma.cl/104458-omeprazol-20-mg-x-60-capsulas-curaspring.html
omeprazol,easyfarma,Omeprazol 20 mg x 60...,Omeprazol 20 mg x 60...,null,omeprazol,20mg,60,60,null,null,null,omeprazol|20mg|60,omeprazol|20mg|60|bio:unknown|brand:unknown,2990,store,true,https://nuevo.easyfarma.cl/26086-omeprazol-20mg-x-60.html
omeprazol,salcobrand,Lomex (B) Omeprazol 20mg 28 Capsulas Prolongadas,Lomex (B) Omeprazol 20mg 28 Capsulas Prolongadas,Lomex,lomex,20mg,28,28,null,solid-oral,null,lomex|20mg|28,lomex|20mg|28|bio:unknown|brand:lomex|form:solid-oral,5010,online,true,https://salcobrand.cl/products/lomex-b-omeprazol-20mg-28-capsulas-prolongadas?default_sku=573314
omeprazol,ahumada,LOMEX Omeprazol 20 mg 28 cápsulas,LOMEX Omeprazol 20 mg 28 cápsulas,null,lomex,20mg,28,28,null,solid-oral,null,lomex|20mg|28,lomex|20mg|28|bio:true|brand:unknown|form:solid-oral,5590,store,true,https://www.farmaciasahumada.cl/lomex-omeprazol-20-mg-28-capsulas-87769.html
omeprazol,araucomed,Zomel 20 mg x 30 comprimidos.,Zomel 20 mg x 30 comprimidos.,null,zomel,20mg,30,30,null,solid-oral,null,zomel|20mg|30,zomel|20mg|30|bio:unknown|brand:unknown|form:solid-oral,8990,store,true,https://farmacia.araucomed.com/antiulcerosos/zomel-20mg-x35cap
omeprazol,araucomed,Omeprazol 40 mg Inyectable x 10 Frasco Ampolla (Vitalis),Omeprazol 40 mg Inyectable x 10 Frasco Ampolla (Vitalis),Vitalis,omeprazol,40mg,10,10,null,injectable,null,omeprazol|40mg|10,omeprazol|40mg|10|bio:unknown|brand:vitalis|form:injectable,12990,store,false,https://farmacia.araucomed.com/antiulcerosos/omeprazol-40mg-inyectable-x1-frasco-ampolla-vitalis
omeprazol,araucomed,Zomel 40 mg x 30 comprimidos.,Zomel 40 mg x 30 comprimidos.,null,zomel,40mg,30,30,null,solid-oral,null,zomel|40mg|30,zomel|40mg|30|bio:unknown|brand:unknown|form:solid-oral,13990,store,true,https://farmacia.araucomed.com/antiulcerosos/zomel-40-mg-x-30-comprimidos
omeprazol,ahumada,"Obexol 37,7 mg x 30 Cápsulas","Obexol 37,7 mg x 30 Cápsulas",null,obexol,37.7mg,30,30,null,solid-oral,null,obexol|37.7mg|30,obexol|37.7mg|30|bio:true|brand:unknown|form:solid-oral,17646,store,true,https://www.farmaciasahumada.cl/obexol-37-7-mg-x-30-capsulas-80565.html
omeprazol,cruz-verde,Lomex 20 Mg X 28 Caps,Lomex 20 Mg X 28 Caps,null,lomex,20mg,28,28,null,solid-oral,null,lomex|20mg|28,lomex|20mg|28|bio:unknown|brand:unknown|form:solid-oral,29990,store,false,https://www.cruzverde.cl/lomex-20-mg-x-28-caps/6294.html
omeprazol,ecofarmacias,Esomeprazol 40 mg x 30 comp. recubrimiento entérico DESCUENTO,Esomeprazol 40 mg x 30 comp. recubrimiento entérico DESCUENTO,null,esomeprazol,40mg,30,30,null,solid-oral,null,esomeprazol|40mg|30,esomeprazol|40mg|30|bio:true|brand:unknown|form:solid-oral,2520,store,false,https://www.ecofarmacias.cl/producto/esomeprazol-40-mg-x-30-comp-recubrimiento-enterico-descuento/
omeprazol,ecofarmacias,Esomeprazol 20 mg x 30 Cápsulas gránulos Recubrimiento Entérico,Esomeprazol 20 mg x 30 Cápsulas gránulos Recubrimiento Entérico,null,esomeprazol,20mg,30,30,null,solid-oral,null,esomeprazol|20mg|30,esomeprazol|20mg|30|bio:true|brand:unknown|form:solid-oral,2980,store,false,https://www.ecofarmacias.cl/producto/esomeprazol-20-mg-x-30-capsulas-granulos-recubrimiento-enterico/
omeprazol,easyfarma,Esomeprazol 20 mg 30...,Esomeprazol 20 mg 30...,null,esomeprazol,20mg,null,null,null,null,null,esomeprazol|20mg,esomeprazol|20mg|bio:unknown|brand:opko,3990,store,true,https://nuevo.easyfarma.cl/53312-esomeprazol-20-mg-30-comp-opko.html
omeprazol,dr-simi,Esomeprazol 20 mg 30 comprimidos con recubrimiento entérico,Esomeprazol 20 mg 30 comprimidos con recubrimiento entérico,OPKO,esomeprazol,20mg,30,30,null,solid-oral,null,esomeprazol|20mg|30,esomeprazol|20mg|30|bio:true|brand:opko|form:solid-oral,4520,store,true,https://www.drsimi.cl/esomeprazol-20-mg-30-comprimidos-recubierto-enterico/p
omeprazol,dr-simi,Esomeprazol 20 mg 30 cápsulas con gránulos con recubrimiento entérico,Esomeprazol 20 mg 30 cápsulas con gránulos con recubrimiento entérico,ASCEND,esomeprazol,20mg,30,30,null,solid-oral,null,esomeprazol|20mg|30,esomeprazol|20mg|30|bio:true|brand:ascend|form:solid-oral,5080,store,true,https://www.drsimi.cl/esomeprazol-20-mg-30-capsulas-granulos-recubrimiento-enterico/p
omeprazol,dr-simi,Esomeprazol 40 mg 30 comprimidos con recubrimiento entérico,Esomeprazol 40 mg 30 comprimidos con recubrimiento entérico,OPKO,esomeprazol,40mg,30,30,null,solid-oral,null,esomeprazol|40mg|30,esomeprazol|40mg|30|bio:true|brand:opko|form:solid-oral,5400,store,true,https://www.drsimi.cl/esomeprazol-40-mg-30-comprimidos-recubierto-enterico/p
omeprazol,easyfarma,Esomeprazol  20 mg x 30...,Esomeprazol  20 mg x 30...,null,esomeprazol,20mg,30,30,null,null,null,esomeprazol|20mg|30,esomeprazol|20mg|30|bio:unknown|brand:hetero,5990,store,true,https://nuevo.easyfarma.cl/102263-esomeprazol-20-mg-x-30-capsulas-lab-hetero.html
omeprazol,easyfarma,Esomeprazol 20 Mg 30...,Esomeprazol 20 Mg 30...,null,esomeprazol,20mg,null,null,null,null,null,esomeprazol|20mg,esomeprazol|20mg|bio:unknown|brand:hetero,5990,store,true,https://nuevo.easyfarma.cl/105275-esomeprazol-20-mg-30-capsulas-lab-hetero.html
omeprazol,easyfarma,Esomeprazol 20 mg x 30 caps...,Esomeprazol 20 mg x 30 caps...,null,esomeprazol,20mg,30,30,null,solid-oral,null,esomeprazol|20mg|30,esomeprazol|20mg|30|bio:unknown|brand:ascend|form:solid-oral,5990,store,true,https://nuevo.easyfarma.cl/104459-esomeprazol-20-mg-x-30-caps-ascend.html
omeprazol,dr-simi,Esomeprazol 40 mg 30 cápsulas con gránulos con recubrimiento entérico,Esomeprazol 40 mg 30 cápsulas con gránulos con recubrimiento entérico,ASCEND,esomeprazol,40mg,30,30,null,solid-oral,null,esomeprazol|40mg|30,esomeprazol|40mg|30|bio:true|brand:ascend|form:solid-oral,6800,store,true,https://www.drsimi.cl/esomeprazol-40-mg-30-capsulas-granulos-recubrimiento-enterico/p
omeprazol,dr-simi,Flectane naproxeno 500 mg esomeprazol 20 mg 30 comprimidos con recubrimiento entérico,Flectane naproxeno 500 mg esomeprazol 20 mg 30 comprimidos con recubrimiento entérico,SANITAS,flectane,500mg,30,30,null,solid-oral,null,flectane|500mg|30,flectane|500mg|30|bio:false|brand:sanitas|form:solid-oral,12800,store,true,https://www.drsimi.cl/flectane-500-20-naproxeno-esomeprazol-500-20mg-30-comp-rec/p
paracetamol,araucomed,Paracetamol 500 mg x 16 comprimidos. (Andromaco),Paracetamol 500 mg x 16 comprimidos,ANDROMACO,paracetamol,500mg,16,16,null,solid-oral,null,paracetamol|500mg|16,paracetamol|500mg|16|bio:unknown|brand:andromaco|form:solid-oral,450,store,true,https://farmacia.araucomed.com/bioequivalentes/paracetamol-500mg-x16com-andromaco
paracetamol,farmex,Paracetamol 500 mg x 16 comprimidos,Paracetamol 500 mg x 16 comprimidos,ANDROMACO,paracetamol,500mg,16,16,null,solid-oral,null,paracetamol|500mg|16,paracetamol|500mg|16|bio:unknown|brand:andromaco|form:solid-oral,790,store,true,https://farmex.cl/products/paracetamol-500-mg-x-16-comp-andromaco?_pos=1&_psq=paracetamol&_psid=6994dc366&_ss=e
paracetamol,dr-simi,Paracetamol 500 mg 16 comprimidos,Paracetamol 500 mg 16 comprimidos,ANDRÓMACO,paracetamol,500mg,16,16,null,solid-oral,null,paracetamol|500mg|16,paracetamol|500mg|16|bio:true|brand:andromaco|form:solid-oral,480,store,true,https://www.drsimi.cl/paracetamol-500-mg-16-comprimidos/p
paracetamol,ecofarmacias,Paracetamol 500 mg x 16 comprimidos (cenabast),Paracetamol 500 mg x 16 Comprimidos,null,paracetamol,500mg,16,16,null,solid-oral,null,paracetamol|500mg|16,paracetamol|500mg|16|bio:true|brand:unknown|form:solid-oral,490,store,false,https://www.ecofarmacias.cl/producto/paracetamol-500-mg-x-16-comprimidos-cenabast/
paracetamol,ahumada,Paracetamol 500 mg x 16 Comprimidos,Paracetamol 500 mg x 16 Comprimidos,null,paracetamol,500mg,16,16,null,solid-oral,null,paracetamol|500mg|16,paracetamol|500mg|16|bio:true|brand:unknown|form:solid-oral,618,store,true,https://www.farmaciasahumada.cl/paracetamol-500-mg-x-16-comprimidos-84574.html
paracetamol,araucomed,Paracetamol 500 mg x 16 comprimidos. (Chile),Paracetamol 500 mg x 16 comprimidos. (Chile),Laboratorio Chile,paracetamol,500mg,16,16,null,solid-oral,null,paracetamol|500mg|16,paracetamol|500mg|16|bio:unknown|brand:chile|form:solid-oral,500,store,true,https://farmacia.araucomed.com/bioequivalentes/paracetamol-500mg-x16com-chile
paracetamol,cruz-verde,Paracetamol Infantil  80 mg 100 Comprimidos,Paracetamol Infantil  80 mg 100 Comprimidos,null,paracetamol,80mg,100,100,infantil,solid-oral,null,paracetamol|80mg|100,paracetamol|80mg|100|bio:unknown|brand:unknown|var:infantil|form:solid-oral,590,store,true,https://www.cruzverde.cl/paracetamol-infantil-80-mg-100-comprimidos/225007.html
paracetamol,ecofarmacias,"Kitadol, paracetamol, 500Mg X 24 comp.(LCh) DESCUENTO caja arrugada","Kitadol, paracetamol, 500Mg X 24 comp.(LCh) DESCUENTO caja arrugada",null,kitadol,500mg,24,24,null,solid-oral,null,kitadol|500mg|24,kitadol|500mg|24|bio:unknown|brand:unknown|form:solid-oral,650,store,false,https://www.ecofarmacias.cl/producto/kitadol-500mg-x-24-comprimidos-lch-descuento-caja-arrugada/
paracetamol,easyfarma,Paracetamol 500 mg. 16 comp.,Paracetamol 500 mg. 16 comp.,null,paracetamol,500mg,16,16,null,solid-oral,null,paracetamol|500mg|16,paracetamol|500mg|16|bio:unknown|brand:unknown|form:solid-oral,690,store,true,https://nuevo.easyfarma.cl/24713-paracetamol-500-mg-x-16.html
paracetamol,cruz-verde,Paracetamol 500 mg 16 Comprimidos,Paracetamol 500 mg. 16 comp.,null,paracetamol,500mg,16,16,null,solid-oral,null,paracetamol|500mg|16,paracetamol|500mg|16|bio:unknown|brand:unknown|form:solid-oral,840,store,true,https://www.cruzverde.cl/paracetamol-500-mg-16-comprimidos/272241.html
paracetamol,ecofarmacias,Paracetamol Infantil x 6 supositorios LCh DESCUENTO,Paracetamol inf. suposit. x 6,null,paracetamol,null,6,6,infantil,suppository,null,paracetamol|6,paracetamol|6|bio:unknown|brand:unknown|var:infantil|form:suppository,780,store,false,https://www.ecofarmacias.cl/producto/paracetamol-infantil-x-6-supositorios-lch-descuento/
paracetamol,easyfarma,Paracetamol inf. suposit. x 6,Paracetamol inf. suposit. x 6,null,paracetamol,null,6,6,infantil,suppository,null,paracetamol|6,paracetamol|6|bio:unknown|brand:unknown|var:infantil|form:suppository,1190,store,true,https://nuevo.easyfarma.cl/24714-paracetamol-inf-suposit-x-6.html
paracetamol,salcobrand,Tapsín Limonada Noche (B) Paracetamol 5g,Tapsín Limonada Noche (B) Paracetamol 5g,Tapsin,tapsin,5000mg,null,null,limonada,null,null,tapsin|5000mg|n,tapsin|5000mg|n|bio:unknown|brand:tapsin|var:limonada,791,online,true,https://salcobrand.cl/products/tapsin-limonada-noche-b-paracetamol-5g?default_sku=1999956
paracetamol,salcobrand,Tapsin Limonada (B) Paracetamol Día 5g,Tapsin Limonada (B) Paracetamol Día 5g,Tapsin,tapsin,5000mg,null,null,limonada,null,null,tapsin|5000mg|d,tapsin|5000mg|d|bio:unknown|brand:tapsin|var:limonada,791,online,true,https://salcobrand.cl/products/tapsin-limonada-b-paracetamol-dia-5g?default_sku=1991100
paracetamol,ahumada,Paracetamol 500 mg SINFLU x 20 Comprimidos,Paracetamol 500 mg SINFLU x 20 Comprimidos,null,paracetamol,500mg,20,20,null,solid-oral,null,paracetamol|500mg|20,paracetamol|500mg|20|bio:true|brand:unknown|form:solid-oral,990,store,true,https://www.farmaciasahumada.cl/paracetamol-500-mg-sinflu-x-20-comprimidos-96710.html
paracetamol,araucomed,Paracetamol Infantil 125mg x 6 supositorios. (Chile),Paracetamol Infantil 125mg x 6 supositorios. (Chile),Laboratorio Chile,paracetamol,125mg,6,6,infantil,suppository,null,paracetamol|125mg|6,paracetamol|125mg|6|bio:unknown|brand:chile|var:infantil|form:suppository,990,store,true,https://farmacia.araucomed.com/analgesicos-y-antinflamatorios/paracetamol-pediatrico-125mg-x6sup-chile
paracetamol,araucomed,Paracetamol Gotas 100 mg/ml x15ml (Chile),Paracetamol Gotas 100 mg/ml x15ml (Chile),Laboratorio Chile,paracetamol,100mg,null,null,null,fluid-oral,null,paracetamol|15ml|15,paracetamol|15ml|15|bio:unknown|brand:chile|form:fluid-oral,990,store,true,https://farmacia.araucomed.com/analgesicos-y-antinflamatorios/paracetamol-100-mg-ml-x15ml-chile
paracetamol,araucomed,Paracetamol 100 mg/ml x15ml (Valma),Paracetamol 100 mg/ml x15ml (Valma),Valma,paracetamol,100mg,null,null,null,null,null,paracetamol|15ml|15,paracetamol|15ml|15|bio:unknown|brand:valma,990,store,true,https://farmacia.araucomed.com/analgesicos-y-antinflamatorios/paracetamol-100-mg-ml-x15ml-valma
paracetamol,farmex,Paracetamol infantil 80 mg x 20 comprimidos,Paracetamol infantil 80 mg x 20 comprimidos,MINTLAB,paracetamol,80mg,20,20,infantil,solid-oral,null,paracetamol|80mg|20,paracetamol|80mg|20|bio:unknown|brand:mintlab|var:infantil|form:solid-oral,990,store,true,https://farmex.cl/products/paraceta-comprimidos-paracetamol?_pos=5&_psq=paracetamol&_psid=6994dc366&_ss=e
paracetamol,sermecoop,Geniol (paracetamol) 500mg 20 Comprimidos,Geniol (paracetamol) 500mg 20 Comprimidos,null,geniol,500mg,20,20,null,solid-oral,null,geniol|500mg|20,geniol|500mg|20|bio:true|brand:unknown|form:solid-oral,990,store,true,https://www.farmaciasermecoop.cl/index.php/online/detalleproducto?p_=7542&d_=1
paracetamol,salcobrand,Kitadol (B) Paracetamol 500mg 24 Comprimidos,Kitadol (B) Paracetamol 500mg 24 Comprimidos,Kitadol,kitadol,500mg,24,24,null,solid-oral,null,kitadol|500mg|24,kitadol|500mg|24|bio:unknown|brand:kitadol|form:solid-oral,1004,online,true,https://salcobrand.cl/products/kitadol-b-paracetamol-500mg-24-comprimidos?default_sku=430924
paracetamol,dr-simi,Tapsin InstaFLU día paracetamol 500 mg pseudoefedrina 60 mg 1 sobre polvo para solución oral 5 g,Tapsin InstaFLU día paracetamol 500 mg pseudoefedrina 60 mg 1 sobre polvo para solución oral 5 g,MAVER,tapsin,500mg,1,1,instaflu,fluid-oral,null,tapsin|500mg|d,tapsin|500mg|d|bio:false|brand:maver|var:instaflu|form:fluid-oral,1080,store,true,https://www.drsimi.cl/tapsin-instaflu-polvo-dia-ch6155/p
paracetamol,farmex,Paracetamol Infantil 100 mg / mL x 15 mL,Paracetamol Infantil 100 mg / mL x 15 mL,Chile,paracetamol,100mg,null,null,infantil,null,null,paracetamol|15ml|15,paracetamol|15ml|15|bio:unknown|brand:chile|var:infantil,1090,store,true,https://farmex.cl/products/paraceta-gts-paracetamol?_pos=8&_psq=paracetamol&_psid=6994dc366&_ss=e
paracetamol,ecofarmacias,Paracetamol gotas 100mg/ml x 15 mL (Cenabast),Paracetamol gotas 100mg/ml x 15 mL (Cenabast),null,paracetamol,100mg,null,null,null,fluid-oral,null,paracetamol|15ml|15,paracetamol|15ml|15|bio:unknown|brand:unknown|form:fluid-oral,1190,store,true,https://www.ecofarmacias.cl/producto/paracetamol-gotas-100mg-ml-x-15-ml-cenabast/
paracetamol,ahumada,Paracetamol 100 mg/mL x 15 mL Solución Oral Para Gotas,Paracetamol gotas 100mg/ml x 15 mL (Cenabast),null,paracetamol,100mg,null,null,null,fluid-oral,null,paracetamol|15ml|15,paracetamol|15ml|15|bio:unknown|brand:unknown|form:fluid-oral,2195,store,true,https://www.farmaciasahumada.cl/paracetamol-100-mg-ml-x-15-ml-solucion-oral-para-gotas-2783.html
paracetamol,ahumada,Kitadol 500 mg x 24 Comprimidos,Kitadol 500 mg x 24 Comprimidos,null,kitadol,500mg,24,24,null,solid-oral,null,kitadol|500mg|24,kitadol|500mg|24|bio:true|brand:unknown|form:solid-oral,1190,store,true,https://www.farmaciasahumada.cl/kitadol-500-mg-x-24-comprimidos-15414.html
paracetamol,dr-simi,Tapsin paracetamol 500 mg 24 comprimidos,Tapsin paracetamol 500 mg 24 comprimidos,MAVER,tapsin,500mg,24,24,null,solid-oral,null,tapsin|500mg|24,tapsin|500mg|24|bio:true|brand:maver|form:solid-oral,1200,store,true,https://www.drsimi.cl/tapsin-paracetamol-500-mg-24-comprimidos-ch5296/p
paracetamol,araucomed,Paracetamol Infantil 80 mg x 16 comprmidos masticables. (Chile),Paracetamol Infantil 80 mg x 16 comprmidos masticables. (Chile),Laboratorio Chile,paracetamol,80mg,16,16,infantil,null,null,paracetamol|80mg|16,paracetamol|80mg|16|bio:unknown|brand:chile|var:infantil,1200,store,true,https://farmacia.araucomed.com/analgesicos-y-antinflamatorios/paracetamol-infantil-80mg-x16com-chile
paracetamol,salcobrand,Paracetamol (B) 16 Comprimidos,Paracetamol (B) 16 Comprimidos,Paracetamol,paracetamol,null,16,16,null,solid-oral,null,paracetamol|16,paracetamol|16|bio:unknown|brand:unknown|form:solid-oral,1231,online,true,https://salcobrand.cl/products/paracetamol-b-16-comprimidos?default_sku=432432
paracetamol,ecofarmacias,Paracetamol Infantil 80 mg x 20 Comprimidos Masticables,Paracetamol Infantil 80 mg 20 Comprimidos,null,paracetamol,80mg,20,20,infantil,solid-oral,null,paracetamol|80mg|20,paracetamol|80mg|20|bio:unknown|brand:unknown|var:infantil|form:solid-oral,1290,store,false,https://www.ecofarmacias.cl/producto/paracetamol-infantil-80-mg-x-20-comprimidos-masticables/
paracetamol,cruz-verde,Paracetamol Infantil 80 mg 20 Comprimidos,Paracetamol Infantil 80 mg 20 Comprimidos,null,paracetamol,80mg,20,20,infantil,solid-oral,null,paracetamol|80mg|20,paracetamol|80mg|20|bio:unknown|brand:unknown|var:infantil|form:solid-oral,2860,store,true,https://www.cruzverde.cl/paracetamol-infantil-80-mg-20-comprimidos/2247.html
paracetamol,ecofarmacias,Tapsin Puro Sin Cafeina Paracetamol 500 mg x 16 Comprimidos,Tapsin Puro Sin Cafeina Paracetamol 500 mg x 16 Comprimidos,null,tapsin,500mg,16,16,puro,solid-oral,null,tapsin|500mg|16,tapsin|500mg|16|bio:true|brand:unknown|var:puro|form:solid-oral,1290,store,false,https://www.ecofarmacias.cl/producto/tapsin-puro-sin-cafeina-paracetamol-500-mg-x-16-comprimidos/
paracetamol,farmex,Alividol Paracetamol 500 mg x 20 comprimidos,Alividol Paracetamol 500 mg x 20 comprimidos,OPKO,alividol,500mg,20,20,null,solid-oral,null,alividol|500mg|20,alividol|500mg|20|bio:unknown|brand:opko|form:solid-oral,1295,store,true,https://farmex.cl/products/alividol-paracetamol-500-mg-x-24-comprimidos?_pos=4&_psq=paracetamol&_psid=6994dc366&_ss=e
paracetamol,easyfarma,Paracetamol Infantil Gotas...,Paracetamol Infantil Gotas...,null,paracetamol,null,null,null,infantil,fluid-oral,null,paracetamol,paracetamol|bio:unknown|brand:unknown|var:infantil|form:fluid-oral,1390,store,true,https://nuevo.easyfarma.cl/26770-paracetamol-infantil-gotas.html
paracetamol,dr-simi,Paracetamol 125 mg 6 supositorios infantiles,Paracetamol 125 mg 6 supositorios infantiles,TEVA,paracetamol,125mg,6,6,null,suppository,null,paracetamol|125mg,paracetamol|125mg|bio:false|brand:teva|form:suppository,1400,store,true,https://www.drsimi.cl/paracetamol-125-mg-6-supositorios-infantil/p
paracetamol,dr-simi,Paracetamol 100 mg/mL solución para gotas orales infantil 15 mL,Paracetamol 100 mg/mL solución para gotas orales infantil 15 mL,TEVA,paracetamol,100mg,null,null,null,fluid-oral,null,paracetamol|15ml,paracetamol|15ml|bio:false|brand:teva|form:fluid-oral,1400,store,true,https://www.drsimi.cl/paracetamol-100-mg-ml-gotas-15-ml/p
paracetamol,easyfarma,Paracetamol Gotas 100 mg/mL...,Paracetamol Gotas 100 mg/mL...,null,paracetamol,100mg,null,null,null,fluid-oral,null,paracetamol|100mg,paracetamol|100mg|bio:unknown|brand:unknown|form:fluid-oral,1490,store,true,https://nuevo.easyfarma.cl/104817-paracetamol-gotas-100-mg-ml-15-ml.html
paracetamol,easyfarma,Paracetamol Infantil 100...,Paracetamol Infantil 100...,null,paracetamol,null,null,null,infantil,null,null,paracetamol,paracetamol|bio:unknown|brand:unknown|var:infantil,1490,store,true,https://nuevo.easyfarma.cl/103813-paracetamol-infantil-100-mg-ml-15-ml-lab-chile.html
paracetamol,araucomed,Tapsin Niños 160 mg x 16 comprimidos.,Tapsin Niños 160 mg x 16 comprimidos.,Maver,tapsin,160mg,16,16,infantil,solid-oral,null,tapsin|160mg|16,tapsin|160mg|16|bio:unknown|brand:maver|var:infantil|form:solid-oral,1690,store,true,https://farmacia.araucomed.com/analgesicos-y-antinflamatorios/tapsin-ninos-160mg-x16com
paracetamol,farmex,Tapsin Paracetamol Infantil 160 mg x 16 comprimidos Masticables,Tapsin Niños 160 mg x 16 comprimidos.,Maver,tapsin,160mg,16,16,infantil,solid-oral,null,tapsin|160mg|16,tapsin|160mg|16|bio:unknown|brand:maver|var:infantil|form:solid-oral,2090,store,true,https://farmex.cl/products/tapsin-paracetamol-infantil-160-mg-x-16-comprimidos-masticables?_pos=7&_psq=paracetamol&_psid=6994dc366&_ss=e
paracetamol,araucomed,Geniol Niños 160 mg x 16 comprimidos masticables,Geniol Niños 160 mg x 16 comprimidos masticables,Mintlab,geniol,160mg,16,16,infantil,solid-oral,null,geniol|160mg|16,geniol|160mg|16|bio:unknown|brand:mintlab|var:infantil|form:solid-oral,1690,store,true,https://farmacia.araucomed.com/gripe-y-resfrio/geniol-ninos-160mg-x16com
paracetamol,dr-simi,Paracetamol 80 mg 20 comprimidos masticables infantil,Paracetamol 80 mg 20 comprimidos masticables infantil,MILAB,paracetamol,80mg,20,20,null,solid-oral,null,paracetamol|80mg|20,paracetamol|80mg|20|bio:false|brand:milab|form:solid-oral,1800,store,true,https://www.drsimi.cl/paracetamol-80mg-20comp-mast-inf-ch6065-1/p
paracetamol,ahumada,Paracetamol Infantil 125 mg x 6 Supositorios,Paracetamol Infantil 125 mg x 6 Supositorios,null,paracetamol,125mg,6,6,infantil,suppository,null,paracetamol|125mg|6,paracetamol|125mg|6|bio:unknown|brand:unknown|var:infantil|form:suppository,1835,store,true,https://www.farmaciasahumada.cl/paracetamol-infantil-125-mg-x-6-supositorios-2796.html
paracetamol,araucomed,Tramadol Paracetamol 37.5/325 x30com Ascend (Cenabast),Tramadol Paracetamol 37.5/325 x30com Ascend (Cenabast),Ascend,tramadol,null,30,30,null,solid-oral,null,tramadol|30,tramadol|30|bio:unknown|brand:ascend|form:solid-oral,1990,store,true,https://farmacia.araucomed.com/analgesicos-y-antinflamatorios/tramadol-paracetamol-375-325-x30com-ascend-cenabast
paracetamol,araucomed,Dropol Paracetamol infantil gotas 100 mg/ml x 15 ml (Pasteur),Dropol Paracetamol infantil gotas 100 mg/ml x 15 ml (Pasteur),Pasteur,dropol,100mg,null,null,infantil,fluid-oral,null,dropol|15ml|15,dropol|15ml|15|bio:unknown|brand:pasteur|var:infantil|form:fluid-oral,1990,store,true,https://farmacia.araucomed.com/analgesicos-y-antinflamatorios/dropol-paracetamol-infantil-gotas-100-mg-ml-x-15-ml-pasteur
paracetamol,easyfarma,Anacin Max 8 Comp,Anacin Max 8 Comp,null,anacin,null,8,8,max,solid-oral,null,anacin|8,anacin|8|bio:unknown|brand:unknown|var:max|form:solid-oral,1990,store,true,https://nuevo.easyfarma.cl/104495-anacin-max-8-comp.html
paracetamol,cruz-verde,Paracetamol 125 mg 6 Supositorios,Paracetamol 125 mg 6 Supositorios,null,paracetamol,125mg,6,6,null,suppository,null,paracetamol|125mg,paracetamol|125mg|bio:unknown|brand:unknown|form:suppository,2040,store,true,https://www.cruzverde.cl/paracetamol-125-mg-6-supositorios/199334.html
paracetamol,farmex,"Geniol Gotas ""Paracetamol Infantil"" x 15 mL","Geniol Gotas ""Paracetamol Infantil"" x 15 mL",MAVER,geniol,15ml,null,null,infantil,fluid-oral,null,geniol|15ml|15,geniol|15ml|15|bio:unknown|brand:maver|var:infantil|form:fluid-oral,2090,store,true,https://farmex.cl/products/geniol-gotas-paracetamol-infantil-x-15-ml?_pos=6&_psq=paracetamol&_psid=6994dc366&_ss=e
paracetamol,araucomed,Tramadol Paracetamol 37.5/325 x 30 comprimidos. (Seven Pharma),Tramadol Paracetamol 37.5/325 x 30 comprimidos. (Seven Pharma),Seven Pharma,tramadol,null,30,30,null,solid-oral,null,tramadol|30,tramadol|30|bio:unknown|brand:sevenpharma|form:solid-oral,2200,store,true,https://farmacia.araucomed.com/analgesicos-y-antinflamatorios/tramadol-paracetamol-375-325-x-30-comprimidos-seven-pharma
paracetamol,ahumada,Panadol Advance 500mg x 12 Comprimidos,Panadol Advance 500mg x 12 Comprimidos,null,panadol,500mg,12,12,advance,solid-oral,null,panadol|500mg|12,panadol|500mg|12|bio:unknown|brand:unknown|var:advance|form:solid-oral,2232,store,true,https://www.farmaciasahumada.cl/panadol-advance-500mg-x-12-comprimidos-89765.html
paracetamol,araucomed,Paracetamol 500 mg x 80 comprimidos. (Chile),Paracetamol 500 mg x 80 comprimidos. (Chile),Laboratorio Chile,paracetamol,500mg,80,80,null,solid-oral,null,paracetamol|500mg|80,paracetamol|500mg|80|bio:unknown|brand:chile|form:solid-oral,2290,store,true,https://farmacia.araucomed.com/analgesicos-y-antinflamatorios/paracetamol-500-mg-x-80-comprimidos-chile
paracetamol,dr-simi,Paracetamol 80 mg 16 comprimidos masticables,Paracetamol 80 mg 16 comprimidos masticables,TEVA,paracetamol,80mg,16,16,null,solid-oral,null,paracetamol|80mg|16,paracetamol|80mg|16|bio:false|brand:teva|form:solid-oral,2320,store,true,https://www.drsimi.cl/paracetamol-80-mg-16-comprimidos-masticables/p
paracetamol,ahumada,Kitadol 160 mg x 16 Comprimidos Masticables,Kitadol 160 mg x 16 Comprimidos Masticables,null,kitadol,160mg,16,16,null,solid-oral,null,kitadol|160mg|16,kitadol|160mg|16|bio:unknown|brand:unknown|form:solid-oral,2347,cmr,true,https://www.farmaciasahumada.cl/kitadol-160-mg-x-16-comprimidos-masticables-61992.html
paracetamol,dr-simi,Dolsom paracetamol 100 mg/mL solución oral para gotas 30 mL,Dolsom paracetamol 100 mg/mL solución oral para gotas 30 mL,PRATER,dolsom,100mg,null,null,null,fluid-oral,null,dolsom|30ml,dolsom|30ml|bio:false|brand:prater|form:fluid-oral,2400,store,true,https://www.drsimi.cl/dolsom-paracetamol-100-mg-ml-solucion-gotas-orales-30-ml/p
paracetamol,ecofarmacias,Kitadol Paracetamol Infantil gotas 100mg 15ml DESCUENTO,Kitadol Paracetamol Infantil gotas 100mg 15ml DESCUENTO,null,kitadol,100mg,null,null,infantil,fluid-oral,null,kitadol|15ml,kitadol|15ml|bio:unknown|brand:unknown|var:infantil|form:fluid-oral,2400,store,false,https://www.ecofarmacias.cl/producto/kitadol-paracetamol-infantil-gotas-100mg-15ml-descuento/
paracetamol,ahumada,Tapsin Puro Sin Cafeina 500 mg x 24 Comprimidos,Tapsin Puro Sin Cafeina 500 mg x 24 Comprimidos,null,tapsin,500mg,24,24,puro,solid-oral,null,tapsin|500mg|24,tapsin|500mg|24|bio:true|brand:unknown|var:puro|form:solid-oral,2467,cmr,true,https://www.farmaciasahumada.cl/tapsin-puro-sin-cafeina-500-mg-x-24-comprimidos-60770.html
paracetamol,dr-simi,Tapsin infantil paracetamol 160 mg 16 comprimidos masticables infantil,Tapsin infantil paracetamol 160 mg 16 comprimidos masticables infantil,MAVER,tapsin,160mg,16,16,infantil,solid-oral,null,tapsin|160mg|16,tapsin|160mg|16|bio:false|brand:maver|var:infantil|form:solid-oral,2600,store,true,https://www.drsimi.cl/tapsin-panadol-paracetamol-160-mg-16-comprimidos-masticables/p
paracetamol,salcobrand,Tapsí­n M (B) Paracetamol 10 Comprimidos Recubiertos,Tapsí­n M (B) Paracetamol 10 Comprimidos Recubiertos,Tapsin M,tapsi,null,10,10,n,solid-oral,null,tapsi|10,tapsi|10|bio:unknown|brand:tapsinm|var:n|form:solid-oral,2651,sbpay,true,https://salcobrand.cl/products/tapsi-n-m-b-paracetamol-10-comprimidos-recubiertos?default_sku=1990016
paracetamol,cruz-verde,Paracetamol 100 mg Gotas 15 mL,Paracetamol Gotas 15ml,Paracetamol,paracetamol,100mg,null,null,null,fluid-oral,null,paracetamol|15ml,paracetamol|15ml|bio:unknown|brand:unknown|form:fluid-oral,2690,store,true,https://www.cruzverde.cl/paracetamol-100-mg-gotas-15-ml/199085.html
paracetamol,salcobrand,Paracetamol Gotas 15ml,Paracetamol Gotas 15ml,Paracetamol,paracetamol,15ml,null,null,null,fluid-oral,null,paracetamol|15ml,paracetamol|15ml|bio:unknown|brand:unknown|form:fluid-oral,3783,online,true,https://salcobrand.cl/products/paracetamol-gotas-15ml?default_sku=434052
paracetamol,salcobrand,Panadol Advance (R) Paracetamol 500mg 12 Comprimidos Recubiertos,Panadol Advance (R) Paracetamol 500mg 12 Comprimidos Recubiertos,Panadol Advance,panadol,500mg,12,12,advance,solid-oral,null,panadol|500mg|12,panadol|500mg|12|bio:unknown|brand:panadoladvance|var:advance|form:solid-oral,2727,online,true,https://salcobrand.cl/products/panadol-advance-r-paracetamol-500mg-12-comprimidos-recubiertos?default_sku=579404
paracetamol,salcobrand,Kitadol Parcetamol Infantil 16 Comprimidos Masticables,Kitadol Parcetamol Infantil 16 Comprimidos Masticables,Kitadol Infantil,kitadol,null,16,16,parcetamol,solid-oral,null,kitadol|16,kitadol|16|bio:unknown|brand:kitadolinfantil|var:parcetamol|form:solid-oral,2799,online,true,https://salcobrand.cl/products/kitadol-parcetamol-infantil-16-comprimidos-masticables?default_sku=438063
paracetamol,salcobrand,Tapsn (B) Paracetamol 500mg 24 Comprimidos,Tapsn (B) Paracetamol 500mg 24 Comprimidos,Tapsin,tapsn,500mg,24,24,null,solid-oral,null,tapsn|500mg|24,tapsn|500mg|24|bio:unknown|brand:tapsin|form:solid-oral,2815,online,true,https://salcobrand.cl/products/tapsn-b-paracetamol-500mg-24-comprimidos?default_sku=1990715
paracetamol,ahumada,Paracetamol 80 mg x 20 Comprimidos Masticables,Paracetamol 80 mg x 20 Comprimidos Masticables,null,paracetamol,80mg,20,20,null,solid-oral,null,paracetamol|80mg|20,paracetamol|80mg|20|bio:unknown|brand:unknown|form:solid-oral,2834,store,true,https://www.farmaciasahumada.cl/paracetamol-80-mg-x-20-comprimidos-masticables-90388.html
paracetamol,araucomed,Tramadol Paracetamol 37.5/325 x 30 comprimidos. (Laboratorio Chile),Tramadol Paracetamol 37.5/325 x 30 comprimidos. (Laboratorio Chile),Laboratorio Chile,tramadol,null,30,30,null,solid-oral,null,tramadol|30,tramadol|30|bio:unknown|brand:chile|form:solid-oral,2990,store,true,https://farmacia.araucomed.com/analgesicos-y-antinflamatorios/tramadol-paracetamol-375-325-x-30-comprimidos-laboratorio-chile
paracetamol,araucomed,Paracetamol Solución para Perfusión 1000mg/100ml x 1 Ampolla (B Braun),Paracetamol Solución para Perfusión 1000mg/100ml x 1 Ampolla (B Braun),B.Braun,paracetamol,1000mg,1,1,perfusion,injectable,null,paracetamol|100ml,paracetamol|100ml|bio:unknown|brand:bbraun|var:perfusion|form:injectable,2990,store,true,https://farmacia.araucomed.com/analgesicos-y-antinflamatorios/paracetamol-solucion-para-perfusion-1000mg-100ml-x-1-ampolla-b-braun
paracetamol,ahumada,Panadol 80 mg x 20 Comprimidos Masticables,Panadol 80 mg x 20 Comprimidos Masticables,null,panadol,80mg,20,20,null,solid-oral,null,panadol|80mg|20,panadol|80mg|20|bio:unknown|brand:unknown|form:solid-oral,3163,store,true,https://www.farmaciasahumada.cl/panadol-80-mg-x-20-comprimidos-masticables-88058.html
paracetamol,ahumada,Gesidol Infantil 100 mg/mL x 15 mL Solución Oral Para Gotas,Gesidol Infantil 100 mg/mL x 15 mL Solución Oral Para Gotas,null,gesidol,100mg,null,null,infantil,fluid-oral,null,gesidol|15ml|15,gesidol|15ml|15|bio:unknown|brand:unknown|var:infantil|form:fluid-oral,3164,cmr,true,https://www.farmaciasahumada.cl/gesidol-infantil-100-mg-ml-x-15-ml-solucion-oral-para-gotas-88023.html
paracetamol,dr-simi,Panadol para niños paracetamol 80 mg 20 comprimidos masticables,Panadol para niños paracetamol 80 mg 20 comprimidos masticables,HALEON,panadol,80mg,20,20,infantil,solid-oral,null,panadol|80mg|20,panadol|80mg|20|bio:false|brand:haleon|var:infantil|form:solid-oral,3200,store,true,https://www.drsimi.cl/panadol-paracetamol-80-mg-20-comprimidos-masticables/p
paracetamol,ahumada,Panadol Niños 100mg/Ml Gotas 15ml,Panadol Niños 100mg/Ml Gotas 15ml,null,panadol,100mg,null,null,infantil,fluid-oral,null,panadol|15ml,panadol|15ml|bio:unknown|brand:unknown|var:infantil|form:fluid-oral,3380,store,true,https://www.farmaciasahumada.cl/panadol-ninos-100mg-ml-gotas-15ml-90333.html
paracetamol,ecofarmacias,Tapsin Paracetamol 100 mg/ml Gotas x 15 mL,Tapsin Paracetamol 100 mg/ml Gotas x 15 mL,null,tapsin,100mg,null,null,null,fluid-oral,null,tapsin|15ml|15,tapsin|15ml|15|bio:unknown|brand:unknown|form:fluid-oral,3480,store,true,https://www.ecofarmacias.cl/producto/tapsin-paracetamol-100-mg-ml-gotas-x-15-ml/
paracetamol,easyfarma,Algiafin Jarabe x 60 ml,Algiafin Jarabe x 60 ml,null,algiafin,60ml,null,null,null,fluid-oral,null,algiafin|60ml|60,algiafin|60ml|60|bio:unknown|brand:unknown|form:fluid-oral,3490,store,true,https://nuevo.easyfarma.cl/25683-algiafin-jarabe-x-60ml.html
paracetamol,easyfarma,Cortigrip Dia y Noche 15...,Cortigrip Dia y Noche 15...,null,cortigrip,null,null,null,null,null,null,cortigrip|n,cortigrip|n|bio:unknown|brand:unknown,3490,store,true,https://nuevo.easyfarma.cl/25895-cortigrip-dia-noche-x-15.html
paracetamol,salcobrand,Gesidol Infantil (B) Paracetamol Gotas 15ml,Gesidol Infantil (B) Paracetamol Gotas 15ml,Gesidol,gesidol,15ml,null,null,infantil,fluid-oral,null,gesidol|15ml,gesidol|15ml|bio:unknown|brand:gesidol|var:infantil|form:fluid-oral,3519,online,true,https://salcobrand.cl/products/gesidol-infantil-b-paracetamol-gotas-15ml?default_sku=2350155
paracetamol,dr-simi,Tapsin Duo paracetamol 300 mg ibuprofeno 200 mg 12 comprimidos recubiertos,Tapsin Duo paracetamol 300 mg ibuprofeno 200 mg 12 comprimidos recubiertos,MAVER,tapsin,300mg,12,12,duo,solid-oral,null,tapsin|300mg|12,tapsin|300mg|12|bio:false|brand:maver|var:duo|form:solid-oral,3600,store,true,https://www.drsimi.cl/tapsin-duo-paracetamol-ibuprofeno-300-mg-200-mg-12-comprimidos-recubiertos-ch6158/p
paracetamol,salcobrand,Kitadol Duo Ibuprofeno / Paracetamol 10 Comprimidos Recubiertos,Kitadol Duo Ibuprofeno / Paracetamol 10 Comprimidos Recubiertos,Kitadol Duo,kitadol,null,10,10,null,solid-oral,paracetamol,kitadol|10,kitadol|10|bio:unknown|brand:kitadolduo|combo:paracetamol|form:solid-oral,3674,sbpay,true,https://salcobrand.cl/products/kitadol-duo-ibuprofeno-paracetamol-10-comprimidos-recubiertos?default_sku=579036
paracetamol,dr-simi,Algiafin paracetamol 120 mg/5 mL jarabe 60 mL,Algiafin paracetamol 120 mg/5 mL jarabe 60 mL,INTERPHARMA,algiafin,120mg,null,null,null,fluid-oral,null,algiafin|60ml,algiafin|60ml|bio:false|brand:interpharma|form:fluid-oral,3680,store,true,https://www.drsimi.cl/algiafin-paracetamol-120-mg-5ml-jarabe-60-ml/p
paracetamol,farmex,Paracetamol Infantil 80 mg x 100 comprimidos,Paracetamol Infantil 80 mg x 100 comprimidos,MINTLAB,paracetamol,80mg,100,100,infantil,solid-oral,null,paracetamol|80mg|100,paracetamol|80mg|100|bio:unknown|brand:mintlab|var:infantil|form:solid-oral,3690,store,true,https://farmex.cl/products/paracetamol-infantil-80-mg-x-100-comprimidos?_pos=9&_psq=paracetamol&_psid=6994dc366&_ss=e
paracetamol,salcobrand,Tapsin Forte (B) Paracetamol  20 Comprimidos Recubiertos,Tapsin Forte (B) Paracetamol  20 Comprimidos Recubiertos,Tapsin Forte,tapsin,null,20,20,forte,solid-oral,null,tapsin|20,tapsin|20|bio:unknown|brand:tapsinforte|var:forte|form:solid-oral,3783,online,true,https://salcobrand.cl/products/tapsin-forte-b-paracetamol-20-comprimidos-recubiertos?default_sku=1990787
paracetamol,cruz-verde,Bromhexina 4 mg/5mL Jarabe 100 mL,Bromhexina 4 mg/5mL Jarabe 100 mL,null,bromhexina,4mg,null,null,null,fluid-oral,null,bromhexina|100ml,bromhexina|100ml|bio:unknown|brand:unknown|form:fluid-oral,3990,store,true,https://www.cruzverde.cl/bromhexina-4-mg-5ml-jarabe-100-ml/2161.html
paracetamol,easyfarma,Alividol 1000 mg 20...,Alividol 1000 mg 20...,null,alividol,1000mg,null,null,null,null,null,alividol|1000mg,alividol|1000mg|bio:unknown|brand:unknown,3990,store,true,https://nuevo.easyfarma.cl/103867-alividol-1000-mg-20-comprimidos.html
paracetamol,salcobrand,Kitadol Parcetamol Infantil Gotas 15ml,Kitadol Parcetamol Infantil Gotas 15ml,Kitadol Infantil,kitadol,15ml,null,null,parcetamol,fluid-oral,null,kitadol|15ml,kitadol|15ml|bio:unknown|brand:kitadolinfantil|var:parcetamol|form:fluid-oral,4017,online,true,https://salcobrand.cl/products/kitadol-parcetamol-infantil-gotas-15ml?default_sku=430991
paracetamol,salcobrand,Panadol Niños Paracetamol Gotas 15ml,Panadol Niños Paracetamol Gotas 15ml,Panadol,panadol,15ml,null,null,infantil,fluid-oral,null,panadol|15ml,panadol|15ml|bio:unknown|brand:panadol|var:infantil|form:fluid-oral,4135,online,true,https://salcobrand.cl/products/panadol-ninos-paracetamol-gotas-15ml?default_sku=581365
paracetamol,farmex,"Paracetamol Tramadol 325 / 37,5 x 30 comprimidos","Paracetamol Tramadol 325 / 37,5 x 30 comprimidos",LABORATORIO CHILE,paracetamol,null,30,30,tramadol,solid-oral,null,paracetamol|30,paracetamol|30|bio:unknown|brand:chile|var:tramadol|form:solid-oral,4190,store,true,https://farmex.cl/products/paracetamol-tramadol-325-37-5-x-30-comprimidos-recubiertos-lab-chile?_pos=10&_psq=paracetamol&_psid=6994dc366&_ss=e
paracetamol,salcobrand,Tapsin Infantil Gotas (B) Paracetamol 15ml,Tapsin Infantil Gotas (B) Paracetamol 15ml,Tapsin,tapsin,15ml,null,null,infantil,fluid-oral,null,tapsin|15ml,tapsin|15ml|bio:unknown|brand:tapsin|var:infantil|form:fluid-oral,4223,online,true,https://salcobrand.cl/products/tapsin-infantil-gotas-b-paracetamol-15ml?default_sku=1996968
paracetamol,araucomed,Kitadol Infantil 120mg/5ml jarabe 60 ml. (Cenabast),Kitadol Infantil 120mg/5ml jarabe 60 ml. (Cenabast),Laboratorio Chile,kitadol,120mg,null,null,infantil,fluid-oral,null,kitadol|60ml,kitadol|60ml|bio:unknown|brand:chile|var:infantil|form:fluid-oral,4490,store,true,https://farmacia.araucomed.com/analgesicos-y-antinflamatorios/kitadol-infantil-120mg-5ml-jarabe-60ml-cenabast
paracetamol,ecofarmacias,Gesidol infantil paracetamol 120mg/5mL jarabe 100ml DESCUENTO,Gesidol infantil paracetamol 120mg/5mL jarabe 100ml DESCUENTO,null,gesidol,120mg,null,null,infantil,fluid-oral,null,gesidol|100ml,gesidol|100ml|bio:unknown|brand:unknown|var:infantil|form:fluid-oral,4690,store,false,https://www.ecofarmacias.cl/producto/gesidol-infantil-paracetamol-120mg-5ml-jarabe-100ml-descuento/
paracetamol,ecofarmacias,Paracetamol Tramadol 325/37.5mg x 30 Comprimidos Recubiertos,Paracetamol Tramadol 325/37.5mg x 30 Comprimidos Recubiertos,null,paracetamol,37.5mg,30,30,null,solid-oral,tramadol,paracetamol|37.5mg|30,paracetamol|37.5mg|30|bio:true|brand:unknown|combo:tramadol|form:solid-oral,4850,store,false,https://www.ecofarmacias.cl/producto/paracetamol-tramadol-325-37-5mg-x-30-comprimidos-recubiertos/
paracetamol,ecofarmacias,"Tramadol Clorhidrato/Paracetamol 37,5-325mg x 30 Comp. Recubiertos","Tramadol Clorhidrato/Paracetamol 37,5-325mg x 30 Comp. Recubiertos",null,tramadol,325mg,30,30,null,solid-oral,paracetamol,tramadol|325mg|30,tramadol|325mg|30|bio:true|brand:unknown|combo:paracetamol|form:solid-oral,4850,store,true,https://www.ecofarmacias.cl/producto/tramadol-clorhidrato-paracetamol-375-325mg-x-30-comp-recubiertos/
paracetamol,araucomed,Winasorb Jarabe 150mg/5ml x 60 ml.,Winasorb Jarabe 150mg/5ml x 60 ml.,null,winasorb,150mg,null,null,null,fluid-oral,null,winasorb|60ml|60,winasorb|60ml|60|bio:unknown|brand:unknown|form:fluid-oral,4990,store,true,https://farmacia.araucomed.com/analgesicos-y-antinflamatorios/winasorb-jarabe-150mg-5ml-x60ml
paracetamol,ecofarmacias,Winasorb Paracetamol 150 mg/5mL Jarabe x 60 mL,Winasorb Jarabe 150mg/5ml x 60 ml.,null,winasorb,150mg,null,null,null,fluid-oral,null,winasorb|60ml|60,winasorb|60ml|60|bio:unknown|brand:unknown|form:fluid-oral,5980,store,true,https://www.ecofarmacias.cl/producto/winasorb-paracetamol-150-mg-5ml-jarabe-x-60-ml/
paracetamol,ahumada,Winasorb 150 mg/5 mL x 60 mL Jarabe,Winasorb Jarabe 150mg/5ml x 60 ml.,null,winasorb,150mg,null,null,null,fluid-oral,null,winasorb|60ml|60,winasorb|60ml|60|bio:unknown|brand:unknown|form:fluid-oral,6862,cmr,true,https://www.farmaciasahumada.cl/winasorb-150-mg-5-ml-x-60-ml-jarabe-74375.html
paracetamol,easyfarma,Paracetamol/Tramadol...,Paracetamol/Tramadol...,null,paracetamol,null,null,null,null,null,tramadol,paracetamol,paracetamol|bio:unknown|brand:unknown|combo:tramadol,4990,store,true,https://nuevo.easyfarma.cl/104846-paracetamol-tramadol-325-375-mg-x-30-comp.html
paracetamol,salcobrand,Xumadol Paracetamol 1g 20 Sobres Efervescentes,Xumadol Paracetamol 1g 20 Sobres Efervescentes,Xumadol,xumadol,1000mg,20,20,null,fluid-oral,null,xumadol|1000mg|20,xumadol|1000mg|20|bio:unknown|brand:xumadol|form:fluid-oral,5159,sbpay,true,https://salcobrand.cl/products/xumadol-paracetamol-1-g-20-sobres-efervescentes?default_sku=340011
paracetamol,ecofarmacias,Paracetamol 1gr x 20 Comprimidos (Hospifarma),Paracetamol 1gr x 20 Comprimidos (Hospifarma),null,paracetamol,null,20,20,null,solid-oral,null,paracetamol|20,paracetamol|20|bio:unknown|brand:unknown|form:solid-oral,5480,store,false,https://www.ecofarmacias.cl/producto/paracetamol-1gr-x-20-comprimidos-hospifarma/
paracetamol,cruz-verde,Ambroxol 15 mg/5mL Jarabe 100 mL,Ambroxol 15 mg/5mL Jarabe 100 mL,null,ambroxol,15mg,null,null,null,fluid-oral,null,ambroxol|100ml,ambroxol|100ml|bio:unknown|brand:unknown|form:fluid-oral,5490,store,true,https://www.cruzverde.cl/ambroxol-15-mg-5ml-jarabe-100-ml/2224.html
paracetamol,araucomed,Xumadol 1 gramo x 20 comprimidos.,Xumadol 1 gramo x 20 comprimidos.,ITF-Labomed,xumadol,null,20,20,null,solid-oral,null,xumadol|20,xumadol|20|bio:unknown|brand:itflabomed|form:solid-oral,5690,store,true,https://farmacia.araucomed.com/analgesicos-y-antinflamatorios/xumadol-1gr-x20com
paracetamol,salcobrand,Kitadol (B) Paracetamol 1g 18 Comprimidos,Kitadol (B) Paracetamol 1g 18 Comprimidos,Kitadol,kitadol,1000mg,18,18,null,solid-oral,null,kitadol|1000mg|18,kitadol|1000mg|18|bio:unknown|brand:kitadol|form:solid-oral,5885,sbpay,true,https://salcobrand.cl/products/kitadol-b-paracetamol-1g-18-comprimidos?default_sku=435361
paracetamol,ecofarmacias,Dropol Paracetamol 1gr x 20 Comprimidos,Dropol Paracetamol 1gr x 20 Comprimidos,null,dropol,null,20,20,null,solid-oral,null,dropol|20,dropol|20|bio:true|brand:unknown|form:solid-oral,5940,store,true,https://www.ecofarmacias.cl/producto/dropol-paracetamol-1gr-x-20-comprimidos/
paracetamol,dr-simi,Dropol paracetamol 1 g 20 comprimidos,Dropol paracetamol 1 g 20 comprimidos,PASTEUR,dropol,1000mg,20,20,null,solid-oral,null,dropol|1000mg|20,dropol|1000mg|20|bio:true|brand:pasteur|form:solid-oral,5960,store,true,https://www.drsimi.cl/paracetamol-1-g-20-comprimidos-recubiertos-1-g--be0268-1/p
paracetamol,dr-simi,Kitadol paracetamol 120 mg/5 mL jarabe infantil 100 mL,Kitadol paracetamol 120 mg/5 mL jarabe infantil 100 mL,TEVA,kitadol,120mg,null,null,null,fluid-oral,null,kitadol|100ml,kitadol|100ml|bio:false|brand:teva|form:fluid-oral,5960,store,true,https://www.drsimi.cl/kitadol-paracetamol-120-mg-5-ml-infantil-jarabe-100-ml/p
paracetamol,cruz-verde,Tramadol Clorhidrato 100 mg / mL Solución para Gotas Orales 20 mL,Tramadol Clorhidrato 100 mg / mL Solución para Gotas Orales 20 mL,null,tramadol,100mg,null,null,null,fluid-oral,null,tramadol|20ml,tramadol|20ml|bio:unknown|brand:unknown|form:fluid-oral,5990,store,true,https://www.cruzverde.cl/tramadol-clorhidrato-100-mg-ml-solucion-para-gotas-orales-20-ml/273063.html
paracetamol,cruz-verde,Geniol Paracetamol 1000 mg 20 Comprimidos,Geniol Paracetamol 1000 mg 20 Comprimidos,null,geniol,1000mg,20,20,null,solid-oral,null,geniol|1000mg|20,geniol|1000mg|20|bio:unknown|brand:unknown|form:solid-oral,5990,store,true,https://www.cruzverde.cl/geniol-paracetamol-1000-mg-20-comprimidos/551063.html
paracetamol,ahumada,Panadol Advance 500mg x 48 Comprimidos,Panadol Advance 500mg x 48 Comprimidos,null,panadol,500mg,48,48,advance,solid-oral,null,panadol|500mg|48,panadol|500mg|48|bio:unknown|brand:unknown|var:advance|form:solid-oral,6229,store,true,https://www.farmaciasahumada.cl/panadol-advance-500mg-x-48-comprimidos-89766.html
paracetamol,salcobrand,Tapsin (B) Paracetamol 1g 20 Comprimidos Recubiertos,Tapsin (B) Paracetamol 1g 20 Comprimidos Recubiertos,Tapsin,tapsin,1000mg,20,20,null,solid-oral,null,tapsin|1000mg|20,tapsin|1000mg|20|bio:unknown|brand:tapsin|form:solid-oral,6369,sbpay,true,https://salcobrand.cl/products/tapsin-b-paracetamol-1g-20-comprimidos-recubiertos?default_sku=575992
paracetamol,dr-simi,Desdol paracetamol 300 mg clorzoxazona 250 mg 20 comprimidos recubiertos,Desdol paracetamol 300 mg clorzoxazona 250 mg 20 comprimidos recubiertos,EUROFARMA,desdol,300mg,20,20,null,solid-oral,null,desdol|300mg|20,desdol|300mg|20|bio:false|brand:eurofarma|form:solid-oral,6600,store,true,https://www.drsimi.cl/desdol-20-comprimidos-recubiertos/p
paracetamol,salcobrand,Xumadol (B) Paracetamol 1g 20 Comprimidos,Xumadol (B) Paracetamol 1g 20 Comprimidos,Xumadol,xumadol,1000mg,20,20,null,solid-oral,null,xumadol|1000mg|20,xumadol|1000mg|20|bio:unknown|brand:xumadol|form:solid-oral,6659,sbpay,true,https://salcobrand.cl/products/xumadol-b-paracetamol-1-g-20-comprimidos?default_sku=340180
paracetamol,dr-simi,"Tramadol 37,5 mg paracetamol 325 mg 30 comprimidos recubiertos","Tramadol 37,5 mg paracetamol 325 mg 30 comprimidos recubiertos",SEVEN PHARMA,tramadol,37.5mg,30,30,null,solid-oral,null,tramadol|37.5mg|30,tramadol|37.5mg|30|bio:true|brand:sevenpharma|form:solid-oral,6920,store,true,https://www.drsimi.cl/tramadol-paracetamol-be0119/p
paracetamol,ecofarmacias,Paracetamol Gesidol 1gr x 20 Comprimidos,Paracetamol Gesidol 1gr x 20 Comprimidos,null,paracetamol,null,20,20,gesidol,solid-oral,null,paracetamol|20,paracetamol|20|bio:unknown|brand:unknown|var:gesidol|form:solid-oral,6980,store,true,https://www.ecofarmacias.cl/producto/paracetamol-gesidol-1gr-20-comprimidos/
paracetamol,ecofarmacias,Gesidol Paracetamol 120mg/5ml Jarabe Infantil 100ml,Gesidol Paracetamol 120mg/5ml Jarabe Infantil 100ml,null,gesidol,120mg,null,null,null,fluid-oral,null,gesidol|100ml,gesidol|100ml|bio:unknown|brand:unknown|form:fluid-oral,6990,store,true,https://www.ecofarmacias.cl/producto/gesidol-paracetamol-120mg-5ml-jarabe-infantil-100ml/
paracetamol,ahumada,Paracetamol 1G Dropol Comprimidos Efervecentes Tubo x  10,Paracetamol 1G Dropol Comprimidos Efervecentes Tubo x  10,null,paracetamol,1000mg,10,10,null,solid-oral,null,paracetamol|1000mg|10,paracetamol|1000mg|10|bio:unknown|brand:unknown|form:solid-oral,6999,store,true,https://www.farmaciasahumada.cl/paracetamol-1g-dropol-comprimidos-efervecentes-tubo-x--10-96599.html
paracetamol,ahumada,Gesidol Paracetamol 1gr 20 Comprimidos,Gesidol Paracetamol 1gr 20 Comprimidos,null,gesidol,null,20,20,null,solid-oral,null,gesidol|20,gesidol|20|bio:true|brand:unknown|form:solid-oral,7049,cmr,true,https://www.farmaciasahumada.cl/gesidol-paracetamol-1gr-20-comprimidos-88024.html
paracetamol,ahumada,Kitadol 120 mg/5 mL x 60 mL Jarabe,Kitadol 120 mg/5 mL x 60 mL Jarabe,null,kitadol,120mg,null,null,null,fluid-oral,null,kitadol|60ml|60,kitadol|60ml|60|bio:unknown|brand:unknown|form:fluid-oral,7087,cmr,true,https://www.farmaciasahumada.cl/kitadol-120-mg-5-ml-x-60-ml-jarabe-9209.html
paracetamol,cruz-verde,"Sales para Rehidratación 90 Cloruro de Sodio 3,5 gr Polvo para Suspensión Oral 4 Sobres Sabor Limón","Sales para Rehidratación 90 Cloruro de Sodio 3,5 gr Polvo para Suspensión Oral 4 Sobres Sabor Limón",null,sales,null,4,4,rehidratacion,fluid-oral,null,sales|4,sales|4|bio:unknown|brand:unknown|var:rehidratacion|form:fluid-oral,7190,store,true,https://www.cruzverde.cl/sales-para-rehidratacion-90-cloruro-de-sodio-3-5-gr-polvo-para-suspension-oral-4-sobres-sabor-limon/265800.html
paracetamol,ahumada,Kitadol 1 g 18 Comprimidos,Kitadol 1 g 18 Comprimidos,null,kitadol,1000mg,18,18,null,solid-oral,null,kitadol|1000mg|18,kitadol|1000mg|18|bio:true|brand:unknown|form:solid-oral,7490,store,true,https://www.farmaciasahumada.cl/kitadol-1-g-18-comprimidos-66871.html
paracetamol,araucomed,Termo-Niofen Suspension Oral 120ml,Termo-Niofen Suspension Oral 120ml,null,termoniofen,120ml,null,null,null,fluid-oral,null,termoniofen|120ml,termoniofen|120ml|bio:unknown|brand:unknown|form:fluid-oral,7490,store,true,https://farmacia.araucomed.com/analgesicos-y-antinflamatorios/termo-niofen-suspension-oral-120ml
paracetamol,salcobrand,Gesidol (B) Paracetamol 1g 20 Comprimidos,Gesidol (B) Paracetamol 1g 20 Comprimidos,Gesidol,gesidol,1000mg,20,20,null,solid-oral,null,gesidol|1000mg|20,gesidol|1000mg|20|bio:unknown|brand:gesidol|form:solid-oral,7649,sbpay,true,https://salcobrand.cl/products/gesidol-b-paracetamol-1g-20-comprimidos?default_sku=2100308
paracetamol,cruz-verde,Xumadol Paracetamol 1000 mg 20 Comprimidos,Xumadol Paracetamol 1000 mg 20 Comprimidos,null,xumadol,1000mg,20,20,null,solid-oral,null,xumadol|1000mg|20,xumadol|1000mg|20|bio:unknown|brand:unknown|form:solid-oral,7690,store,true,https://www.cruzverde.cl/xumadol-paracetamol-1000-mg-20-comprimidos/266145.html
paracetamol,ahumada,Paracetamol 1G Dropol Comprimidos Efervecentes Tubo x 20,Paracetamol 1G Dropol Comprimidos Efervecentes Tubo x 20,null,paracetamol,1000mg,20,20,null,solid-oral,null,paracetamol|1000mg|20,paracetamol|1000mg|20|bio:unknown|brand:unknown|form:solid-oral,7699,store,true,https://www.farmaciasahumada.cl/paracetamol-1g-dropol-comprimidos-efervecentes-tubo-x-20-96600.html
paracetamol,salcobrand,Panadol Advance (R) Paracetamol 500mg 48 Comprimidos Recubiertos,Panadol Advance (R) Paracetamol 500mg 48 Comprimidos Recubiertos,Panadol Advance,panadol,500mg,48,48,advance,solid-oral,null,panadol|500mg|48,panadol|500mg|48|bio:unknown|brand:panadoladvance|var:advance|form:solid-oral,7743,online,true,https://salcobrand.cl/products/panadol-advance-r-paracetamol-500mg-48-comprimidos-recubiertos?default_sku=579405
paracetamol,dr-simi,"Tral P paracetamol 325 mg tramadol 37,5 mg 30 comprimidos recubiertos","Tral P paracetamol 325 mg tramadol 37,5 mg 30 comprimidos recubiertos",PASTEUR,tral,325mg,30,30,p,solid-oral,null,tral|325mg|30,tral|325mg|30|bio:true|brand:pasteur|var:p|form:solid-oral,7800,store,true,https://www.drsimi.cl/tramadol-paracetamol-37--5-325mg-30comp-ch5037-1/p
paracetamol,dr-simi,Tapsin SC paracetamol 1 g 20 sobres polvo para solución oral efervescente,Tapsin SC paracetamol 1 g 20 sobres polvo para solución oral efervescente,MAVER,tapsin,1000mg,20,20,sc,fluid-oral,null,tapsin|1000mg|20,tapsin|1000mg|20|bio:false|brand:maver|var:sc|form:fluid-oral,7880,store,true,https://www.drsimi.cl/tapsin-sc-paracetamol-1-gr-polvo-para-solucion-oral-efervescente/p
paracetamol,ecofarmacias,Tapsin infantil paracetamol 120mg/5ml jarabe 100ml,Tapsin infantil paracetamol 120mg/5ml jarabe 100ml,null,tapsin,120mg,null,null,infantil,fluid-oral,null,tapsin|100ml,tapsin|100ml|bio:unknown|brand:unknown|var:infantil|form:fluid-oral,7890,store,true,https://www.ecofarmacias.cl/producto/tapsin-infantil-paracetamol-120mg-5ml-jarabe-100ml/
paracetamol,dr-simi,Panadol paracetamol 160 mg/5 mL jarabe infantil 90 mL,Panadol paracetamol 160 mg/5 mL jarabe infantil 90 mL,GSK,panadol,160mg,null,null,null,fluid-oral,null,panadol|90ml,panadol|90ml|bio:false|brand:gsk|form:fluid-oral,7920,store,true,https://www.drsimi.cl/panadol-para-niños-jarabe-para-niños-90-ml-no-contiene-azucar-ch6134/p
paracetamol,ecofarmacias,Kitadol Paracetamol Infantil Jarabe 100ml,Kitadol Paracetamol Infantil Jarabe 100ml,null,kitadol,100ml,null,null,infantil,fluid-oral,null,kitadol|100ml,kitadol|100ml|bio:unknown|brand:unknown|var:infantil|form:fluid-oral,7950,store,false,https://www.ecofarmacias.cl/producto/kitadol-paracetamol-infantil-jarabe-100ml/
paracetamol,araucomed,Xumadol Polvo Efervescente 1 gramo x 20 sobres.,Xumadol Polvo Efervescente 1 gramo x 20 sobres.,ITF-Labomed,xumadol,null,20,20,null,fluid-oral,null,xumadol|20,xumadol|20|bio:unknown|brand:itflabomed|form:fluid-oral,7990,store,true,https://farmacia.araucomed.com/analgesicos-y-antinflamatorios/xumadol-polvo-eferv-1gr-x20sob
paracetamol,ahumada,Gesidol Infantil 120 mg/5 mL x 100 mL Jarabe,Gesidol Infantil 120 mg/5 mL x 100 mL Jarabe,null,gesidol,120mg,null,null,infantil,fluid-oral,null,gesidol|100ml|100,gesidol|100ml|100|bio:unknown|brand:unknown|var:infantil|form:fluid-oral,8290,store,true,https://www.farmaciasahumada.cl/gesidol-infantil-120-mg-5-ml-x-100-ml-jarabe-88022.html
paracetamol,salcobrand,Paracetamol Tramadol (B) 325/37.5mg 30 Comprimidos Recubiertos,Paracetamol Tramadol (B) 325/37.5mg 30 Comprimidos Recubiertos,Paracetamol / Tramadol,paracetamol,37.5mg,30,30,null,solid-oral,tramadol,paracetamol|37.5mg|30,paracetamol|37.5mg|30|bio:unknown|brand:unknown|combo:tramadol|form:solid-oral,8359,online,true,https://salcobrand.cl/products/paracetamol-tramadol-b-325-37-5mg-30-comprimidos-recubiertos?default_sku=430460
paracetamol,cruz-verde,Alividol Paracetamol 1000 mg 20 comprimidos,Alividol Paracetamol 1000 mg 20 comprimidos,null,alividol,1000mg,20,20,null,solid-oral,null,alividol|1000mg|20,alividol|1000mg|20|bio:unknown|brand:unknown|form:solid-oral,8390,store,true,https://www.cruzverde.cl/alividol-paracetamol-1000-mg-20-comprimidos/541879.html
paracetamol,salcobrand,Panadol Niños Paracetamol Jarabe 90ml,Panadol Niños Paracetamol Jarabe 90ml,Panadol,panadol,90ml,null,null,infantil,fluid-oral,null,panadol|90ml,panadol|90ml|bio:unknown|brand:panadol|var:infantil|form:fluid-oral,8449,sbpay,true,https://salcobrand.cl/products/panadol-ninos-paracetamol-jarabe-90ml?default_sku=581367
paracetamol,ahumada,Panadol Niños 160mg/5ml Jarabe 90ml,Panadol Niños 160mg/5ml Jarabe 90ml,null,panadol,160mg,null,null,infantil,fluid-oral,null,panadol|90ml,panadol|90ml|bio:unknown|brand:unknown|var:infantil|form:fluid-oral,9204,store,true,https://www.farmaciasahumada.cl/panadol-ninos-160mg-5ml-jarabe-90ml-90335.html
paracetamol,cruz-verde,"Sales para Rehidratación 60 Cloruro de Sodio 3,5 gr Polvo para Suspensión Oral 8 Sobres Sabor Fresa","Sales para Rehidratación 60 Cloruro de Sodio 3,5 gr Polvo para Suspensión Oral 8 Sobres Sabor Fresa",null,sales,null,8,8,rehidratacion,fluid-oral,null,sales|8,sales|8|bio:unknown|brand:unknown|var:rehidratacion|form:fluid-oral,9290,store,true,https://www.cruzverde.cl/sales-para-rehidratacion-60-cloruro-de-sodio-3-5-gr-polvo-para-suspension-oral-8-sobres-sabor-fresa/265799.html
paracetamol,ahumada,Bufferin Forte Paracetamol 1 G 18 Comprimidos,Bufferin Forte Paracetamol 1 G 18 Comprimidos,null,bufferin,1000mg,18,18,forte,solid-oral,null,bufferin|1000mg|18,bufferin|1000mg|18|bio:true|brand:unknown|var:forte|form:solid-oral,9299,cmr,true,https://www.farmaciasahumada.cl/bufferin-forte-paracetamol-1-g-18-comprimidos-92080.html
paracetamol,cruz-verde,Gesidol Paracetamol 1 gr 20 Comprimidos,Gesidol Paracetamol 1 gr 20 Comprimidos,null,gesidol,null,20,20,null,solid-oral,null,gesidol|20,gesidol|20|bio:unknown|brand:unknown|form:solid-oral,9890,store,true,https://www.cruzverde.cl/gesidol-paracetamol-1-gr-20-comprimidos/392102.html
paracetamol,ahumada,Xumadol 1 g 20 Comprimidos,Xumadol 1 g 20 Comprimidos,null,xumadol,1000mg,20,20,null,solid-oral,null,xumadol|1000mg|20,xumadol|1000mg|20|bio:true|brand:unknown|form:solid-oral,10139,cmr,true,https://www.farmaciasahumada.cl/xumadol-1-g-20-comprimidos-73460.html
paracetamol,easyfarma,Brevex 20 comprimidos,Brevex 20 comprimidos,null,brevex,null,20,20,null,solid-oral,null,brevex|20,brevex|20|bio:unknown|brand:unknown|form:solid-oral,10990,store,true,https://nuevo.easyfarma.cl/25025-brevex-x-20.html
paracetamol,salcobrand,Supracalm (B) Paracetamol 20 Comprimidos,Supracalm (B) Paracetamol 20 Comprimidos,Supracalm,supracalm,null,20,20,null,solid-oral,null,supracalm|20,supracalm|20|bio:unknown|brand:supracalm|form:solid-oral,12583,online,true,https://salcobrand.cl/products/supracalm-b-paracetamol-20-comprimidos?default_sku=3110454
paracetamol,cruz-verde,"Salbutamol 0,5% Solución para Nebulización 20 mL","Salbutamol 0,5% Solución para Nebulización 20 mL",null,salbutamol,20ml,null,null,null,inhaled,null,salbutamol|20ml,salbutamol|20ml|bio:unknown|brand:unknown|form:inhaled,13490,store,true,https://www.cruzverde.cl/salbutamol-0-5-solucion-para-nebulizacion-20-ml/268913.html
paracetamol,cruz-verde,Dropol Paracetamol 1 gr 20 Comprimidos,Dropol Paracetamol 1 gr 20 Comprimidos,null,dropol,null,20,20,null,solid-oral,null,dropol|20,dropol|20|bio:unknown|brand:unknown|form:solid-oral,14590,store,true,https://www.cruzverde.cl/dropol-paracetamol-1-gr-20-comprimidos/538858.html
paracetamol,cruz-verde,Brevex Paracetamol 300 mg 20 Comprimidos Recubiertos,Brevex Paracetamol 300 mg 20 Comprimidos Recubiertos,null,brevex,300mg,20,20,null,solid-oral,null,brevex|300mg|20,brevex|300mg|20|bio:unknown|brand:unknown|form:solid-oral,16390,store,true,https://www.cruzverde.cl/brevex-paracetamol-300-mg-20-comprimidos-recubiertos/9113.html
paracetamol,cruz-verde,"Ipratropio Bromuro 0,025% Solución para Inhalación 20 mL","Ipratropio Bromuro 0,025% Solución para Inhalación 20 mL",null,ipratropio,20ml,null,null,bromuro,inhaled,null,ipratropio|20ml,ipratropio|20ml|bio:unknown|brand:unknown|var:bromuro|form:inhaled,16990,store,true,https://www.cruzverde.cl/ipratropio-bromuro-0-025-solucion-para-inhalacion-20-ml/264185.html
paracetamol,easyfarma,Cronus x 30 comprimidos,Cronus x 30 comprimidos,null,cronus,null,30,30,null,solid-oral,null,cronus|30,cronus|30|bio:unknown|brand:unknown|form:solid-oral,16990,store,true,https://nuevo.easyfarma.cl/104166-cronus-x-30-comprimidos.html
paracetamol,cruz-verde,Bonavid Colecalciferol 300.000 UI Solución Oral para Gotas 2 mL,Bonavid Colecalciferol 300.000 UI Solución Oral para Gotas 2 mL,null,bonavid,2ml,null,null,colecalciferol,fluid-oral,null,bonavid|2ml,bonavid|2ml|bio:unknown|brand:unknown|var:colecalciferol|form:fluid-oral,18390,store,true,https://www.cruzverde.cl/bonavid-colecalciferol-300-000-ui-solucion-oral-para-gotas-2-ml/290034.html
paracetamol,cruz-verde,"Betacort Cassara Betametasona 0,5 mg / mL Solucion Oral para Gotas 30 mL","Betacort Cassara Betametasona 0,5 mg / mL Solucion Oral para Gotas 30 mL",null,betacort,0.5mg,null,null,cassara,fluid-oral,null,betacort|30ml,betacort|30ml|bio:unknown|brand:unknown|var:cassara|form:fluid-oral,21590,store,true,https://www.cruzverde.cl/betacort-cassara-betametasona-0-5-mg-ml-solucion-oral-para-gotas-30-ml/296197.html
paracetamol,cruz-verde,"Lirex Tibolona 2,5 mg 30 Comprimidos","Lirex Tibolona 2,5 mg 30 Comprimidos",null,lirex,2.5mg,30,30,tibolona,solid-oral,null,lirex|2.5mg|30,lirex|2.5mg|30|bio:unknown|brand:unknown|var:tibolona|form:solid-oral,22989,store,true,https://www.cruzverde.cl/lirex-tibolona-2-5-mg-30-comprimidos/67406.html
paracetamol,cruz-verde,Uroplus Fosfomicina 3 gr Granulos para Solucion Oral 1 Sobre,Uroplus Fosfomicina 3 gr Granulos para Solucion Oral 1 Sobre,null,uroplus,null,1,1,fosfomicina,fluid-oral,null,uroplus,uroplus|bio:unknown|brand:unknown|var:fosfomicina|form:fluid-oral,35440,store,true,https://www.cruzverde.cl/uroplus-fosfomicina-3-gr-granulos-para-solucion-oral-1-sobre/391927.html
paracetamol,cruz-verde,"Combodart 0,5/0,4 Dutasteride 0,5 mg Tamsulosina 0,4 mg 30 Cápsulas Blandas","Combodart 0,5/0,4 Dutasteride 0,5 mg Tamsulosina 0,4 mg 30 Cápsulas Blandas",null,combodart,0.5mg,30,30,dutasteride,solid-oral,null,combodart|0.5mg|30,combodart|0.5mg|30|bio:unknown|brand:unknown|var:dutasteride|form:solid-oral,38690,store,true,https://www.cruzverde.cl/combodart-0-5-0-4-dutasteride-0-5-mg-tamsulosina-0-4-mg-30-capsulas-blandas/265918.html
paracetamol,cruz-verde,Trelegy Ellipta 92 mcg Polvo Para Inhalacion Oral 30 Dosis,Trelegy Ellipta 92 mcg Polvo Para Inhalacion Oral 30 Dosis,null,trelegy,0.092mg,null,null,ellipta,inhaled,null,trelegy|92mcg,trelegy|92mcg|bio:unknown|brand:unknown|var:ellipta|form:inhaled,93463,store,true,https://www.cruzverde.cl/trelegy-ellipta-92-mcg-polvo-para-inhalacion-oral-30-dosis/295825.html
salbutamol,dr-simi,Salbutamol 2 mg comprimidos,Salbutamol 2 mg comprimidos,DR. SIMI,salbutamol,2mg,null,null,null,solid-oral,null,salbutamol|2mg,salbutamol|2mg|bio:false|brand:drsimi|form:solid-oral,1290,store,false,https://www.drsimi.cl/salbutamol-2-mg-20-comprimidos-ch0082nd/p
salbutamol,araucomed,Salbutamol 100mcg 200 dosis Faes Farma (Cenabast),Salbutamol 100mcg 200 dosis Faes Farma (Cenabast),Faes Farma,salbutamol,0.1mg,null,null,null,null,null,salbutamol|100mcg,salbutamol|100mcg|bio:unknown|brand:faesfarma,1490,store,false,https://farmacia.araucomed.com/asma/salbutamol-100mcg-200-dosis-faes-farma-cenabast
salbutamol,araucomed,Sacrusyt HFA 100mcg 200 dosis (Cenabast),Sacrusyt HFA 100mcg 200 dosis (Cenabast),Biosyntec,sacrusyt,0.1mg,null,null,hfa,null,null,sacrusyt|100mcg,sacrusyt|100mcg|bio:unknown|brand:biosyntec|var:hfa,1490,store,false,https://farmacia.araucomed.com/asma/sacrusyt-hfa-100mcg-200-dosis-cenabast
salbutamol,araucomed,Salbutamol 2mg/5ml jarabe x 100 ml. (Mintlab),Salbutamol Jarabe 2 mg / 5 mL x 100 mL,MINTLAB,salbutamol,2mg,null,null,null,fluid-oral,null,salbutamol|100ml|100,salbutamol|100ml|100|bio:unknown|brand:mintlab|form:fluid-oral,1500,store,true,https://farmacia.araucomed.com/asma/salbutamol-2mg-5ml-jarabe-120ml-mintlab
salbutamol,farmex,Salbutamol Jarabe 2 mg / 5 mL x 100 mL,Salbutamol Jarabe 2 mg / 5 mL x 100 mL,MINTLAB,salbutamol,2mg,null,null,null,fluid-oral,null,salbutamol|100ml|100,salbutamol|100ml|100|bio:unknown|brand:mintlab|form:fluid-oral,1690,store,true,https://farmex.cl/products/salbutamol-jarabe-salbutamol?_pos=9&_psq=salbutamol&_psid=2ca728ba3&_ss=e
salbutamol,araucomed,Salbutamol 100Mcg inhalador 200 dosis (Hospifarma),Salbutamol 100Mcg inhalador 200 dosis (Hospifarma),Hospifarma,salbutamol,0.1mg,null,null,null,inhaled,null,salbutamol|100mcg,salbutamol|100mcg|bio:unknown|brand:hospifarma|form:inhaled,1590,store,false,https://farmacia.araucomed.com/asma/salbutamol-100mcg-inhalador-200-dosis-hospifarma
salbutamol,araucomed,Salbutamol 100mcg 200 dosis. Mintlab (Cenabast),Salbutamol 100mcg 200 dosis. Mintlab (Cenabast),Mintlab,salbutamol,0.1mg,null,null,null,null,null,salbutamol|100mcg,salbutamol|100mcg|bio:unknown|brand:mintlab,1790,store,false,https://farmacia.araucomed.com/asma/salbutamol-100mcg-200-dosis-mintlab-cenabast
salbutamol,ecofarmacias,Salbutamol SACRUSYT HFA 100mcg (BIOSyntec) (Cenabast),Salbutamol SACRUSYT HFA 100mcg (BIOSyntec) (Cenabast),null,salbutamol,0.1mg,null,null,sacrusyt,null,null,salbutamol|100mcg,salbutamol|100mcg|bio:unknown|brand:unknown|var:sacrusyt,1790,store,true,https://www.ecofarmacias.cl/producto/salbutamol-sacrusyt-hfa-aerosol-para-inhalacion-100-mcg-dosis/
salbutamol,araucomed,Salbutamol LF 100mcg inhalador 200 dosis (Mintlab),Salbutamol LF 100mcg inhalador 200 dosis (Mintlab),Mintlab,salbutamol,0.1mg,null,null,lf,inhaled,null,salbutamol|100mcg,salbutamol|100mcg|bio:unknown|brand:mintlab|var:lf|form:inhaled,1990,store,true,https://farmacia.araucomed.com/asma/salbutamol-lf-100mcg-inhalador-200-dosis-mintlab
salbutamol,araucomed,Salbutamol 100 mcg  x 200 dosis. (Mintlab),Salbutamol 100 mcg / dosis x 200 dosis,MINTLAB,salbutamol,0.1mg,null,null,null,null,null,salbutamol|100mcg|200,salbutamol|100mcg|200|bio:unknown|brand:mintlab,1990,store,false,https://farmacia.araucomed.com/asma/salbutamol-100-mcg-x-200-dosis-mintlab
salbutamol,farmex,Salbutamol 100 mcg / dosis x 200 dosis,Salbutamol 100 mcg / dosis x 200 dosis,MINTLAB,salbutamol,0.1mg,null,null,null,null,null,salbutamol|100mcg|200,salbutamol|100mcg|200|bio:unknown|brand:mintlab,2390,store,true,https://farmex.cl/products/salbutamol-100-mcg-dosis-x-200?_pos=1&_psq=salbutamol&_psid=2ca728ba3&_ss=e
salbutamol,ecofarmacias,Salbutamol 100 mcg/dosis x 200 dosis -Cenabast,Salbutamol 100 Mcg/ds X 200 Ds,null,salbutamol,0.1mg,null,null,null,null,null,salbutamol|100mcg|200,salbutamol|100mcg|200|bio:unknown|brand:unknown,1990,store,false,https://www.ecofarmacias.cl/producto/salbutamol-100-mcg-dosis-x-200-dosis-cenabast/
salbutamol,sermecoop,Salbutamol 100 Mcg/ds X 200 Ds,Salbutamol 100 Mcg/ds X 200 Ds,null,salbutamol,0.1mg,200,200,null,null,null,salbutamol|100mcg|200,salbutamol|100mcg|200|bio:unknown|brand:unknown,2690,store,true,https://www.farmaciasermecoop.cl/index.php/online/detalleproducto?p_=20748&d_=1
salbutamol,ahumada,Salbutamol 100 mcg/Dosis x 200 Dosis Aerosol para Inhalación Oral FAES FARMA CHILE,Salbutamol 100 mcg/Dosis x 200 Dosis Aerosol para Inhalación Oral FAES FARMA CHILE,null,salbutamol,0.1mg,null,null,null,inhaled,null,salbutamol|100mcg|200,salbutamol|100mcg|200|bio:unknown|brand:unknown|form:inhaled,2022,store,true,https://www.farmaciasahumada.cl/salbutamol-100-mcg-dosis-x-200-dosis-aerosol-para-inhalacion-oral-faes-farma-chile-90338.html
salbutamol,salcobrand,Salbutamol 100mcg Inhalador 200 Dosis,Salbutamol 100mcg Inhalador 200 Dosis,Salbutamol,salbutamol,0.1mg,null,null,null,inhaled,null,salbutamol|100mcg,salbutamol|100mcg|bio:unknown|brand:salbutamol|form:inhaled,2023,online,true,https://salcobrand.cl/products/salbutamol-100-mcg-inhalador?default_sku=582109
salbutamol,araucomed,Salbutamol 100 mcg  x 250 dosis. (Chemopharma),Salbutamol 100 mcg  x 250 dosis. (Chemopharma),Chemopharma,salbutamol,0.1mg,null,null,null,null,null,salbutamol|100mcg|250,salbutamol|100mcg|250|bio:unknown|brand:chemopharma,2290,store,true,https://farmacia.araucomed.com/asma/salbutamol-100-mcg-x-250-dosis-chemopharma
salbutamol,ecofarmacias,Salbutamol 100 mcg / dosis Aerosol para inhalación,Salbutamol 100 mcg / dosis Aerosol para inhalación,null,salbutamol,0.1mg,null,null,null,inhaled,null,salbutamol|100mcg,salbutamol|100mcg|bio:unknown|brand:unknown|form:inhaled,2640,store,false,https://www.ecofarmacias.cl/producto/salbutamol-100-mcg-dosis-aerosol-para-inhalacion/
salbutamol,ahumada,Salbutamol 2 mg/5 mL x 100 mL Jarabe,Salbutamol 2 mg/5 mL x 100 mL Jarabe,null,salbutamol,2mg,null,null,null,fluid-oral,null,salbutamol|100ml|100,salbutamol|100ml|100|bio:true|brand:unknown|form:fluid-oral,2707,cmr,true,https://www.farmaciasahumada.cl/salbutamol-2-mg-5-ml-x-100-ml-jarabe-3277.html
salbutamol,farmex,Salbutamol 100 mg / dosis x 200 dosis,Salbutamol 100 mg / dosis x 200 dosis,OPKO,salbutamol,100mg,null,null,null,null,null,salbutamol|100mg|200,salbutamol|100mg|200|bio:unknown|brand:opko,2795,store,true,https://farmex.cl/products/salbutamol-100-mg-200-dosis-opko?_pos=2&_psq=salbutamol&_psid=2ca728ba3&_ss=e
salbutamol,farmex,Salbutamol 100 mg / dosis x 200 dosis.,Salbutamol 100 mg / dosis x 200 dosis.,null,salbutamol,100mg,null,null,null,null,null,salbutamol|100mg|200,salbutamol|100mg|200|bio:unknown|brand:unknown,2795,store,true,https://farmex.cl/products/salbutamol-100-mg-dosis-x-200-dosis-3?_pos=4&_psq=salbutamol&_psid=2ca728ba3&_ss=e
salbutamol,dr-simi,Salbutamol 100 mcg/dosis aerosol para inhalación 200 dosis,Salbutamol 100 mcg/dosis aerosol para inhalación 200 dosis,HOSPIFARMA,salbutamol,0.1mg,null,null,null,inhaled,null,salbutamol|100mcg,salbutamol|100mcg|bio:false|brand:hospifarma|form:inhaled,2800,store,true,https://www.drsimi.cl/salbutamol-100-mcg-spray-200-dosis/p
salbutamol,salcobrand,Salbutamol 2mg/5ml Jarabe 120ml,Salbutamol 2mg/5ml Jarabe 120ml,Salbutamol,salbutamol,2mg,null,null,null,fluid-oral,null,salbutamol|120ml,salbutamol|120ml|bio:unknown|brand:salbutamol|form:fluid-oral,2991,online,true,https://salcobrand.cl/products/salbutamol-2mg-5ml-jbe-x120ml?default_sku=2203026
salbutamol,cruz-verde,Salbutamol 2 mg/5mL Jarabe 100 mL,Salbutamol 2 mg/5mL Jarabe 100 mL,null,salbutamol,2mg,null,null,null,fluid-oral,null,salbutamol|100ml,salbutamol|100ml|bio:unknown|brand:unknown|form:fluid-oral,3590,store,true,https://www.cruzverde.cl/salbutamol-2-mg-5ml-jarabe-100-ml/268738.html
salbutamol,cruz-verde,Salbutamol LF 100 mcg / Dosis Inhalador Bucal 200 Dosis,Salbutamol LF 100 mcg / Dosis Inhalador Bucal 200 Dosis,null,salbutamol,0.1mg,null,null,lf,inhaled,null,salbutamol|100mcg,salbutamol|100mcg|bio:unknown|brand:unknown|var:lf|form:inhaled,3690,store,true,https://www.cruzverde.cl/salbutamol-lf-100-mcg-dosis-inhalador-bucal-200-dosis/225472.html
salbutamol,dr-simi,Salbutamol 100 mcg/dosis aerosol LF para inhalación bucal 250 dosis,Salbutamol 100 mcg/dosis aerosol LF para inhalación bucal 250 dosis,CHEMOPHARMA,salbutamol,0.1mg,null,null,null,inhaled,null,salbutamol|100mcg,salbutamol|100mcg|bio:false|brand:chemopharma|form:inhaled,4000,store,true,https://www.drsimi.cl/salbutamol-100-mcg-dosis-aerosol-l-f-para-inhalacion-bucal-250-dosis/p
salbutamol,ecofarmacias,SALBUTAMOL &#8211; BECLOMETASONA Inhalador (100/50 mcg/dosis) x 200 dosis,SALBUTAMOL &#8211; BECLOMETASONA Inhalador (100/50 mcg/dosis) x 200 dosis,null,salbutamol,0.05mg,null,null,beclometasona,inhaled,null,salbutamol|50mcg|200,salbutamol|50mcg|200|bio:unknown|brand:unknown|var:beclometasona|form:inhaled,4290,store,false,https://www.ecofarmacias.cl/producto/salbutamol-beclometasona-inhalador/
salbutamol,farmex,Salbutamol + Beclometasona 100 / 50 x 200 dosis,Salbutamol + Beclometasona 100 / 50 x 200 dosis,null,salbutamol,null,null,null,null,null,beclometasona,salbutamol|200,salbutamol|200|bio:unknown|brand:unknown|combo:beclometasona,4346,store,true,https://farmex.cl/products/salbutamol-beclometasona-100-50-x-200-dosis-3?_pos=5&_psq=salbutamol&_psid=2ca728ba3&_ss=e
salbutamol,araucomed,Salbutamol Beclometasona Inhalador 200 dosis (Chemopharma),Salbutamol Beclometasona Inhalador 200 dosis (Chemopharma),Chemopharma,salbutamol,null,null,null,beclometasona,inhaled,null,salbutamol,salbutamol|bio:unknown|brand:chemopharma|var:beclometasona|form:inhaled,4490,store,true,https://farmacia.araucomed.com/asma/salbutamol-beclometasona-inh-200-dosis-chemopharma
salbutamol,salcobrand,Butotal Salbutamol 100mcg Inhalador 250 Dosis,Butotal Salbutamol 100mcg Inhalador 250 Dosis,Butotal,butotal,0.1mg,null,null,null,inhaled,null,butotal|100mcg,butotal|100mcg|bio:unknown|brand:butotal|form:inhaled,5015,online,true,https://salcobrand.cl/products/butotal-salbutamol-100mcg-inhalador-250-dosis?default_sku=850094
salbutamol,ahumada,Salbutamol + Beclometasona 100 mcg/50 mcg/Dosis x 200 Dosis Aerosol para Inhalación Oral CHEMOPHARMA,Salbutamol + Beclometasona 100 mcg/50 mcg/Dosis x 200 Dosis Aerosol para Inhalación Oral CHEMOPHARMA,null,salbutamol,0.1mg,null,null,null,inhaled,beclometasona,salbutamol|100mcg|200,salbutamol|100mcg|200|bio:unknown|brand:unknown|combo:beclometasona|form:inhaled,5249,cmr,true,https://www.farmaciasahumada.cl/salbutamol-beclometasona-100-mcg-50-mcg-dosis-x-200-dosis-aerosol-para-inhalacion-oral-chemopharma-46533.html
salbutamol,cruz-verde,Butotal Salbutamol 100 mcg Inhalador Bucal 250 Dosis,Butotal Salbutamol 100 mcg Inhalador Bucal 250 Dosis,null,butotal,0.1mg,null,null,null,inhaled,null,butotal|100mcg,butotal|100mcg|bio:unknown|brand:unknown|form:inhaled,5690,store,true,https://www.cruzverde.cl/butotal-salbutamol-100-mcg-inhalador-bucal-250-dosis/251207.html
salbutamol,araucomed,Asmavent-b Inhalador 200 dosis,Asmavent-b Inhalador 200 dosis,Mintlab,asmaventb,null,null,null,null,inhaled,null,asmaventb,asmaventb|bio:unknown|brand:mintlab|form:inhaled,5990,store,true,https://farmacia.araucomed.com/asma/asmavent-b-inhalador-200-dosis
salbutamol,salcobrand,Aerohaler Salbutamol 100mcg/dosis Aerosol para Inhalación 200 Dosis,Aerohaler Salbutamol 100mcg/dosis Aerosol para Inhalación 200 Dosis,Aerohaler,aerohaler,0.1mg,null,null,null,inhaled,null,aerohaler|100mcg,aerohaler|100mcg|bio:unknown|brand:aerohaler|form:inhaled,6863,online,true,https://salcobrand.cl/products/aerohaler-salbutamol-100mcg-dosis-aerosol-para-inhalacion-200-dosis?default_sku=591711
salbutamol,cruz-verde,Salbutamol con Beclometasona Salbutamol 100 mcg Inhalador Bucal 200 Dosis,Salbutamol con Beclometasona Salbutamol 100 mcg Inhalador Bucal 200 Dosis,null,salbutamol,0.1mg,null,null,beclometasona,inhaled,null,salbutamol|100mcg,salbutamol|100mcg|bio:unknown|brand:unknown|var:beclometasona|form:inhaled,7290,store,true,https://www.cruzverde.cl/salbutamol-con-beclometasona-salbutamol-100-mcg-inhalador-bucal-200-dosis/199454.html
salbutamol,ecofarmacias,Sinasmal SF salbutamol 100mcg dosis inhalador 200 DESCUENTO,Sinasmal SF salbutamol 100mcg dosis inhalador 200 DESCUENTO,null,sinasmal,0.1mg,null,null,sf,inhaled,null,sinasmal|100mcg,sinasmal|100mcg|bio:unknown|brand:unknown|var:sf|form:inhaled,7990,store,false,https://www.ecofarmacias.cl/producto/sinasmal-sf-salbutamol-100mcg-dosis-inhalador-200-descuento/
salbutamol,cruz-verde,Sinasmal Sf Salbutamol 100 mcg / DS Inhalador Bucal 200 Dosis,Sinasmal SF salbutamol 100mcg dosis inhalador 200 DESCUENTO,null,sinasmal,0.1mg,null,null,sf,inhaled,null,sinasmal|100mcg,sinasmal|100mcg|bio:unknown|brand:unknown|var:sf|form:inhaled,14040,store,true,https://www.cruzverde.cl/sinasmal-sf-salbutamol-100-mcg-ds-inhalador-bucal-200-dosis/263288.html
salbutamol,cruz-verde,Asmavent Sf Salbutamol 100 mcg/Dosis Inhalador Bucal 200 Dosis,Asmavent Sf Salbutamol 100 mcg/Dosis Inhalador Bucal 200 Dosis,null,asmavent,0.1mg,null,null,sf,inhaled,null,asmavent|100mcg,asmavent|100mcg|bio:unknown|brand:unknown|var:sf|form:inhaled,8340,store,true,https://www.cruzverde.cl/asmavent-sf-salbutamol-100-mcg-dosis-inhalador-bucal-200-dosis/262866.html
salbutamol,cruz-verde,Aerohaler Aerosol Para Inhalar 100 mcg/Dosis,Aerohaler Aerosol Para Inhalar 100 mcg/Dosis,null,aerohaler,0.1mg,null,null,inhalar,inhaled,null,aerohaler|100mcg,aerohaler|100mcg|bio:unknown|brand:unknown|var:inhalar|form:inhaled,8390,store,false,https://www.cruzverde.cl/aerohaler-aerosol-para-inhalar-100-mcg-dosis/575124.html
salbutamol,salcobrand,Salbutamol / Beclometasona Inhalación 200 Dosis,Salbutamol / Beclometasona Inhalación 200 Dosis,Salbutamol Beclomet,salbutamol,null,null,null,null,inhaled,beclometasona,salbutamol,salbutamol|bio:unknown|brand:salbutamolbeclomet|combo:beclometasona|form:inhaled,8799,online,true,https://salcobrand.cl/products/salbutamol-beclometasona-inhalacion-200-dosis?default_sku=2980482
salbutamol,araucomed,Salbutamol Solución para nebulizar 5mg/ml x 20 ml. (Ethon),Salbutamol Solución para nebulizar 5mg/ml x 20 ml. (Ethon),null,salbutamol,5mg,null,null,nebulizar,fluid-oral,null,salbutamol|20ml|20,salbutamol|20ml|20|bio:unknown|brand:unknown|var:nebulizar|form:fluid-oral,8990,store,false,https://farmacia.araucomed.com/asma/salbutamol-solucion-5mg-ml-x20ml-ethon
salbutamol,farmex,Salbutamol Solución para Nebulizador 5 mg / mL x 20 mL,Salbutamol Solución para Nebulizador 5 mg / mL x 20 mL,LAFEDAR,salbutamol,5mg,null,null,nebulizador,fluid-oral,null,salbutamol|20ml|20,salbutamol|20ml|20|bio:unknown|brand:lafedar|var:nebulizador|form:fluid-oral,9190,store,true,https://farmex.cl/products/salbutamol-sol-para-nebulizador-5-mg-ml-x-20-ml?_pos=3&_psq=salbutamol&_psid=2ca728ba3&_ss=e
salbutamol,ecofarmacias,Sinasmal SF salbutamol 100mcg/sosis inhalador 200 dosis  (Lab Chile) DESCUENTO,Sinasmal SF salbutamol 100mcg/sosis inhalador 200 dosis  (Lab Chile) DESCUENTO,null,sinasmal,0.1mg,null,null,null,inhaled,sosis,sinasmal|100mcg,sinasmal|100mcg|bio:unknown|brand:unknown|combo:sosis|form:inhaled,9600,store,false,https://www.ecofarmacias.cl/producto/sinasmal-sf-salbutamol-100mcg-sosis-inhalador-200-dosis-lab-chile-descuento/
salbutamol,araucomed,Salbutamol Solución para nebulizar 5mg/ml x 20 ml. (Ladefar),Salbutamol Solución para nebulizar 5mg/ml x 20 ml. (Ladefar),Ladefar,salbutamol,5mg,null,null,nebulizar,fluid-oral,null,salbutamol|20ml|20,salbutamol|20ml|20|bio:unknown|brand:ladefar|var:nebulizar|form:fluid-oral,9990,store,false,https://farmacia.araucomed.com/asma/salbutamol-solucion-para-nebulizar-5mg-ml-x-20-ml-ladefar
salbutamol,ahumada,Sinasmal SF 100 mcg/Dosis x 200 Dosis Aerosol para Inhalación Oral,Sinasmal SF 100 mcg/Dosis x 200 Dosis Aerosol para Inhalación Oral,null,sinasmal,0.1mg,null,null,sf,inhaled,null,sinasmal|100mcg|200,sinasmal|100mcg|200|bio:unknown|brand:unknown|var:sf|form:inhaled,10822,cmr,true,https://www.farmaciasahumada.cl/sinasmal-sf-100-mcg-dosis-x-200-dosis-aerosol-para-inhalacion-oral-70239.html
salbutamol,ahumada,Bropil LF 100 mcg/dosis x 200 Dosis Aerosol para Inhalación,Bropil LF 100 mcg/dosis x 200 Dosis Aerosol para Inhalación,null,bropil,0.1mg,null,null,lf,inhaled,null,bropil|100mcg|200,bropil|100mcg|200|bio:unknown|brand:unknown|var:lf|form:inhaled,10987,cmr,true,https://www.farmaciasahumada.cl/bropil-lf-100-mcg-dosis-x-200-dosis-aerosol-para-inhalacion-62242.html
salbutamol,araucomed,Butocort Inhalador 250 dosis,Butocort Inhalador 250 dosis,Pablo Cassara,butocort,null,null,null,null,inhaled,null,butocort,butocort|bio:unknown|brand:pablocassara|form:inhaled,10990,store,false,https://farmacia.araucomed.com/asma/butocort-inhalador-250-dosis
salbutamol,salcobrand,Salbutamol 0.5% Nebulizador 20ml,Salbutamol 0.5% Nebulizador 20ml,Salbutamol,salbutamol,20ml,null,null,nebulizador,null,null,salbutamol|20ml,salbutamol|20ml|bio:unknown|brand:salbutamol|var:nebulizador,11527,online,true,https://salcobrand.cl/products/salbutamol-0-5-nebulizador-20ml?default_sku=1190022
salbutamol,ahumada,Salbutamol 5 mg/ml x 20 ml Solución para Nebulización BPH S.A.,Salbutamol 5 mg/ml x 20 ml Solución para Nebulización BPH S.A.,null,salbutamol,5mg,null,null,null,inhaled,null,salbutamol|20ml|20,salbutamol|20ml|20|bio:true|brand:unknown|form:inhaled,11960,store,true,https://www.farmaciasahumada.cl/salbutamol-5-mg-ml-x-20-ml-solucion-para-nebulizacion-bph-s.a.-87321.html
salbutamol,araucomed,Herolan SF Inhalador x 200 dosis,Herolan SF Inhalador x 200 dosis,Mintlab,herolan,null,null,null,sf,inhaled,null,herolan|200,herolan|200|bio:unknown|brand:mintlab|var:sf|form:inhaled,11990,store,false,https://farmacia.araucomed.com/asma/herolan-sf-inhalador-x-200-dosis
salbutamol,cruz-verde,Asmavent-B Salbutamol 100 mcg + Beclometasona 50 mcg/Dosis Inhalador Bucal 200 Dosis,Asmavent-B Salbutamol 100 mcg + Beclometasona 50 mcg/Dosis Inhalador Bucal 200 Dosis,null,asmaventb,0.1mg,null,null,null,inhaled,beclometasona,asmaventb|100mcg,asmaventb|100mcg|bio:unknown|brand:unknown|combo:beclometasona|form:inhaled,12240,store,true,https://www.cruzverde.cl/asmavent-b-salbutamol-100-mcg-beclometasona-50-mcg-dosis-inhalador-bucal-200-dosis/193086.html
salbutamol,salcobrand,Sinasmal SF Salbutamol 100mcg Inhalador 200 Dosis,Sinasmal SF Salbutamol 100mcg Inhalador 200 Dosis,Sinasmal,sinasmal,0.1mg,null,null,sf,inhaled,null,sinasmal|100mcg,sinasmal|100mcg|bio:unknown|brand:sinasmal|var:sf|form:inhaled,12319,online,true,https://salcobrand.cl/products/inhalador-sinasmal-sf-100mcg?default_sku=437097
salbutamol,salcobrand,Bropil LF Salbutamol 100mcg Inhalación 200 Dosis,Bropil LF Salbutamol 100mcg Inhalación 200 Dosis,Bropil Lf,bropil,0.1mg,null,null,lf,inhaled,null,bropil|100mcg,bropil|100mcg|bio:unknown|brand:bropillf|var:lf|form:inhaled,12495,online,true,https://salcobrand.cl/products/bropil-lf-salbutamol-100mcg-inhalacion-200-dosis?default_sku=2832017
salbutamol,araucomed,Salbutral AC aerosol x 250 dosis.,Salbutral AC aerosol x 250 dosis.,Pablo Cassara,salbutral,null,null,null,ac,inhaled,null,salbutral|250,salbutral|250|bio:unknown|brand:pablocassara|var:ac|form:inhaled,12990,store,true,https://farmacia.araucomed.com/asma/salbutral-ac-aerosol-250-dosis
salbutamol,ahumada,Butocort x 250 Dosis Aerosol Para Inhalación,Butocort x 250 Dosis Aerosol Para Inhalación,null,butocort,null,null,null,null,inhaled,null,butocort|250,butocort|250|bio:unknown|brand:unknown|form:inhaled,13177,cmr,true,https://www.farmaciasahumada.cl/butocort-x-250-dosis-aerosol-para-inhalacion-48600.html
salbutamol,ahumada,Salbutral AC 100 mcg/20 mcg/Dosis x 250 Dosis Aerosol para Inhalación Oral,Salbutral AC 100 mcg/20 mcg/Dosis x 250 Dosis Aerosol para Inhalación Oral,null,salbutral,0.1mg,null,null,ac,inhaled,null,salbutral|100mcg|250,salbutral|100mcg|250|bio:unknown|brand:unknown|var:ac|form:inhaled,13199,cmr,true,https://www.farmaciasahumada.cl/salbutral-ac-100-mcg-20-mcg-dosis-x-250-dosis-aerosol-para-inhalacion-oral-78479.html
salbutamol,cruz-verde,"Salbutamol 0,5% Solución para Nebulización 20 mL","Salbutamol 0,5% Solución para Nebulización 20 mL",null,salbutamol,20ml,null,null,null,inhaled,null,salbutamol|20ml,salbutamol|20ml|bio:unknown|brand:unknown|form:inhaled,13490,store,true,https://www.cruzverde.cl/salbutamol-0-5-solucion-para-nebulizacion-20-ml/268913.html
salbutamol,salcobrand,Butocort HFA Salbutamol / Beclometasona Inhalación 250 Dosis,Butocort HFA Salbutamol / Beclometasona Inhalación 250 Dosis,Butocort,butocort,null,null,null,null,inhaled,beclometasona,butocort,butocort|bio:unknown|brand:butocort|combo:beclometasona|form:inhaled,14783,online,true,https://salcobrand.cl/products/butocort-hfa-salbutamol-beclometasona-inhalacion-250-dosis?default_sku=851009
salbutamol,araucomed,Fesema LF inhalador 100 mcg. x 200 dosis.,Fesema LF inhalador 100 mcg. x 200 dosis.,Etex,fesema,0.1mg,null,null,lf,inhaled,null,fesema|100mcg|200,fesema|100mcg|200|bio:unknown|brand:etex|var:lf|form:inhaled,14990,store,true,https://farmacia.araucomed.com/asma/fesema-lf-inhalador-100mcg-200-dosis
salbutamol,salcobrand,Salbutral AC Salbutamol / Ipratropio Bromuro Aerosol Inhalación 250 Dosis,Salbutral AC Salbutamol / Ipratropio Bromuro Aerosol Inhalación 250 Dosis,Salbutral AC,salbutral,null,null,null,null,inhaled,ipratropio,salbutral,salbutral|bio:unknown|brand:salbutralac|combo:ipratropio|form:inhaled,15223,online,true,https://salcobrand.cl/products/salbutral-ac-salbutamol-ipratropio-bromuro-aerosol-inhalacion-250-dosis?default_sku=851611
salbutamol,dr-simi,"Salbutamol 0,5 % solución para nebulización 20 mL","Salbutamol 0,5 % solución para nebulización 20 mL",ETHON,salbutamol,20ml,null,null,null,inhaled,null,salbutamol|20ml,salbutamol|20ml|bio:true|brand:ethon|form:inhaled,15480,store,true,https://www.drsimi.cl/salbutamol-0-5-solucion-para-nebulizacion-20-ml/p
salbutamol,araucomed,Aerolin LF inhalador 100mcg 200 dosis,Aerolin LF inhalador 100mcg 200 dosis,Etex,aerolin,0.1mg,null,null,lf,inhaled,null,aerolin|100mcg,aerolin|100mcg|bio:unknown|brand:etex|var:lf|form:inhaled,16490,store,false,https://farmacia.araucomed.com/asma/aerolin-lf-inhalador-100mcg-200-dosis
salbutamol,ahumada,Fesema LF 100 mcg/Dosis 200 Dosis Aerosol para Inhalación,Fesema LF 100 mcg/Dosis 200 Dosis Aerosol para Inhalación,null,fesema,0.1mg,null,null,lf,inhaled,null,fesema|100mcg,fesema|100mcg|bio:unknown|brand:unknown|var:lf|form:inhaled,16813,store,true,https://www.farmaciasahumada.cl/fesema-lf-100-mcg-dosis-200-dosis-aerosol-para-inhalacion-25700.html
salbutamol,cruz-verde,Fesema Lf Salbutamol 100 mcg/DS Inhalador Bucal 200 Dosis,Fesema LF 100 mcg/Dosis 200 Dosis Aerosol para Inhalación,null,fesema,0.1mg,null,null,lf,inhaled,null,fesema|100mcg,fesema|100mcg|bio:unknown|brand:unknown|var:lf|form:inhaled,23740,store,true,https://www.cruzverde.cl/fesema-lf-salbutamol-100-mcg-ds-inhalador-bucal-200-dosis/104023.html
salbutamol,salcobrand,Salbutamol (B) 5mg/ml Solución Nebulizadora 20ml,Salbutamol (B) 5mg/ml Solución Nebulizadora 20ml,Salbutamol,salbutamol,5mg,null,null,null,fluid-oral,null,salbutamol|20ml,salbutamol|20ml|bio:unknown|brand:salbutamol|form:fluid-oral,17071,online,true,https://salcobrand.cl/products/salbutamol-b-5mg-ml-solucion-nebulizadora-20ml?default_sku=572425
salbutamol,dr-simi,Salbutral AC salbutamol 100 mcg/dosis ipatropio bromuro 20 mcg/dosis aerosol para inhalación 250 dosis,Salbutral AC salbutamol 100 mcg/dosis ipatropio bromuro 20 mcg/dosis aerosol para inhalación 250 dosis,D&M PHARMA,salbutral,0.1mg,null,null,ac,inhaled,null,salbutral|100mcg,salbutral|100mcg|bio:false|brand:dmpharma|var:ac|form:inhaled,17160,store,true,https://www.drsimi.cl/salbutral-ac-salbutamol-100-mcg-dosis-ipatropio-bromuro-20-mcg-dosis-aerosol-para-inhalacion-250-dosis/p
salbutamol,cruz-verde,Salbutral Salbutamol 100 mcg/DS Bromuro de Ipratropio 20mcg/DS Inhalador Bucal 250 Dosis,Salbutral Salbutamol 100 mcg/DS Bromuro de Ipratropio 20mcg/DS Inhalador Bucal 250 Dosis,null,salbutral,0.1mg,null,null,null,inhaled,null,salbutral|100mcg,salbutral|100mcg|bio:unknown|brand:unknown|form:inhaled,17290,store,true,https://www.cruzverde.cl/salbutral-salbutamol-100-mcg-ds-bromuro-de-ipratropio-20mcg-ds-inhalador-bucal-250-dosis/272083.html
salbutamol,salcobrand,Fesema LF Salbutamol 100mcg Inhalación 200 Dosis,Fesema LF Salbutamol 100mcg Inhalación 200 Dosis,Fesema LF,fesema,0.1mg,null,null,lf,inhaled,null,fesema|100mcg,fesema|100mcg|bio:unknown|brand:fesemalf|var:lf|form:inhaled,17999,online,true,https://salcobrand.cl/products/fesema-lf-salbutamol-100mcg-inhalacion-200-dosis?default_sku=650544
salbutamol,cruz-verde,Aerolin LF Salbutamol 100 mcg / DS Inhalador Bucal 200 Dosis,Aerolin LF Salbutamol 100 mcg / DS Inhalador Bucal 200 Dosis,null,aerolin,0.1mg,null,null,lf,inhaled,null,aerolin|100mcg,aerolin|100mcg|bio:unknown|brand:unknown|var:lf|form:inhaled,18217,store,true,https://www.cruzverde.cl/aerolin-lf-salbutamol-100-mcg-ds-inhalador-bucal-200-dosis/60150.html
salbutamol,salcobrand,Aerolin LF Salbutamol 100mcg Inhalación 200 Dosis,Aerolin LF Salbutamol 100mcg Inhalación 200 Dosis,Aerolin,aerolin,0.1mg,null,null,lf,inhaled,null,aerolin|100mcg,aerolin|100mcg|bio:unknown|brand:aerolin|var:lf|form:inhaled,18224,online,true,https://salcobrand.cl/products/salbutamol-100mcg-inh-e28f2b9c-9314-4c75-a188-15fa18c7accf?default_sku=1000248
salbutamol,ahumada,Aerolin LF 100 mcg x 200 Dosis Aerosol Para Inhalación,Aerolin LF 100 mcg x 200 Dosis Aerosol Para Inhalación,null,aerolin,0.1mg,null,null,lf,inhaled,null,aerolin|100mcg|200,aerolin|100mcg|200|bio:unknown|brand:unknown|var:lf|form:inhaled,19207,cmr,true,https://www.farmaciasahumada.cl/aerolin-lf-100-mcg-x-200-dosis-aerosol-para-inhalacion-25687.html
salbutamol,ecofarmacias,Aerolin Salbutamol Inhalador Bucal 200 Dosis,Aerolin Salbutamol Inhalador Bucal 200 Dosis,null,aerolin,null,null,null,bucal,inhaled,null,aerolin,aerolin|bio:unknown|brand:unknown|var:bucal|form:inhaled,19750,store,false,https://www.ecofarmacias.cl/producto/aerolin-solucion-para-inhalacion-por-nebulizador/
salbutamol,ecofarmacias,Herolan SF Salbutamol 10 Ml  200 Dosis,Herolan SF Salbutamol 10 Ml  200 Dosis,null,herolan,10ml,null,null,sf,null,null,herolan|10ml,herolan|10ml|bio:true|brand:unknown|var:sf,21800,store,false,https://www.ecofarmacias.cl/producto/herolan-sf-salbutamol-beclometasona-dipropionato-10-ml-aerosol-para-inhalacion-200-dosis/
salbutamol,ahumada,Herolan SF 10 mL x 200 Dosis Aerosol Para Inhalación,Herolan SF 10 mL x 200 Dosis Aerosol Para Inhalación,null,herolan,10ml,null,null,sf,inhaled,null,herolan|10ml|200,herolan|10ml|200|bio:unknown|brand:unknown|var:sf|form:inhaled,22799,cmr,true,https://www.farmaciasahumada.cl/herolan-sf-10-ml-x-200-dosis-aerosol-para-inhalacion-70238.html
salbutamol,salcobrand,Herolan SF Salbutamol / Beclometasona Inhalación 200 Dosis,Herolan SF Salbutamol / Beclometasona Inhalación 200 Dosis,Herolan,herolan,null,null,null,null,inhaled,beclometasona,herolan,herolan|bio:unknown|brand:herolan|combo:beclometasona|form:inhaled,26223,online,true,https://salcobrand.cl/products/principio-activo-beclometasona-salbutamol?default_sku=437070
salbutamol,sermecoop,"Aerolin (salbutamol) 0,5% Solución Nebulizacion 20ml","Aerolin (salbutamol) 0,5% Solución Nebulizacion 20ml",null,aerolin,20ml,null,null,null,inhaled,null,aerolin|20ml,aerolin|20ml|bio:unknown|brand:unknown|form:inhaled,30990,store,false,https://www.farmaciasermecoop.cl/index.php/online/detalleproducto?p_=20751&d_=1
salbutamol,ahumada,Fluxamol HFA 250 mcg/25 mcg/Dosis 120 Dosis Aerosol para Inhalación,Fluxamol HFA 250 mcg/25 mcg/Dosis 120 Dosis Aerosol para Inhalación,null,fluxamol,0.25mg,null,null,hfa,inhaled,null,fluxamol|250mcg,fluxamol|250mcg|bio:unknown|brand:unknown|var:hfa|form:inhaled,35008,store,true,https://www.farmaciasahumada.cl/fluxamol-hfa-250-mcg-25-mcg-dosis-120-dosis-aerosol-para-inhalacion-73833.html
salbutamol,cruz-verde,"Aerolin Salbutamol 0,5% Solución para Respirador 20 mL","Aerolin Salbutamol 0,5% Solución para Respirador 20 mL",null,aerolin,20ml,null,null,respirador,fluid-oral,null,aerolin|20ml,aerolin|20ml|bio:unknown|brand:unknown|var:respirador|form:fluid-oral,35190,store,true,https://www.cruzverde.cl/aerolin-salbutamol-0-5-solucion-para-respirador-20-ml/60008.html
salbutamol,ahumada,Brexovent LF 125 mcg/dosis 120 Dosis Aerosol para Inhalación,Brexovent LF 125 mcg/dosis 120 Dosis Aerosol para Inhalación,null,brexovent,0.125mg,null,null,lf,inhaled,null,brexovent|125mcg,brexovent|125mcg|bio:unknown|brand:unknown|var:lf|form:inhaled,35489,store,true,https://www.farmaciasahumada.cl/brexovent-lf-125-mcg-dosis-120-dosis-aerosol-para-inhalacion-20009.html
salbutamol,ahumada,Tuberbut inhalada 300 mg x 56 ampollas,Tuberbut inhalada 300 mg x 56 ampollas,null,tuberbut,300mg,56,56,inhalada,injectable,null,tuberbut|300mg|56,tuberbut|300mg|56|bio:unknown|brand:unknown|var:inhalada|form:injectable,1712899,store,true,https://www.farmaciasahumada.cl/tuberbut-inhalada-300-mg-x-56-ampollas-91451.html
supositorios,ecofarmacias,Paracetamol Infantil x 6 supositorios LCh DESCUENTO,Paracetamol Infantil x 6 supositorios LCh DESCUENTO,null,paracetamol,null,6,6,infantil,suppository,null,paracetamol|6,paracetamol|6|bio:unknown|brand:unknown|var:infantil|form:suppository,780,store,false,https://www.ecofarmacias.cl/producto/paracetamol-infantil-x-6-supositorios-lch-descuento/
supositorios,farmex,"Diclofenaco Sódico 12,5 mg x 5 Supositorios","Diclofenaco Sódico 12,5 mg x 5 Supositorios",LAB. CHILE,diclofenaco,12.5mg,5,5,null,suppository,null,diclofenaco|12.5mg|5,diclofenaco|12.5mg|5|bio:unknown|brand:chile|form:suppository,790,store,true,https://farmex.cl/products/diclofenaco-inf-x-supositorios-diclofenaco-sodico?_pos=6&_psq=supositorios&_psid=ffee9b6d3&_ss=e
supositorios,araucomed,"Diclofenaco Sódico supositorios 12,5 mg x 5 unidades. (Chile)","Diclofenaco Sódico 12,5 mg x 5 Supositorios",LAB. CHILE,diclofenaco,12.5mg,5,5,null,suppository,null,diclofenaco|12.5mg|5,diclofenaco|12.5mg|5|bio:unknown|brand:chile|form:suppository,900,store,true,https://farmacia.araucomed.com/analgesicos-y-antinflamatorios/diclofenaco-sodico-supositorios-125-mg-x5-chile
supositorios,ecofarmacias,Diclofenaco 12.5 x 5 Supositorios (LCh),Diclofenaco 12.5 x 5 Supositorios (LCh),null,diclofenaco,null,5,5,null,suppository,null,diclofenaco|5,diclofenaco|5|bio:unknown|brand:unknown|form:suppository,840,store,true,https://www.ecofarmacias.cl/producto/diclofenaco-12-5-supositorios/
supositorios,farmex,Diclofenaco Sodico Adultos 50 mg x 5 supositorios,Diclofenaco Sodico Adultos 50 mg x 5 supositorios,LAB. CHILE,diclofenaco,50mg,5,5,null,suppository,null,diclofenaco|50mg|5,diclofenaco|50mg|5|bio:unknown|brand:chile|form:suppository,890,store,true,https://farmex.cl/products/diclofenaco-sodico-adultos-50-mg-x-5-supositorios?_pos=8&_psq=supositorios&_psid=ffee9b6d3&_ss=e
supositorios,araucomed,Diclofenaco Supositorios 50 mg x 5 supositorios. (Chile),Diclofenaco Sodico Adultos 50 mg x 5 supositorios,LAB. CHILE,diclofenaco,50mg,5,5,null,suppository,null,diclofenaco|50mg|5,diclofenaco|50mg|5|bio:unknown|brand:chile|form:suppository,990,store,true,https://farmacia.araucomed.com/analgesicos-y-antinflamatorios/diclofenaco-supositorios-50-mg-x5-chile
supositorios,araucomed,"Diclofenaco Sódico supositorios 12,5 mg x5 (Pasteur)","Diclofenaco Sódico supositorios 12,5 mg x5 (Pasteur)",Pasteur,diclofenaco,12.5mg,5,5,null,suppository,null,diclofenaco|12.5mg|5,diclofenaco|12.5mg|5|bio:unknown|brand:pasteur|form:suppository,890,store,true,https://farmacia.araucomed.com/analgesicos-y-antinflamatorios/diclofenaco-sodico-supositorios-125-mg-x5-pasteur
supositorios,dr-simi,Metamizol 250 mg 5 supositorios,Metamizol 250 mg 5 supositorios,PASTEUR,metamizol,250mg,5,5,null,suppository,null,metamizol|250mg,metamizol|250mg|bio:false|brand:pasteur|form:suppository,960,store,true,https://www.drsimi.cl/metamizol-sodico-250-mg-5-supositorios/p
supositorios,ecofarmacias,Diclofenaco 50 mg X 5 Supositorios (LCh),Diclofenaco 50 mg X 5 Supositorios (LCh),null,diclofenaco,50mg,5,5,null,suppository,null,diclofenaco|50mg|5,diclofenaco|50mg|5|bio:unknown|brand:unknown|form:suppository,990,store,true,https://www.ecofarmacias.cl/producto/diclofenaco-50mg-x-5-supositorios/
supositorios,ahumada,Diclofenaco 50 mg x 5 Supositorios Adulto PASTEUR,Diclofenaco 50 mg X 5 Supositorios (LCh),null,diclofenaco,50mg,5,5,null,suppository,null,diclofenaco|50mg|5,diclofenaco|50mg|5|bio:unknown|brand:unknown|form:suppository,2204,store,true,https://www.farmaciasahumada.cl/diclofenaco-50-mg-x-5-supositorios-adulto-pasteur-86349.html
supositorios,araucomed,Paracetamol Infantil 125mg x 6 supositorios. (Chile),Paracetamol Infantil 125mg x 6 supositorios. (Chile),Laboratorio Chile,paracetamol,125mg,6,6,infantil,suppository,null,paracetamol|125mg|6,paracetamol|125mg|6|bio:unknown|brand:chile|var:infantil|form:suppository,990,store,true,https://farmacia.araucomed.com/analgesicos-y-antinflamatorios/paracetamol-pediatrico-125mg-x6sup-chile
supositorios,araucomed,Paracetamol Infantil 125mg x 6 supositorios. (SevenPharma),Paracetamol Infantil 125mg x 6 supositorios. (SevenPharma),Seven Pharma,paracetamol,125mg,6,6,infantil,suppository,null,paracetamol|125mg|6,paracetamol|125mg|6|bio:unknown|brand:sevenpharma|var:infantil|form:suppository,990,store,false,https://farmacia.araucomed.com/analgesicos-y-antinflamatorios/paracetamol-infantil-125mg-x-6-supositorios-sevenpharma
supositorios,farmex,Metamizol Sódico 250 mg x 5 supositorios,Metamizol Sódico 250 mg x 5 supositorios,PASTEUR,metamizol,250mg,5,5,null,suppository,null,metamizol|250mg|5,metamizol|250mg|5|bio:unknown|brand:pasteur|form:suppository,1090,store,true,https://farmex.cl/products/metamizol-sodico-250-mg-x-5-supositorios?_pos=7&_psq=supositorios&_psid=ffee9b6d3&_ss=e
supositorios,araucomed,Metamizol Supositorios 250 mg x 5 unidades. (Pasteur),Metamizol Sódico 250 mg x 5 supositorios,PASTEUR,metamizol,250mg,5,5,null,suppository,null,metamizol|250mg|5,metamizol|250mg|5|bio:unknown|brand:pasteur|form:suppository,1200,store,true,https://farmacia.araucomed.com/analgesicos-y-antinflamatorios/metamizol-supositorios-250mg-x5-pasteur
supositorios,dr-simi,"Diclofenaco 12,5 mg 5 supositorios infantiles","Diclofenaco 12,5 mg 5 supositorios infantiles",TEVA,diclofenaco,12.5mg,5,5,null,suppository,null,diclofenaco|12.5mg,diclofenaco|12.5mg|bio:false|brand:teva|form:suppository,1120,store,true,https://www.drsimi.cl/diclofenaco-sodico-12-5-mg-5-supositorios-infantil/p
supositorios,dr-simi,Tietilperazina 6.5 mg supositorios,Tietilperazina 6.5 mg supositorios,DR. SIMI,tietilperazina,6.5mg,null,null,null,suppository,null,tietilperazina|6.5mg,tietilperazina|6.5mg|bio:false|brand:drsimi|form:suppository,1290,store,false,https://www.drsimi.cl/tietilperazina-6-5-mg-6-supositorios/p
supositorios,dr-simi,Diclofenaco 50 mg 5 supositorios,Diclofenaco 50 mg 5 supositorios,PASTEUR,diclofenaco,50mg,5,5,null,suppository,null,diclofenaco|50mg,diclofenaco|50mg|bio:false|brand:pasteur|form:suppository,1400,store,true,https://www.drsimi.cl/diclofenaco-sodico-50-mg-5-supositorios-adulto/p
supositorios,dr-simi,Paracetamol 125 mg 6 supositorios infantiles,Paracetamol 125 mg 6 supositorios infantiles,TEVA,paracetamol,125mg,6,6,null,suppository,null,paracetamol|125mg,paracetamol|125mg|bio:false|brand:teva|form:suppository,1400,store,true,https://www.drsimi.cl/paracetamol-125-mg-6-supositorios-infantil/p
supositorios,araucomed,Diclofenaco Supositorios 50 mg x 5 unidades. (Pasteur),Diclofenaco Supositorios 50 mg x 5 unidades. (Pasteur),Pasteur,diclofenaco,50mg,5,5,null,suppository,null,diclofenaco|50mg|5,diclofenaco|50mg|5|bio:unknown|brand:pasteur|form:suppository,1490,store,true,https://farmacia.araucomed.com/analgesicos-y-antinflamatorios/diclofenaco-supositorios-50-mg-x5-pasteur
supositorios,ahumada,Dipirona 250 mg x 5 Supositorios,Dipirona 250 mg x 5 Supositorios,null,dipirona,250mg,5,5,null,suppository,null,dipirona|250mg|5,dipirona|250mg|5|bio:unknown|brand:unknown|form:suppository,1520,store,true,https://www.farmaciasahumada.cl/dipirona-250-mg-x-5-supositorios-586.html
supositorios,ecofarmacias,Dipirona 250Mg X 5 Supositorios (Lab Pasteur),Dipirona 250 mg x 5 Supositorios,null,dipirona,250mg,5,5,null,suppository,null,dipirona|250mg|5,dipirona|250mg|5|bio:unknown|brand:unknown|form:suppository,1990,store,false,https://www.ecofarmacias.cl/producto/dipirona-250mg-x-5-supositorios/
supositorios,salcobrand,Dipirona Metamizol Sódico 5 Supositorios,Dipirona Metamizol Sódico 5 Supositorios,Dipirona,dipirona,null,5,5,metamizol,suppository,null,dipirona,dipirona|bio:unknown|brand:dipirona|var:metamizol|form:suppository,1583,online,true,https://salcobrand.cl/products/dipirona-metamizol-sodico-5-supositorios?default_sku=2503190
supositorios,cruz-verde,Metamizol 250 mg 5 Supositorios,Metamizol 250 mg 5 Supositorios,null,metamizol,250mg,5,5,null,suppository,null,metamizol|250mg,metamizol|250mg|bio:unknown|brand:unknown|form:suppository,1680,store,true,https://www.cruzverde.cl/metamizol-250-mg-5-supositorios/199232.html
supositorios,ahumada,Diclofenaco 12.5 mg x 5 Supositorios Infantil PASTEUR,Diclofenaco 12.5 mg x 5 Supositorios Infantil PASTEUR,null,diclofenaco,12.5mg,5,5,null,suppository,null,diclofenaco|12.5mg|5,diclofenaco|12.5mg|5|bio:unknown|brand:unknown|form:suppository,1724,cmr,true,https://www.farmaciasahumada.cl/diclofenaco-12.5-mg-x-5-supositorios-infantil-pasteur-86348.html
supositorios,ahumada,Paracetamol Infantil 125 mg x 6 Supositorios,Paracetamol Infantil 125 mg x 6 Supositorios,null,paracetamol,125mg,6,6,infantil,suppository,null,paracetamol|125mg|6,paracetamol|125mg|6|bio:unknown|brand:unknown|var:infantil|form:suppository,1835,store,true,https://www.farmaciasahumada.cl/paracetamol-infantil-125-mg-x-6-supositorios-2796.html
supositorios,salcobrand,Diclofenaco Infantil 12.5mg 5 Supositorios,Diclofenaco Infantil 12.5mg 5 Supositorios,Diclofenaco,diclofenaco,12.5mg,5,5,infantil,suppository,null,diclofenaco|12.5mg,diclofenaco|12.5mg|bio:unknown|brand:diclofenaco|var:infantil|form:suppository,1935,online,true,https://salcobrand.cl/products/diclofenaco-infantil-12-5mg-5-supositorios?default_sku=437142
supositorios,cruz-verde,"Diclofenaco Diclofenaco Sodico 12,5 mg 5 Supositorios","Diclofenaco Diclofenaco Sodico 12,5 mg 5 Supositorios",null,diclofenaco,12.5mg,5,5,null,suppository,null,diclofenaco|12.5mg,diclofenaco|12.5mg|bio:unknown|brand:unknown|form:suppository,1960,store,true,https://www.cruzverde.cl/diclofenaco-diclofenaco-sodico-12-5-mg-5-supositorios/199191.html
supositorios,araucomed,"Glicerina Supositorio adulto 3,5 gramos. x 10 unidades.","Glicerina Supositorio adulto 3,5 gramos. x 10 unidades.",Valma,glicerina,null,10,10,null,suppository,null,glicerina|10,glicerina|10|bio:unknown|brand:valma|form:suppository,1990,store,true,https://farmacia.araucomed.com/laxantes/glicerina-supositorio-adulto-35g-x10sup
supositorios,araucomed,Glicerina Supositorio infantil (1/4) 1 gramo  x 20 unidades.,Glicerina Supositorio infantil (1/4) 1 gramo  x 20 unidades.,Valma,glicerina,null,20,20,infantil,suppository,null,glicerina|20,glicerina|20|bio:unknown|brand:valma|var:infantil|form:suppository,1990,store,true,https://farmacia.araucomed.com/laxantes/glicerina-supositorio-infantil-1-4-1-gramo-x-20-unidades
supositorios,cruz-verde,Paracetamol 125 mg 6 Supositorios,Paracetamol 125 mg 6 Supositorios,null,paracetamol,125mg,6,6,null,suppository,null,paracetamol|125mg,paracetamol|125mg|bio:unknown|brand:unknown|form:suppository,2040,store,true,https://www.cruzverde.cl/paracetamol-125-mg-6-supositorios/199334.html
supositorios,cruz-verde,Diclofenaco Sódico Adulto 50 mg 5 Supositorios,Diclofenaco Sódico Adulto 50 mg 5 Supositorios,null,diclofenaco,50mg,5,5,null,suppository,null,diclofenaco|50mg,diclofenaco|50mg|bio:unknown|brand:unknown|form:suppository,2390,store,true,https://www.cruzverde.cl/diclofenaco-sodico-adulto-50-mg-5-supositorios/199190.html
supositorios,farmex,Supositorio Glicerina Adulto 3 g x 10 supositorios,Supositorio Glicerina Adulto 3 g x 10 supositorios,VALMA,glicerina,3000mg,10,10,null,suppository,null,glicerina|3000mg|10,glicerina|3000mg|10|bio:unknown|brand:valma|form:suppository,2490,store,true,https://farmex.cl/products/supositorio-glicerina-adulto-x-10?_pos=2&_psq=supositorios&_psid=ffee9b6d3&_ss=e
supositorios,easyfarma,Supositorios Infantiles de...,Supositorios Infantiles de...,null,supositorios,null,null,null,infantiles,suppository,null,supositorios,supositorios|bio:unknown|brand:unknown|var:infantiles|form:suppository,2790,store,true,https://nuevo.easyfarma.cl/26774-supositorios-infantiles-de-glicerina-2.html
supositorios,araucomed,SAE Adulto x 6 supositorios. (Cenabast),SAE Adulto x 6 supositorios. (Cenabast),Pasteur,sae,null,6,6,null,suppository,null,sae|6,sae|6|bio:unknown|brand:pasteur|form:suppository,2990,store,true,https://farmacia.araucomed.com/antiespasmodicos/sae-adulto-x6sup-cenabast
supositorios,farmex,Supositorios de Glicerina Infantil 1 g x 20 supositorios,Supositorios de Glicerina Infantil 1 g x 20 supositorios,VALMA,supositorios,1000mg,20,20,glicerina,suppository,null,supositorios|1000mg|20,supositorios|1000mg|20|bio:unknown|brand:valma|var:glicerina|form:suppository,2990,store,true,https://farmex.cl/products/supositorio-glicerina-infantil-1-g-x-20?_pos=1&_psq=supositorios&_psid=ffee9b6d3&_ss=e
supositorios,farmex,"Supositorios de Glicerina 3,5 g Adulto x 10 unidades","Supositorios de Glicerina 3,5 g Adulto x 10 unidades",VALMA,supositorios,3500mg,10,10,glicerina,suppository,null,supositorios|3500mg|10,supositorios|3500mg|10|bio:unknown|brand:valma|var:glicerina|form:suppository,2990,store,true,https://farmex.cl/products/supositorios-de-glicerina-3-5-g-adulto-x-10-unid-valma?_pos=5&_psq=supositorios&_psid=ffee9b6d3&_ss=e
supositorios,easyfarma,Supositorios Adulto de...,Supositorios Adulto de...,null,supositorios,null,null,null,null,suppository,null,supositorios,supositorios|bio:unknown|brand:glicerina|form:suppository,2990,store,true,https://nuevo.easyfarma.cl/26781-supositorios-infantiles-de-glicerina.html
supositorios,salcobrand,Diclofenaco Sódico Infantil 12.5mg 5 Supositorios,Diclofenaco Sódico Infantil 12.5mg 5 Supositorios,Diclofenaco Sódico,diclofenaco,12.5mg,5,5,infantil,suppository,null,diclofenaco|12.5mg,diclofenaco|12.5mg|bio:unknown|brand:diclofenacosodico|var:infantil|form:suppository,3099,store,true,https://salcobrand.cl/products/diclofenaco-sodico-infantil-12-5mg-5-supositorios?default_sku=587347
supositorios,salcobrand,Diclofenaco Adulto 50mg 5 Supositorios,Diclofenaco Adulto 50mg 5 Supositorios,Diclofenaco,diclofenaco,50mg,5,5,null,suppository,null,diclofenaco|50mg,diclofenaco|50mg|bio:unknown|brand:diclofenaco|form:suppository,3343,online,true,https://salcobrand.cl/products/diclofenaco-sodico-50mg-supositorio?default_sku=431421
supositorios,salcobrand,Paracetamol Infantil 6 Supositorios,Paracetamol Infantil 6 Supositorios,Paracetamol,paracetamol,null,6,6,infantil,suppository,null,paracetamol,paracetamol|bio:unknown|brand:unknown|var:infantil|form:suppository,3607,online,true,https://salcobrand.cl/products/paracetamol-infantil-6-supositorios?default_sku=431426
supositorios,dr-simi,Glicerina 1 g 20 supositorios,Glicerina 1 g 20 supositorios,VALMA,glicerina,1000mg,20,20,null,suppository,null,glicerina|1000mg,glicerina|1000mg|bio:false|brand:valma|form:suppository,3720,store,true,https://www.drsimi.cl/glicerina-1-gr-supositorios-infantil/p
supositorios,ahumada,Supositorios De Glicerina 3 g x 10 Supositorios,Supositorios De Glicerina 3 g x 10 Supositorios,null,supositorios,3000mg,10,10,glicerina,suppository,null,supositorios|3000mg|10,supositorios|3000mg|10|bio:unknown|brand:unknown|var:glicerina|form:suppository,3749,cmr,true,https://www.farmaciasahumada.cl/supositorios-de-glicerina-3-g-x-10-supositorios-3156.html
supositorios,ecofarmacias,SAE x 6 supositorios adulto (Lab Pasteur) (Cenabast),SAE x 6 Supositorios Adulto PASTEUR,null,sae,null,6,6,null,suppository,null,sae|6,sae|6|bio:unknown|brand:unknown|form:suppository,3950,store,true,https://www.ecofarmacias.cl/producto/sae-x-6-supositorios/
supositorios,ahumada,SAE x 6 Supositorios Adulto PASTEUR,SAE x 6 Supositorios Adulto PASTEUR,null,sae,null,6,6,null,suppository,null,sae|6,sae|6|bio:unknown|brand:unknown|form:suppository,14677,cmr,true,https://www.farmaciasahumada.cl/sae-x-6-supositorios-adulto-pasteur-2401.html
supositorios,ecofarmacias,Metamizol Sódico (Dipirona) 500mg x 5 Supositorios,Metamizol Sódico (Dipirona) 500mg x 5 Supositorios,null,metamizol,500mg,5,5,null,suppository,null,metamizol|500mg|5,metamizol|500mg|5|bio:unknown|brand:unknown|form:suppository,3990,store,false,https://www.ecofarmacias.cl/producto/metamizol-sodico-dipirona-500mg-x-5-supositorios/
supositorios,ahumada,Supositorios De Glicerina 1 g x 20 Supositorios,Supositorios De Glicerina 1 g x 20 Supositorios,null,supositorios,1000mg,20,20,glicerina,suppository,null,supositorios|1000mg|20,supositorios|1000mg|20|bio:unknown|brand:unknown|var:glicerina|form:suppository,4499,cmr,true,https://www.farmaciasahumada.cl/supositorios-de-glicerina-1-g-x-20-supositorios-3143.html
supositorios,ahumada,Eurogesic Infantil 50 mg x 6 Supositorios,Eurogesic Infantil 50 mg x 6 Supositorios,null,eurogesic,50mg,6,6,infantil,suppository,null,eurogesic|50mg|6,eurogesic|50mg|6|bio:unknown|brand:unknown|var:infantil|form:suppository,4570,store,true,https://www.farmaciasahumada.cl/eurogesic-infantil-50-mg-x-6-supositorios-19200.html
supositorios,cruz-verde,Glicerina 3 gr 10 Supositorios,Glicerina 3 gr 10 Supositorios,null,glicerina,null,10,10,null,suppository,null,glicerina,glicerina|bio:unknown|brand:unknown|form:suppository,5190,store,true,https://www.cruzverde.cl/glicerina-3-gr-10-supositorios/199278.html
supositorios,salcobrand,Eurogesic Infantil Naproxeno Sódico 6 Supositorios,Eurogesic Infantil Naproxeno Sódico 6 Supositorios,Eurogesic Pediatrico,eurogesic,null,6,6,infantil,suppository,null,eurogesic,eurogesic|bio:unknown|brand:eurogesicpediatrico|var:infantil|form:suppository,5543,online,true,https://salcobrand.cl/products/eurogesic-pediatrico-50mg?default_sku=2970428
supositorios,farmex,"Letyn CD x 10 Supositorios ""Ley Cenabast""","Letyn CD x 10 Supositorios ""Ley Cenabast""",ETHON,letyn,null,10,10,cd,suppository,null,letyn|10,letyn|10|bio:unknown|brand:ethon|var:cd|form:suppository,6290,store,true,https://farmex.cl/products/letyn-cd-x-10-supositorios-ley-cenabast?_pos=4&_psq=supositorios&_psid=ffee9b6d3&_ss=e
supositorios,ecofarmacias,Letyn CD 500 mg x 10 Supositorios (Cenabast),Letyn CD 500 mg x 10 Supositorios (Cenabast),null,letyn,500mg,10,10,cd,suppository,null,letyn|500mg|10,letyn|500mg|10|bio:unknown|brand:unknown|var:cd|form:suppository,6300,store,true,https://www.ecofarmacias.cl/producto/letyn-cd-500-mg-x-10-supositorios-cenabast/
supositorios,araucomed,Letyn CD Supositorios 500 mg x 10 unidades (Cenabast).,Letyn CD 500 mg x 10 Supositorios (Cenabast),null,letyn,500mg,10,10,cd,suppository,null,letyn|500mg|10,letyn|500mg|10|bio:unknown|brand:unknown|var:cd|form:suppository,9990,store,true,https://farmacia.araucomed.com/colon/letyn-cd-supositorios-500-mg-x-10-unidades
supositorios,cruz-verde,Eurogesic Pediatrico Naproxeno 50 mg 6 Supositorios,Eurogesic Pediatrico Naproxeno 50 mg 6 Supositorios,null,eurogesic,50mg,6,6,infantil,suppository,null,eurogesic|50mg,eurogesic|50mg|bio:unknown|brand:unknown|var:infantil|form:suppository,6340,store,true,https://www.cruzverde.cl/eurogesic-pediatrico-naproxeno-50-mg-6-supositorios/6280.html
supositorios,easyfarma,Hamamelis x 10 Supositorios,Hamamelis x 10 Supositorios,null,hamamelis,null,10,10,null,suppository,null,hamamelis|10,hamamelis|10|bio:unknown|brand:unknown|form:suppository,6490,store,true,https://nuevo.easyfarma.cl/25756-hamamelis-supositorios-x-10.html
supositorios,ecofarmacias,Hamamelis Supositorios x 10,Hamamelis x 10 Supositorios,null,hamamelis,null,10,10,null,suppository,null,hamamelis|10,hamamelis|10|bio:unknown|brand:unknown|form:suppository,7260,store,true,https://www.ecofarmacias.cl/producto/hamamelis-supositorios-x-10/
supositorios,salcobrand,Supositorio Glicerina Pediátrico 20 Unidades,Supositorio Glicerina Pediátrico 20 Unidades,Supositorio Glicerina Pediatrico,glicerina,null,20,20,infantil,suppository,null,glicerina|20,glicerina|20|bio:unknown|brand:unknown|var:infantil|form:suppository,6863,online,true,https://salcobrand.cl/products/supositorio-glicerina-pediatrico-20-unidades?default_sku=3350004
supositorios,ahumada,Hamamelis 10 Supositorios,Hamamelis 10 Supositorios,null,hamamelis,null,10,10,null,suppository,null,hamamelis,hamamelis|bio:unknown|brand:unknown|form:suppository,7349,store,true,https://www.farmaciasahumada.cl/hamamelis-10-supositorios-96277.html
supositorios,dr-simi,SAE propifenazona 440 mg adifenina 50 mg 6 supositorios,SAE propifenazona 440 mg adifenina 50 mg 6 supositorios,PASTEUR,sae,440mg,6,6,propifenazona,suppository,null,sae|440mg,sae|440mg|bio:false|brand:pasteur|var:propifenazona|form:suppository,7600,store,true,https://www.drsimi.cl/sae-adultos-6-supositorios/p
supositorios,ahumada,Supositorios de Glicerina 3,Supositorios de Glicerina 3,null,supositorios,null,null,null,glicerina,suppository,null,supositorios,supositorios|bio:unknown|brand:unknown|var:glicerina|form:suppository,7612,cmr,true,https://www.farmaciasahumada.cl/supositorios-de-glicerina-3-3195.html
supositorios,easyfarma,SAE Adulto 6 supositorios,SAE Adulto 6 supositorios,null,sae,null,6,6,null,suppository,null,sae,sae|bio:unknown|brand:unknown|form:suppository,7990,store,true,https://nuevo.easyfarma.cl/64862-sae-adulto-6-supositorios.html
supositorios,salcobrand,Supositorio Glicerina Mediano 3g 10 Unidades,Supositorio Glicerina Mediano 3g 10 Unidades,Glicerina,glicerina,3000mg,10,10,mediano,suppository,null,glicerina|3000mg|10,glicerina|3000mg|10|bio:unknown|brand:glicerina|var:mediano|form:suppository,8095,online,true,https://salcobrand.cl/products/supositorio-glicerina-mediano-3g-10-unidades?default_sku=3350000
supositorios,salcobrand,Supositorio Glicerina Adulto 10 Unidades,Supositorio Glicerina Adulto 10 Unidades,Glicerina,glicerina,null,10,10,null,suppository,null,glicerina|10,glicerina|10|bio:unknown|brand:glicerina|form:suppository,8711,online,true,https://salcobrand.cl/products/supositorio-glicerina-adulto-10-unidades?default_sku=3350072
supositorios,cruz-verde,Knop Hamamelis 10 Supositorios,Knop Hamamelis 10 Supositorios,null,knop,null,10,10,hamamelis,suppository,null,knop,knop|bio:unknown|brand:unknown|var:hamamelis|form:suppository,9490,store,true,https://www.cruzverde.cl/knop-hamamelis-10-supositorios/158016.html
supositorios,araucomed,Vatanal x 10 supositorios.,Vatanal x 10 supositorios.,Farmoquimica,vatanal,null,10,10,null,suppository,null,vatanal|10,vatanal|10|bio:unknown|brand:farmoquimica|form:suppository,10990,store,true,https://farmacia.araucomed.com/antihemorroidales/vatanal-x10-supositorios
supositorios,farmex,Vatanal x 10 supositorios,Vatanal x 10 supositorios,Farmoquímica del Pacífico,vatanal,null,10,10,null,suppository,null,vatanal|10,vatanal|10|bio:unknown|brand:unknown|form:suppository,11090,store,true,https://farmex.cl/products/vatanal-10-supositorios?_pos=3&_psq=supositorios&_psid=ffee9b6d3&_ss=e
supositorios,easyfarma,Vatanal x 10 Supositorios,Vatanal x 10 supositorios,Farmoquímica del Pacífico,vatanal,null,10,10,null,suppository,null,vatanal|10,vatanal|10|bio:unknown|brand:unknown|form:suppository,11990,store,true,https://nuevo.easyfarma.cl/25458-vatanal-supositorios-x-10.html
supositorios,ecofarmacias,Vatanal x 10 Supositorios (Farmoquímica del Pacifico),Vatanal x 10 supositorios,Farmoquímica del Pacífico,vatanal,null,10,10,null,suppository,null,vatanal|10,vatanal|10|bio:unknown|brand:unknown|form:suppository,13800,store,true,https://www.ecofarmacias.cl/producto/vatanal-supositorio-x-10/
supositorios,ahumada,Vatanal x 10 Supositorios,Vatanal x 10 supositorios,Farmoquímica del Pacífico,vatanal,null,10,10,null,suppository,null,vatanal|10,vatanal|10|bio:unknown|brand:unknown|form:suppository,19709,cmr,true,https://www.farmaciasahumada.cl/vatanal-x-10-supositorios-5230.html
supositorios,ecofarmacias,Contralmor x 6 supositorios Laboratorio Chile DESCUENTO,Contralmor x 6 Supositorios,null,contralmor,null,6,6,null,suppository,null,contralmor|6,contralmor|6|bio:unknown|brand:unknown|form:suppository,12990,store,false,https://www.ecofarmacias.cl/producto/contralmor-x-6-supositorios-laboratorio-chile-descuento/
supositorios,ahumada,Contralmor x 6 Supositorios,Contralmor x 6 Supositorios,null,contralmor,null,6,6,null,suppository,null,contralmor|6,contralmor|6|bio:unknown|brand:unknown|form:suppository,13732,cmr,true,https://www.farmaciasahumada.cl/contralmor-x-6-supositorios-9836.html
supositorios,easyfarma,Contralmor x 6 supositorios,Contralmor x 6 Supositorios,null,contralmor,null,6,6,null,suppository,null,contralmor|6,contralmor|6|bio:unknown|brand:unknown|form:suppository,14990,store,true,https://nuevo.easyfarma.cl/24613-contralmor-suposit-x-6.html
supositorios,araucomed,Idon Adulto supositorios 60 mg x5,Idon Adulto supositorios 60 mg x5,null,idon,60mg,5,5,null,suppository,null,idon|60mg|5,idon|60mg|5|bio:unknown|brand:unknown|form:suppository,13490,store,false,https://farmacia.araucomed.com/nausea-y-vomitos/idon-adulto-supositorios-60-mg-x5
supositorios,dr-simi,"Vatanal higado bacalao 0,22 g clorocarvacrol 0,0007 g 10 supositorios","Vatanal higado bacalao 0,22 g clorocarvacrol 0,0007 g 10 supositorios",FQP,vatanal,220mg,10,10,higado,suppository,null,vatanal|220mg,vatanal|220mg|bio:false|brand:fqp|var:higado|form:suppository,14000,store,true,https://www.drsimi.cl/vatanal-10-supositorios/p
supositorios,salcobrand,Xaluron Procto 10 Supositorios,Xaluron Procto 10 Supositorios,Xaluron,xaluron,null,10,10,procto,suppository,null,xaluron,xaluron|bio:unknown|brand:xaluron|var:procto|form:suppository,14513,online,true,https://salcobrand.cl/products/supositorios-de-acido-hialuronico?default_sku=3309087
supositorios,araucomed,Mesalazina 1 g. x 10 supositorios. Difem (Cenabast),Mesalazina 1 g. x 10 supositorios. Difem (Cenabast),null,mesalazina,1000mg,10,10,null,suppository,null,mesalazina|1000mg|10,mesalazina|1000mg|10|bio:unknown|brand:unknown|form:suppository,14990,store,false,https://farmacia.araucomed.com/colon/mesalazina-1-g-x-10-supositorios-difem-cenabast
supositorios,ecofarmacias,Mesalazina Supositorios 1g x 10 supositorios (cenabast),Mesalazina 1 g. x 10 supositorios. Difem (Cenabast),null,mesalazina,1000mg,10,10,null,suppository,null,mesalazina|1000mg|10,mesalazina|1000mg|10|bio:unknown|brand:unknown|form:suppository,19990,store,false,https://www.ecofarmacias.cl/producto/mesalazina-supositorios-1g-x-10-supositorios-cenabast/
supositorios,araucomed,Mesalazina 1 g. x 10 supositorios. Opes Healthcare (Cenabast),Mesalazina 1 g. x 10 supositorios. Opes Healthcare (Cenabast),Opes Healthcare,mesalazina,1000mg,10,10,null,suppository,null,mesalazina|1000mg|10,mesalazina|1000mg|10|bio:unknown|brand:opeshealthcare|form:suppository,14990,store,false,https://farmacia.araucomed.com/colon/mesalazina-1-g-x-10-supositorios-opes-healthcare-cenabast
supositorios,salcobrand,Sae Adulto Adifenina / Propifenazona 6 Supositorios,Sae Adulto Adifenina / Propifenazona 6 Supositorios,Sae,sae,null,6,6,null,suppository,propifenazona,sae,sae|bio:unknown|brand:sae|combo:propifenazona|form:suppository,15399,online,true,https://salcobrand.cl/products/sae-ad-6-supositorios?default_sku=2501583
supositorios,salcobrand,Contralmor 6 Supositorios,Contralmor 6 Supositorios,Contralmor,contralmor,null,6,6,null,suppository,null,contralmor,contralmor|bio:unknown|brand:contralmor|form:suppository,15663,online,true,https://salcobrand.cl/products/contralmor?default_sku=434206
supositorios,farmex,Contralmor   6 Supositorios,Contralmor   6 Supositorios,null,contralmor,null,6,6,null,suppository,null,contralmor,contralmor|bio:unknown|brand:unknown|form:suppository,16424,store,true,https://farmex.cl/products/contralmor-6-supositorios-3?_pos=10&_psq=supositorios&_psid=ffee9b6d3&_ss=e
supositorios,araucomed,Contralmor  x 6 supositorios.,Contralmor  x 6 supositorios.,Laboratorio Chile,contralmor,null,6,6,null,suppository,null,contralmor|6,contralmor|6|bio:unknown|brand:chile|form:suppository,16990,store,true,https://farmacia.araucomed.com/antihemorroidales/contralmor-supositorios-x6sup
supositorios,cruz-verde,Contralmor Betametsona 250 mg 6 Supositorios,Contralmor Betametsona 250 mg 6 Supositorios,null,contralmor,250mg,6,6,betametsona,suppository,null,contralmor|250mg,contralmor|250mg|bio:unknown|brand:unknown|var:betametsona|form:suppository,17790,store,true,https://www.cruzverde.cl/contralmor-betametsona-250-mg-6-supositorios/1052.html
supositorios,salcobrand,Vatanal Supositorios 10 Unidades,Vatanal Supositorios 10 Unidades,Vatanal,vatanal,null,10,10,null,suppository,null,vatanal|10,vatanal|10|bio:unknown|brand:vatanal|form:suppository,17849,online,true,https://salcobrand.cl/products/vatanal-x10sup?default_sku=870520
supositorios,cruz-verde,Vatanal Higado Bacalao 20 mg 10 Supositorios,Vatanal Higado Bacalao 20 mg 10 Supositorios,null,vatanal,20mg,10,10,higado,suppository,null,vatanal|20mg,vatanal|20mg|bio:unknown|brand:unknown|var:higado|form:suppository,18517,store,true,https://www.cruzverde.cl/vatanal-higado-bacalao-20-mg-10-supositorios/59200.html
supositorios,cruz-verde,S A E Propifenazona 6 Supositorios Adulto,S A E Propifenazona 6 Supositorios Adulto,null,propifenazona,null,6,6,s,suppository,null,propifenazona,propifenazona|bio:unknown|brand:unknown|var:s|form:suppository,18590,store,true,https://www.cruzverde.cl/s-a-e-propifenazona-6-supositorios-adulto/199436.html
supositorios,salcobrand,Salofalk ODD Mesalazina 1g 10 Supositorios,Salofalk ODD Mesalazina 1g 10 Supositorios,Salofalk Odd,salofalk,1000mg,10,10,odd,suppository,null,salofalk|1000mg,salofalk|1000mg|bio:unknown|brand:salofalkodd|var:odd|form:suppository,55791,online,true,https://salcobrand.cl/products/salofalk-odd-mesalazina-1g-10-supositorios?default_sku=600056
supositorios,araucomed,Mesalazina Supositorios 500mg x60sup Pharmamerica (Cenabast),Mesalazina Supositorios 500mg x60sup Pharmamerica (Cenabast),Pharmamerica,mesalazina,500mg,null,null,null,suppository,null,mesalazina|500mg|60,mesalazina|500mg|60|bio:unknown|brand:pharmamerica|form:suppository,55990,store,false,https://farmacia.araucomed.com/colon/mesalazina-supositorios-500mg-x60sup-pharmamerica-
supositorios,ecofarmacias,Mesalazina Supositorios 500mg x 60 Supositorios (Cenabast),Mesalazina Supositorios 500mg x 60 Supositorios (Cenabast),null,mesalazina,500mg,60,60,null,suppository,null,mesalazina|500mg|60,mesalazina|500mg|60|bio:unknown|brand:unknown|form:suppository,57900,store,false,https://www.ecofarmacias.cl/producto/mesalazina-supositorios-500mg-x-60-supositorios-cenabast/
supositorios,araucomed,Pentasa 1000 mg x 28 supositorios (Cenabast),Pentasa 1000 mg x 28 supositorios (Cenabast),Ferring,pentasa,1000mg,28,28,null,suppository,null,pentasa|1000mg|28,pentasa|1000mg|28|bio:unknown|brand:ferring|form:suppository,87490,store,false,https://farmacia.araucomed.com/colon/pentasa-1000mg-x-28-supositorios-cenabast
supositorios,salcobrand,Mecolzine Mesalazina 500mg 30 Supositorios,Mecolzine Mesalazina 500mg 30 Supositorios,Mecolzine,mecolzine,500mg,30,30,mesalazina,suppository,null,mecolzine|500mg,mecolzine|500mg|bio:unknown|brand:mecolzine|var:mesalazina|form:suppository,100759,online,true,https://salcobrand.cl/products/mecolzine-mesalazina-500mg-30-supositorios?default_sku=572662
supositorios,cruz-verde,Mecolzine Mesalazina 500 mg 30 Supositorios,Mecolzine Mesalazina 500 mg 30 Supositorios,null,mecolzine,500mg,30,30,mesalazina,suppository,null,mecolzine|500mg,mecolzine|500mg|bio:unknown|brand:unknown|var:mesalazina|form:suppository,111090,store,true,https://www.cruzverde.cl/mecolzine-mesalazina-500-mg-30-supositorios/299198.html
supositorios,ahumada,Mecolzine 500 mg x 30 Supositorios,Mecolzine 500 mg x 30 Supositorios,null,mecolzine,500mg,30,30,null,suppository,null,mecolzine|500mg|30,mecolzine|500mg|30|bio:unknown|brand:unknown|form:suppository,112419,store,true,https://www.farmaciasahumada.cl/mecolzine-500-mg-x-30-supositorios-87303.html
supositorios,cruz-verde,Salofalk ODD Mesalazina 1000 mg 10 Supositorios,Salofalk ODD Mesalazina 1000 mg 10 Supositorios,null,salofalk,1000mg,10,10,odd,suppository,null,salofalk|1000mg,salofalk|1000mg|bio:unknown|brand:unknown|var:odd|form:suppository,123590,store,true,https://www.cruzverde.cl/salofalk-odd-mesalazina-1000-mg-10-supositorios/268462.html
supositorios,salcobrand,Salofalk Mesalazina 500mg 30 Supositorios,Salofalk Mesalazina 500mg 30 Supositorios,Salofalk,salofalk,500mg,30,30,mesalazina,suppository,null,salofalk|500mg,salofalk|500mg|bio:unknown|brand:salofalk|var:mesalazina|form:suppository,129183,online,true,https://salcobrand.cl/products/salofalk-mesalazina-500mg-30-supositorios?default_sku=600165
supositorios,cruz-verde,Salofalk  Mesalazina 500 mg 30 Supositorios,Salofalk  Mesalazina 500 mg 30 Supositorios,null,salofalk,500mg,30,30,mesalazina,suppository,null,salofalk|500mg,salofalk|500mg|bio:unknown|brand:unknown|var:mesalazina|form:suppository,144290,store,true,https://www.cruzverde.cl/salofalk-mesalazina-500-mg-30-supositorios/86021.html
supositorios,ahumada,Salofalk 500 mg x 30 Supositorios,Salofalk 500 mg x 30 Supositorios,null,salofalk,500mg,30,30,null,suppository,null,salofalk|500mg|30,salofalk|500mg|30|bio:unknown|brand:unknown|form:suppository,146019,store,true,https://www.farmaciasahumada.cl/salofalk-500-mg-x-30-supositorios-2177.html
supositorios,salcobrand,Pentasa Mesalazina 1g 28 Supositorios,Pentasa Mesalazina 1g 28 Supositorios,Pentasa,pentasa,1000mg,28,28,mesalazina,suppository,null,pentasa|1000mg,pentasa|1000mg|bio:unknown|brand:pentasa|var:mesalazina|form:suppository,155671,online,true,https://salcobrand.cl/products/mesalazina-1000mg-supositorio?default_sku=5302083
supositorios,ahumada,Pentasa 1 g Caja 28 Supositorios,Pentasa 1 g Caja 28 Supositorios,null,pentasa,1000mg,28,28,null,suppository,null,pentasa|1000mg,pentasa|1000mg|bio:unknown|brand:unknown|form:suppository,166799,store,true,https://www.farmaciasahumada.cl/pentasa-1-g-caja-28-supositorios-15116.html
supositorios,cruz-verde,Pentasa 1 gr 28 Supositorios,Pentasa 1 gr 28 Supositorios,null,pentasa,null,28,28,null,suppository,null,pentasa,pentasa|bio:unknown|brand:unknown|form:suppository,176890,store,true,https://www.cruzverde.cl/pentasa-1-gr-28-supositorios/276476.html
supositorios,easyfarma,Diclofenaco infantil...,Diclofenaco infantil...,null,diclofenaco,null,null,null,infantil,null,null,diclofenaco,diclofenaco|bio:unknown|brand:unknown|var:infantil,990,store,true,https://nuevo.easyfarma.cl/24622-diclofenaco-inf-125-mg-suposit-x-5.html
supositorios,easyfarma,Diclofenaco adulto...,Diclofenaco adulto...,null,diclofenaco,null,null,null,null,null,null,diclofenaco,diclofenaco|bio:unknown|brand:unknown,1990,store,true,https://nuevo.easyfarma.cl/24621-diclofenaco-adul-50-mg-suposit-x-5.html
supositorios,easyfarma,Eurogesic Infantil 50 mg x...,Eurogesic Infantil 50 mg x...,null,eurogesic,50mg,null,null,infantil,null,null,eurogesic|50mg,eurogesic|50mg|bio:unknown|brand:unknown|var:infantil,4490,store,true,https://nuevo.easyfarma.cl/25417-eurogesic-infantil-supositorio-x-6.html
supositorios,easyfarma,Mesalazina 1 Gr 10...,Mesalazina 1 Gr 10...,null,mesalazina,null,null,null,null,null,null,mesalazina,mesalazina|bio:unknown|brand:pharma,29990,store,true,https://nuevo.easyfarma.cl/105274-mesalazina-1-gr-10-supositorios-lab-dfm-pharma.html
tapsin sobre,farmex,Tapsin Caliente Noche - Sabor Limón - Sobre de 5 g ( 1 sobre ).,Tapsin Caliente Noche - Sabor Limón - Sobre de 5 g ( 1 sobre ).,null,tapsin,5000mg,1,1,caliente,fluid-oral,null,tapsin|5000mg|n,tapsin|5000mg|n|bio:unknown|brand:unknown|var:caliente|form:fluid-oral,411,store,true,https://farmex.cl/products/tapsin-caliente-noche-sabor-limon-sobre-de-5-g-1-sobre-7?_pos=7&_psq=tapsin+sobre&_psid=54b3cdec4&_ss=e
tapsin sobre,dr-simi,Crevet limonada vitamina C propóleo y zinc 1 sobre 4 g,Crevet limonada vitamina C propóleo y zinc 1 sobre 4 g,PRATER,crevet,4000mg,1,1,limonada,fluid-oral,null,crevet|4000mg,crevet|4000mg|bio:unknown|brand:prater|var:limonada|form:fluid-oral,440,store,true,https://www.drsimi.cl/crevet-limonada-propoleo-vitamina-c-zinc-sobre-4gr/p
tapsin sobre,ecofarmacias,Tapsin Sobre Noche (Maver),Tapsin Sobre Noche (Maver),null,tapsin,null,1,1,null,fluid-oral,null,tapsin|n,tapsin|n|bio:unknown|brand:unknown|form:fluid-oral,590,store,true,https://www.ecofarmacias.cl/producto/tapsin-sobre-noche/
tapsin sobre,ecofarmacias,Tapsin Sobre Dia (Maver),Tapsin Sobre Dia (Maver),null,tapsin,null,1,1,null,fluid-oral,null,tapsin|d,tapsin|d|bio:unknown|brand:unknown|form:fluid-oral,590,store,true,https://www.ecofarmacias.cl/producto/tapsin-sobre-dia/
tapsin sobre,farmex,Tapsin Caliente Noche - Sabor Limón - Sobre de 5 g ( 1 sobre ),Tapsin Caliente Noche - Sabor Limón - Sobre de 5 g ( 1 sobre ),MAVER,tapsin,5000mg,1,1,caliente,fluid-oral,null,tapsin|5000mg|n,tapsin|5000mg|n|bio:unknown|brand:maver|var:caliente|form:fluid-oral,590,store,true,https://farmex.cl/products/tapsin-caliente-noche-sabor-limon-sobre-de-5-g-1-sobre?_pos=1&_psq=tapsin+sobre&_psid=54b3cdec4&_ss=e
tapsin sobre,sermecoop,Tapsin Dia Limonada Sobre (ai),Tapsin Dia Limonada Sobre (ai),null,tapsin,null,1,1,limonada,fluid-oral,null,tapsin|d,tapsin|d|bio:unknown|brand:unknown|var:limonada|form:fluid-oral,600,store,true,https://www.farmaciasermecoop.cl/index.php/online/detalleproducto?p_=12198&d_=1
tapsin sobre,sermecoop,Tapsin Noche Limonada Sobre (ai),Tapsin Noche Limonada Sobre (ai),null,tapsin,null,1,1,limonada,fluid-oral,null,tapsin|n,tapsin|n|bio:unknown|brand:unknown|var:limonada|form:fluid-oral,600,store,true,https://www.farmaciasermecoop.cl/index.php/online/detalleproducto?p_=12199&d_=1
tapsin sobre,ahumada,Tapsin Compuesto Dia 5g 1 Sobre Polvo Para Solución Oral,Tapsin Compuesto Dia 5g 1 Sobre Polvo Para Solución Oral,null,tapsin,5000mg,1,1,compuesto,fluid-oral,null,tapsin|5000mg|d,tapsin|5000mg|d|bio:true|brand:unknown|var:compuesto|form:fluid-oral,712,store,true,https://www.farmaciasahumada.cl/tapsin-compuesto-dia-5g-1-sobre-polvo-para-solucion-oral-9235.html
tapsin sobre,ahumada,Tapsin Compuesto Noche 5g 1 Sobre Polvo Para Solución Oral,Tapsin Compuesto Noche 5g 1 Sobre Polvo Para Solución Oral,null,tapsin,5000mg,1,1,compuesto,fluid-oral,null,tapsin|5000mg|n,tapsin|5000mg|n|bio:true|brand:unknown|var:compuesto|form:fluid-oral,712,store,true,https://www.farmaciasahumada.cl/tapsin-compuesto-noche-5g-1-sobre-polvo-para-solucion-oral-15226.html
tapsin sobre,ahumada,"Tapsin Compuesto Antigripal Caliente Noche Limón, Miel, Jengibre x 1 Sobre Polvo Para Solucion Oral","Tapsin Compuesto Antigripal Caliente Noche Limón, Miel, Jengibre x 1 Sobre Polvo Para Solucion Oral",null,tapsin,null,1,1,compuesto,fluid-oral,null,tapsin|n,tapsin|n|bio:true|brand:unknown|var:compuesto|form:fluid-oral,742,store,true,https://www.farmaciasahumada.cl/tapsin-compuesto-antigripal-caliente-noche-limon--miel--jengibre-x-1-sobre-polvo-para-solucion-oral-88321.html
tapsin sobre,ahumada,"Tapsin Compuesto Antigripal Caliente Día Limón, Miel, Jengibre x 1 Sobre Polvo Para Solucion Oral","Tapsin Compuesto Antigripal Caliente Día Limón, Miel, Jengibre x 1 Sobre Polvo Para Solucion Oral",null,tapsin,null,1,1,compuesto,fluid-oral,null,tapsin|d,tapsin|d|bio:unknown|brand:unknown|var:compuesto|form:fluid-oral,772,cmr,true,https://www.farmaciasahumada.cl/tapsin-compuesto-antigripal-caliente-dia-limon--miel--jengibre-x-1-sobre-polvo-para-solucion-oral-88322.html
tapsin sobre,farmex,Tapsin Caliente Día - Sabor Limón - Sobre de 5 g x ( 1 sobre ),Tapsin Caliente Día - Sabor Limón - Sobre de 5 g x ( 1 sobre ),MAVER,tapsin,5000mg,1,1,caliente,fluid-oral,null,tapsin|5000mg|d,tapsin|5000mg|d|bio:unknown|brand:maver|var:caliente|form:fluid-oral,790,store,true,https://farmex.cl/products/tapsin-caliente-dia-sabor-limon-sobre-de-5-g-1-sobre?_pos=2&_psq=tapsin+sobre&_psid=54b3cdec4&_ss=e
tapsin sobre,salcobrand,Tapsin Instaflu (B) Paracetamol Polvo Noche 1 Sobre,Tapsin Instaflu (B) Paracetamol Polvo Noche 1 Sobre,Tapsin,tapsin,null,1,1,instaflu,fluid-oral,null,tapsin|n,tapsin|n|bio:unknown|brand:tapsin|var:instaflu|form:fluid-oral,791,online,true,https://salcobrand.cl/products/tapsin-instaflu-b-paracetamol-polvo-noche-1-sobre?default_sku=587987
tapsin sobre,farmex,"Tapsin Día Polvo - Sabor Limón, Miel y Jengibre - Sobre de 5 g x (1 sobre)","Tapsin Día Polvo - Sabor Limón, Miel y Jengibre - Sobre de 5 g x (1 sobre)",MAVER,tapsin,5000mg,1,1,sabor,fluid-oral,null,tapsin|5000mg|d,tapsin|5000mg|d|bio:unknown|brand:maver|var:sabor|form:fluid-oral,795,store,true,https://farmex.cl/products/tapsin-dia-polvo-sabor-limon-miel-y-jengibre-sobre-de-5-g-x-1-sobre?_pos=3&_psq=tapsin+sobre&_psid=54b3cdec4&_ss=e
tapsin sobre,dr-simi,Tapsin caliente compuesto día polvo para solución oral 5 g,Tapsin caliente compuesto día polvo para solución oral 5 g,MAVER,tapsin,5000mg,null,null,caliente,fluid-oral,null,tapsin|5000mg|d,tapsin|5000mg|d|bio:false|brand:maver|var:caliente|form:fluid-oral,800,store,true,https://www.drsimi.cl/tapsin-compuesto-antigripal-dia-aroma-limon-miel-jengibre-polvo-para-solucion-oral-en-sobres/p
tapsin sobre,dr-simi,Tapsin caliente compuesto noche polvo para solución oral 5 g,Tapsin caliente compuesto noche polvo para solución oral 5 g,MAVER,tapsin,5000mg,null,null,caliente,fluid-oral,null,tapsin|5000mg|n,tapsin|5000mg|n|bio:false|brand:maver|var:caliente|form:fluid-oral,800,store,true,https://www.drsimi.cl/tapsin-compuesto-antigripal-noche-aroma-limon-miel-jengibre-polvo-para-solucion-oral-en-sobres/p
tapsin sobre,cruz-verde,Tapsin Dia Compuesto Antigripal Paracetamol 400 mg Noscapina 10 mg Cafeina 33 mg Polvo para Soluc.Oral  1 Sobre Sabor Limon / Miel / Jengibre,Tapsin Dia Compuesto Antigripal Paracetamol 400 mg Noscapina 10 mg Cafeina 33 mg Polvo para Soluc.Oral  1 Sobre Sabor Limon / Miel / Jengibre,null,tapsin,400mg,1,1,null,fluid-oral,miel,tapsin|400mg|d,tapsin|400mg|d|bio:unknown|brand:unknown|combo:miel|form:fluid-oral,890,store,true,https://www.cruzverde.cl/tapsin-dia-compuesto-antigripal-paracetamol-400-mg-noscapina-10-mg-cafeina-33-mg-polvo-para-soluc-oral-1-sobre-sabor-limon-miel-jengibre/300607.html
tapsin sobre,salcobrand,Tapsin Instaflu (B) Paracetamol  Polvo Día 1 Sobre,Tapsin Instaflu (B) Paracetamol  Polvo Día 1 Sobre,Tapsin,tapsin,null,1,1,instaflu,fluid-oral,null,tapsin|d,tapsin|d|bio:unknown|brand:tapsin|var:instaflu|form:fluid-oral,899,store,true,https://salcobrand.cl/products/tapsin-instaflu-b-paracetamol-polvo-dia-1-sobre?default_sku=587870
tapsin sobre,cruz-verde,Tapsin Noche Compuesto Antigripal Paracetamol 400 mg Noscapina 10 mg Clorfenamina 4 mg Polvo para Soluc.Oral 1 Sobre Sabor Limon / Miel / Jengibre,Tapsin Noche Compuesto Antigripal Paracetamol 400 mg Noscapina 10 mg Clorfenamina 4 mg Polvo para Soluc.Oral 1 Sobre Sabor Limon / Miel / Jengibre,null,tapsin,400mg,1,1,null,fluid-oral,miel,tapsin|400mg|n,tapsin|400mg|n|bio:unknown|brand:unknown|combo:miel|form:fluid-oral,940,store,true,https://www.cruzverde.cl/tapsin-noche-compuesto-antigripal-paracetamol-400-mg-noscapina-10-mg-clorfenamina-4-mg-polvo-para-soluc-oral-1-sobre-sabor-limon-miel-jengibre/300604.html
tapsin sobre,cruz-verde,Tapsin Plus Noche Paracetamol 650 mg Solución Oral 1 Sobre,Tapsin Plus Noche Paracetamol 650 mg Solución Oral 1 Sobre,null,tapsin,650mg,1,1,plus,fluid-oral,null,tapsin|650mg|n,tapsin|650mg|n|bio:unknown|brand:unknown|var:plus|form:fluid-oral,990,store,true,https://www.cruzverde.cl/tapsin-plus-noche-paracetamol-650-mg-solucion-oral-1-sobre/72203.html
tapsin sobre,cruz-verde,Tapsin Plus Día Paracetamol 650 mg Solución Oral 1 Sobre,Tapsin Plus Día Paracetamol 650 mg Solución Oral 1 Sobre,null,tapsin,650mg,1,1,plus,fluid-oral,null,tapsin|650mg|d,tapsin|650mg|d|bio:unknown|brand:unknown|var:plus|form:fluid-oral,990,store,true,https://www.cruzverde.cl/tapsin-plus-dia-paracetamol-650-mg-solucion-oral-1-sobre/72202.html
tapsin sobre,dr-simi,Tapsin InstaFLU noche 1 sobre polvo para solución oral 5 g,Tapsin InstaFLU noche 1 sobre polvo para solución oral 5 g,MAVER,tapsin,5000mg,1,1,instaflu,fluid-oral,null,tapsin|5000mg|n,tapsin|5000mg|n|bio:false|brand:maver|var:instaflu|form:fluid-oral,1080,store,true,https://www.drsimi.cl/tapsin-instaflu-polvo-noche-ch6157/p
tapsin sobre,dr-simi,Tapsin InstaFLU día paracetamol 500 mg pseudoefedrina 60 mg 1 sobre polvo para solución oral 5 g,Tapsin InstaFLU día paracetamol 500 mg pseudoefedrina 60 mg 1 sobre polvo para solución oral 5 g,MAVER,tapsin,500mg,1,1,instaflu,fluid-oral,null,tapsin|500mg|d,tapsin|500mg|d|bio:false|brand:maver|var:instaflu|form:fluid-oral,1080,store,true,https://www.drsimi.cl/tapsin-instaflu-polvo-dia-ch6155/p
tapsin sobre,araucomed,Tapsin Pediatrico 100mg/ml gotas x 15 ml.,Tapsin Pediatrico 100mg/ml gotas x 15 ml.,Maver,tapsin,100mg,null,null,infantil,fluid-oral,null,tapsin|15ml|15,tapsin|15ml|15|bio:unknown|brand:maver|var:infantil|form:fluid-oral,2600,store,true,https://farmacia.araucomed.com/analgesicos-y-antinflamatorios/tapsin-pediatrico-100mg-ml-gotas-x15ml
tapsin sobre,ahumada,Tapsin Compuesto Noche 5 g 6 Sobres Polvo para Solución Oral,Tapsin Compuesto Noche 5 g 6 Sobres Polvo para Solución Oral,null,tapsin,5000mg,6,6,compuesto,fluid-oral,null,tapsin|5000mg|n|6,tapsin|5000mg|n|6|bio:true|brand:unknown|var:compuesto|form:fluid-oral,3854,cmr,true,https://www.farmaciasahumada.cl/tapsin-compuesto-noche-5-g-6-sobres-polvo-para-solucion-oral-84865.html
tapsin sobre,ahumada,Tapsin Compuesto Dia 5 g x 6 Sobres Polvo Para Solución Oral,Tapsin Compuesto Dia 5 g x 6 Sobres Polvo Para Solución Oral,null,tapsin,5000mg,6,6,compuesto,fluid-oral,null,tapsin|5000mg|d|6,tapsin|5000mg|d|6|bio:true|brand:unknown|var:compuesto|form:fluid-oral,3854,cmr,true,https://www.farmaciasahumada.cl/tapsin-compuesto-dia-5-g-x-6-sobres-polvo-para-solucion-oral-84866.html
tapsin sobre,salcobrand,Tapsín Limonada (B) Paracetamol Día 6 Sobres,Tapsín Limonada (B) Paracetamol Día 6 Sobres,Tapsin ,tapsin,null,6,6,limonada,fluid-oral,null,tapsin|d|6,tapsin|d|6|bio:unknown|brand:tapsin|var:limonada|form:fluid-oral,4399,online,true,https://salcobrand.cl/products/tapsin-limonada-b-paracetamol-dia-6-sobres?default_sku=1990181
tapsin sobre,salcobrand,Tapsín Limonada Noche (B) Paracetamol 6 Sobres,Tapsín Limonada Noche (B) Paracetamol 6 Sobres,Tapsí­n,tapsin,null,6,6,limonada,fluid-oral,null,tapsin|n|6,tapsin|n|6|bio:unknown|brand:tapsin|var:limonada|form:fluid-oral,4399,online,true,https://salcobrand.cl/products/tapsin-limonada-noche-b-paracetamol-6-sobres?default_sku=1993124
tapsin sobre,araucomed,Tapsin Infantil 120mg/5ml jarabe x 100 ml.,Tapsin Infantil 120mg/5ml jarabe x 100 ml.,Maver,tapsin,120mg,null,null,infantil,fluid-oral,null,tapsin|100ml|100,tapsin|100ml|100|bio:unknown|brand:maver|var:infantil|form:fluid-oral,4990,store,true,https://farmacia.araucomed.com/analgesicos-y-antinflamatorios/tapsin-infantil-120mg-5ml-jarabe-x-100-ml
tapsin sobre,farmex,Tapsin Efervecente 1 g x 20 sobres,Tapsin Efervecente 1 g x 20 sobres,MAVER,tapsin,1000mg,20,20,efervecente,fluid-oral,null,tapsin|1000mg|20,tapsin|1000mg|20|bio:unknown|brand:maver|var:efervecente|form:fluid-oral,5190,store,true,https://farmex.cl/products/tapsin-efervecente-1-g-x-20-sobres?_pos=4&_psq=tapsin+sobre&_psid=54b3cdec4&_ss=e
tapsin sobre,salcobrand,Tapsin SC Efervescente (B) Paracetamol 20 Sobres,Tapsin SC Efervescente (B) Paracetamol 20 Sobres,Tapsin,tapsin,null,20,20,sc,fluid-oral,null,tapsin|20,tapsin|20|bio:unknown|brand:tapsin|var:sc|form:fluid-oral,5249,sbpay,true,https://salcobrand.cl/products/tapsin-sc-efervescente-b-paracetamol-20-sobres?default_sku=577402
tapsin sobre,ahumada,Tapsin 1g Efervescente X 20 Sobres,Tapsin 1g Efervescente X 20 Sobres,null,tapsin,1000mg,20,20,null,fluid-oral,null,tapsin|1000mg|20,tapsin|1000mg|20|bio:unknown|brand:unknown|form:fluid-oral,5474,cmr,true,https://www.farmaciasahumada.cl/tapsin-1g-efervescente-x-20-sobres-89070.html
tapsin sobre,cruz-verde,Tapsin SC Paracetamol 1000 mg Polvo para Soluc. Oral Efervescente 1 Sobre Sabor Limon,Tapsin SC Paracetamol 1000 mg Polvo para Soluc. Oral Efervescente 1 Sobre Sabor Limon,null,tapsin,1000mg,1,1,sc,fluid-oral,null,tapsin|1000mg,tapsin|1000mg|bio:unknown|brand:unknown|var:sc|form:fluid-oral,5790,store,true,https://www.cruzverde.cl/tapsin-sc-paracetamol-1000-mg-polvo-para-soluc-oral-efervescente-1-sobre-sabor-limon/387700.html
tapsin sobre,araucomed,Tapsin Polvo efervescente limon 1g x20 sobres,Tapsin Polvo efervescente limon 1g x20 sobres,Maver,tapsin,1000mg,20,20,limon,fluid-oral,null,tapsin|1000mg|20,tapsin|1000mg|20|bio:unknown|brand:maver|var:limon|form:fluid-oral,5990,store,true,https://farmacia.araucomed.com/analgesicos-y-antinflamatorios/tapsin-polvo-efervescente-limon-1g-x20-sobres
tapsin sobre,dr-simi,Tapsin SC paracetamol 1 g 20 sobres polvo para solución oral efervescente,Tapsin SC paracetamol 1 g 20 sobres polvo para solución oral efervescente,MAVER,tapsin,1000mg,20,20,sc,fluid-oral,null,tapsin|1000mg|20,tapsin|1000mg|20|bio:false|brand:maver|var:sc|form:fluid-oral,7880,store,true,https://www.drsimi.cl/tapsin-sc-paracetamol-1-gr-polvo-para-solucion-oral-efervescente/p
tapsin sobre,araucomed,Tapsin Limonada noche x5g,Tapsin Limonada noche x5g,Maver,tapsin,5000mg,null,null,limonada,null,null,tapsin|5000mg|n|5,tapsin|5000mg|n|5|bio:unknown|brand:maver|var:limonada,450,store,false,https://farmacia.araucomed.com/gripe-y-resfrio/tapsin-limonada-noche-x5g
tapsin sobre,araucomed,Tapsin Limonada dia x5g,Tapsin Limonada dia x5g,Maver,tapsin,5000mg,null,null,limonada,null,null,tapsin|5000mg|d|5,tapsin|5000mg|d|5|bio:unknown|brand:maver|var:limonada,500,store,false,https://farmacia.araucomed.com/gripe-y-resfrio/tapsin-limonada-dia-x5g
tapsin sobre,araucomed,Tapsin Plus Caliente Día limonada Antigripal x 5 gramos.,Tapsin Plus Caliente Día limonada Antigripal x 5 gramos.,Maver,tapsin,null,null,null,plus,null,null,tapsin|d|5,tapsin|d|5|bio:unknown|brand:maver|var:plus,550,store,true,https://farmacia.araucomed.com/gripe-y-resfrio/tapsin-plus-limonada-dia-x5g
tapsin sobre,araucomed,Tapsin Plus limonada noche x5g,Tapsin Plus limonada noche x5g,Maver,tapsin,5000mg,null,null,plus,null,null,tapsin|5000mg|n|5,tapsin|5000mg|n|5|bio:unknown|brand:maver|var:plus,550,store,true,https://farmacia.araucomed.com/gripe-y-resfrio/tapsin-plus-limonada-noche-x5g
tapsin sobre,easyfarma,Kitadol 500 mg x 24,Kitadol 500 mg x 24,null,kitadol,500mg,24,24,null,null,null,kitadol|500mg|24,kitadol|500mg|24|bio:unknown|brand:unknown,1390,store,true,https://nuevo.easyfarma.cl/24662-kitadol-500-mg-x-24.html
tapsin sobre,araucomed,Tapsin Rojo Dolor de Cabeza Tira x 6 comprimidos,Tapsin Rojo Dolor de Cabeza Tira x 6 comprimidos,Maver,tapsin,null,6,6,rojo,solid-oral,null,tapsin|6,tapsin|6|bio:unknown|brand:maver|var:rojo|form:solid-oral,500,store,false,https://farmacia.araucomed.com/analgesicos-y-antinflamatorios/tapsin-rojo-dolor-de-cabeza-tira-x-6-comprimidos
tapsin sobre,easyfarma,Paracetamol 500 mg. 16 comp.,Paracetamol 500 mg. 16 comp.,null,paracetamol,500mg,16,16,null,solid-oral,null,paracetamol|500mg|16,paracetamol|500mg|16|bio:unknown|brand:unknown|form:solid-oral,690,store,true,https://nuevo.easyfarma.cl/24713-paracetamol-500-mg-x-16.html
tapsin sobre,araucomed,Tapsin SC puro 500 mg x 16 comprimidos.,Tapsin SC puro 500 mg x 16 comprimidos.,Maver,tapsin,500mg,16,16,sc,solid-oral,null,tapsin|500mg|16,tapsin|500mg|16|bio:unknown|brand:maver|var:sc|form:solid-oral,890,store,true,https://farmacia.araucomed.com/analgesicos-y-antinflamatorios/tapsin-sc-puro-500mg-x16com
tapsin sobre,araucomed,Tapsin SC puro 500 mg x 24 comprimidos.,Tapsin SC puro 500 mg x 24 comprimidos.,Maver,tapsin,500mg,24,24,sc,solid-oral,null,tapsin|500mg|24,tapsin|500mg|24|bio:unknown|brand:maver|var:sc|form:solid-oral,990,store,true,https://farmacia.araucomed.com/analgesicos-y-antinflamatorios/tapsin-sc-puro-500mg-x24com
tapsin sobre,easyfarma,Geniol 500 mg 20 comp.,Geniol 500 mg 20 comp.,null,geniol,500mg,20,20,null,solid-oral,null,geniol|500mg|20,geniol|500mg|20|bio:unknown|brand:unknown|form:solid-oral,990,store,true,https://nuevo.easyfarma.cl/26038-geniol-x-20.html
tapsin sobre,dr-simi,Tapsin paracetamol 500 mg 24 comprimidos,Tapsin paracetamol 500 mg 24 comprimidos,MAVER,tapsin,500mg,24,24,null,solid-oral,null,tapsin|500mg|24,tapsin|500mg|24|bio:true|brand:maver|form:solid-oral,1200,store,true,https://www.drsimi.cl/tapsin-paracetamol-500-mg-24-comprimidos-ch5296/p
tapsin sobre,araucomed,Tapsin Periodo x 12 comprimidos.,Tapsin Periodo x 12 comprimidos.,Maver,tapsin,null,12,12,periodo,solid-oral,null,tapsin|12,tapsin|12|bio:unknown|brand:maver|var:periodo|form:solid-oral,1490,store,true,https://farmacia.araucomed.com/analgesicos-y-antinflamatorios/tapsin-mujer-x12com
tapsin sobre,araucomed,Tapsin Dolor de Cabeza con cafeína x 12 comprimidos,Tapsin Dolor de Cabeza con cafeína x 12 comprimidos,Maver,tapsin,null,12,12,dolor,solid-oral,null,tapsin|12,tapsin|12|bio:unknown|brand:maver|var:dolor|form:solid-oral,1490,store,false,https://farmacia.araucomed.com/analgesicos-y-antinflamatorios/tapsin-rojo-dolor-de-cabeza-x12com
tapsin sobre,araucomed,Tapsin M migraña x 10 comprimidos.,Tapsin M migraña x 10 comprimidos.,Maver,tapsin,null,10,10,m,solid-oral,null,tapsin|10,tapsin|10|bio:unknown|brand:maver|var:m|form:solid-oral,1690,store,true,https://farmacia.araucomed.com/analgesicos-y-antinflamatorios/tapsin-m-migrana-x10com
tapsin sobre,araucomed,Tapsin Niños 160 mg x 16 comprimidos.,Tapsin Niños 160 mg x 16 comprimidos.,Maver,tapsin,160mg,16,16,infantil,solid-oral,null,tapsin|160mg|16,tapsin|160mg|16|bio:unknown|brand:maver|var:infantil|form:solid-oral,1690,store,true,https://farmacia.araucomed.com/analgesicos-y-antinflamatorios/tapsin-ninos-160mg-x16com
tapsin sobre,araucomed,Tapsin DN Instaflu x 18 comprimidos.,Tapsin DN Instaflu x 18 comprimidos.,Maver,tapsin,null,18,18,instaflu,solid-oral,null,tapsin|18,tapsin|18|bio:unknown|brand:maver|var:instaflu|form:solid-oral,1990,store,true,https://farmacia.araucomed.com/gripe-y-resfrio/tapsin-dn-instaflu-126-comprimidos
tapsin sobre,araucomed,Tapsin Forte x 20 comprimidos,Tapsin Forte x 20 comprimidos,Maver,tapsin,null,20,20,forte,solid-oral,null,tapsin|20,tapsin|20|bio:unknown|brand:maver|var:forte|form:solid-oral,1990,store,true,https://farmacia.araucomed.com/analgesicos-y-antinflamatorios/tapsin-forte-x20com
tapsin sobre,araucomed,Tapsin Dia y noche plus x 18 comprimidos.,Tapsin Dia y noche plus x 18 comprimidos.,Maver,tapsin,null,18,18,plus,solid-oral,null,tapsin|n|18,tapsin|n|18|bio:unknown|brand:maver|var:plus|form:solid-oral,1990,store,true,https://farmacia.araucomed.com/gripe-y-resfrio/tapsin-dia-y-noche-plus-18-comprimidos
tapsin sobre,araucomed,Tapsin 1000 SC x 20 comprimidos recubiertos.,Tapsin 1000 SC x 20 comprimidos recubiertos.,Maver,tapsin,null,20,20,sc,solid-oral,null,tapsin|20,tapsin|20|bio:unknown|brand:maver|var:sc|form:solid-oral,2490,store,true,https://farmacia.araucomed.com/bioequivalentes/tapsin-1000sc-x20com
tapsin sobre,dr-simi,Tapsin infantil paracetamol 160 mg 16 comprimidos masticables infantil,Tapsin infantil paracetamol 160 mg 16 comprimidos masticables infantil,MAVER,tapsin,160mg,16,16,infantil,solid-oral,null,tapsin|160mg|16,tapsin|160mg|16|bio:false|brand:maver|var:infantil|form:solid-oral,2600,store,true,https://www.drsimi.cl/tapsin-panadol-paracetamol-160-mg-16-comprimidos-masticables/p
tapsin sobre,araucomed,Tapsin Duo x 12 comprimidos,Tapsin Duo x 12 comprimidos,Maver,tapsin,null,12,12,duo,solid-oral,null,tapsin|12,tapsin|12|bio:unknown|brand:maver|var:duo|form:solid-oral,2990,store,true,https://farmacia.araucomed.com/analgesicos-y-antinflamatorios/tapsin-duo-x-12-comprimidos
tapsin sobre,araucomed,Tapsin Forte x 30 comprimidos,Tapsin Forte x 30 comprimidos,Maver,tapsin,null,30,30,forte,solid-oral,null,tapsin|30,tapsin|30|bio:unknown|brand:maver|var:forte|form:solid-oral,2990,store,true,https://farmacia.araucomed.com/analgesicos-y-antinflamatorios/tapsin-forte-x-30-comprimidos
tapsin sobre,dr-simi,Tapsin Duo paracetamol 300 mg ibuprofeno 200 mg 12 comprimidos recubiertos,Tapsin Duo paracetamol 300 mg ibuprofeno 200 mg 12 comprimidos recubiertos,MAVER,tapsin,300mg,12,12,duo,solid-oral,null,tapsin|300mg|12,tapsin|300mg|12|bio:false|brand:maver|var:duo|form:solid-oral,3600,store,true,https://www.drsimi.cl/tapsin-duo-paracetamol-ibuprofeno-300-mg-200-mg-12-comprimidos-recubiertos-ch6158/p
tapsin sobre,dr-simi,Tapsin instaFLU DN 18 comprimidos,Tapsin instaFLU DN 18 comprimidos,MAVER,tapsin,null,18,18,instaflu,solid-oral,null,tapsin|18,tapsin|18|bio:false|brand:maver|var:instaflu|form:solid-oral,4400,store,true,https://www.drsimi.cl/tapsininstaflu-dn-12-6-comprimidos/p
tapsin sobre,dr-simi,Tapsin compuesto DN plus 18 comprimidos recubiertos,Tapsin compuesto DN plus 18 comprimidos recubiertos,MAVER,tapsin,null,18,18,compuesto,solid-oral,null,tapsin|18,tapsin|18|bio:false|brand:maver|var:compuesto|form:solid-oral,4400,store,true,https://www.drsimi.cl/paracet-nosc-cafe-ascor-dia-clorf-noche-ch6100-1/p
tapsin,ecofarmacias,Tapsin X 6 comprimidos Noche (Maver),Tapsin X 6 comprimidos Noche (Maver),null,tapsin,null,6,6,null,solid-oral,null,tapsin|n|6,tapsin|n|6|bio:unknown|brand:unknown|form:solid-oral,460,store,true,https://www.ecofarmacias.cl/producto/tapsin-x-6-noche/
tapsin,ecofarmacias,Tapsin X 6 Comprimidos (Maver),Tapsin X 6 Comprimidos (Maver),null,tapsin,null,6,6,null,solid-oral,null,tapsin|6,tapsin|6|bio:unknown|brand:unknown|form:solid-oral,460,store,true,https://www.ecofarmacias.cl/producto/tapsin-x-6-analgesico/
tapsin,ecofarmacias,Tapsin Forte X 6 comprimidos recubiertos,Tapsin Forte X 6 comprimidos recubiertos,null,tapsin,null,6,6,forte,solid-oral,null,tapsin|6,tapsin|6|bio:unknown|brand:unknown|var:forte|form:solid-oral,480,store,false,https://www.ecofarmacias.cl/producto/tapsin-forte-x-6-comprimidos-recubiertos/
tapsin,araucomed,Tapsin Rojo Dolor de Cabeza Tira x 6 comprimidos,Tapsin Rojo Dolor de Cabeza Tira x 6 comprimidos,Maver,tapsin,null,6,6,rojo,solid-oral,null,tapsin|6,tapsin|6|bio:unknown|brand:maver|var:rojo|form:solid-oral,500,store,false,https://farmacia.araucomed.com/analgesicos-y-antinflamatorios/tapsin-rojo-dolor-de-cabeza-tira-x-6-comprimidos
tapsin,araucomed,Tapsin Periodo x30com.,Tapsin Periodo x30com.,Maver,tapsin,null,30,30,periodo,solid-oral,null,tapsin|30,tapsin|30|bio:unknown|brand:maver|var:periodo|form:solid-oral,500,store,false,https://farmacia.araucomed.com/analgesicos-y-antinflamatorios/tapsin-periodo-x30com
tapsin,araucomed,Tapsin Plus Caliente Día limonada Antigripal x 5 gramos.,Tapsin Plus Caliente Día limonada Antigripal x 5 gramos.,Maver,tapsin,null,null,null,plus,null,null,tapsin|d|5,tapsin|d|5|bio:unknown|brand:maver|var:plus,550,store,true,https://farmacia.araucomed.com/gripe-y-resfrio/tapsin-plus-limonada-dia-x5g
tapsin,araucomed,Tapsin Plus limonada noche x5g,Tapsin Plus limonada noche x5g,Maver,tapsin,5000mg,null,null,plus,null,null,tapsin|5000mg|n|5,tapsin|5000mg|n|5|bio:unknown|brand:maver|var:plus,550,store,true,https://farmacia.araucomed.com/gripe-y-resfrio/tapsin-plus-limonada-noche-x5g
tapsin,cruz-verde,Tapsin Analgésico Paracetamol 400 mg 6 Comprimidos,Tapsin Analgésico Paracetamol 400 mg 6 Comprimidos,null,tapsin,400mg,6,6,analgesico,solid-oral,null,tapsin|400mg|6,tapsin|400mg|6|bio:unknown|brand:unknown|var:analgesico|form:solid-oral,590,store,true,https://www.cruzverde.cl/tapsin-analgesico-paracetamol-400-mg-6-comprimidos/72119.html
tapsin,ecofarmacias,Tapsin Sobre Noche (Maver),Tapsin Sobre Noche (Maver),null,tapsin,null,1,1,null,fluid-oral,null,tapsin|n,tapsin|n|bio:unknown|brand:unknown|form:fluid-oral,590,store,true,https://www.ecofarmacias.cl/producto/tapsin-sobre-noche/
tapsin,ecofarmacias,Tapsin Sobre Dia (Maver),Tapsin Sobre Dia (Maver),null,tapsin,null,1,1,null,fluid-oral,null,tapsin|d,tapsin|d|bio:unknown|brand:unknown|form:fluid-oral,590,store,true,https://www.ecofarmacias.cl/producto/tapsin-sobre-dia/
tapsin,farmex,Tapsin Caliente Noche - Sabor Limón - Sobre de 5 g ( 1 sobre ),Tapsin Caliente Noche - Sabor Limón - Sobre de 5 g ( 1 sobre ),MAVER,tapsin,5000mg,1,1,caliente,fluid-oral,null,tapsin|5000mg|n,tapsin|5000mg|n|bio:unknown|brand:maver|var:caliente|form:fluid-oral,590,store,true,https://farmex.cl/products/tapsin-caliente-noche-sabor-limon-sobre-de-5-g-1-sobre?_pos=5&_psq=tapsin&_psid=bbdc7d020&_ss=e
tapsin,sermecoop,Tapsin Dia Limonada Sobre (ai),Tapsin Dia Limonada Sobre (ai),null,tapsin,null,1,1,limonada,fluid-oral,null,tapsin|d,tapsin|d|bio:unknown|brand:unknown|var:limonada|form:fluid-oral,600,store,true,https://www.farmaciasermecoop.cl/index.php/online/detalleproducto?p_=12198&d_=1
tapsin,sermecoop,Tapsin Noche Limonada Sobre (ai),Tapsin Noche Limonada Sobre (ai),null,tapsin,null,1,1,limonada,fluid-oral,null,tapsin|n,tapsin|n|bio:unknown|brand:unknown|var:limonada|form:fluid-oral,600,store,true,https://www.farmaciasermecoop.cl/index.php/online/detalleproducto?p_=12199&d_=1
tapsin,cruz-verde,Tapsin Nocturno Paracetamol 500 mg 600 Comprimidos,Tapsin Nocturno Paracetamol 500 mg 600 Comprimidos,null,tapsin,500mg,600,600,nocturno,solid-oral,null,tapsin|500mg|600,tapsin|500mg|600|bio:unknown|brand:unknown|var:nocturno|form:solid-oral,690,store,true,https://www.cruzverde.cl/tapsin-nocturno-paracetamol-500-mg-600-comprimidos/72198.html
tapsin,easyfarma,Paracetamol 500 mg. 16 comp.,Paracetamol 500 mg. 16 comp.,null,paracetamol,500mg,16,16,null,solid-oral,null,paracetamol|500mg|16,paracetamol|500mg|16|bio:unknown|brand:unknown|form:solid-oral,690,store,true,https://nuevo.easyfarma.cl/24713-paracetamol-500-mg-x-16.html
tapsin,ahumada,Tapsin Compuesto Dia 5g 1 Sobre Polvo Para Solución Oral,Tapsin Compuesto Dia 5g 1 Sobre Polvo Para Solución Oral,null,tapsin,5000mg,1,1,compuesto,fluid-oral,null,tapsin|5000mg|d,tapsin|5000mg|d|bio:true|brand:unknown|var:compuesto|form:fluid-oral,712,store,true,https://www.farmaciasahumada.cl/tapsin-compuesto-dia-5g-1-sobre-polvo-para-solucion-oral-9235.html
tapsin,ahumada,Tapsin Compuesto Noche 5g 1 Sobre Polvo Para Solución Oral,Tapsin Compuesto Noche 5g 1 Sobre Polvo Para Solución Oral,null,tapsin,5000mg,1,1,compuesto,fluid-oral,null,tapsin|5000mg|n,tapsin|5000mg|n|bio:true|brand:unknown|var:compuesto|form:fluid-oral,712,store,true,https://www.farmaciasahumada.cl/tapsin-compuesto-noche-5g-1-sobre-polvo-para-solucion-oral-15226.html
tapsin,ahumada,"Tapsin Compuesto Antigripal Caliente Noche Limón, Miel, Jengibre x 1 Sobre Polvo Para Solucion Oral","Tapsin Compuesto Antigripal Caliente Noche Limón, Miel, Jengibre x 1 Sobre Polvo Para Solucion Oral",null,tapsin,null,1,1,compuesto,fluid-oral,null,tapsin|n,tapsin|n|bio:true|brand:unknown|var:compuesto|form:fluid-oral,742,store,true,https://www.farmaciasahumada.cl/tapsin-compuesto-antigripal-caliente-noche-limon--miel--jengibre-x-1-sobre-polvo-para-solucion-oral-88321.html
tapsin,ahumada,Tapsin Instaflu Polvo Dia 5 g,Tapsin Instaflu Polvo Dia 5 g,null,tapsin,5000mg,null,null,instaflu,fluid-oral,null,tapsin|5000mg|d,tapsin|5000mg|d|bio:unknown|brand:unknown|var:instaflu|form:fluid-oral,749,store,true,https://www.farmaciasahumada.cl/tapsin-instaflu-polvo-dia-5-g-93351.html
tapsin,ahumada,Tapsin Instaflu Polvo Noche 5 g,Tapsin Instaflu Polvo Noche 5 g,null,tapsin,5000mg,null,null,instaflu,fluid-oral,null,tapsin|5000mg|n,tapsin|5000mg|n|bio:unknown|brand:unknown|var:instaflu|form:fluid-oral,749,store,true,https://www.farmaciasahumada.cl/tapsin-instaflu-polvo-noche-5-g-93342.html
tapsin,ahumada,"Tapsin Compuesto Antigripal Caliente Día Limón, Miel, Jengibre x 1 Sobre Polvo Para Solucion Oral","Tapsin Compuesto Antigripal Caliente Día Limón, Miel, Jengibre x 1 Sobre Polvo Para Solucion Oral",null,tapsin,null,1,1,compuesto,fluid-oral,null,tapsin|d,tapsin|d|bio:unknown|brand:unknown|var:compuesto|form:fluid-oral,772,cmr,true,https://www.farmaciasahumada.cl/tapsin-compuesto-antigripal-caliente-dia-limon--miel--jengibre-x-1-sobre-polvo-para-solucion-oral-88322.html
tapsin,farmex,Tapsin Insta Flu Polvo Noche,Tapsin Insta Flu Polvo Noche,MAVER,tapsin,null,null,null,insta,fluid-oral,null,tapsin|n,tapsin|n|bio:unknown|brand:maver|var:insta|form:fluid-oral,790,store,true,https://farmex.cl/products/tapsin-insta-flu-polvo-noche?_pos=1&_psq=tapsin&_psid=bbdc7d020&_ss=e
tapsin,farmex,Tapsin Caliente Día - Sabor Limón - Sobre de 5 g x ( 1 sobre ),Tapsin Caliente Día - Sabor Limón - Sobre de 5 g x ( 1 sobre ),MAVER,tapsin,5000mg,1,1,caliente,fluid-oral,null,tapsin|5000mg|d,tapsin|5000mg|d|bio:unknown|brand:maver|var:caliente|form:fluid-oral,790,store,true,https://farmex.cl/products/tapsin-caliente-dia-sabor-limon-sobre-de-5-g-1-sobre?_pos=7&_psq=tapsin&_psid=bbdc7d020&_ss=e
tapsin,salcobrand,Tapsin Limonada (B) Paracetamol Día 5g,Tapsin Limonada (B) Paracetamol Día 5g,Tapsin,tapsin,5000mg,null,null,limonada,null,null,tapsin|5000mg|d,tapsin|5000mg|d|bio:unknown|brand:tapsin|var:limonada,791,online,true,https://salcobrand.cl/products/tapsin-limonada-b-paracetamol-dia-5g?default_sku=1991100
tapsin,salcobrand,Tapsín Limonada Noche (B) Paracetamol 5g,Tapsín Limonada Noche (B) Paracetamol 5g,Tapsin,tapsin,5000mg,null,null,limonada,null,null,tapsin|5000mg|n,tapsin|5000mg|n|bio:unknown|brand:tapsin|var:limonada,791,online,true,https://salcobrand.cl/products/tapsin-limonada-noche-b-paracetamol-5g?default_sku=1999956
tapsin,salcobrand,Tapsin Instaflu (B) Paracetamol Polvo Noche 1 Sobre,Tapsin Instaflu (B) Paracetamol Polvo Noche 1 Sobre,Tapsin,tapsin,null,1,1,instaflu,fluid-oral,null,tapsin|n,tapsin|n|bio:unknown|brand:tapsin|var:instaflu|form:fluid-oral,791,online,true,https://salcobrand.cl/products/tapsin-instaflu-b-paracetamol-polvo-noche-1-sobre?default_sku=587987
tapsin,dr-simi,Tapsin caliente compuesto día polvo para solución oral 5 g,Tapsin caliente compuesto día polvo para solución oral 5 g,MAVER,tapsin,5000mg,null,null,caliente,fluid-oral,null,tapsin|5000mg|d,tapsin|5000mg|d|bio:false|brand:maver|var:caliente|form:fluid-oral,800,store,true,https://www.drsimi.cl/tapsin-compuesto-antigripal-dia-aroma-limon-miel-jengibre-polvo-para-solucion-oral-en-sobres/p
tapsin,dr-simi,Tapsin caliente compuesto noche polvo para solución oral 5 g,Tapsin caliente compuesto noche polvo para solución oral 5 g,MAVER,tapsin,5000mg,null,null,caliente,fluid-oral,null,tapsin|5000mg|n,tapsin|5000mg|n|bio:false|brand:maver|var:caliente|form:fluid-oral,800,store,true,https://www.drsimi.cl/tapsin-compuesto-antigripal-noche-aroma-limon-miel-jengibre-polvo-para-solucion-oral-en-sobres/p
tapsin,cruz-verde,Tapsin Dia Compuesto Antigripal Paracetamol 400 mg Noscapina 10 mg Cafeina 33 mg Polvo para Soluc.Oral  1 Sobre Sabor Limon / Miel / Jengibre,Tapsin Dia Compuesto Antigripal Paracetamol 400 mg Noscapina 10 mg Cafeina 33 mg Polvo para Soluc.Oral  1 Sobre Sabor Limon / Miel / Jengibre,null,tapsin,400mg,1,1,null,fluid-oral,miel,tapsin|400mg|d,tapsin|400mg|d|bio:unknown|brand:unknown|combo:miel|form:fluid-oral,890,store,true,https://www.cruzverde.cl/tapsin-dia-compuesto-antigripal-paracetamol-400-mg-noscapina-10-mg-cafeina-33-mg-polvo-para-soluc-oral-1-sobre-sabor-limon-miel-jengibre/300607.html
tapsin,araucomed,Tapsin SC puro 500 mg x 16 comprimidos.,Tapsin SC puro 500 mg x 16 comprimidos.,Maver,tapsin,500mg,16,16,sc,solid-oral,null,tapsin|500mg|16,tapsin|500mg|16|bio:unknown|brand:maver|var:sc|form:solid-oral,890,store,true,https://farmacia.araucomed.com/analgesicos-y-antinflamatorios/tapsin-sc-puro-500mg-x16com
tapsin,salcobrand,Tapsin Instaflu (B) Paracetamol  Polvo Día 1 Sobre,Tapsin Instaflu (B) Paracetamol  Polvo Día 1 Sobre,Tapsin,tapsin,null,1,1,instaflu,fluid-oral,null,tapsin|d,tapsin|d|bio:unknown|brand:tapsin|var:instaflu|form:fluid-oral,899,store,true,https://salcobrand.cl/products/tapsin-instaflu-b-paracetamol-polvo-dia-1-sobre?default_sku=587870
tapsin,cruz-verde,Tapsin Noche Compuesto Antigripal Paracetamol 400 mg Noscapina 10 mg Clorfenamina 4 mg Polvo para Soluc.Oral 1 Sobre Sabor Limon / Miel / Jengibre,Tapsin Noche Compuesto Antigripal Paracetamol 400 mg Noscapina 10 mg Clorfenamina 4 mg Polvo para Soluc.Oral 1 Sobre Sabor Limon / Miel / Jengibre,null,tapsin,400mg,1,1,null,fluid-oral,miel,tapsin|400mg|n,tapsin|400mg|n|bio:unknown|brand:unknown|combo:miel|form:fluid-oral,940,store,true,https://www.cruzverde.cl/tapsin-noche-compuesto-antigripal-paracetamol-400-mg-noscapina-10-mg-clorfenamina-4-mg-polvo-para-soluc-oral-1-sobre-sabor-limon-miel-jengibre/300604.html
tapsin,cruz-verde,Tapsin Plus Noche Paracetamol 650 mg Solución Oral 1 Sobre,Tapsin Plus Noche Paracetamol 650 mg Solución Oral 1 Sobre,null,tapsin,650mg,1,1,plus,fluid-oral,null,tapsin|650mg|n,tapsin|650mg|n|bio:unknown|brand:unknown|var:plus|form:fluid-oral,990,store,true,https://www.cruzverde.cl/tapsin-plus-noche-paracetamol-650-mg-solucion-oral-1-sobre/72203.html
tapsin,cruz-verde,Tapsin Plus Día Paracetamol 650 mg Solución Oral 1 Sobre,Tapsin Plus Día Paracetamol 650 mg Solución Oral 1 Sobre,null,tapsin,650mg,1,1,plus,fluid-oral,null,tapsin|650mg|d,tapsin|650mg|d|bio:unknown|brand:unknown|var:plus|form:fluid-oral,990,store,true,https://www.cruzverde.cl/tapsin-plus-dia-paracetamol-650-mg-solucion-oral-1-sobre/72202.html
tapsin,araucomed,Tapsin SC puro 500 mg x 24 comprimidos.,Tapsin SC puro 500 mg x 24 comprimidos.,Maver,tapsin,500mg,24,24,sc,solid-oral,null,tapsin|500mg|24,tapsin|500mg|24|bio:unknown|brand:maver|var:sc|form:solid-oral,990,store,true,https://farmacia.araucomed.com/analgesicos-y-antinflamatorios/tapsin-sc-puro-500mg-x24com
tapsin,araucomed,Tapsin Infantil 80mg x16com,Tapsin Infantil 80mg x16com,Maver,tapsin,80mg,16,16,infantil,solid-oral,null,tapsin|80mg|16,tapsin|80mg|16|bio:unknown|brand:maver|var:infantil|form:solid-oral,990,store,false,https://farmacia.araucomed.com/analgesicos-y-antinflamatorios/tapsin-infantil-80mg-x16com
tapsin,ecofarmacias,Tapsin M Migraña por10 comprimidos (Maver) DESCUENTO c.arrugada,Tapsin M Migraña por10 comprimidos (Maver) DESCUENTO c.arrugada,null,tapsin,null,10,10,m,solid-oral,null,tapsin,tapsin|bio:unknown|brand:unknown|var:m|form:solid-oral,1000,store,false,https://www.ecofarmacias.cl/producto/tapsin-m-migrana-por10-comprimidos-maver-descuento-c-arrugada/
tapsin,cruz-verde,Tapsin Insta Flu Polvo Día,Tapsin Insta Flu Polvo Día,null,tapsin,null,null,null,insta,fluid-oral,null,tapsin|d,tapsin|d|bio:unknown|brand:unknown|var:insta|form:fluid-oral,1040,store,false,https://www.cruzverde.cl/tapsin-insta-flu-polvo-dia/573946.html
tapsin,cruz-verde,Tapsin Insta Flu  Polvo Noche,Tapsin Insta Flu  Polvo Noche,null,tapsin,null,null,null,insta,fluid-oral,null,tapsin|n,tapsin|n|bio:unknown|brand:unknown|var:insta|form:fluid-oral,1040,store,false,https://www.cruzverde.cl/tapsin-insta-flu-polvo-noche/573947.html
tapsin,dr-simi,Tapsin InstaFLU noche 1 sobre polvo para solución oral 5 g,Tapsin InstaFLU noche 1 sobre polvo para solución oral 5 g,MAVER,tapsin,5000mg,1,1,instaflu,fluid-oral,null,tapsin|5000mg|n,tapsin|5000mg|n|bio:false|brand:maver|var:instaflu|form:fluid-oral,1080,store,true,https://www.drsimi.cl/tapsin-instaflu-polvo-noche-ch6157/p
tapsin,dr-simi,Tapsin InstaFLU día paracetamol 500 mg pseudoefedrina 60 mg 1 sobre polvo para solución oral 5 g,Tapsin InstaFLU día paracetamol 500 mg pseudoefedrina 60 mg 1 sobre polvo para solución oral 5 g,MAVER,tapsin,500mg,1,1,instaflu,fluid-oral,null,tapsin|500mg|d,tapsin|500mg|d|bio:false|brand:maver|var:instaflu|form:fluid-oral,1080,store,true,https://www.drsimi.cl/tapsin-instaflu-polvo-dia-ch6155/p
tapsin,easyfarma,Paracetamol inf. suposit. x 6,Paracetamol inf. suposit. x 6,null,paracetamol,null,6,6,infantil,suppository,null,paracetamol|6,paracetamol|6|bio:unknown|brand:unknown|var:infantil|form:suppository,1190,store,true,https://nuevo.easyfarma.cl/24714-paracetamol-inf-suposit-x-6.html
tapsin,dr-simi,Tapsin paracetamol 500 mg 24 comprimidos,Tapsin paracetamol 500 mg 24 comprimidos,MAVER,tapsin,500mg,24,24,null,solid-oral,null,tapsin|500mg|24,tapsin|500mg|24|bio:true|brand:maver|form:solid-oral,1200,store,true,https://www.drsimi.cl/tapsin-paracetamol-500-mg-24-comprimidos-ch5296/p
tapsin,cruz-verde,Tapsin Puro Sin Cafeina Paracetamol 500 mg 16 Comprimidos,Tapsin Puro Sin Cafeina Paracetamol 500 mg 16 Comprimidos,null,tapsin,500mg,16,16,puro,solid-oral,null,tapsin|500mg|16,tapsin|500mg|16|bio:unknown|brand:unknown|var:puro|form:solid-oral,1290,store,true,https://www.cruzverde.cl/tapsin-puro-sin-cafeina-paracetamol-500-mg-16-comprimidos/266050.html
tapsin,ecofarmacias,Tapsin Puro Sin Cafeina Paracetamol 500 mg x 16 Comprimidos,Tapsin Puro Sin Cafeina Paracetamol 500 mg x 16 Comprimidos,null,tapsin,500mg,16,16,puro,solid-oral,null,tapsin|500mg|16,tapsin|500mg|16|bio:true|brand:unknown|var:puro|form:solid-oral,1290,store,false,https://www.ecofarmacias.cl/producto/tapsin-puro-sin-cafeina-paracetamol-500-mg-x-16-comprimidos/
tapsin,ecofarmacias,Tapsin X 12 comprimidos (Maver),Tapsin X 12 comprimidos (Maver),null,tapsin,null,12,12,null,solid-oral,null,tapsin|12,tapsin|12|bio:unknown|brand:unknown|form:solid-oral,1290,store,false,https://www.ecofarmacias.cl/producto/tapsin-x-12-analgesico/
tapsin,easyfarma,Paracetamol Infantil Gotas...,Paracetamol Infantil Gotas...,null,paracetamol,null,null,null,infantil,fluid-oral,null,paracetamol,paracetamol|bio:unknown|brand:unknown|var:infantil|form:fluid-oral,1390,store,true,https://nuevo.easyfarma.cl/26770-paracetamol-infantil-gotas.html
tapsin,araucomed,Tapsin Periodo x 12 comprimidos.,Tapsin Periodo x 12 comprimidos,MAVER,tapsin,null,12,12,periodo,solid-oral,null,tapsin|12,tapsin|12|bio:unknown|brand:maver|var:periodo|form:solid-oral,1490,store,true,https://farmacia.araucomed.com/analgesicos-y-antinflamatorios/tapsin-mujer-x12com
tapsin,farmex,Tapsin Periodo x 12 comprimidos,Tapsin Periodo x 12 comprimidos,MAVER,tapsin,null,12,12,periodo,solid-oral,null,tapsin|12,tapsin|12|bio:unknown|brand:maver|var:periodo|form:solid-oral,1890,store,true,https://farmex.cl/products/tapsin-periodo-x-12-comprimidos?_pos=9&_psq=tapsin&_psid=bbdc7d020&_ss=e
tapsin,araucomed,Tapsin Dolor de Cabeza con cafeína x 12 comprimidos,Tapsin Dolor de Cabeza con cafeína x 12 comprimidos,Maver,tapsin,null,12,12,dolor,solid-oral,null,tapsin|12,tapsin|12|bio:unknown|brand:maver|var:dolor|form:solid-oral,1490,store,false,https://farmacia.araucomed.com/analgesicos-y-antinflamatorios/tapsin-rojo-dolor-de-cabeza-x12com
tapsin,easyfarma,Paracetamol Gotas 100 mg/mL...,Paracetamol Gotas 100 mg/mL...,null,paracetamol,100mg,null,null,null,fluid-oral,null,paracetamol|100mg,paracetamol|100mg|bio:unknown|brand:unknown|form:fluid-oral,1490,store,true,https://nuevo.easyfarma.cl/104817-paracetamol-gotas-100-mg-ml-15-ml.html
tapsin,easyfarma,Paracetamol Infantil 100...,Paracetamol Infantil 100...,null,paracetamol,null,null,null,infantil,null,null,paracetamol,paracetamol|bio:unknown|brand:unknown|var:infantil,1490,store,true,https://nuevo.easyfarma.cl/103813-paracetamol-infantil-100-mg-ml-15-ml-lab-chile.html
tapsin,araucomed,Tapsin Niños 160 mg x 16 comprimidos.,Tapsin Niños 160 mg x 16 comprimidos.,Maver,tapsin,160mg,16,16,infantil,solid-oral,null,tapsin|160mg|16,tapsin|160mg|16|bio:unknown|brand:maver|var:infantil|form:solid-oral,1690,store,true,https://farmacia.araucomed.com/analgesicos-y-antinflamatorios/tapsin-ninos-160mg-x16com
tapsin,araucomed,Tapsin M migraña x 10 comprimidos.,Tapsin M migraña x 10 comprimidos.,Maver,tapsin,null,10,10,m,solid-oral,null,tapsin|10,tapsin|10|bio:unknown|brand:maver|var:m|form:solid-oral,1690,store,true,https://farmacia.araucomed.com/analgesicos-y-antinflamatorios/tapsin-m-migrana-x10com
tapsin,ecofarmacias,Tapsin Nocturno X 12 cápsulas,Tapsin Nocturno X 12 cápsulas,null,tapsin,null,12,12,nocturno,solid-oral,null,tapsin|12,tapsin|12|bio:unknown|brand:unknown|var:nocturno|form:solid-oral,1780,store,false,https://www.ecofarmacias.cl/producto/tapsin-nocturno-x-12-capsulas/
tapsin,ecofarmacias,Tapsin Mujer x12 comprimidos (Maver),Tapsin Mujer x12 comprimidos (Maver),null,tapsin,null,12,12,mujer,solid-oral,null,tapsin|12,tapsin|12|bio:unknown|brand:unknown|var:mujer|form:solid-oral,1870,store,true,https://www.ecofarmacias.cl/producto/tapsin-mujer/
tapsin,ecofarmacias,Tapsin M Migraña por 10 comprimidos (Maver),Tapsin M x 10 Comprimidos Recubiertos,null,tapsin,null,10,10,m,solid-oral,null,tapsin|10,tapsin|10|bio:unknown|brand:unknown|var:m|form:solid-oral,1890,store,true,https://www.ecofarmacias.cl/producto/tapsin-m-migrana-por10-comprimidos-maver/
tapsin,ahumada,Tapsin M x 10 Comprimidos Recubiertos,Tapsin M x 10 Comprimidos Recubiertos,null,tapsin,null,10,10,m,solid-oral,null,tapsin|10,tapsin|10|bio:unknown|brand:unknown|var:m|form:solid-oral,2090,store,true,https://www.farmaciasahumada.cl/tapsin-m-x-10-comprimidos-recubiertos-83374.html
tapsin,ahumada,Tapsin Periodo x 12 Comprimidos,Tapsin Periodo x 12 Comprimidos,null,tapsin,null,12,12,periodo,solid-oral,null,tapsin|12,tapsin|12|bio:unknown|brand:unknown|var:periodo|form:solid-oral,1934,cmr,true,https://www.farmaciasahumada.cl/tapsin-periodo-x-12-comprimidos-65476.html
tapsin,araucomed,Tapsin Dia y noche plus x 18 comprimidos.,Tapsin Dia y noche plus x 18 comprimidos.,Maver,tapsin,null,18,18,plus,solid-oral,null,tapsin|n|18,tapsin|n|18|bio:unknown|brand:maver|var:plus|form:solid-oral,1990,store,true,https://farmacia.araucomed.com/gripe-y-resfrio/tapsin-dia-y-noche-plus-18-comprimidos
tapsin,araucomed,Tapsin DN Instaflu x 18 comprimidos.,Tapsin DN Instaflu x 18 comprimidos.,Maver,tapsin,null,18,18,instaflu,solid-oral,null,tapsin|18,tapsin|18|bio:unknown|brand:maver|var:instaflu|form:solid-oral,1990,store,true,https://farmacia.araucomed.com/gripe-y-resfrio/tapsin-dn-instaflu-126-comprimidos
tapsin,araucomed,Tapsin Forte x 20 comprimidos,Tapsin Forte x 20 comprimidos,Maver,tapsin,null,20,20,forte,solid-oral,null,tapsin|20,tapsin|20|bio:unknown|brand:maver|var:forte|form:solid-oral,1990,store,true,https://farmacia.araucomed.com/analgesicos-y-antinflamatorios/tapsin-forte-x20com
tapsin,farmex,Tapsin Forte x 20 comprimidos,Tapsin Forte x 20 comprimidos,Maver,tapsin,null,20,20,forte,solid-oral,null,tapsin|20,tapsin|20|bio:unknown|brand:maver|var:forte|form:solid-oral,1990,store,true,https://farmex.cl/products/tapsin-forte-x-20-comp?_pos=2&_psq=tapsin&_psid=bbdc7d020&_ss=e
tapsin,easyfarma,Anacin Max 8 Comp,Anacin Max 8 Comp,null,anacin,null,8,8,max,solid-oral,null,anacin|8,anacin|8|bio:unknown|brand:unknown|var:max|form:solid-oral,1990,store,true,https://nuevo.easyfarma.cl/104495-anacin-max-8-comp.html
tapsin,salcobrand,Tapsín Nocturno (B) Paracetamol 12 Comprimidos,Tapsín Nocturno (B) Paracetamol 12 Comprimidos,Tapsin,tapsin,null,12,12,nocturno,solid-oral,null,tapsin|12,tapsin|12|bio:unknown|brand:tapsin|var:nocturno|form:solid-oral,2287,online,true,https://salcobrand.cl/products/tapsin-nocturno-b-paracetamol-12-comprimidos?default_sku=1990005
tapsin,cruz-verde,Tapsin Duo Paracetamol Ibuprofeno 12 Comprimidos Recubiertos,Tapsin Duo x 12 Comprimidos Recubiertos,null,tapsin,null,12,12,duo,solid-oral,null,tapsin|12,tapsin|12|bio:unknown|brand:unknown|var:duo|form:solid-oral,2290,store,true,https://www.cruzverde.cl/tapsin-duo-paracetamol-ibuprofeno-12-comprimidos-recubiertos/550757.html
tapsin,ahumada,Tapsin Duo x 12 Comprimidos Recubiertos,Tapsin Duo x 12 Comprimidos Recubiertos,null,tapsin,null,12,12,duo,solid-oral,null,tapsin|12,tapsin|12|bio:unknown|brand:unknown|var:duo|form:solid-oral,3007,cmr,true,https://www.farmaciasahumada.cl/tapsin-duo-x-12-comprimidos-recubiertos-92243.html
tapsin,cruz-verde,Tapsin M Migraña Paracetamol 400 mg Cafeína 33 mg 10 Comprimidos,Tapsin M Migraña Paracetamol 400 mg Cafeína 33 mg 10 Comprimidos,null,tapsin,400mg,10,10,m,solid-oral,null,tapsin|400mg|10,tapsin|400mg|10|bio:unknown|brand:unknown|var:m|form:solid-oral,2290,store,true,https://www.cruzverde.cl/tapsin-m-migra-a-paracetamol-400-mg-cafeina-33-mg-10-comprimidos/290830.html
tapsin,salcobrand,Tapsin (B) Paracetamol / Cafeína 12 Comprimidos,Tapsin (B) Paracetamol / Cafeína 12 Comprimidos,Tapsin,tapsin,null,12,12,null,solid-oral,cafeina,tapsin|12,tapsin|12|bio:unknown|brand:tapsin|combo:cafeina|form:solid-oral,2375,online,true,https://salcobrand.cl/products/tapsin-b-paracetamol-cafeina-12-comprimidos?default_sku=1990194
tapsin,salcobrand,Tapsin Periodo 12 Comprimidos,Tapsin Periodo 12 Comprimidos,Tapsin,tapsin,null,12,12,periodo,solid-oral,null,tapsin|12,tapsin|12|bio:unknown|brand:tapsin|var:periodo|form:solid-oral,2463,online,true,https://salcobrand.cl/products/tapsin-periodo-b-paracetamol-12-comprimidos?default_sku=1990782
tapsin,ahumada,Tapsin Puro Sin Cafeina 500 mg x 24 Comprimidos,Tapsin Puro Sin Cafeina 500 mg x 24 Comprimidos,null,tapsin,500mg,24,24,puro,solid-oral,null,tapsin|500mg|24,tapsin|500mg|24|bio:true|brand:unknown|var:puro|form:solid-oral,2467,cmr,true,https://www.farmaciasahumada.cl/tapsin-puro-sin-cafeina-500-mg-x-24-comprimidos-60770.html
tapsin,cruz-verde,Tapsin Periodo Pamabrom 25 mg 12 Comprimidos,Tapsin Periodo Pamabrom 25 mg 12 Comprimidos,null,tapsin,25mg,12,12,periodo,solid-oral,null,tapsin|25mg|12,tapsin|25mg|12|bio:unknown|brand:unknown|var:periodo|form:solid-oral,2490,store,true,https://www.cruzverde.cl/tapsin-periodo-pamabrom-25-mg-12-comprimidos/259891.html
tapsin,araucomed,Tapsin 1000 SC x 20 comprimidos recubiertos.,Tapsin 1000 SC x 20 comprimidos recubiertos.,Maver,tapsin,null,20,20,sc,solid-oral,null,tapsin|20,tapsin|20|bio:unknown|brand:maver|var:sc|form:solid-oral,2490,store,true,https://farmacia.araucomed.com/bioequivalentes/tapsin-1000sc-x20com
tapsin,cruz-verde,Tapsin Nocturno Paracetamol 500 mg 12 Comprimidos,Tapsin Nocturno Paracetamol 500 mg 12 Comprimidos,null,tapsin,500mg,12,12,nocturno,solid-oral,null,tapsin|500mg|12,tapsin|500mg|12|bio:unknown|brand:unknown|var:nocturno|form:solid-oral,2590,store,true,https://www.cruzverde.cl/tapsin-nocturno-paracetamol-500-mg-12-comprimidos/72223.html
tapsin,cruz-verde,Tapsin Analgésico Paracetamol 400 mg 12 Comprimidos,Tapsin Analgésico Paracetamol 400 mg 12 Comprimidos,null,tapsin,400mg,12,12,analgesico,solid-oral,null,tapsin|400mg|12,tapsin|400mg|12|bio:unknown|brand:unknown|var:analgesico|form:solid-oral,2590,store,true,https://www.cruzverde.cl/tapsin-analgesico-paracetamol-400-mg-12-comprimidos/72222.html
tapsin,dr-simi,Tapsin infantil paracetamol 160 mg 16 comprimidos masticables infantil,Tapsin infantil paracetamol 160 mg 16 comprimidos masticables infantil,MAVER,tapsin,160mg,16,16,infantil,solid-oral,null,tapsin|160mg|16,tapsin|160mg|16|bio:false|brand:maver|var:infantil|form:solid-oral,2600,store,true,https://www.drsimi.cl/tapsin-panadol-paracetamol-160-mg-16-comprimidos-masticables/p
tapsin,araucomed,Tapsin Pediatrico 100mg/ml gotas x 15 ml.,Tapsin Pediatrico 100mg/ml gotas x 15 ml.,Maver,tapsin,100mg,null,null,infantil,fluid-oral,null,tapsin|15ml|15,tapsin|15ml|15|bio:unknown|brand:maver|var:infantil|form:fluid-oral,2600,store,true,https://farmacia.araucomed.com/analgesicos-y-antinflamatorios/tapsin-pediatrico-100mg-ml-gotas-x15ml
tapsin,farmex,Tapsin Infantil Gotas 100 mg / mL x 15 mL,Tapsin Pediatrico 100mg/ml gotas x 15 ml.,Maver,tapsin,100mg,null,null,infantil,fluid-oral,null,tapsin|15ml|15,tapsin|15ml|15|bio:unknown|brand:maver|var:infantil|form:fluid-oral,2690,store,true,https://farmex.cl/products/tapsin-infantil-gotas-100-mg-ml-x-15-ml?_pos=10&_psq=tapsin&_psid=bbdc7d020&_ss=e
tapsin,salcobrand,Tapsin Duo (B) Paracetamol / Ibuprofeno 12 Comprimidos Recubiertos,Tapsin Duo (B) Paracetamol / Ibuprofeno 12 Comprimidos Recubiertos,Tapsin,tapsin,null,12,12,null,solid-oral,ibuprofeno,tapsin|12,tapsin|12|bio:unknown|brand:tapsin|combo:ibuprofeno|form:solid-oral,2612,sbpay,true,https://salcobrand.cl/products/tapsin-duo-b-paracetamol-ibuprofeno-12-comprimidos-recubiertos?default_sku=586353
tapsin,salcobrand,Tapsí­n M (B) Paracetamol 10 Comprimidos Recubiertos,Tapsí­n M (B) Paracetamol 10 Comprimidos Recubiertos,Tapsin M,tapsi,null,10,10,n,solid-oral,null,tapsi|10,tapsi|10|bio:unknown|brand:tapsinm|var:n|form:solid-oral,2651,sbpay,true,https://salcobrand.cl/products/tapsi-n-m-b-paracetamol-10-comprimidos-recubiertos?default_sku=1990016
tapsin,ahumada,Tapsin 160 mg x 16 Comprimidos Masticables,Tapsin 160 mg x 16 Comprimidos Masticables,null,tapsin,160mg,16,16,null,solid-oral,null,tapsin|160mg|16,tapsin|160mg|16|bio:unknown|brand:unknown|form:solid-oral,2767,cmr,true,https://www.farmaciasahumada.cl/tapsin-160-mg-x-16-comprimidos-masticables-39823.html
tapsin,salcobrand,Tapsn (B) Paracetamol 500mg 24 Comprimidos,Tapsn (B) Paracetamol 500mg 24 Comprimidos,Tapsin,tapsn,500mg,24,24,null,solid-oral,null,tapsn|500mg|24,tapsn|500mg|24|bio:unknown|brand:tapsin|form:solid-oral,2815,online,true,https://salcobrand.cl/products/tapsn-b-paracetamol-500mg-24-comprimidos?default_sku=1990715
tapsin,cruz-verde,Tapsin Niños Paracetamol 160 mg 16 Comprimidos Masticables,Tapsin Niños Paracetamol 160 mg 16 Comprimidos Masticables,null,tapsin,160mg,16,16,infantil,solid-oral,null,tapsin|160mg|16,tapsin|160mg|16|bio:unknown|brand:unknown|var:infantil|form:solid-oral,2890,store,true,https://www.cruzverde.cl/tapsin-ni-os-paracetamol-160-mg-16-comprimidos-masticables/72214.html
tapsin,ecofarmacias,Tapsin Periodo x 30 comprimidos (Maver),Tapsin Periodo x 30 comprimidos (Maver),null,tapsin,null,30,30,periodo,solid-oral,null,tapsin|30,tapsin|30|bio:unknown|brand:unknown|var:periodo|form:solid-oral,2890,store,false,https://www.ecofarmacias.cl/producto/tapsin-periodo-x-30-comprimidos-maver/
tapsin,ecofarmacias,Tapsin Forte X 20 comprimidos (Maver),Tapsin Forte X 20 comprimidos (Maver),null,tapsin,null,20,20,forte,solid-oral,null,tapsin|20,tapsin|20|bio:unknown|brand:unknown|var:forte|form:solid-oral,2980,store,true,https://www.ecofarmacias.cl/producto/tapsin-forte-x-20/
tapsin,ahumada,Tapsin Forte x 20 Comprimidos Recubiertos,Tapsin Forte X 20 comprimidos (Maver),null,tapsin,null,20,20,forte,solid-oral,null,tapsin|20,tapsin|20|bio:unknown|brand:unknown|var:forte|form:solid-oral,3314,cmr,true,https://www.farmaciasahumada.cl/tapsin-forte-x-20-comprimidos-recubiertos-63630.html
tapsin,araucomed,Tapsin Duo x 12 comprimidos,Tapsin Duo x 12 comprimidos,Maver,tapsin,null,12,12,duo,solid-oral,null,tapsin|12,tapsin|12|bio:unknown|brand:maver|var:duo|form:solid-oral,2990,store,true,https://farmacia.araucomed.com/analgesicos-y-antinflamatorios/tapsin-duo-x-12-comprimidos
tapsin,araucomed,Tapsin Forte x 30 comprimidos,Tapsin Forte x 30 comprimidos,Maver,tapsin,null,30,30,forte,solid-oral,null,tapsin|30,tapsin|30|bio:unknown|brand:maver|var:forte|form:solid-oral,2990,store,true,https://farmacia.araucomed.com/analgesicos-y-antinflamatorios/tapsin-forte-x-30-comprimidos
tapsin,ecofarmacias,Tapsin Analgésico x 30 comprimidos (Maver),Tapsin Analgésico x 30 comprimidos (Maver),null,tapsin,null,30,30,analgesico,solid-oral,null,tapsin|30,tapsin|30|bio:unknown|brand:unknown|var:analgesico|form:solid-oral,2990,store,false,https://www.ecofarmacias.cl/producto/tapsin-analgesico-x-30-comprimidos/
tapsin,farmex,Tapsin InstaFlu Dia y Noche x 18 comprimidos,Tapsin InstaFlu Dia y Noche x 18 comprimidos,MAVER,tapsin,null,18,18,instaflu,solid-oral,null,tapsin|n|18,tapsin|n|18|bio:unknown|brand:maver|var:instaflu|form:solid-oral,2990,store,true,https://farmex.cl/products/tapsin-instaflu-dia-y-noche-x-18-comp?_pos=4&_psq=tapsin&_psid=bbdc7d020&_ss=e
tapsin,salcobrand,Tapsin Instaflu D/N (B) Paracetamol  6 Comprimidos,Tapsin Instaflu D/N (B) Paracetamol  6 Comprimidos,Tapsin,tapsin,null,6,6,instaflu,solid-oral,null,tapsin|6,tapsin|6|bio:unknown|brand:tapsin|var:instaflu|form:solid-oral,3079,online,true,https://salcobrand.cl/products/tapsin-instaflu-d-n-b-paracetamol-6-comprimidos?default_sku=590737
tapsin,ahumada,Tapsin Instaflu Día Noche 6 Comprimidos,Tapsin Instaflu Día Noche 6 Comprimidos,null,tapsin,null,6,6,instaflu,solid-oral,null,tapsin|n|6,tapsin|n|6|bio:unknown|brand:unknown|var:instaflu|form:solid-oral,3104,cmr,true,https://www.farmaciasahumada.cl/tapsin-instaflu-dia-noche-6-comprimidos-95020.html
tapsin,ecofarmacias,Tapsin DN Compuesto + Plus x 18 Comprimidos,Tapsin DN Compuesto + Plus x 18 Comprimidos,null,tapsin,null,18,18,compuesto,solid-oral,null,tapsin|18,tapsin|18|bio:unknown|brand:unknown|var:compuesto|form:solid-oral,3180,store,false,https://www.ecofarmacias.cl/producto/tapsin-dn-plus-x-18-comprimidos/
tapsin,ecofarmacias,Tapsin Paracetamol 100 mg/ml Gotas x 15 mL,Tapsin Paracetamol 100 mg/ml Gotas x 15 mL,null,tapsin,100mg,null,null,null,fluid-oral,null,tapsin|15ml|15,tapsin|15ml|15|bio:unknown|brand:unknown|form:fluid-oral,3480,store,true,https://www.ecofarmacias.cl/producto/tapsin-paracetamol-100-mg-ml-gotas-x-15-ml/
tapsin,ahumada,Tapsin 100 mg/mL  x 15 mL Solución Oral Para Gotas,Tapsin Paracetamol 100 mg/ml Gotas x 15 mL,null,tapsin,100mg,null,null,null,fluid-oral,null,tapsin|15ml|15,tapsin|15ml|15|bio:unknown|brand:unknown|form:fluid-oral,3697,cmr,true,https://www.farmaciasahumada.cl/tapsin-100-mg-ml--x-15-ml-solucion-oral-para-gotas-19274.html
tapsin,easyfarma,Algiafin Jarabe x 60 ml,Algiafin Jarabe x 60 ml,null,algiafin,60ml,null,null,null,fluid-oral,null,algiafin|60ml|60,algiafin|60ml|60|bio:unknown|brand:unknown|form:fluid-oral,3490,store,true,https://nuevo.easyfarma.cl/25683-algiafin-jarabe-x-60ml.html
tapsin,easyfarma,Cortigrip Dia y Noche 15...,Cortigrip Dia y Noche 15...,null,cortigrip,null,null,null,null,null,null,cortigrip|n,cortigrip|n|bio:unknown|brand:unknown,3490,store,true,https://nuevo.easyfarma.cl/25895-cortigrip-dia-noche-x-15.html
tapsin,dr-simi,Tapsin Duo paracetamol 300 mg ibuprofeno 200 mg 12 comprimidos recubiertos,Tapsin Duo paracetamol 300 mg ibuprofeno 200 mg 12 comprimidos recubiertos,MAVER,tapsin,300mg,12,12,duo,solid-oral,null,tapsin|300mg|12,tapsin|300mg|12|bio:false|brand:maver|var:duo|form:solid-oral,3600,store,true,https://www.drsimi.cl/tapsin-duo-paracetamol-ibuprofeno-300-mg-200-mg-12-comprimidos-recubiertos-ch6158/p
tapsin,cruz-verde,Tapsin Forte Paracetamol 650 mg 20 Comprimidos Recubiertos,Tapsin Forte Paracetamol 650 mg 20 Comprimidos Recubiertos,null,tapsin,650mg,20,20,forte,solid-oral,null,tapsin|650mg|20,tapsin|650mg|20|bio:unknown|brand:unknown|var:forte|form:solid-oral,3690,store,true,https://www.cruzverde.cl/tapsin-forte-paracetamol-650-mg-20-comprimidos-recubiertos/258320.html
tapsin,salcobrand,Tapsin Forte (B) Paracetamol  20 Comprimidos Recubiertos,Tapsin Forte (B) Paracetamol  20 Comprimidos Recubiertos,Tapsin Forte,tapsin,null,20,20,forte,solid-oral,null,tapsin|20,tapsin|20|bio:unknown|brand:tapsinforte|var:forte|form:solid-oral,3783,online,true,https://salcobrand.cl/products/tapsin-forte-b-paracetamol-20-comprimidos-recubiertos?default_sku=1990787
tapsin,ahumada,Tapsin Día Noche Plus Antigripal 18 Comprimidos Recubiertos,Tapsin Día Noche Plus Antigripal 18 Comprimidos Recubiertos,null,tapsin,null,18,18,plus,solid-oral,null,tapsin|n|18,tapsin|n|18|bio:unknown|brand:unknown|var:plus|form:solid-oral,3839,cmr,true,https://www.farmaciasahumada.cl/tapsin-dia-noche-plus-antigripal-18-comprimidos-recubiertos-85868.html
tapsin,ahumada,Tapsin Compuesto Noche 5 g 6 Sobres Polvo para Solución Oral,Tapsin Compuesto Noche 5 g 6 Sobres Polvo para Solución Oral,null,tapsin,5000mg,6,6,compuesto,fluid-oral,null,tapsin|5000mg|n|6,tapsin|5000mg|n|6|bio:true|brand:unknown|var:compuesto|form:fluid-oral,3854,cmr,true,https://www.farmaciasahumada.cl/tapsin-compuesto-noche-5-g-6-sobres-polvo-para-solucion-oral-84865.html
tapsin,ahumada,Tapsin Compuesto Dia 5 g x 6 Sobres Polvo Para Solución Oral,Tapsin Compuesto Dia 5 g x 6 Sobres Polvo Para Solución Oral,null,tapsin,5000mg,6,6,compuesto,fluid-oral,null,tapsin|5000mg|d|6,tapsin|5000mg|d|6|bio:true|brand:unknown|var:compuesto|form:fluid-oral,3854,cmr,true,https://www.farmaciasahumada.cl/tapsin-compuesto-dia-5-g-x-6-sobres-polvo-para-solucion-oral-84866.html
tapsin,salcobrand,Tapsín DN Plus (B) Paracetamol 18 Comprimidos Recubiertos,Tapsín DN Plus (B) Paracetamol 18 Comprimidos Recubiertos,Tapsin,tapsin,null,18,18,plus,solid-oral,null,tapsin|18,tapsin|18|bio:unknown|brand:tapsin|var:plus|form:solid-oral,3875,sbpay,true,https://salcobrand.cl/products/tapsin-dn-plus-b-paracetamol-18-comprimidos-recubiertos?default_sku=1990216
tapsin,cruz-verde,Tapsin Paracetamol 400 mg Cafeina 33 mg 30 Comprimidos con Tapa de Seguridad Childproof,Tapsin Paracetamol 400 mg Cafeina 33 mg 30 Comprimidos con Tapa de Seguridad Childproof,null,tapsin,400mg,30,30,null,solid-oral,null,tapsin|400mg|30,tapsin|400mg|30|bio:unknown|brand:unknown|form:solid-oral,3990,store,true,https://www.cruzverde.cl/tapsin-paracetamol-400-mg-cafeina-33-mg-30-comprimidos-con-tapa-de-seguridad-childproof/299186.html
tapsin,ecofarmacias,Tapsin M Migraña X 30 Comprimidos (Maver),Tapsin M 30 Cap,null,tapsin,null,30,30,m,solid-oral,null,tapsin|30,tapsin|30|bio:unknown|brand:unknown|var:m|form:solid-oral,3990,store,false,https://www.ecofarmacias.cl/producto/tapsin-m-migrana-x-30-comprimidos-maver/
tapsin,ahumada,Tapsin M 30 Cap,Tapsin M 30 Cap,null,tapsin,null,30,30,m,solid-oral,null,tapsin|30,tapsin|30|bio:unknown|brand:unknown|var:m|form:solid-oral,5782,cmr,true,https://www.farmaciasahumada.cl/tapsin-m-30-cap-89354.html
tapsin,easyfarma,Alividol 1000 mg 20...,Alividol 1000 mg 20...,null,alividol,1000mg,null,null,null,null,null,alividol|1000mg,alividol|1000mg|bio:unknown|brand:unknown,3990,store,true,https://nuevo.easyfarma.cl/103867-alividol-1000-mg-20-comprimidos.html
tapsin,ahumada,Tapsin Forte x 30 Comprimidos Recubiertos,Tapsin Forte x 30 Comprimidos Recubiertos,null,tapsin,null,30,30,forte,solid-oral,null,tapsin|30,tapsin|30|bio:unknown|brand:unknown|var:forte|form:solid-oral,4057,cmr,true,https://www.farmaciasahumada.cl/tapsin-forte-x-30-comprimidos-recubiertos-88014.html
tapsin,cruz-verde,Tapsin Paracetamol 100 mg/ml Gotas 15 mL,Tapsin Paracetamol 100 mg/ml Gotas 15 mL,null,tapsin,100mg,null,null,null,fluid-oral,null,tapsin|15ml,tapsin|15ml|bio:unknown|brand:unknown|form:fluid-oral,4090,store,true,https://www.cruzverde.cl/tapsin-paracetamol-100-mg-ml-gotas-15-ml/72127.html
tapsin,cruz-verde,Tapsin Día-Noche Plus Paracetamol 400 mg 18 Comprimidos Recubiertos,Tapsin Día-Noche Plus Paracetamol 400 mg 18 Comprimidos Recubiertos,null,tapsin,400mg,18,18,dianoche,solid-oral,null,tapsin|400mg|n|18,tapsin|400mg|n|18|bio:unknown|brand:unknown|var:dianoche|form:solid-oral,4190,store,true,https://www.cruzverde.cl/tapsin-dia-noche-plus-paracetamol-400-mg-18-comprimidos-recubiertos/254625.html
tapsin,salcobrand,Tapsin Infantil Gotas (B) Paracetamol 15ml,Tapsin Infantil Gotas (B) Paracetamol 15ml,Tapsin,tapsin,15ml,null,null,infantil,fluid-oral,null,tapsin|15ml,tapsin|15ml|bio:unknown|brand:tapsin|var:infantil|form:fluid-oral,4223,online,true,https://salcobrand.cl/products/tapsin-infantil-gotas-b-paracetamol-15ml?default_sku=1996968
tapsin,salcobrand,Tapsín Limonada (B) Paracetamol Día 6 Sobres,Tapsín Limonada (B) Paracetamol Día 6 Sobres,Tapsin ,tapsin,null,6,6,limonada,fluid-oral,null,tapsin|d|6,tapsin|d|6|bio:unknown|brand:tapsin|var:limonada|form:fluid-oral,4399,online,true,https://salcobrand.cl/products/tapsin-limonada-b-paracetamol-dia-6-sobres?default_sku=1990181
tapsin,salcobrand,Tapsín Limonada Noche (B) Paracetamol 6 Sobres,Tapsín Limonada Noche (B) Paracetamol 6 Sobres,Tapsí­n,tapsin,null,6,6,limonada,fluid-oral,null,tapsin|n|6,tapsin|n|6|bio:unknown|brand:tapsin|var:limonada|form:fluid-oral,4399,online,true,https://salcobrand.cl/products/tapsin-limonada-noche-b-paracetamol-6-sobres?default_sku=1993124
tapsin,dr-simi,Tapsin instaFLU DN 18 comprimidos,Tapsin instaFLU DN 18 comprimidos,MAVER,tapsin,null,18,18,instaflu,solid-oral,null,tapsin|18,tapsin|18|bio:false|brand:maver|var:instaflu|form:solid-oral,4400,store,true,https://www.drsimi.cl/tapsininstaflu-dn-12-6-comprimidos/p
tapsin,dr-simi,Tapsin compuesto DN plus 18 comprimidos recubiertos,Tapsin compuesto DN plus 18 comprimidos recubiertos,MAVER,tapsin,null,18,18,compuesto,solid-oral,null,tapsin|18,tapsin|18|bio:false|brand:maver|var:compuesto|form:solid-oral,4400,store,true,https://www.drsimi.cl/paracet-nosc-cafe-ascor-dia-clorf-noche-ch6100-1/p
tapsin,salcobrand,Tapsin Forte (B) Paracetamol  Frasco 30 Comprimidos,Tapsin Forte (B) Paracetamol  Frasco 30 Comprimidos,Tapsí­n,tapsin,null,30,30,forte,solid-oral,null,tapsin|30,tapsin|30|bio:unknown|brand:tapsin|var:forte|form:solid-oral,4487,online,true,https://salcobrand.cl/products/tapsin-forte-b-paracetamol-frasco-30-comprimidos?default_sku=574818
tapsin,farmex,Tapsin 1000 SC 1 g x 20 comprimidos,Tapsin 1000 SC 1 g x 20 comprimidos,MAVER,tapsin,1000mg,20,20,sc,solid-oral,null,tapsin|1000mg|20,tapsin|1000mg|20|bio:unknown|brand:maver|var:sc|form:solid-oral,4895,store,true,https://farmex.cl/products/tapsin-sc-1-gr-x-20-comp?_pos=8&_psq=tapsin&_psid=bbdc7d020&_ss=e
tapsin,araucomed,Tapsin Infantil 120mg/5ml jarabe x 100 ml.,Tapsin Infantil 120mg/5ml jarabe x 100 ml.,Maver,tapsin,120mg,null,null,infantil,fluid-oral,null,tapsin|100ml|100,tapsin|100ml|100|bio:unknown|brand:maver|var:infantil|form:fluid-oral,4990,store,true,https://farmacia.araucomed.com/analgesicos-y-antinflamatorios/tapsin-infantil-120mg-5ml-jarabe-x-100-ml
tapsin,ecofarmacias,Tapsin SC Polvo Para Solución Efervescente Paracetamol 1gr X 20 Sobres,Tapsin SC Polvo Para Solución Efervescente Paracetamol 1gr X 20 Sobres,null,tapsin,null,20,20,sc,fluid-oral,null,tapsin|20,tapsin|20|bio:unknown|brand:unknown|var:sc|form:fluid-oral,4990,store,false,https://www.ecofarmacias.cl/producto/tapsin-sc-polvo-para-solucion-efervescente-paracetamol-1gr-x-20-sobres/
tapsin,farmex,Tapsin Migraña x 30 comprimidos,Tapsin Migraña x 30 comprimidos,MAVER,tapsin,null,30,30,migrana,solid-oral,null,tapsin|30,tapsin|30|bio:unknown|brand:maver|var:migrana|form:solid-oral,4990,store,true,https://farmex.cl/products/tapsin-migrana-x-30-comprimidos?_pos=3&_psq=tapsin&_psid=bbdc7d020&_ss=e
tapsin,easyfarma,Paracetamol/Tramadol...,Paracetamol/Tramadol...,null,paracetamol,null,null,null,null,null,tramadol,paracetamol,paracetamol|bio:unknown|brand:unknown|combo:tramadol,4990,store,true,https://nuevo.easyfarma.cl/104846-paracetamol-tramadol-325-375-mg-x-30-comp.html
tapsin,ahumada,Tapsin Duo x 30 Comprimidos Recubiertos,Tapsin Duo x 30 Comprimidos Recubiertos,null,tapsin,null,30,30,duo,solid-oral,null,tapsin|30,tapsin|30|bio:unknown|brand:unknown|var:duo|form:solid-oral,5002,cmr,true,https://www.farmaciasahumada.cl/tapsin-duo-x-30-comprimidos-recubiertos-92242.html
tapsin,ahumada,Tapsin Instaflu DN Paracetamol 500 mg Pseudoefedrina Clorhidrato 60 mg 18 Comprimidos,Tapsin Instaflu DN Paracetamol 500 mg Pseudoefedrina Clorhidrato 60 mg 18 Comprimidos,null,tapsin,500mg,18,18,instaflu,solid-oral,null,tapsin|500mg|18,tapsin|500mg|18|bio:unknown|brand:unknown|var:instaflu|form:solid-oral,5084,cmr,true,https://www.farmaciasahumada.cl/tapsin-instaflu-dn-paracetamol-500-mg-pseudoefedrina-clorhidrato-60-mg-18-comprimidos-88087.html
tapsin,cruz-verde,Tapsin Forte Paracetamol 650 mg 30 Comprimidos Recibiertos con Tapa De Seguridad Childproof,Tapsin Forte Paracetamol 650 mg 30 Comprimidos Recibiertos con Tapa De Seguridad Childproof,null,tapsin,650mg,30,30,forte,solid-oral,null,tapsin|650mg|30,tapsin|650mg|30|bio:unknown|brand:unknown|var:forte|form:solid-oral,5140,store,true,https://www.cruzverde.cl/tapsin-forte-paracetamol-650-mg-30-comprimidos-recibiertos-con-tapa-de-seguridad-childproof/299091.html
tapsin,farmex,Tapsin Efervecente 1 g x 20 sobres,Tapsin Efervecente 1 g x 20 sobres,MAVER,tapsin,1000mg,20,20,efervecente,fluid-oral,null,tapsin|1000mg|20,tapsin|1000mg|20|bio:unknown|brand:maver|var:efervecente|form:fluid-oral,5190,store,true,https://farmex.cl/products/tapsin-efervecente-1-g-x-20-sobres?_pos=6&_psq=tapsin&_psid=bbdc7d020&_ss=e
tapsin,salcobrand,Tapsin SC Efervescente (B) Paracetamol 20 Sobres,Tapsin SC Efervescente (B) Paracetamol 20 Sobres,Tapsin,tapsin,null,20,20,sc,fluid-oral,null,tapsin|20,tapsin|20|bio:unknown|brand:tapsin|var:sc|form:fluid-oral,5249,sbpay,true,https://salcobrand.cl/products/tapsin-sc-efervescente-b-paracetamol-20-sobres?default_sku=577402
tapsin,salcobrand,Tapsí­n Instaflu DN 18 Comprimidos,Tapsí­n Instaflu DN 18 Comprimidos,Tapsí­n,tapsi,null,18,18,n,solid-oral,null,tapsi|18,tapsi|18|bio:unknown|brand:tapsin|var:n|form:solid-oral,5279,sbpay,true,https://salcobrand.cl/products/tapsi-n-instaflu-dn-18-comprimidos?default_sku=574821
tapsin,ahumada,Tapsin 1g Efervescente X 20 Sobres,Tapsin 1g Efervescente X 20 Sobres,null,tapsin,1000mg,20,20,null,fluid-oral,null,tapsin|1000mg|20,tapsin|1000mg|20|bio:unknown|brand:unknown|form:fluid-oral,5474,cmr,true,https://www.farmaciasahumada.cl/tapsin-1g-efervescente-x-20-sobres-89070.html
tapsin,cruz-verde,Tapsin InstaFLU DN Paracetamol 500 mg Pseudoefedrina Clorhidrato 60 mg 12+6 Comprimidos,Tapsin InstaFLU DN Paracetamol 500 mg Pseudoefedrina Clorhidrato 60 mg 12+6 Comprimidos,null,tapsin,500mg,6,6,instaflu,solid-oral,null,tapsin|500mg|6,tapsin|500mg|6|bio:unknown|brand:unknown|var:instaflu|form:solid-oral,5490,store,true,https://www.cruzverde.cl/tapsin-instaflu-dn-paracetamol-500-mg-pseudoefedrina-clorhidrato-60-mg-12-6-comprimidos/255388.html
tapsin,salcobrand,Tapsin Instaflu Compuesto Plus 12 Comprimidos,Tapsin Instaflu Compuesto Plus 12 Comprimidos,Tapsin,tapsin,null,12,12,instaflu,solid-oral,null,tapsin|12,tapsin|12|bio:unknown|brand:tapsin|var:instaflu|form:solid-oral,5599,store,true,https://salcobrand.cl/products/tapsin-instaflu-compuesto-plus-12-comprimidos?default_sku=595157
tapsin,cruz-verde,Tapsin SC Paracetamol 1000 mg Polvo para Soluc. Oral Efervescente 1 Sobre Sabor Limon,Tapsin SC Paracetamol 1000 mg Polvo para Soluc. Oral Efervescente 1 Sobre Sabor Limon,null,tapsin,1000mg,1,1,sc,fluid-oral,null,tapsin|1000mg,tapsin|1000mg|bio:unknown|brand:unknown|var:sc|form:fluid-oral,5790,store,true,https://www.cruzverde.cl/tapsin-sc-paracetamol-1000-mg-polvo-para-soluc-oral-efervescente-1-sobre-sabor-limon/387700.html
tapsin,ecofarmacias,Tapsin SC Paracetamol 1 gr x 20 Comprimidos,Tapsin SC Paracetamol 1 gr x 20 Comprimidos,null,tapsin,null,20,20,sc,solid-oral,null,tapsin|20,tapsin|20|bio:unknown|brand:unknown|var:sc|form:solid-oral,5980,store,true,https://www.ecofarmacias.cl/producto/tapsin-sc-paracetamol-1-gr-x-20-comprimidos/
tapsin,araucomed,Tapsin Polvo efervescente limon 1g x20 sobres,Tapsin Polvo efervescente limon 1g x20 sobres,Maver,tapsin,1000mg,20,20,limon,fluid-oral,null,tapsin|1000mg|20,tapsin|1000mg|20|bio:unknown|brand:maver|var:limon|form:fluid-oral,5990,store,true,https://farmacia.araucomed.com/analgesicos-y-antinflamatorios/tapsin-polvo-efervescente-limon-1g-x20-sobres
tapsin,salcobrand,Tapsin (B) Paracetamol 1g 20 Comprimidos Recubiertos,Tapsin (B) Paracetamol 1g 20 Comprimidos Recubiertos,Tapsin,tapsin,1000mg,20,20,null,solid-oral,null,tapsin|1000mg|20,tapsin|1000mg|20|bio:unknown|brand:tapsin|form:solid-oral,6369,sbpay,true,https://salcobrand.cl/products/tapsin-b-paracetamol-1g-20-comprimidos-recubiertos?default_sku=575992
tapsin,salcobrand,Tapsin Duo (B) Paracetamol / Ibuprofeno 30 Comprimidos Recubiertos,Tapsin Duo (B) Paracetamol / Ibuprofeno 30 Comprimidos Recubiertos,Tapsin,tapsin,null,30,30,null,solid-oral,ibuprofeno,tapsin|30,tapsin|30|bio:unknown|brand:tapsin|combo:ibuprofeno|form:solid-oral,6399,store,true,https://salcobrand.cl/products/tapsin-duo-b-paracetamol-ibuprofeno-30-comprimidos-recubiertos?default_sku=586354
tapsin,salcobrand,Tapsín M 30 Comprimidos Recubiertos,Tapsín M 30 Comprimidos Recubiertos,Tapsin,tapsin,null,30,30,m,solid-oral,null,tapsin|30,tapsin|30|bio:unknown|brand:tapsin|var:m|form:solid-oral,6599,online,true,https://salcobrand.cl/products/tapsin-m-30-comprimidos-recubiertos?default_sku=578147
tapsin,cruz-verde,Tapsin 1000 SC Paracetamol 1000 mg 20 Comprimidos Recubiertos,Tapsin 1000 SC Paracetamol 1000 mg 20 Comprimidos Recubiertos,null,tapsin,1000mg,20,20,sc,solid-oral,null,tapsin|1000mg|20,tapsin|1000mg|20|bio:unknown|brand:unknown|var:sc|form:solid-oral,6790,store,true,https://www.cruzverde.cl/tapsin-1000-sc-paracetamol-1000-mg-20-comprimidos-recubiertos/383406.html
tapsin,salcobrand,Tapsin Infantil Paracetamol 120mg/5ml Jarabe 100ml,Tapsin Infantil Paracetamol 120mg/5ml Jarabe 100ml,Tapsin,tapsin,120mg,null,null,infantil,fluid-oral,null,tapsin|100ml,tapsin|100ml|bio:unknown|brand:tapsin|var:infantil|form:fluid-oral,7409,sbpay,true,https://salcobrand.cl/products/tapsin-infantil-paracetamol-120mg-5ml-jarabe-100ml?default_sku=591187
tapsin,ahumada,Tapsin 1000 mg SC x 20 Comprimidos Recubiertos,Tapsin 1000 mg SC x 20 Comprimidos Recubiertos,null,tapsin,1000mg,20,20,null,solid-oral,null,tapsin|1000mg|20,tapsin|1000mg|20|bio:true|brand:unknown|form:solid-oral,7552,cmr,true,https://www.farmaciasahumada.cl/tapsin-1000-mg-sc-x-20-comprimidos-recubiertos-88629.html
tapsin,dr-simi,Tapsin SC paracetamol 1 g 20 sobres polvo para solución oral efervescente,Tapsin SC paracetamol 1 g 20 sobres polvo para solución oral efervescente,MAVER,tapsin,1000mg,20,20,sc,fluid-oral,null,tapsin|1000mg|20,tapsin|1000mg|20|bio:false|brand:maver|var:sc|form:fluid-oral,7880,store,true,https://www.drsimi.cl/tapsin-sc-paracetamol-1-gr-polvo-para-solucion-oral-efervescente/p
tapsin,ecofarmacias,Tapsin infantil paracetamol 120mg/5ml jarabe 100ml,Tapsin  Infantil Suspensión  100Ml,null,tapsin,120mg,null,null,infantil,fluid-oral,null,tapsin|100ml,tapsin|100ml|bio:unknown|brand:unknown|var:infantil|form:fluid-oral,7890,store,true,https://www.ecofarmacias.cl/producto/tapsin-infantil-paracetamol-120mg-5ml-jarabe-100ml/
tapsin,cruz-verde,Tapsin  Infantil Suspensión  100Ml,Tapsin  Infantil Suspensión  100Ml,null,tapsin,100ml,null,null,infantil,fluid-oral,null,tapsin|100ml,tapsin|100ml|bio:unknown|brand:unknown|var:infantil|form:fluid-oral,8990,store,false,https://www.cruzverde.cl/tapsin-infantil-suspension-100ml/575404.html
tapsin,ahumada,Tapsin Infantil 120 mg/ 5 mL Suspensión Oral Sabor Frambuesa 100 mL,Tapsin  Infantil Suspensión  100Ml,null,tapsin,120mg,null,null,infantil,fluid-oral,null,tapsin|100ml,tapsin|100ml|bio:unknown|brand:unknown|var:infantil|form:fluid-oral,12179,store,true,https://www.farmaciasahumada.cl/tapsin-infantil-120-mg--5-ml-suspension-oral-sabor-frambuesa-100-ml-95294.html
tapsin,easyfarma,Brevex 20 comprimidos,Brevex 20 comprimidos,null,brevex,null,20,20,null,solid-oral,null,brevex|20,brevex|20|bio:unknown|brand:unknown|form:solid-oral,10990,store,true,https://nuevo.easyfarma.cl/25025-brevex-x-20.html
tapsin,easyfarma,Cronus x 30 comprimidos,Cronus x 30 comprimidos,null,cronus,null,30,30,null,solid-oral,null,cronus|30,cronus|30|bio:unknown|brand:unknown|form:solid-oral,16990,store,true,https://nuevo.easyfarma.cl/104166-cronus-x-30-comprimidos.html
vitamina d gotas,dr-simi,Crevet limonada vitamina C propóleo y zinc 1 sobre 4 g,Crevet limonada vitamina C propóleo y zinc 1 sobre 4 g,PRATER,crevet,4000mg,1,1,limonada,fluid-oral,null,crevet|4000mg,crevet|4000mg|bio:unknown|brand:prater|var:limonada|form:fluid-oral,440,store,true,https://www.drsimi.cl/crevet-limonada-propoleo-vitamina-c-zinc-sobre-4gr/p
vitamina d gotas,dr-simi,Similyptus C propóleo y vitamina C solución oral 125 mL,Similyptus C propóleo y vitamina C solución oral 125 mL,IPAK,similyptus,125ml,null,null,c,fluid-oral,null,similyptus|125ml,similyptus|125ml|bio:unknown|brand:ipak|var:c|form:fluid-oral,2400,store,true,https://www.drsimi.cl/similyptus-c-propoleo-vitamina-c-jarabe-125-ml/p
vitamina d gotas,ecofarmacias,Vitaminas ADC Gotas x 30 mL,Vitaminas ADC Gotas x 30 mL,null,vitaminas,30ml,null,null,adc,fluid-oral,null,vitaminas|30ml|30,vitaminas|30ml|30|bio:unknown|brand:unknown|var:adc|form:fluid-oral,3990,store,false,https://www.ecofarmacias.cl/producto/vitaminas-adc-gotas-x-30-ml/
vitamina d gotas,cruz-verde,Vitaminas ADC Gotas Pediátricas 30 mL,Vitaminas ADC Gotas Pediátricas 30 mL,null,vitaminas,30ml,null,null,adc,fluid-oral,null,vitaminas|30ml,vitaminas|30ml|bio:unknown|brand:unknown|var:adc|form:fluid-oral,8290,store,true,https://www.cruzverde.cl/vitaminas-adc-gotas-pediatricas-30-ml/2278.html
vitamina d gotas,dr-simi,Infor Vit vitamina D3 800 UI gotas 30 mL,Infor Vit vitamina D3 800 UI gotas 30 mL,PRATER,infor,30ml,null,null,vit,fluid-oral,null,infor|30ml,infor|30ml|bio:unknown|brand:prater|var:vit|form:fluid-oral,9200,store,true,https://www.drsimi.cl/infor-vit-vitamina-d3-colecalciferol-800ui-4-gotas-30ml/p
vitamina d gotas,araucomed,Colekal Vitamina D3 50.000 U.I. x 4 sobres.,Colekal Vitamina D3 50.000 U.I. x 4 sobres.,Tervis Pharma,colekal,null,4,4,vitamina,fluid-oral,null,colekal|4,colekal|4|bio:unknown|brand:tervispharma|var:vitamina|form:fluid-oral,10990,store,true,https://farmacia.araucomed.com/suplementos-de-vitamina-d/colekal-vitamina-d3-50000-ui-x-4-sobres
vitamina d gotas,araucomed,Multiflora D Gotas probióticas con vitamina D x 8 ml.,Multiflora D Gotas probióticas con vitamina D x 8 ml.,Megalabs,multiflora,8ml,null,null,d,fluid-oral,null,multiflora|8ml|8,multiflora|8ml|8|bio:unknown|brand:megalabs|var:d|form:fluid-oral,14490,store,true,https://farmacia.araucomed.com/suplementos-de-vitamina-d/multiflora-d-gotas-probioticas-con-vitamina-d-x-8-ml
vitamina d gotas,ahumada,Gotas Probióticas + Vitamina D3 5 mL,Gotas Probióticas + Vitamina D3 5 mL,null,probioticas,5ml,null,null,null,fluid-oral,vitamina,probioticas|5ml,probioticas|5ml|bio:unknown|brand:unknown|combo:vitamina|form:fluid-oral,15390,store,true,https://www.farmaciasahumada.cl/gotas-probioticas-vitamina-d3-5-ml-96078.html
vitamina d gotas,cruz-verde,Bonavid Colecalciferol 300.000 UI Solución Oral para Gotas 2 mL,Bonavid Colecalciferol 300.000 UI Solución Oral para Gotas 2 mL,null,bonavid,2ml,null,null,colecalciferol,fluid-oral,null,bonavid|2ml,bonavid|2ml|bio:unknown|brand:unknown|var:colecalciferol|form:fluid-oral,18390,store,true,https://www.cruzverde.cl/bonavid-colecalciferol-300-000-ui-solucion-oral-para-gotas-2-ml/290034.html
vitamina d gotas,ahumada,Biogaia Protectis Gotas Probióticas 5 mL,Biogaia Protectis Gotas Probióticas 5 mL,null,biogaia,5ml,null,null,protectis,fluid-oral,null,biogaia|5ml,biogaia|5ml|bio:unknown|brand:unknown|var:protectis|form:fluid-oral,21741,store,true,https://www.farmaciasahumada.cl/biogaia-protectis-gotas-probioticas-5-ml-64660.html
vitamina d gotas,salcobrand,Creatina Monohidratada Formato en Polvo VitaminLife 300g,Creatina Monohidratada Formato en Polvo VitaminLife 300g,VitaminLife,creatina,300000mg,null,null,monohidratada,fluid-oral,null,creatina|300000mg,creatina|300000mg|bio:unknown|brand:vitaminlife|var:monohidratada|form:fluid-oral,29999,store,true,https://salcobrand.cl/products/creatina-monohidratada-formato-en-polvo-vitaminlife-300g?default_sku=573410
vitamina d gotas,ecofarmacias,Desodorante Spray Garnier Obao Dermo Vitamina C 150 ml,Desodorante Spray Garnier Obao Dermo Vitamina C 150 ml,null,desodorante,150ml,null,null,garnier,null,null,desodorante|150ml,desodorante|150ml|bio:unknown|brand:unknown|var:garnier,2990,store,false,https://www.ecofarmacias.cl/producto/desodorante-spray-garnier-obao-dermo-vitamina-c-150-ml/
vitamina d gotas,ahumada,Desodorante Garnier Dermoeficacia Vitamina C Spray 150Ml,Desodorante Spray Garnier Obao Dermo Vitamina C 150 ml,null,desodorante,150ml,null,null,garnier,null,null,desodorante|150ml,desodorante|150ml|bio:unknown|brand:unknown|var:garnier,3000,store,true,https://www.farmaciasahumada.cl/desodorante-garnier-dermoeficacia-vitamina-c-spray-150ml-92689.html
vitamina d gotas,easyfarma,Vitamina B12 90 porciones...,Vitamina B12 90 porciones...,null,vitamina,null,null,null,porciones,null,null,vitamina,vitamina|bio:unknown|brand:porciones|var:porciones,3690,store,true,https://nuevo.easyfarma.cl/28359-vitamina-b12-90-porciones.html
vitamina d gotas,easyfarma,Vitamina A 3300 UI 90...,Vitamina A 3300 UI 90...,null,vitamina,null,null,null,null,null,null,vitamina,vitamina|bio:unknown|brand:unknown,3990,store,true,https://nuevo.easyfarma.cl/42641-vitamina-a-3300-ui.html
vitamina d gotas,easyfarma,Vitamina C + Zinc...,Vitamina C + Zinc...,null,vitamina,null,null,null,null,null,zinc,vitamina,vitamina|bio:unknown|brand:pranalab|combo:zinc,3990,store,true,https://nuevo.easyfarma.cl/105335-vitamina-c-zinc-500mg-20mg-60-capsulas-pranalab.html
vitamina d gotas,easyfarma,Vitamina C 1000 mg  20...,Vitamina C 1000 mg  20...,null,vitamina,1000mg,null,null,c,null,null,vitamina|1000mg,vitamina|1000mg|bio:unknown|brand:easylife|var:c,3990,store,true,https://nuevo.easyfarma.cl/35147-vitamina-c-naranja-1000-mg-x-20-comp-eferv-easylife.html
vitamina d gotas,salcobrand,Antitranspirante Garnier Dermo Vitamina C Antitranspirante Roll-On,Antitranspirante Garnier Dermo Vitamina C Antitranspirante Roll-On,Garnier,antitranspirante,null,null,null,garnier,null,null,antitranspirante,antitranspirante|bio:unknown|brand:garnier|var:garnier,4299,store,true,https://salcobrand.cl/products/antitranspirante-garnier-dermo-vitamina-c-antitranspirante-roll-on?default_sku=586338
vitamina d gotas,cruz-verde,Mascara Pestañas Vitamin Volume Waterproof,Mascara Pestañas Vitamin Volume Waterproof,null,mascara,null,null,null,pestanas,null,null,mascara,mascara|bio:unknown|brand:unknown|var:pestanas,4490,store,true,https://www.cruzverde.cl/mascara-pesta-as-vitamin-volume-waterproof/560322.html
vitamina d gotas,dr-simi,Exfoliante facial con microesferas de vitamina E para todo tipo de piel 60 g,Exfoliante facial con microesferas de vitamina E para todo tipo de piel 60 g,Eternal Secret,exfoliante,60000mg,null,null,facial,null,null,exfoliante|60000mg,exfoliante|60000mg|bio:unknown|brand:eternalsecret|var:facial,4600,store,true,https://www.drsimi.cl/eternal-secret-exfoliante-facial-con-microesferas-de-vitamina-e-para-todo-tipo-de-piel/p
vitamina d gotas,easyfarma,Vitamina B6 50 mg 90...,Vitamina B6 50 mg 90...,null,vitamina,50mg,null,null,null,null,null,vitamina|50mg,vitamina|50mg|bio:unknown|brand:natural,4990,store,true,https://nuevo.easyfarma.cl/102071-vitamina-b6-50-mg-90-porciones-dulzura-natural.html
vitamina d gotas,easyfarma,Vitamina C + Rosa Mosqueta...,Vitamina C + Rosa Mosqueta...,null,vitamina,null,null,null,null,null,rosa,vitamina,vitamina|bio:unknown|brand:avanti|combo:rosa,5490,store,true,https://nuevo.easyfarma.cl/102388-vitamina-c-rosa-mosqueta-60-capsulas-avanti.html
vitamina d gotas,ahumada,Agua Micelar Facial Iluminadora Nivea 400 ml,Agua Micelar Facial Iluminadora Nivea 400 ml,null,agua,400ml,null,null,micelar,null,null,agua|400ml,agua|400ml|bio:unknown|brand:unknown|var:micelar,5599,store,true,https://www.farmaciasahumada.cl/agua-micelar-facial-iluminadora-nivea-400-ml-93499.html
vitamina d gotas,easyfarma,Vitamina B12 12 mcg  x 100...,Vitamina B12 12 mcg  x 100...,null,vitamina,0.012mg,100,100,null,null,null,vitamina|12mcg|100,vitamina|12mcg|100|bio:unknown|brand:unknown,6990,store,true,https://nuevo.easyfarma.cl/103161-vitamina-b12-12-mcg-x-100-comprimidos-masticables.html
vitamina d gotas,araucomed,B-Complex + Vitamina C x 60 gomitas sabor piña. (Nutrapharm),B-Complex + Vitamina C x 60 gomitas sabor piña. (Nutrapharm),Nutrapharm,bcomplex,null,60,60,null,null,vitamina,bcomplex|60,bcomplex|60|bio:unknown|brand:nutrapharm|combo:vitamina,7990,store,true,https://farmacia.araucomed.com/suplementos-de-vitamina-b/b-complex-vitamina-c-x-60-gomitas-sabor-pina-nutrapharm
vitamina d gotas,ecofarmacias,Multivitamínicos Multibion senior (Vitaminas + Probióticos) DESCUENTO,Multivitamínicos Multibion senior (Vitaminas + Probióticos) DESCUENTO,null,multivitaminicos,null,null,null,null,null,probioticos,multivitaminicos,multivitaminicos|bio:unknown|brand:unknown|combo:probioticos,7990,store,false,https://www.ecofarmacias.cl/producto/multibion-senior-vitaminas-probioticos-descuento/
vitamina d gotas,ahumada,Serum Corporal Pro-Retinol Dove 400ml,Serum Corporal Pro-Retinol Dove 400ml,null,serum,400ml,null,null,corporal,null,null,serum|400ml,serum|400ml|bio:unknown|brand:unknown|var:corporal,8904,store,true,https://www.farmaciasahumada.cl/serum-corporal-pro-retinol-dove-400ml-96727.html
vitamina d gotas,salcobrand,Sérum Garnier Aclara Vitamina C Anti Manchas 30ml Piel Saludable,Sérum Garnier Aclara Vitamina C Anti Manchas 30ml Piel Saludable,Garnier,serum,30ml,null,null,garnier,null,null,serum|30ml,serum|30ml|bio:unknown|brand:garnier|var:garnier,10699,store,true,https://salcobrand.cl/products/serum-garnier-aclara-vitamina-c-anti-manchas-30ml-piel-saludable?default_sku=579110
vitamina d gotas,araucomed,Vitamina C 500 mg x 60 gomitas (Perfect Bear),Vitamina C 500 mg x 60 gomitas (Perfect Bear),Perfect Bear,vitamina,500mg,60,60,c,null,null,vitamina|500mg|60,vitamina|500mg|60|bio:unknown|brand:perfectbear|var:c,10990,store,true,https://farmacia.araucomed.com/suplementos-de-vitamina-c/vitamina-c-500-mg-x-60-gomitas-perfect-bear
vitamina d gotas,araucomed,Osteodyn Vitamina D3 100.000 U.I. Frasco x 2 ml.,Osteodyn Vitamina D3 100.000 U.I. Frasco x 2 ml.,Bagó,osteodyn,2ml,null,null,vitamina,null,null,osteodyn|2ml|2,osteodyn|2ml|2|bio:unknown|brand:bago|var:vitamina,11990,store,true,https://farmacia.araucomed.com/suplementos-de-vitamina-d/osteodyn-vitamina-d3-100000-ui-frasco-2ml
vitamina d gotas,dr-simi,Sérum nano vitamina C 10% 30 mL,Sérum nano vitamina C 10% 30 mL,Eternal Secret,serum,30ml,null,null,nano,null,null,serum|30ml,serum|30ml|bio:unknown|brand:eternalsecret|var:nano,13400,store,true,https://www.drsimi.cl/serum-10--con-nano-vitamina-c-eternal-secret/p
vitamina d gotas,salcobrand,VitaminLife Biotin Plus 60 Gummies,VitaminLife Biotin Plus 60 Gummies,VitaminLife,vitaminlife,null,null,null,biotin,null,null,vitaminlife,vitaminlife|bio:unknown|brand:vitaminlife|var:biotin,13424,online,true,https://salcobrand.cl/products/vitaminlife-biotin-plus-60-gummies?default_sku=582064
vitamina d gotas,dr-simi,Simi Gummies colágeno + vitamina c sabor a frutos del bosque 60 gomitas,Simi Gummies colágeno + vitamina c sabor a frutos del bosque 60 gomitas,DR. SIMI,simi,null,null,null,null,null,vitamina,simi,simi|bio:unknown|brand:drsimi|combo:vitamina,13480,store,true,https://www.drsimi.cl/simi-gummies-colageno-y-vitamina-c-sabor-frutos-del-bosque-sin-azucar-60-gomitas-ch6151/p
vitamina d gotas,salcobrand,Sérum Garnier Express Aclara Vitamina C Noche 30ml Rápida Absorción,Sérum Garnier Express Aclara Vitamina C Noche 30ml Rápida Absorción,Garnier,serum,30ml,null,null,garnier,null,null,serum|30ml|n,serum|30ml|n|bio:unknown|brand:garnier|var:garnier,15199,store,true,https://salcobrand.cl/products/serum-garnier-express-aclara-vitamina-c-noche-30ml-rapida-absorcion?default_sku=585946
vitamina d gotas,salcobrand,VitaminSure Advance – Sabor Chocolate 850g,VitaminSure Advance – Sabor Chocolate 850g,VitaminLife,vitaminsure,850000mg,null,null,advance,null,null,vitaminsure|850000mg,vitaminsure|850000mg|bio:unknown|brand:vitaminlife|var:advance,17999,online,true,https://salcobrand.cl/products/vitaminsure-advance-chocolate-850g?default_sku=594940
vitamina d gotas,ahumada,Cerave Serum con Vitamina C Renovador de Piel 30ml.,Cerave Serum con Vitamina C Renovador de Piel 30ml.,null,cerave,30ml,null,null,serum,null,null,cerave|30ml,cerave|30ml|bio:unknown|brand:unknown|var:serum,18083,store,true,https://www.farmaciasahumada.cl/cerave-serum-con-vitamina-c-renovador-de-piel-30ml.-96454.html
vitamina d gotas,ahumada,Serum Cerave Hidratante con Vitamina C Skin Renewing Serum x 30ml,Serum Cerave Hidratante con Vitamina C Skin Renewing Serum x 30ml,null,serum,30ml,null,null,cerave,null,null,serum|30ml|30,serum|30ml|30|bio:unknown|brand:unknown|var:cerave,19690,store,true,https://www.farmaciasahumada.cl/serum-cerave-hidratante-con-vitamina-c-skin-renewing-serum-x-30ml-96470.html
vitamina d gotas,salcobrand,VitaminLife Vitamina D3 800UI 90 Softgels,VitaminLife Vitamina D3 800UI 90 Softgels,VitaminLife,vitaminlife,null,null,null,vitamina,null,null,vitaminlife,vitaminlife|bio:unknown|brand:vitaminlife|var:vitamina,19999,store,true,https://salcobrand.cl/products/vitaminlife-vitamina-d3-800ui-90-softgels?default_sku=9033212
vitamina d gotas,salcobrand,Fórmula Infantil Similac 3 5HMO 800g,Fórmula Infantil Similac 3 5HMO 800g,Similac,formula,800000mg,null,null,infantil,null,null,formula|800000mg,formula|800000mg|bio:unknown|brand:similac|var:infantil,21499,store,true,https://salcobrand.cl/products/formula-infantil-similac-3-5hmo-800g?default_sku=10616
vitamina d gotas,ahumada,Contorno de Ojos La Roche Posay Redermic R 15 mL,Contorno de Ojos La Roche Posay Redermic R 15 mL,null,contorno,15ml,null,null,ojos,null,null,contorno|15ml,contorno|15ml|bio:unknown|brand:unknown|var:ojos,25619,store,true,https://www.farmaciasahumada.cl/contorno-de-ojos-la-roche-posay-redermic-r-15-ml-85696.html
vitamina d gotas,cruz-verde,Actine Serum Vitamina C Oil Control,Actine Serum Vitamina C Oil Control,null,actine,null,null,null,serum,null,null,actine,actine|bio:unknown|brand:unknown|var:serum,26990,store,false,https://www.cruzverde.cl/actine-serum-vitamina-c-oil-control/587391.html
vitamina d gotas,salcobrand,Ultra omega 3 VitaminLife 1200mg 90 Softgels,Ultra omega 3 VitaminLife 1200mg 90 Softgels,VitaminLife,ultra,1200mg,null,null,omega,null,null,ultra|1200mg,ultra|1200mg|bio:unknown|brand:vitaminlife|var:omega,27299,store,true,https://salcobrand.cl/products/vitaminlife-ultra-omega-3-1200mg-90-softgels?default_sku=574055
vitamina d gotas,salcobrand,Dépiderm Serum Iluminador Anti-Manchas Vitamina C 30ml de Uriage,Dépiderm Serum Iluminador Anti-Manchas Vitamina C 30ml de Uriage,Uriage,depiderm,30ml,null,null,serum,null,null,depiderm|30ml,depiderm|30ml|bio:unknown|brand:uriage|var:serum,29399,online,true,https://salcobrand.cl/products/depiderm-serum-iluminador-anti-manchas-vitamina-c-30ml-de-uriage?default_sku=586437
vitamina d gotas,salcobrand,Liftactiv Vitamina C Vichy Sérum 16%,Liftactiv Vitamina C Vichy Sérum 16%,Vichy,liftactiv,null,null,null,vitamina,null,null,liftactiv,liftactiv|bio:unknown|brand:vichy|var:vitamina,29539,online,true,https://salcobrand.cl/products/liftactiv-vitamina-c-serum-16?default_sku=581958
vitamina d gotas,salcobrand,Serúm Vitamina C Isdinceutics Flavo C 30ml,Serúm Vitamina C Isdinceutics Flavo C 30ml,Isdin,serum,30ml,null,null,vitamina,null,null,serum|30ml,serum|30ml|bio:unknown|brand:isdin|var:vitamina,29749,online,true,https://salcobrand.cl/products/serum-vitamina-c-isdinceutics-flavo-c-30ml?default_sku=573791
vitamina d gotas,salcobrand,SVR Sérum Antioxidante Ampoule Vitamina C 30ml,SVR Sérum Antioxidante Ampoule Vitamina C 30ml,SVR,svr,30ml,null,null,serum,null,null,svr|30ml,svr|30ml|bio:unknown|brand:svr|var:serum,30029,online,true,https://salcobrand.cl/products/svr-serum-antioxidante-ampoule-vitamina-c-30ml?default_sku=578714
vitamina d gotas,salcobrand,Omega 3 Ultra VitaminLife 150 Softgels,Omega 3 Ultra VitaminLife 150 Softgels,VitaminLife,omega,null,null,null,ultra,null,null,omega,omega|bio:unknown|brand:vitaminlife|var:ultra,35999,store,true,https://salcobrand.cl/products/omega-3-ultra-vitaminlife-150-softgels?default_sku=585981
vitamina d gotas,cruz-verde,Vitamina C Ácido Ascórbico 100 mg 10 Comprimidos,Vitamina C Ácido Ascórbico 100 mg 10 Comprimidos,null,vitamina,100mg,10,10,c,solid-oral,null,vitamina|100mg|10,vitamina|100mg|10|bio:unknown|brand:unknown|var:c|form:solid-oral,740,store,true,https://www.cruzverde.cl/vitamina-c-acido-ascorbico-100-mg-10-comprimidos/199102.html
vitamina d gotas,araucomed,Vitamina C 500 mg sabor naranja x 30 comprimidos masticables. (CuraeSpring),Vitamina C 500 mg sabor naranja x 30 comprimidos masticables. (CuraeSpring),CuraeSpring,vitamina,500mg,30,30,c,solid-oral,null,vitamina|500mg|30,vitamina|500mg|30|bio:unknown|brand:curaespring|var:c|form:solid-oral,1490,store,true,https://farmacia.araucomed.com/suplementos-de-vitamina-c/vitamina-c-500-mg-sabor-naranja-x-30-comprimidos-masticables-curaespring
vitamina d gotas,dr-simi,Crevet light vitamina C 100 mg 100 comprimidos masticables,Crevet light vitamina C 100 mg 100 comprimidos masticables,PRATER,crevet,100mg,100,100,light,solid-oral,null,crevet|100mg|100,crevet|100mg|100|bio:unknown|brand:prater|var:light|form:solid-oral,1920,store,true,https://www.drsimi.cl/crevet-light-vitamina-c-100-mg-100-comprimidos/p
vitamina d gotas,easyfarma,Vitamina C 100 Mg 100 Comp...,Vitamina C 100 Mg 100 Comp...,null,vitamina,100mg,100,100,c,solid-oral,null,vitamina|100mg|100,vitamina|100mg|100|bio:unknown|brand:springlife|var:c|form:solid-oral,1990,store,true,https://nuevo.easyfarma.cl/105604-vitamina-c-100-mg-100-comp-masticables-springlife.html
vitamina d gotas,dr-simi,Crevet light vitamina C 500 mg 32 comprimidos masticables,Crevet light vitamina C 500 mg 32 comprimidos masticables,PRATER,crevet,500mg,32,32,light,solid-oral,null,crevet|500mg|32,crevet|500mg|32|bio:unknown|brand:prater|var:light|form:solid-oral,2000,store,true,https://www.drsimi.cl/crevet-light-vitamina-c-500-mg-32-comprimidos/p
vitamina d gotas,ecofarmacias,Calcio Vitamina D 500/400 x 60 comprimidos. (Cenabast),Calcio Vitamina D 500/400 x 60 comprimidos. (Cenabast),null,calcio,null,60,60,vitamina,solid-oral,null,calcio|60,calcio|60|bio:unknown|brand:unknown|var:vitamina|form:solid-oral,2110,store,false,https://www.ecofarmacias.cl/producto/calcio-vitamina-d-500-400-x-60-comprimidos-cenabast/
vitamina d gotas,farmex,Vitamina C 500 mg + Zinc 20 mg x 60 cáps,Vitamina C 500 mg + Zinc 20 mg x 60 cáps,Pranalab,vitamina,500mg,60,60,null,solid-oral,zinc,vitamina|500mg|60,vitamina|500mg|60|bio:unknown|brand:pranalab|combo:zinc|form:solid-oral,2190,store,true,https://farmex.cl/products/vitamina-c-500-mg-zinc-20-mg-x-60-caps?_pos=5&_psq=vitamina&_psid=a615fd72d&_ss=e
vitamina d gotas,farmex,Vitamina C 1000 mg x 20 Tabletas efervescentes sabor Berries,Vitamina C 1000 mg x 20 Tabletas efervescentes sabor Berries,German Energy,vitamina,1000mg,20,20,c,solid-oral,null,vitamina|1000mg|20,vitamina|1000mg|20|bio:unknown|brand:germanenergy|var:c|form:solid-oral,2290,store,true,https://farmex.cl/products/vitamina-c-1000-mg-x-20-tabletas-efervescentes-sabor-berries?_pos=4&_psq=vitamina&_psid=a615fd72d&_ss=e
vitamina d gotas,araucomed,Vitamina C 1000 mg sabor naranja x 30 comprimidos masticables. (CuraeSpring),Vitamina C 1000 mg x 30 comprimidos,Curae Spring,vitamina,1000mg,30,30,c,solid-oral,null,vitamina|1000mg|30,vitamina|1000mg|30|bio:unknown|brand:curaespring|var:c|form:solid-oral,2390,store,true,https://farmacia.araucomed.com/suplementos-de-vitamina-c/vitamina-c-1000mg-masticables-x30com-curaespring
vitamina d gotas,farmex,Vitamina C 1000 mg x 30 comprimidos,Vitamina C 1000 mg x 30 comprimidos,Curae Spring,vitamina,1000mg,30,30,c,solid-oral,null,vitamina|1000mg|30,vitamina|1000mg|30|bio:unknown|brand:curaespring|var:c|form:solid-oral,2490,store,true,https://farmex.cl/products/vitamina-c-1000-mg-x-30-comprimidos?_pos=7&_psq=vitamina&_psid=a615fd72d&_ss=e
vitamina d gotas,araucomed,Vitamina C 1000mg Efervescente Naranja x 20 comprimidos (Easylife),Vitamina C 1000mg Efervescente Naranja x 20 comprimidos (Easylife),Easylife,vitamina,1000mg,20,20,c,solid-oral,null,vitamina|1000mg|20,vitamina|1000mg|20|bio:unknown|brand:easylife|var:c|form:solid-oral,2490,store,true,https://farmacia.araucomed.com/suplementos-de-vitamina-c/vitamina-c-1000mg-efervescente-naranja-x-20-comprimidos-easylife
vitamina d gotas,araucomed,Vitamina E 400 U.I. x 30 cápsulas blandas. (Suplalim),Vitamina E 400 U.I. x 30 cápsulas blandas. (Suplalim),Suplalim,vitamina,null,30,30,null,solid-oral,null,vitamina|30,vitamina|30|bio:unknown|brand:suplalim|form:solid-oral,2490,store,true,https://farmacia.araucomed.com/suplementos-de-vitamina-e/vitamina-e-400ui-x30cap-suplalim
vitamina d gotas,araucomed,Vitamina C Efervescente Limón 1000mg x20com (SpringLife),Vitamina C Efervescente Limón 1000mg x20com (SpringLife),Springlife,vitamina,1000mg,20,20,c,solid-oral,null,vitamina|1000mg|20,vitamina|1000mg|20|bio:unknown|brand:springlife|var:c|form:solid-oral,2490,store,true,https://farmacia.araucomed.com/suplementos-de-vitamina-c/vitamina-c-efervescente-limon-1000mg-x20com-springlife
vitamina d gotas,araucomed,Vitamina E 400 U.I. x 30 cápsulas blandas. (Labgea),Vitamina E 400 U.I. x 30 cápsulas blandas. (Labgea),LabGea,vitamina,null,30,30,null,solid-oral,null,vitamina|30,vitamina|30|bio:unknown|brand:labgea|form:solid-oral,2490,store,true,https://farmacia.araucomed.com/suplementos-de-vitamina-e/vitamina-e-400-ui-x-30-capsulas-blandas-labgea
vitamina d gotas,farmex,Vitamina C 1000 mg x 30 cápsulas,Vitamina C 1000 mg x 30 cápsulas,pranalab,vitamina,1000mg,30,30,c,solid-oral,null,vitamina|1000mg|30,vitamina|1000mg|30|bio:unknown|brand:pranalab|var:c|form:solid-oral,2490,store,true,https://farmex.cl/products/vitamina-c-1000-mg-x-30-capsulas?_pos=8&_psq=vitamina&_psid=a615fd72d&_ss=e
vitamina d gotas,araucomed,Vitamina D 800 U.I. sabor Manzana x 20 comprimidos efervescentes. (German Energy),Vitamina D 800 U.I. sabor Manzana x 20 comprimidos efervescentes. (German Energy),German Energy,vitamina,null,20,20,d,solid-oral,null,vitamina|20,vitamina|20|bio:unknown|brand:germanenergy|var:d|form:solid-oral,2590,store,true,https://farmacia.araucomed.com/suplementos-de-vitamina-d/vitamina-d-800ui-efervescente-manzana-x20com-german-energy
vitamina d gotas,sermecoop,Calcio + Vitamina D X 20 Tabletas Efervescentes,Calcio + Vitamina D X 20 Tabletas Efervescentes,null,calcio,null,20,20,null,solid-oral,vitamina,calcio|20,calcio|20|bio:unknown|brand:unknown|combo:vitamina|form:solid-oral,2690,store,false,https://www.farmaciasermecoop.cl/index.php/online/detalleproducto?p_=3475&d_=1
vitamina d gotas,dr-simi,SimiVit E vitamina E 400 UI 30 cápsulas blandas,SimiVit E vitamina E 400 UI 30 cápsulas blandas,DR. SIMI,simivit,null,30,30,vitamina,solid-oral,null,simivit|30,simivit|30|bio:unknown|brand:drsimi|var:vitamina|form:solid-oral,2800,store,true,https://www.drsimi.cl/simivit-e-vitamina-e-400-ui-30-capsulas/p
vitamina d gotas,ecofarmacias,Vitamina C 500mg sin azúcar x 30 comprimidos,Vitamina C 500mg sin azúcar x 30 comprimidos,null,vitamina,500mg,30,30,c,solid-oral,null,vitamina|500mg|30,vitamina|500mg|30|bio:unknown|brand:unknown|var:c|form:solid-oral,2980,store,true,https://www.ecofarmacias.cl/producto/vitamina-c-500-mg-sin-azucar-por-30-comprimidos/
vitamina d gotas,araucomed,Vitamina D3 800 U.I. x 60 comprimidos. (CuraeSpring),Vitamina D3 800 U.I. x 60 comprimidos. (CuraeSpring),CuraeSpring,vitamina,null,60,60,null,solid-oral,null,vitamina|60,vitamina|60|bio:unknown|brand:curaespring|form:solid-oral,2990,store,true,https://farmacia.araucomed.com/suplementos-de-vitamina-d/vitamina-d3-800-ui-x-60-comprimidos-curaespring
vitamina d gotas,ecofarmacias,Triple C Vitamina C 1000 mg + vit D + Zinc x  20 tabletas Efervescentes,Triple C Vitamina C 1000 mg + vit D + Zinc x  20 tabletas Efervescentes,null,triple,1000mg,20,20,null,solid-oral,zinc,triple|1000mg|20,triple|1000mg|20|bio:unknown|brand:unknown|combo:zinc|form:solid-oral,2990,store,true,https://www.ecofarmacias.cl/producto/triple-c-vitamina-c-1000-mg-vit-d-zinc-x-20-tabletas-efervescentes/
vitamina d gotas,easyfarma,Vitamina B12 30 capsulas 12...,Vitamina D3 800 UI x 30 cápsulas,Pranalab,vitamina,null,30,30,null,solid-oral,null,vitamina|30,vitamina|30|bio:unknown|brand:pranalab|form:solid-oral,2990,store,true,https://nuevo.easyfarma.cl/105411-vitamina-b12-30-capsulas-12-mcg-lab-pranalab.html
vitamina d gotas,farmex,Vitamina D3 800 UI x 30 cápsulas,Vitamina D3 800 UI x 30 cápsulas,Pranalab,vitamina,null,30,30,null,solid-oral,null,vitamina|30,vitamina|30|bio:unknown|brand:pranalab|form:solid-oral,4990,store,true,https://farmex.cl/products/vitamina-d3-800-ui-x-30-capsulas?_pos=2&_psq=vitamina&_psid=a615fd72d&_ss=e
vitamina d gotas,farmex,Vitamina D 800 U.I. x 60 cápsulas,Vitamina D 800 U.I. x 60 cápsulas,SPRINGLIFE,vitamina,null,60,60,d,solid-oral,null,vitamina|60,vitamina|60|bio:unknown|brand:springlife|var:d|form:solid-oral,2990,store,true,https://farmex.cl/products/vitamina-d-800-u-i-x-60-capsulas?_pos=9&_psq=vitamina&_psid=a615fd72d&_ss=e
vitamina d gotas,ecofarmacias,Vitamina C 1000mg x 20 tabletas efervecentes,Vitamina C 1000mg x 20 tabletas efervecentes,null,vitamina,1000mg,20,20,c,solid-oral,null,vitamina|1000mg|20,vitamina|1000mg|20|bio:unknown|brand:unknown|var:c|form:solid-oral,3000,store,false,https://www.ecofarmacias.cl/producto/vitamina-c-1000mg-x-20-tabletas-efervecentes/
vitamina d gotas,dr-simi,Vitamina C 1000 mg 20 tabletas efervescentes sabor limón,Vitamina C 1000 mg 20 tabletas efervescentes sabor limón,AD VITAM,vitamina,1000mg,20,20,c,solid-oral,null,vitamina|1000mg|20,vitamina|1000mg|20|bio:unknown|brand:advitam|var:c|form:solid-oral,3200,store,true,https://www.drsimi.cl/vitamina-c-tubo-1-gr-20-tableta-efervescente-1/p
vitamina d gotas,dr-simi,Vitamina B12 sabor pomelo 20 tabletas efervescentes,Vitamina B12 sabor pomelo 20 tabletas efervescentes,AD VITAM,vitamina,null,20,20,sabor,solid-oral,null,vitamina|20,vitamina|20|bio:unknown|brand:advitam|var:sabor|form:solid-oral,3360,store,true,https://www.drsimi.cl/vitamina-b12-sabor-pomelo-20-tabletas-efervescentes-1/p
vitamina d gotas,dr-simi,Calcio + vitamina D3 sabor naranja 20 tabletas efervescentes,Calcio + vitamina D3 sabor naranja 20 tabletas efervescentes,Swiss Energy,calcio,null,20,20,null,solid-oral,vitamina,calcio|20,calcio|20|bio:unknown|brand:swissenergy|combo:vitamina|form:solid-oral,3360,store,true,https://www.drsimi.cl/calcio-ca-calcio-vitamina-d3-500mg-7-5mcg-sin-sabor-tubo-20-tableta-efervescente/p
vitamina d gotas,araucomed,Vitamina D3 800 U.I. x 60 cápsulas. (Aura Vitalis),Vitamina D3 800 U.I. x 60 cápsulas. (Aura Vitalis),Aura Vitalis,vitamina,null,60,60,null,solid-oral,null,vitamina|60,vitamina|60|bio:unknown|brand:auravitalis|form:solid-oral,3490,store,true,https://farmacia.araucomed.com/suplementos-de-vitamina-d/vitamina-d3-800-ui-x-60-capsulas-aura-vitalis
vitamina d gotas,ahumada,Vitamina E + Selenio 90 Cápsulas,Vitamina E + Selenio 90 Cápsulas,null,vitamina,null,90,90,null,solid-oral,selenio,vitamina|90,vitamina|90|bio:unknown|brand:unknown|combo:selenio|form:solid-oral,3536,store,true,https://www.farmaciasahumada.cl/vitamina-e-selenio-90-capsulas-91683.html
vitamina d gotas,dr-simi,Propóleo y vitamina C 40 cápsulas,Propóleo y vitamina C 40 cápsulas,Prosana,propoleo,null,40,40,vitamina,solid-oral,null,propoleo|40,propoleo|40|bio:unknown|brand:prosana|var:vitamina|form:solid-oral,3600,store,true,https://www.drsimi.cl/propoleo-c-propoleo-vitamina-c-200-100-mg-40-capsulas/p
vitamina d gotas,ecofarmacias,Vitaminas B1 – B6 – B12 10.000 UI / 3 ml x 3 ampollas solución inyectable DESCUENTO,Vitaminas B1 – B6 – B12 10.000 UI / 3 ml x 3 ampollas solución inyectable DESCUENTO,null,vitaminas,3ml,3,3,null,injectable,null,vitaminas|3ml|3,vitaminas|3ml|3|bio:unknown|brand:unknown|form:injectable,3690,store,false,https://www.ecofarmacias.cl/producto/vitaminas-b1-b6-b12-10-000-ui-3-ml-x-3-ampollas-solucion-inyectable-descuento/
vitamina d gotas,ecofarmacias,Vitamina C 1000mg x 30 Comprimidos Masticables,Vitamina C 1000mg x 30 Comprimidos Masticables,null,vitamina,1000mg,30,30,c,solid-oral,null,vitamina|1000mg|30,vitamina|1000mg|30|bio:unknown|brand:unknown|var:c|form:solid-oral,3690,store,false,https://www.ecofarmacias.cl/producto/vitamina-c-1000mg-x-30-comprimidos-masticables/
vitamina d gotas,farmex,Vitamina E x 60 comprimidos,Vitamina E x 60 comprimidos,Massano,vitamina,null,60,60,null,solid-oral,null,vitamina|60,vitamina|60|bio:unknown|brand:massano|form:solid-oral,3890,store,true,https://farmex.cl/products/vitamina-e-x-60-comprimidos?_pos=10&_psq=vitamina&_psid=a615fd72d&_ss=e
vitamina d gotas,ahumada,Crema Frutos Rojos y Vitamina C St Ives 532 Ml,Crema Frutos Rojos y Vitamina C St Ives 532 Ml,null,frutos,532ml,null,null,rojos,topical,null,frutos|532ml,frutos|532ml|bio:unknown|brand:unknown|var:rojos|form:topical,3920,store,true,https://www.farmaciasahumada.cl/crema-frutos-rojos-y-vitamina-c-st-ives-532-ml-94553.html
vitamina d gotas,ahumada,Natuvit Vitamina C 1000 Mg 30 Cápsulas,Natuvit Vitamina C 1000 Mg 30 Cápsulas,null,natuvit,1000mg,30,30,vitamina,solid-oral,null,natuvit|1000mg|30,natuvit|1000mg|30|bio:unknown|brand:unknown|var:vitamina|form:solid-oral,3990,store,true,https://www.farmaciasahumada.cl/natuvit-vitamina-c-1000-mg-30-capsulas-94419.html
vitamina d gotas,araucomed,Vitamina C 500mg Sabor Naranja x 60 comprimidos masticables (Nutrapharm),Vitamina C 500mg Sabor Naranja x 60 comprimidos masticables (Nutrapharm),Nutrapharm,vitamina,500mg,60,60,c,solid-oral,null,vitamina|500mg|60,vitamina|500mg|60|bio:unknown|brand:nutrapharm|var:c|form:solid-oral,3990,store,true,https://farmacia.araucomed.com/suplementos-de-vitamina-c/vitamina-c-sabor-naranja-60-comprimidos-masticables-nutrapharm
vitamina d gotas,ecofarmacias,Vitamina D 800 UI x 20 tabletas efervecentes,Vitamina D 800 UI x 20 tabletas efervecentes,null,vitamina,null,20,20,d,solid-oral,null,vitamina|20,vitamina|20|bio:unknown|brand:unknown|var:d|form:solid-oral,3990,store,false,https://www.ecofarmacias.cl/producto/vitamina-d-800-ui-x-20-tabletas-efervecentes/
vitamina d gotas,ecofarmacias,Vitamina C + D + Zinc x 20 tableta efervescentes,Vitamina C + D + Zinc x 20 tableta efervescentes,null,vitamina,null,20,20,null,solid-oral,zinc,vitamina|20,vitamina|20|bio:unknown|brand:unknown|combo:zinc|form:solid-oral,3990,store,false,https://www.ecofarmacias.cl/producto/vitamina-c-d-zinc-x-20-tableta-efervescentes/
vitamina d gotas,farmex,Vitamina C 1000 mg x 30 caps,Vitamina C 1000 mg x 30 caps,green medical,vitamina,1000mg,30,30,c,solid-oral,null,vitamina|1000mg|30,vitamina|1000mg|30|bio:unknown|brand:greenmedical|var:c|form:solid-oral,3990,store,true,https://farmex.cl/products/vitamina-c-1000-mg-x-30-caps?_pos=3&_psq=vitamina&_psid=a615fd72d&_ss=e
vitamina d gotas,easyfarma,Vitamina C + Zinc 20 Tab....,Vitamina C + Zinc 20 Tab....,null,vitamina,null,20,20,null,solid-oral,zinc,vitamina|20,vitamina|20|bio:unknown|brand:energy|combo:zinc|form:solid-oral,3990,store,true,https://nuevo.easyfarma.cl/105364-vitamina-c-zinc-20-tab-efervescentes-sabor-naranja-german-energy.html
vitamina d gotas,easyfarma,Vitamina C 1000 Mg 20 Tab....,Vitamina C 1000 Mg 20 Tab....,null,vitamina,1000mg,20,20,c,solid-oral,null,vitamina|1000mg|20,vitamina|1000mg|20|bio:unknown|brand:energy|var:c|form:solid-oral,3990,store,true,https://nuevo.easyfarma.cl/105366-vitamina-c-1000-mg-20-tab-efervescentes-sabor-limon-vita-energy.html
vitamina d gotas,ecofarmacias,L-Arginina + Vitamina C x 20 tabletas efervecentes,L-Arginina + Vitamina C x 20 tabletas efervecentes,null,larginina,null,20,20,null,solid-oral,vitamina,larginina|20,larginina|20|bio:unknown|brand:unknown|combo:vitamina|form:solid-oral,4000,store,false,https://www.ecofarmacias.cl/producto/l-arginina-vitamina-c-x-20-tabletas-efervecentes/
vitamina d gotas,salcobrand,VitaminLife Vitamina C 1000mg 20 Tabletas Efervescentes,VitaminLife Vitamina C 1000mg 20 Tabletas Efervescentes,VitaminLife,vitaminlife,1000mg,20,20,vitamina,solid-oral,null,vitaminlife|1000mg|20,vitaminlife|1000mg|20|bio:unknown|brand:vitaminlife|var:vitamina|form:solid-oral,4299,store,true,https://salcobrand.cl/products/vitaminlife-vitamina-c-1000mg-20-tabletas-efervescentes?default_sku=9032883
vitamina d gotas,dr-simi,Vitamina D3 800 UI 30 comprimidos,Vitamina D3 800 UI 30 comprimidos,DR. SIMI,vitamina,null,30,30,null,solid-oral,null,vitamina|30,vitamina|30|bio:unknown|brand:drsimi|form:solid-oral,4400,store,true,https://www.drsimi.cl/vitamina-d3-vitamina-d3-colecalciferol-800-ui-30-comprimidos/p
vitamina d gotas,easyfarma,Vitamina A 60 Cap. Blandas...,Vitamina A 60 Cap. Blandas...,null,vitamina,null,60,60,null,solid-oral,null,vitamina|60,vitamina|60|bio:unknown|brand:farm|form:solid-oral,4490,store,true,https://nuevo.easyfarma.cl/104462-vitamina-a-60-cap-blandas-natural-farm.html
vitamina d gotas,cruz-verde,Vitamina E 400 UI 30 Cápsulas Blandas,Vitamina E 400 UI 30 Cápsulas Blandas,null,vitamina,null,30,30,null,solid-oral,null,vitamina|30,vitamina|30|bio:unknown|brand:unknown|form:solid-oral,4690,store,true,https://www.cruzverde.cl/vitamina-e-400-ui-30-capsulas-blandas/199195.html
vitamina d gotas,ahumada,Crema Multipropósito Nivea Soft Cara Manos Cuerpo 200 ml,Crema Multipropósito Nivea Soft Cara Manos Cuerpo 200 ml,null,multiproposito,200ml,null,null,nivea,topical,null,multiproposito|200ml,multiproposito|200ml|bio:unknown|brand:unknown|var:nivea|form:topical,4756,store,true,https://www.farmaciasahumada.cl/crema-multiproposito-nivea-soft-cara-manos-cuerpo-200-ml-7300.html
vitamina d gotas,ahumada,Vitamina E Natuvit 1000 UI 60 Cápsulas,Vitamina E Natuvit 1000 UI 60 Cápsulas,null,vitamina,null,60,60,natuvit,solid-oral,null,vitamina|60,vitamina|60|bio:unknown|brand:unknown|var:natuvit|form:solid-oral,5490,store,true,https://www.farmaciasahumada.cl/vitamina-e-natuvit-1000-ui-60-capsulas-94425.html
vitamina d gotas,ecofarmacias,Magnesio + Vitamina C x20 tabletas efervescentes,Magnesio + Vitamina C x20 tabletas efervescentes,null,magnesio,null,20,20,null,solid-oral,vitamina,magnesio|20,magnesio|20|bio:unknown|brand:unknown|combo:vitamina|form:solid-oral,5600,store,true,https://www.ecofarmacias.cl/producto/magnesio-vitamina-c-x20-tabletas-efervescentes/
vitamina d gotas,ecofarmacias,Vitamina C + Zinc x 60 cápsulas,Vitamina C + Zinc x 60 cápsulas,null,vitamina,null,60,60,null,solid-oral,zinc,vitamina|60,vitamina|60|bio:unknown|brand:unknown|combo:zinc|form:solid-oral,5980,store,false,https://www.ecofarmacias.cl/producto/vitamina-c-zinc-x-60-capsulas/
vitamina d gotas,ecofarmacias,Vitamina D3 800 UI x 120 cápsulas duras Raíz Natural DESCUENTO,Vitamina D3 800 UI x 120 cápsulas duras Raíz Natural DESCUENTO,null,vitamina,null,120,120,null,solid-oral,null,vitamina|120,vitamina|120|bio:unknown|brand:unknown|form:solid-oral,6000,store,false,https://www.ecofarmacias.cl/producto/vitamina-d3-800-ui-x-120-capsulas-duras-raiz-natural-descuento/
vitamina d gotas,araucomed,Vitamina E 400 ui x 100 cápsulas (Green Medical),Vitamina E 400 ui x 100 cápsulas (Green Medical),Green Medical,vitamina,null,100,100,null,solid-oral,null,vitamina|100,vitamina|100|bio:unknown|brand:greenmedical|form:solid-oral,6490,store,true,https://farmacia.araucomed.com/suplementos-de-vitamina-e/vitamina-e-400-ui-x-100-capsulas-green-medical
vitamina d gotas,ahumada,Vitaday Zinc 15 Mg 60 Tabletas,Vitaday Zinc 15 Mg 60 Tabletas,null,vitaday,15mg,60,60,zinc,solid-oral,null,vitaday|15mg|60,vitaday|15mg|60|bio:unknown|brand:unknown|var:zinc|form:solid-oral,6590,store,true,https://www.farmaciasahumada.cl/vitaday-zinc-15-mg-60-tabletas-94953.html
vitamina d gotas,araucomed,Biotina + Vitamina E x 60 cápsulas. (SpringLife),Biotina + Vitamina E x 60 cápsulas. (SpringLife),Springlife,biotina,null,60,60,null,solid-oral,vitamina,biotina|60,biotina|60|bio:unknown|brand:springlife|combo:vitamina|form:solid-oral,6990,store,true,https://farmacia.araucomed.com/suplementos-de-vitamina-e/biotina-vitamina-e-x-60-capsulas-springlife
vitamina d gotas,araucomed,Vitamina D3 800 U.I. x 60 cápsulas. (Knop),Vitamina D3 800 U.I. x 60 cápsulas. (Knop),Knop,vitamina,null,60,60,null,solid-oral,null,vitamina|60,vitamina|60|bio:unknown|brand:knop|form:solid-oral,6990,store,true,https://farmacia.araucomed.com/suplementos-de-vitamina-d/vitamina-d3-800-ui-x60cap-knop
vitamina d gotas,ecofarmacias,Vitamina D3 x 60 cápsulas,Vitamina D3 x 60 cápsulas,null,vitamina,null,60,60,null,solid-oral,null,vitamina|60,vitamina|60|bio:unknown|brand:unknown|form:solid-oral,6990,store,false,https://www.ecofarmacias.cl/producto/vitamina-d3-x-60-capsulas/
vitamina d gotas,dr-simi,Elcal D Plus calcio 500 mg vitamina D 400 UI 30 cápsulas,Elcal D Plus calcio 500 mg vitamina D 400 UI 30 cápsulas,ANDRÓMACO,elcal,500mg,30,30,d,solid-oral,null,elcal|500mg|30,elcal|500mg|30|bio:false|brand:andromaco|var:d|form:solid-oral,7600,store,true,https://www.drsimi.cl/elcal-d-plus-30-capsulas/p
vitamina d gotas,ahumada,Glicenex SR 500 mg x 30 Comprimidos de Liberación Prolongada,Glicenex SR 500 mg x 30 Comprimidos de Liberación Prolongada,null,glicenex,500mg,30,30,sr,solid-oral,null,glicenex|500mg|30,glicenex|500mg|30|bio:true|brand:unknown|var:sr|form:solid-oral,7962,store,true,https://www.farmaciasahumada.cl/glicenex-sr-500-mg-x-30-comprimidos-de-liberacion-prolongada-65249.html
vitamina d gotas,ecofarmacias,Vitamina C x 60 cápsulas,Vitamina C x 60 cápsulas,null,vitamina,null,60,60,c,solid-oral,null,vitamina|60,vitamina|60|bio:unknown|brand:unknown|var:c|form:solid-oral,7980,store,false,https://www.ecofarmacias.cl/producto/vitamina-c-x-60-capsulas/
vitamina d gotas,ahumada,Vitaday Vitamina C 1000 Mg 60 Tabletas,Vitaday Vitamina C 1000 Mg 60 Tabletas,null,vitaday,1000mg,60,60,vitamina,solid-oral,null,vitaday|1000mg|60,vitaday|1000mg|60|bio:unknown|brand:unknown|var:vitamina|form:solid-oral,7990,store,true,https://www.farmaciasahumada.cl/vitaday-vitamina-c-1000-mg-60-tabletas-94951.html
vitamina d gotas,ahumada,Crema Corporal Nivea Q10 Reafirmante 1000 ml,Crema Corporal Nivea Q10 Reafirmante 1000 ml,null,corporal,1000ml,null,null,nivea,topical,null,corporal|1000ml,corporal|1000ml|bio:unknown|brand:unknown|var:nivea|form:topical,8749,store,true,https://www.farmaciasahumada.cl/crema-corporal-nivea-q10-reafirmante-1000-ml-83566.html
vitamina d gotas,cruz-verde,Tiamina 10 mg 40 Comprimidos,Tiamina 10 mg 40 Comprimidos,null,tiamina,10mg,40,40,null,solid-oral,null,tiamina|10mg|40,tiamina|10mg|40|bio:unknown|brand:unknown|form:solid-oral,8990,store,true,https://www.cruzverde.cl/tiamina-10-mg-40-comprimidos/2136.html
vitamina d gotas,ahumada,Vitaday Vitamina B12 12 Mcg 60 Cápsulas,Vitaday Vitamina B12 12 Mcg 60 Cápsulas,null,vitaday,0.012mg,60,60,vitamina,solid-oral,null,vitaday|12mcg|60,vitaday|12mcg|60|bio:unknown|brand:unknown|var:vitamina|form:solid-oral,8990,store,true,https://www.farmaciasahumada.cl/vitaday-vitamina-b12-12-mcg-60-capsulas-94872.html
vitamina d gotas,araucomed,Vitamina E 400 mg x 60 cápsulas. (Knop),Vitamina E 400 mg x 60 cápsulas. (Knop),Knop,vitamina,400mg,60,60,null,solid-oral,null,vitamina|400mg|60,vitamina|400mg|60|bio:unknown|brand:knop|form:solid-oral,9490,store,true,https://farmacia.araucomed.com/suplementos-de-vitamina-e/vitamina-e-400mg-x60cap-knop
vitamina d gotas,ahumada,Vitaday Vitamina C 1000 mg + Zinc x 60 Cápsulas,Vitaday Vitamina C 1000 mg + Zinc x 60 Cápsulas,null,vitaday,1000mg,60,60,null,solid-oral,zinc,vitaday|1000mg|60,vitaday|1000mg|60|bio:unknown|brand:unknown|combo:zinc|form:solid-oral,9990,store,true,https://www.farmaciasahumada.cl/vitaday-vitamina-c-1000-mg-zinc-x-60-capsulas-97901.html
vitamina d gotas,farmex,Vidyn 50.000UI Vitamina D3 4 Cápsulas Blandas,Vidyn 50.000UI Vitamina D3 4 Cápsulas Blandas,SANITAS,vidyn,null,4,4,null,solid-oral,null,vidyn|4,vidyn|4|bio:unknown|brand:sanitas|form:solid-oral,11890,store,true,https://farmex.cl/products/vidyn-50-000ui-vitamina-d3-4-capsulas-blandas?_pos=1&_psq=vitamina&_psid=a615fd72d&_ss=e
vitamina d gotas,ecofarmacias,Vitamina D Vidyn 50.000UI x 4 cápsulas blandas,Vitamina D Vidyn 50.000UI x 4 cápsulas blandas,null,vitamina,null,4,4,d,solid-oral,null,vitamina|4,vitamina|4|bio:unknown|brand:unknown|var:d|form:solid-oral,12500,store,true,https://www.ecofarmacias.cl/producto/vitamina-d-vidyn-50-000ui-x-4-capsulas-blandas/
vitamina d gotas,ahumada,Super B-Complex Vitaday 60 Cápsulas,Super B-Complex Vitaday 60 Cápsulas,null,super,null,60,60,bcomplex,solid-oral,null,super|60,super|60|bio:unknown|brand:unknown|var:bcomplex|form:solid-oral,12599,store,true,https://www.farmaciasahumada.cl/super-b-complex-vitaday-60-capsulas-95072.html
vitamina d gotas,dr-simi,Elcal D calcio 320 mg vitamina D 125 UI 60 cápsulas,Elcal D calcio 320 mg vitamina D 125 UI 60 cápsulas,ANDRÓMACO,elcal,320mg,60,60,d,solid-oral,null,elcal|320mg|60,elcal|320mg|60|bio:false|brand:andromaco|var:d|form:solid-oral,13400,store,true,https://www.drsimi.cl/elcal-d-60-capsulas/p
vitamina d gotas,ahumada,Dolomerpal x 20 Cápsulas Blandas,Dolomerpal x 20 Cápsulas Blandas,null,dolomerpal,null,20,20,null,solid-oral,null,dolomerpal|20,dolomerpal|20|bio:unknown|brand:unknown|form:solid-oral,13545,store,true,https://www.farmaciasahumada.cl/dolomerpal-x-20-capsulas-blandas-82699.html
vitamina d gotas,salcobrand,Anacaps Activ´+ 30 Cápsulas,Anacaps Activ´+ 30 Cápsulas,Ducray,anacaps,null,30,30,activ,solid-oral,null,anacaps|30,anacaps|30|bio:unknown|brand:ducray|var:activ|form:solid-oral,13790,online,true,https://salcobrand.cl/products/anacaps-activ-30-capsulas?default_sku=5220382
vitamina d gotas,dr-simi,Elcal D Forte calcio 450 mg vitamina D 175 UI 60 cápsulas,Elcal D Forte calcio 450 mg vitamina D 175 UI 60 cápsulas,ANDRÓMACO,elcal,450mg,60,60,d,solid-oral,null,elcal|450mg|60,elcal|450mg|60|bio:false|brand:andromaco|var:d|form:solid-oral,13800,store,true,https://www.drsimi.cl/elcal-d-forte/p
vitamina d gotas,salcobrand,Centrum Mujer Multivitamínico con Vitaminas y Minerales 30 Comprimidos,Centrum Mujer Multivitamínico con Vitaminas y Minerales 30 Comprimidos,Centrum,centrum,null,30,30,mujer,solid-oral,null,centrum|30,centrum|30|bio:unknown|brand:centrum|var:mujer|form:solid-oral,13949,online,true,https://salcobrand.cl/products/centrum-mujer-multivitaminico-con-vitaminas-y-minerales-30-comprimidos?default_sku=576418
vitamina d gotas,salcobrand,VitaminLife Citrato de Magnesio 800mg - 60 Cápsulas,VitaminLife Citrato de Magnesio 800mg - 60 Cápsulas,VitaminLife,vitaminlife,800mg,60,60,magnesio,solid-oral,null,vitaminlife|800mg|60,vitaminlife|800mg|60|bio:unknown|brand:vitaminlife|var:magnesio|form:solid-oral,13999,store,true,https://salcobrand.cl/products/citrato-de-magnesio-800mg-60-capsulas?default_sku=585546
vitamina d gotas,salcobrand,VitaminLife Multivitamínico Students Daily One 60 Cápsulas,VitaminLife Multivitamínico Students Daily One 60 Cápsulas,VitaminLife,vitaminlife,null,60,60,multivitaminico,solid-oral,null,vitaminlife|60,vitaminlife|60|bio:unknown|brand:vitaminlife|var:multivitaminico|form:solid-oral,14624,online,true,https://salcobrand.cl/products/vitaminlife-multivitaminico-students-daily-one-60-capsulas?default_sku=9030059
vitamina d gotas,cruz-verde,Seredan L-3gen Vitaminas 60 Cápsulas,Seredan L-3gen Vitaminas 60 Cápsulas,null,seredan,null,60,60,vitaminas,solid-oral,null,seredan|60,seredan|60|bio:unknown|brand:unknown|var:vitaminas|form:solid-oral,14690,store,true,https://www.cruzverde.cl/seredan-l-3gen-vitaminas-60-capsulas/290386.html
vitamina d gotas,dr-simi,Elcal D Plus calcio 500 mg vitamina D 400 UI 60 cápsulas,Elcal D Plus calcio 500 mg vitamina D 400 UI 60 cápsulas,ANDRÓMACO,elcal,500mg,60,60,d,solid-oral,null,elcal|500mg|60,elcal|500mg|60|bio:false|brand:andromaco|var:d|form:solid-oral,14800,store,true,https://www.drsimi.cl/elcal-d-plus-60-capsulas/p
vitamina d gotas,ecofarmacias,Epilobiotic probioticos + vitaminas y minerales x 30 cápsulas,Epilobiotic probioticos + vitaminas y minerales x 30 cápsulas,null,epilobiotic,null,30,30,null,solid-oral,vitaminas,epilobiotic|30,epilobiotic|30|bio:unknown|brand:unknown|combo:vitaminas|form:solid-oral,14900,store,true,https://www.ecofarmacias.cl/producto/probioticos-epilobiotic-probioticos-vitaminas-y-minerales-x-30-capsulas/
vitamina d gotas,cruz-verde,Infor Pro 3 Vitaminas 30 Comprimidos,Infor Pro 3 Vitaminas 30 Comprimidos,null,infor,null,30,30,pro,solid-oral,null,infor|30,infor|30|bio:unknown|brand:unknown|var:pro|form:solid-oral,15160,store,true,https://www.cruzverde.cl/infor-pro-3-vitaminas-30-comprimidos/261758.html
vitamina d gotas,salcobrand,VitaminLife Vitamina B12 Masticable 90 Tabletas,VitaminLife Vitamina B12 Masticable 90 Tabletas,VitaminLife,vitaminlife,null,90,90,vitamina,solid-oral,null,vitaminlife|90,vitaminlife|90|bio:unknown|brand:vitaminlife|var:vitamina|form:solid-oral,15599,store,true,https://salcobrand.cl/products/vitaminlife-vitamina-b12-masticable-90-tabletas?default_sku=584094
vitamina d gotas,cruz-verde,Bion 3 Multivitamínico con Probióticos 30 Comprimidos,Bion 3 Multivitamínico con Probióticos 30 Comprimidos,null,bion,null,30,30,multivitaminico,solid-oral,null,bion|30,bion|30|bio:unknown|brand:unknown|var:multivitaminico|form:solid-oral,17440,store,true,https://www.cruzverde.cl/bion-3-multivitaminico-con-probioticos-30-comprimidos/11161.html
vitamina d gotas,dr-simi,BCAA caps + vitamina B6 120 cápsulas,BCAA caps + vitamina B6 120 cápsulas,PRONUTRITION,bcaacaps,null,120,120,null,solid-oral,vitamina,bcaacaps|120,bcaacaps|120|bio:unknown|brand:pronutrition|combo:vitamina|form:solid-oral,18200,store,true,https://www.drsimi.cl/bcaa-vit-b6-aminoacidos-esenciales-de-cadena-ramificada-vitamina-b6-frasco-120-capsulas-sin-olor-no-contiene-gluten/p
vitamina d gotas,cruz-verde,Deblax Vitamina D3 100.000Ui 1 Cápsula Blanda,Deblax Vitamina D3 100.000Ui 1 Cápsula Blanda,null,deblax,null,1,1,vitamina,solid-oral,null,deblax,deblax|bio:unknown|brand:unknown|var:vitamina|form:solid-oral,18990,store,true,https://www.cruzverde.cl/deblax-vitamina-d3-100-000ui-1-capsula-blanda/297463.html
vitamina d gotas,araucomed,Vitamin Up Vitamina C Liposomal x 60 cápsulas.,Vitamin Up Vitamina C Liposomal x 60 cápsulas.,null,vitamin,null,60,60,up,solid-oral,null,vitamin|60,vitamin|60|bio:unknown|brand:unknown|var:up|form:solid-oral,18990,store,true,https://farmacia.araucomed.com/suplementos-de-vitamina-c/vitamin-up-vitamina-c-liposomal-x-60-capsulas
vitamina d gotas,salcobrand,VitaminLife Multivitamínico Women's Daily One 90 Cápsulas,VitaminLife Multivitamínico Women's Daily One 90 Cápsulas,VitaminLife,vitaminlife,null,90,90,multivitaminico,solid-oral,null,vitaminlife|90,vitaminlife|90|bio:unknown|brand:vitaminlife|var:multivitaminico|form:solid-oral,19724,online,true,https://salcobrand.cl/products/vitaminlife-multivitaminico-women-s-daily-one-90-capsulas?default_sku=9030002
vitamina d gotas,salcobrand,VitaminLife Multivitamínico Men's Daily One 100 Tabletas,VitaminLife Multivitamínico Men's Daily One 100 Tabletas,VitaminLife,vitaminlife,null,100,100,multivitaminico,solid-oral,null,vitaminlife|100,vitaminlife|100|bio:unknown|brand:vitaminlife|var:multivitaminico|form:solid-oral,19724,online,true,https://salcobrand.cl/products/vitaminlife-multivitaminico-men-s-daily-one-100-tabletas?default_sku=9030001
vitamina d gotas,cruz-verde,Naticare Supra Omega 3(Dha) 30 Cápsulas,Naticare Supra Omega 3(Dha) 30 Cápsulas,null,naticare,null,30,30,supra,solid-oral,null,naticare|30,naticare|30|bio:unknown|brand:unknown|var:supra|form:solid-oral,20980,store,true,https://www.cruzverde.cl/naticare-supra-omega-3-dha-30-capsulas/290281.html
vitamina d gotas,cruz-verde,Citracal Max Citrato De Calcio 60 Comprimidos Recubierto,Citracal Max Citrato De Calcio 60 Comprimidos Recubierto,null,citracal,null,60,60,max,solid-oral,null,citracal|60,citracal|60|bio:unknown|brand:unknown|var:max|form:solid-oral,21090,store,true,https://www.cruzverde.cl/citracal-max-citrato-de-calcio-60-comprimidos-recubierto/265350.html
vitamina d gotas,cruz-verde,Bion 3 Mini Cultivos Probioticos Vitaminas 300 mcg 30 Comprimidos,Bion 3 Mini Cultivos Probioticos Vitaminas 300 mcg 30 Comprimidos,null,bionmini,0.3mg,30,30,cultivos,solid-oral,null,bionmini|300mcg|30,bionmini|300mcg|30|bio:unknown|brand:unknown|var:cultivos|form:solid-oral,21890,store,true,https://www.cruzverde.cl/bion-3-mini-cultivos-probioticos-vitaminas-300-mcg-30-comprimidos/258595.html
vitamina d gotas,ahumada,Deblax 100000 UI 2 Cápsulas Blandas,Deblax 100000 UI 2 Cápsulas Blandas,null,deblax,null,2,2,null,solid-oral,null,deblax|2,deblax|2|bio:unknown|brand:unknown|form:solid-oral,23673,store,true,https://www.farmaciasahumada.cl/deblax-100000-ui-2-capsulas-blandas-93440.html
vitamina d gotas,cruz-verde,Bion 3 Senior Vitaminas 30 Comprimidos Recubierto,Bion 3 Senior Vitaminas 30 Comprimidos Recubierto,null,bion,null,30,30,senior,solid-oral,null,bion|30,bion|30|bio:unknown|brand:unknown|var:senior|form:solid-oral,23790,store,true,https://www.cruzverde.cl/bion-3-senior-vitaminas-30-comprimidos-recubierto/277257.html
vitamina d gotas,cruz-verde,Elcal-D Plus Calcio 500 mg Vitamina D 400 UI 30 Cápsulas,Elcal-D Plus Calcio 500 mg Vitamina D 400 UI 30 Cápsulas,null,elcald,500mg,30,30,plus,solid-oral,null,elcald|500mg|30,elcald|500mg|30|bio:unknown|brand:unknown|var:plus|form:solid-oral,23890,store,true,https://www.cruzverde.cl/elcal-d-plus-calcio-500-mg-vitamina-d-400-ui-30-capsulas/15491.html
vitamina d gotas,cruz-verde,Regenesis Up Omega 3 300 mg 30 Cápsulas Blandas,Regenesis Up Omega 3 300 mg 30 Cápsulas Blandas,null,regenesis,300mg,30,30,up,solid-oral,null,regenesis|300mg|30,regenesis|300mg|30|bio:unknown|brand:unknown|var:up|form:solid-oral,25990,store,true,https://www.cruzverde.cl/regenesis-up-omega-3-300-mg-30-capsulas-blandas/292701.html
vitamina d gotas,cruz-verde,Rivoxa Rivaroxabán 15 mg 30 Comprimidos Recubiertos,Rivoxa Rivaroxabán 15 mg 30 Comprimidos Recubiertos,null,rivoxa,15mg,30,30,rivaroxaban,solid-oral,null,rivoxa|15mg|30,rivoxa|15mg|30|bio:unknown|brand:unknown|var:rivaroxaban|form:solid-oral,25990,store,true,https://www.cruzverde.cl/rivoxa-rivaroxaban-15-mg-30-comprimidos-recubiertos/527350.html
vitamina d gotas,dr-simi,Deltius Vitamina D3 100.000 UI 4 ampollas,Deltius Vitamina D3 100.000 UI 4 ampollas,ITF LABOMED,deltius,null,4,4,vitamina,injectable,null,deltius|4,deltius|4|bio:false|brand:itflabomed|var:vitamina|form:injectable,28000,store,true,https://www.drsimi.cl/vitamina-d3-100-000-ui-2-5-mg-solucion-oral-ampollas-bebibles-con-1-ml/p
vitamina d gotas,ahumada,La Roche Posay Crema Hyalu C Piel Normal x 40 mL,La Roche Posay Crema Hyalu C Piel Normal x 40 mL,null,roche,40ml,null,null,posay,topical,null,roche|40ml|40,roche|40ml|40|bio:unknown|brand:unknown|var:posay|form:topical,29159,store,true,https://www.farmaciasahumada.cl/la-roche-posay-crema-hyalu-c-piel-normal-x-40-ml-74286.html
vitamina d gotas,cruz-verde,Rivoxa Rivaroxabán 20 mg 30 Comprimidos Recubiertos,Rivoxa Rivaroxabán 20 mg 30 Comprimidos Recubiertos,null,rivoxa,20mg,30,30,rivaroxaban,solid-oral,null,rivoxa|20mg|30,rivoxa|20mg|30|bio:unknown|brand:unknown|var:rivaroxaban|form:solid-oral,29490,store,true,https://www.cruzverde.cl/rivoxa-rivaroxaban-20-mg-30-comprimidos-recubiertos/527351.html
vitamina d gotas,ahumada,Crema Vichy Anti Edad Liftactiv Collagen Specialist Día 50 mL,Crema Vichy Anti Edad Liftactiv Collagen Specialist Día 50 mL,null,vichy,50ml,null,null,anti,topical,null,vichy|50ml|d,vichy|50ml|d|bio:unknown|brand:unknown|var:anti|form:topical,30939,store,true,https://www.farmaciasahumada.cl/crema-vichy-anti-edad-liftactiv-collagen-specialist-dia-50-ml-86524.html
vitamina d gotas,cruz-verde,PlusCal Calcio 316 mg 30 Comprimidos,PlusCal Calcio 316 mg 30 Comprimidos,null,pluscal,316mg,30,30,calcio,solid-oral,null,pluscal|316mg|30,pluscal|316mg|30|bio:unknown|brand:unknown|var:calcio|form:solid-oral,33190,store,true,https://www.cruzverde.cl/pluscal-calcio-316-mg-30-comprimidos/259834.html
vitamina d gotas,cruz-verde,"Magnatil Vitc 132,89 mg 30 Comprimidos Efervescentes","Magnatil Vitc 132,89 mg 30 Comprimidos Efervescentes",null,magnatil,132.89mg,30,30,vitc,solid-oral,null,magnatil|132.89mg|30,magnatil|132.89mg|30|bio:unknown|brand:unknown|var:vitc|form:solid-oral,36590,store,true,https://www.cruzverde.cl/magnatil-vitc-132-89-mg-30-comprimidos-efervescentes/87055.html
vitamina d gotas,salcobrand,Omega 3 Up Ultra Pure 150 Cápsulas Suplemento Alimentario,Omega 3 Up Ultra Pure 150 Cápsulas Suplemento Alimentario,Up Omega 3,omega,null,150,150,up,solid-oral,null,omega|150,omega|150|bio:unknown|brand:upomega3|var:up|form:solid-oral,37999,store,true,https://salcobrand.cl/products/up-omega-3-ultra-pure-150-capsulas-suplemento-alimentario?default_sku=575894
vitamina d gotas,cruz-verde,Magnatil Calcio Calcio 250 mg 30 Comprimidos Efervescente,Magnatil Calcio Calcio 250 mg 30 Comprimidos Efervescente,null,magnatil,250mg,30,30,calcio,solid-oral,null,magnatil|250mg|30,magnatil|250mg|30|bio:unknown|brand:unknown|var:calcio|form:solid-oral,40490,store,true,https://www.cruzverde.cl/magnatil-calcio-calcio-250-mg-30-comprimidos-efervescente/87113.html
vitamina d gotas,cruz-verde,Dabifib Cap.150Mg.60,Dabifib Cap.150Mg.60,null,dabifib,150mg,null,null,null,solid-oral,null,dabifib|150mg,dabifib|150mg|bio:unknown|brand:unknown|form:solid-oral,78590,store,false,https://www.cruzverde.cl/dabifib-cap-150mg-60/576827.html
vitamina d gotas,cruz-verde,Dabifib Cap.110Mg.60,Dabifib Cap.110Mg.60,null,dabifib,110mg,null,null,null,solid-oral,null,dabifib|110mg,dabifib|110mg|bio:unknown|brand:unknown|form:solid-oral,78590,store,false,https://www.cruzverde.cl/dabifib-cap-110mg-60/576826.html